WARNING: All log messages before absl::InitializeLog() is called are written to STDERR
I0000 00:00:1785942374.230306  148357 port.cc:153] oneDNN custom operations are on. You may see slightly different numerical results due to floating-point round-off errors from different computation orders. To turn them off, set the environment variable `TF_ENABLE_ONEDNN_OPTS=0`.
WARNING: All log messages before absl::InitializeLog() is called are written to STDERR
I0000 00:00:1785942375.231899  148357 port.cc:153] oneDNN custom operations are on. You may see slightly different numerical results due to floating-point round-off errors from different computation orders. To turn them off, set the environment variable `TF_ENABLE_ONEDNN_OPTS=0`.
[transformers] PyTorch was not found. Models won't be available and only tokenizers, configuration and file/data utilities can be used.
[transformers] DeepseekV32Config got `key=rope_scaling` in kwargs but hasn't set it as attribute. For RoPE standardization you need to set `self.rope_parameters` in model's config. 
I0805 15:06:18.710039 140402855518528 max_utils.py:260] Attempting to initialize the jax distributed system for GPU backend...
I0805 15:06:18.710145 140402855518528 max_utils.py:262] Jax distributed system initialized on GPU!
I0805 15:06:20.038294 140402855518528 pyconfig.py:559] Config param abort_on_inf_loss: True
I0805 15:06:20.038441 140402855518528 pyconfig.py:559] Config param abort_on_nan_loss: True
I0805 15:06:20.038488 140402855518528 pyconfig.py:559] Config param act_quantization_calibration_method: absmax
I0805 15:06:20.038523 140402855518528 pyconfig.py:559] Config param activation_dropout_for_audio: 0.0
I0805 15:06:20.038556 140402855518528 pyconfig.py:559] Config param activation_function_for_audio: gelu
I0805 15:06:20.038582 140402855518528 pyconfig.py:559] Config param activations_in_float32: False
I0805 15:06:20.038605 140402855518528 pyconfig.py:559] Config param adam_b1: 0.9
I0805 15:06:20.038633 140402855518528 pyconfig.py:559] Config param adam_b2: 0.95
I0805 15:06:20.038660 140402855518528 pyconfig.py:559] Config param adam_eps: 1e-08
I0805 15:06:20.038687 140402855518528 pyconfig.py:559] Config param adam_eps_root: 0.0
I0805 15:06:20.038711 140402855518528 pyconfig.py:559] Config param adam_weight_decay: 0.1
I0805 15:06:20.038735 140402855518528 pyconfig.py:559] Config param adamw_mask: []
I0805 15:06:20.038758 140402855518528 pyconfig.py:559] Config param add_bos: True
I0805 15:06:20.038779 140402855518528 pyconfig.py:559] Config param add_eos: True
I0805 15:06:20.038800 140402855518528 pyconfig.py:559] Config param allow_split_physical_axes: False
I0805 15:06:20.038821 140402855518528 pyconfig.py:559] Config param ar_cache_axis_order: 1,2,0,3
I0805 15:06:20.038843 140402855518528 pyconfig.py:559] Config param async_checkpointing: True
I0805 15:06:20.038866 140402855518528 pyconfig.py:559] Config param async_scheduling: False
I0805 15:06:20.038887 140402855518528 pyconfig.py:559] Config param attention: cudnn_flash_te
I0805 15:06:20.038907 140402855518528 pyconfig.py:559] Config param attention_bias: False
I0805 15:06:20.038929 140402855518528 pyconfig.py:559] Config param attention_dropout_for_audio: 0.0
I0805 15:06:20.038950 140402855518528 pyconfig.py:559] Config param attention_for_vit: dot_product
I0805 15:06:20.038971 140402855518528 pyconfig.py:559] Config param attention_out: RematLocation.REMAT
I0805 15:06:20.039002 140402855518528 pyconfig.py:559] Config param attention_output_dim: -1
I0805 15:06:20.039027 140402855518528 pyconfig.py:559] Config param attention_sink: False
I0805 15:06:20.039052 140402855518528 pyconfig.py:559] Config param attention_type: global
I0805 15:06:20.039076 140402855518528 pyconfig.py:559] Config param attn_logits_soft_cap: None
I0805 15:06:20.039097 140402855518528 pyconfig.py:559] Config param attn_module_name: None
I0805 15:06:20.039120 140402855518528 pyconfig.py:559] Config param audio_path: 
I0805 15:06:20.039140 140402855518528 pyconfig.py:559] Config param audio_placeholder: <|audio|>
I0805 15:06:20.039162 140402855518528 pyconfig.py:559] Config param autoregressive_decode_assert: 
I0805 15:06:20.039184 140402855518528 pyconfig.py:559] Config param base_config: None
I0805 15:06:20.039204 140402855518528 pyconfig.py:559] Config param base_emb_dim: 4096
I0805 15:06:20.039225 140402855518528 pyconfig.py:559] Config param base_mlp_dim: 14336
I0805 15:06:20.039245 140402855518528 pyconfig.py:559] Config param base_moe_mlp_dim: 14336
I0805 15:06:20.039266 140402855518528 pyconfig.py:559] Config param base_num_decoder_layers: 32
I0805 15:06:20.039286 140402855518528 pyconfig.py:559] Config param base_num_kv_heads: 8
I0805 15:06:20.039306 140402855518528 pyconfig.py:559] Config param base_num_query_heads: 32
I0805 15:06:20.039329 140402855518528 pyconfig.py:559] Config param base_output_directory: /root/work/scale-your-amd/runs/20260805-maxtext-disp-mixtral-megablox/maxtext
I0805 15:06:20.039350 140402855518528 pyconfig.py:559] Config param batch_size: 1
I0805 15:06:20.039372 140402855518528 pyconfig.py:559] Config param batch_split_factor: 1
I0805 15:06:20.039392 140402855518528 pyconfig.py:559] Config param beta_fast: 32
I0805 15:06:20.039413 140402855518528 pyconfig.py:559] Config param beta_slow: 1
I0805 15:06:20.039434 140402855518528 pyconfig.py:559] Config param bwd_quantization_calibration_method: absmax
I0805 15:06:20.039455 140402855518528 pyconfig.py:559] Config param capacity_factor: -1.0
I0805 15:06:20.039478 140402855518528 pyconfig.py:559] Config param cast_logits_to_fp32: True
I0805 15:06:20.039498 140402855518528 pyconfig.py:559] Config param chat_template: 
I0805 15:06:20.039518 140402855518528 pyconfig.py:559] Config param chat_template_path: 
I0805 15:06:20.039538 140402855518528 pyconfig.py:559] Config param check_vma: False
I0805 15:06:20.039559 140402855518528 pyconfig.py:559] Config param checkpoint_conversion_fn: None
I0805 15:06:20.039581 140402855518528 pyconfig.py:559] Config param checkpoint_dir: /root/work/scale-your-amd/runs/20260805-maxtext-disp-mixtral-megablox/maxtext/disp-mixtral-megablox/checkpoints/
I0805 15:06:20.039607 140402855518528 pyconfig.py:559] Config param checkpoint_is_quantized: False
I0805 15:06:20.039631 140402855518528 pyconfig.py:559] Config param checkpoint_period: 10000
I0805 15:06:20.039653 140402855518528 pyconfig.py:559] Config param checkpoint_storage_concurrent_gb: 96
I0805 15:06:20.039676 140402855518528 pyconfig.py:559] Config param checkpoint_storage_target_data_file_size_bytes: 2147483648
I0805 15:06:20.039698 140402855518528 pyconfig.py:559] Config param checkpoint_storage_use_ocdbt: True
I0805 15:06:20.039719 140402855518528 pyconfig.py:559] Config param checkpoint_storage_use_zarr3: True
I0805 15:06:20.039741 140402855518528 pyconfig.py:559] Config param checkpoint_todelete_full_path: None
I0805 15:06:20.039761 140402855518528 pyconfig.py:559] Config param checkpoint_todelete_subdir: None
I0805 15:06:20.039781 140402855518528 pyconfig.py:559] Config param chips_per_vm: 4
I0805 15:06:20.039801 140402855518528 pyconfig.py:559] Config param chunk_attn_window_size: 0
I0805 15:06:20.039821 140402855518528 pyconfig.py:559] Config param colocated_python_checkpointing: False
I0805 15:06:20.039842 140402855518528 pyconfig.py:559] Config param colocated_python_data_input: False
I0805 15:06:20.039863 140402855518528 pyconfig.py:559] Config param compile_topology: 
I0805 15:06:20.039883 140402855518528 pyconfig.py:559] Config param compile_topology_num_slices: -1
I0805 15:06:20.039904 140402855518528 pyconfig.py:559] Config param compile_xla_flags: 
I0805 15:06:20.039924 140402855518528 pyconfig.py:559] Config param compiled_trainstep_file: 
I0805 15:06:20.039944 140402855518528 pyconfig.py:559] Config param compress_ratios: []
I0805 15:06:20.039965 140402855518528 pyconfig.py:559] Config param compressed_rope_max_timescale: 160000
I0805 15:06:20.039986 140402855518528 pyconfig.py:559] Config param compute_axis_order: 0,1,2,3
I0805 15:06:20.040006 140402855518528 pyconfig.py:559] Config param constant_bound_config: []
I0805 15:06:20.040026 140402855518528 pyconfig.py:559] Config param context: RematLocation.REMAT
I0805 15:06:20.040047 140402855518528 pyconfig.py:559] Config param context_parallel_load_balance: True
I0805 15:06:20.040068 140402855518528 pyconfig.py:559] Config param context_parallel_reorder_strategy: ReorderStrategy.AUTO
I0805 15:06:20.040090 140402855518528 pyconfig.py:559] Config param context_parallel_size: 1
I0805 15:06:20.040112 140402855518528 pyconfig.py:559] Config param context_parallel_strategy: all_gather
I0805 15:06:20.040132 140402855518528 pyconfig.py:559] Config param context_sharding: context
I0805 15:06:20.040152 140402855518528 pyconfig.py:559] Config param conv_chunksize_for_audio: 500
I0805 15:06:20.040172 140402855518528 pyconfig.py:559] Config param conv_stride_for_vit: 14
I0805 15:06:20.040193 140402855518528 pyconfig.py:559] Config param convert_checkpoint_if_possible: False
I0805 15:06:20.040213 140402855518528 pyconfig.py:559] Config param cost_estimate_flops_bwd: -1
I0805 15:06:20.040234 140402855518528 pyconfig.py:559] Config param cost_estimate_flops_fwd: -1
I0805 15:06:20.040254 140402855518528 pyconfig.py:559] Config param custom_mesh: 
I0805 15:06:20.040275 140402855518528 pyconfig.py:559] Config param custom_mesh_and_rule: CustomRule.DEFAULT
I0805 15:06:20.040297 140402855518528 pyconfig.py:559] Config param d_model_for_audio: 256
I0805 15:06:20.040317 140402855518528 pyconfig.py:559] Config param data_sharding: (('data', 'stage', 'fsdp', 'fsdp_transpose', 'context', 'context_autoregressive', 'tensor', 'tensor_transpose', 'tensor_sequence', 'expert', 'autoregressive'),)
I0805 15:06:20.040345 140402855518528 pyconfig.py:559] Config param data_shuffle_seed: 0
I0805 15:06:20.040368 140402855518528 pyconfig.py:559] Config param data_template_path: 
I0805 15:06:20.040388 140402855518528 pyconfig.py:559] Config param dataset_name: c4/en:3.1.0
I0805 15:06:20.040409 140402855518528 pyconfig.py:559] Config param dataset_path: 
I0805 15:06:20.040429 140402855518528 pyconfig.py:559] Config param dataset_processor_path: 
I0805 15:06:20.040449 140402855518528 pyconfig.py:559] Config param dataset_type: DatasetType.SYNTHETIC
I0805 15:06:20.040472 140402855518528 pyconfig.py:559] Config param dcn_autoregressive_parallelism: 1
I0805 15:06:20.040493 140402855518528 pyconfig.py:559] Config param dcn_context_autoregressive_parallelism: 1
I0805 15:06:20.040513 140402855518528 pyconfig.py:559] Config param dcn_context_parallelism: 1
I0805 15:06:20.040533 140402855518528 pyconfig.py:559] Config param dcn_data_parallelism: -1
I0805 15:06:20.040554 140402855518528 pyconfig.py:559] Config param dcn_diloco_parallelism: 1
I0805 15:06:20.040573 140402855518528 pyconfig.py:559] Config param dcn_expert_parallelism: 1
I0805 15:06:20.040593 140402855518528 pyconfig.py:559] Config param dcn_fsdp_parallelism: 1
I0805 15:06:20.040613 140402855518528 pyconfig.py:559] Config param dcn_fsdp_transpose_parallelism: 1
I0805 15:06:20.040633 140402855518528 pyconfig.py:559] Config param dcn_parallelism: [1, -1, 1, 1, 1, 1, 1, 1, 1, 1, 1, 1]
I0805 15:06:20.040655 140402855518528 pyconfig.py:559] Config param dcn_pipeline_parallelism: 1
I0805 15:06:20.040676 140402855518528 pyconfig.py:559] Config param dcn_sequence_parallelism: 1
I0805 15:06:20.040696 140402855518528 pyconfig.py:559] Config param dcn_tensor_parallelism: 1
I0805 15:06:20.040716 140402855518528 pyconfig.py:559] Config param dcn_tensor_sequence_parallelism: 1
I0805 15:06:20.040736 140402855518528 pyconfig.py:559] Config param dcn_tensor_transpose_parallelism: 1
I0805 15:06:20.040756 140402855518528 pyconfig.py:559] Config param debug: {'rl': False}
I0805 15:06:20.040778 140402855518528 pyconfig.py:559] Config param debug_converter: False
I0805 15:06:20.040797 140402855518528 pyconfig.py:559] Config param debug_sharding: False
I0805 15:06:20.040817 140402855518528 pyconfig.py:559] Config param decode_sampling_nucleus_p: -1
I0805 15:06:20.040836 140402855518528 pyconfig.py:559] Config param decode_sampling_strategy: SamplingStrategy.GREEDY
I0805 15:06:20.040858 140402855518528 pyconfig.py:559] Config param decode_sampling_temperature: 1.0
I0805 15:06:20.040880 140402855518528 pyconfig.py:559] Config param decode_sampling_top_k: 0
I0805 15:06:20.040900 140402855518528 pyconfig.py:559] Config param decoder_block: DecoderBlockType.MIXTRAL
I0805 15:06:20.040922 140402855518528 pyconfig.py:559] Config param decoder_layer_input: RematLocation.DEVICE
I0805 15:06:20.040943 140402855518528 pyconfig.py:559] Config param deepstack_visual_indexes_for_vit: []
I0805 15:06:20.040963 140402855518528 pyconfig.py:559] Config param degenerate_group_masking: True
I0805 15:06:20.040986 140402855518528 pyconfig.py:559] Config param dense_init_scale: 1.0
I0805 15:06:20.041007 140402855518528 pyconfig.py:559] Config param diloco_outer_lr: 0.3
I0805 15:06:20.041030 140402855518528 pyconfig.py:559] Config param diloco_outer_momentum: 0.9
I0805 15:06:20.041050 140402855518528 pyconfig.py:559] Config param diloco_sync_period: 36
I0805 15:06:20.041071 140402855518528 pyconfig.py:559] Config param distill_alpha: 0.5
I0805 15:06:20.041094 140402855518528 pyconfig.py:559] Config param distill_alpha_end: None
I0805 15:06:20.041114 140402855518528 pyconfig.py:559] Config param distill_alpha_schedule: constant
I0805 15:06:20.041134 140402855518528 pyconfig.py:559] Config param distill_beta: 0.0
I0805 15:06:20.041155 140402855518528 pyconfig.py:559] Config param distill_beta_end: None
I0805 15:06:20.041176 140402855518528 pyconfig.py:559] Config param distill_beta_schedule: constant
I0805 15:06:20.041196 140402855518528 pyconfig.py:559] Config param distill_feature_loss_type: cosine
I0805 15:06:20.041215 140402855518528 pyconfig.py:559] Config param distill_layer_indices: None
I0805 15:06:20.041236 140402855518528 pyconfig.py:559] Config param distill_student_weights_share_map: {}
I0805 15:06:20.041256 140402855518528 pyconfig.py:559] Config param distill_temperature: 1.0
I0805 15:06:20.041277 140402855518528 pyconfig.py:559] Config param distill_temperature_end: None
I0805 15:06:20.041297 140402855518528 pyconfig.py:559] Config param distill_temperature_schedule: constant
I0805 15:06:20.041317 140402855518528 pyconfig.py:559] Config param distill_weights_copy_map: {}
I0805 15:06:20.041336 140402855518528 pyconfig.py:559] Config param downsample_hidden_size_for_audio: 256
I0805 15:06:20.041357 140402855518528 pyconfig.py:559] Config param dpo: {'algo': 'dpo', 'dpo_beta': 0.1, 'orpo_lambda': 0.1, 'dpo_label_smoothing': 0.0, 'max_prompt_length': None}
I0805 15:06:20.041381 140402855518528 pyconfig.py:559] Config param dq_reduction_steps: 0
I0805 15:06:20.041401 140402855518528 pyconfig.py:559] Config param dropout_rate: 0.0
I0805 15:06:20.041420 140402855518528 pyconfig.py:559] Config param dtype: bfloat16
I0805 15:06:20.041461 140402855518528 pyconfig.py:559] Config param dtype_mm: float32
I0805 15:06:20.041487 140402855518528 pyconfig.py:559] Config param dump_hlo: False
I0805 15:06:20.041508 140402855518528 pyconfig.py:559] Config param dump_hlo_delete_local_after: True
I0805 15:06:20.041528 140402855518528 pyconfig.py:559] Config param dump_hlo_gcs_dir: /root/work/scale-your-amd/runs/20260805-maxtext-disp-mixtral-megablox/maxtext/disp-mixtral-megablox/xla_dump
I0805 15:06:20.041548 140402855518528 pyconfig.py:559] Config param dump_hlo_local_dir: /tmp/xla_dump/
I0805 15:06:20.041569 140402855518528 pyconfig.py:559] Config param dump_hlo_local_module_name: jit_train_step
I0805 15:06:20.041590 140402855518528 pyconfig.py:559] Config param dump_hlo_module_name: jit_train_step
I0805 15:06:20.041610 140402855518528 pyconfig.py:559] Config param dump_hlo_upload_all: False
I0805 15:06:20.041631 140402855518528 pyconfig.py:559] Config param dump_hlo_xla_flags: 
I0805 15:06:20.041652 140402855518528 pyconfig.py:559] Config param dump_jaxpr: False
I0805 15:06:20.041672 140402855518528 pyconfig.py:559] Config param dump_jaxpr_delete_local_after: True
I0805 15:06:20.041692 140402855518528 pyconfig.py:559] Config param dump_jaxpr_gcs_dir: /root/work/scale-your-amd/runs/20260805-maxtext-disp-mixtral-megablox/maxtext/disp-mixtral-megablox/jaxpr_dump
I0805 15:06:20.041713 140402855518528 pyconfig.py:559] Config param dump_jaxpr_local_dir: /tmp/jaxpr_dump/
I0805 15:06:20.041740 140402855518528 pyconfig.py:559] Config param dump_step: -1
I0805 15:06:20.041761 140402855518528 pyconfig.py:559] Config param elastic_enabled: False
I0805 15:06:20.041782 140402855518528 pyconfig.py:559] Config param elastic_max_retries: 10
I0805 15:06:20.041803 140402855518528 pyconfig.py:559] Config param elastic_min_slice_count: -1
I0805 15:06:20.041824 140402855518528 pyconfig.py:559] Config param elastic_timeout_seconds: 300
I0805 15:06:20.041845 140402855518528 pyconfig.py:559] Config param emb_dim: 4096
I0805 15:06:20.041866 140402855518528 pyconfig.py:559] Config param enable_autocheckpoint: False
I0805 15:06:20.041887 140402855518528 pyconfig.py:559] Config param enable_checkpoint_cloud_logger: False
I0805 15:06:20.041908 140402855518528 pyconfig.py:559] Config param enable_checkpointing: False
I0805 15:06:20.041929 140402855518528 pyconfig.py:559] Config param enable_continuous_checkpointing: False
I0805 15:06:20.041949 140402855518528 pyconfig.py:559] Config param enable_data_shuffling: True
I0805 15:06:20.041969 140402855518528 pyconfig.py:559] Config param enable_diloco: False
I0805 15:06:20.041989 140402855518528 pyconfig.py:559] Config param enable_dp_attention: False
I0805 15:06:20.042009 140402855518528 pyconfig.py:559] Config param enable_dropout: False
I0805 15:06:20.042030 140402855518528 pyconfig.py:559] Config param enable_emergency_checkpoint: False
I0805 15:06:20.042051 140402855518528 pyconfig.py:559] Config param enable_expert_parallel: False
I0805 15:06:20.042072 140402855518528 pyconfig.py:559] Config param enable_gcp_goodput_metrics: True
I0805 15:06:20.042092 140402855518528 pyconfig.py:559] Config param enable_gcp_step_deviation_metrics: True
I0805 15:06:20.042113 140402855518528 pyconfig.py:559] Config param enable_goodput_recording: False
I0805 15:06:20.042133 140402855518528 pyconfig.py:559] Config param enable_jax_profiler: False
I0805 15:06:20.042153 140402855518528 pyconfig.py:559] Config param enable_llm_inference_pool: False
I0805 15:06:20.042174 140402855518528 pyconfig.py:559] Config param enable_mhc_lite: False
I0805 15:06:20.042194 140402855518528 pyconfig.py:559] Config param enable_model_warmup: False
I0805 15:06:20.042215 140402855518528 pyconfig.py:559] Config param enable_multi_tier_checkpointing: False
I0805 15:06:20.042235 140402855518528 pyconfig.py:559] Config param enable_nnx: False
I0805 15:06:20.042254 140402855518528 pyconfig.py:559] Config param enable_orbax_v1: False
I0805 15:06:20.042275 140402855518528 pyconfig.py:559] Config param enable_padding_causal_mask: True
I0805 15:06:20.042296 140402855518528 pyconfig.py:559] Config param enable_pathways_goodput: False
I0805 15:06:20.042315 140402855518528 pyconfig.py:559] Config param enable_prefix_caching: False
I0805 15:06:20.042335 140402855518528 pyconfig.py:559] Config param enable_rampup_batch_size: False
I0805 15:06:20.042354 140402855518528 pyconfig.py:559] Config param enable_single_controller: False
I0805 15:06:20.042374 140402855518528 pyconfig.py:559] Config param enable_single_replica_ckpt_restoring: False
I0805 15:06:20.042395 140402855518528 pyconfig.py:559] Config param enable_tensorboard: True
I0805 15:06:20.042415 140402855518528 pyconfig.py:559] Config param enable_tpu_profiling_options: False
I0805 15:06:20.042435 140402855518528 pyconfig.py:559] Config param enable_tunix_perf_metrics: False
I0805 15:06:20.042455 140402855518528 pyconfig.py:559] Config param encoder_attention_heads_for_audio: 4
I0805 15:06:20.042475 140402855518528 pyconfig.py:559] Config param encoder_ffn_dim_for_audio: 512
I0805 15:06:20.042495 140402855518528 pyconfig.py:559] Config param encoder_layers_for_audio: 2
I0805 15:06:20.042515 140402855518528 pyconfig.py:559] Config param engram: RematLocation.REMAT
I0805 15:06:20.042536 140402855518528 pyconfig.py:559] Config param engram_head_dim: 1280
I0805 15:06:20.042558 140402855518528 pyconfig.py:559] Config param engram_kernel_size: 4
I0805 15:06:20.042577 140402855518528 pyconfig.py:559] Config param engram_layers: []
I0805 15:06:20.042598 140402855518528 pyconfig.py:559] Config param engram_max_ngram_size: 3
I0805 15:06:20.042619 140402855518528 pyconfig.py:559] Config param engram_num_heads: 8
I0805 15:06:20.042640 140402855518528 pyconfig.py:559] Config param engram_seed: 0
I0805 15:06:20.042659 140402855518528 pyconfig.py:559] Config param engram_vocab_bases: []
I0805 15:06:20.042680 140402855518528 pyconfig.py:559] Config param epsilon_high: None
I0805 15:06:20.042700 140402855518528 pyconfig.py:559] Config param eval_batch_size: -1
I0805 15:06:20.042720 140402855518528 pyconfig.py:559] Config param eval_corr_lst: False
I0805 15:06:20.042740 140402855518528 pyconfig.py:559] Config param eval_data_columns: ['text']
I0805 15:06:20.042760 140402855518528 pyconfig.py:559] Config param eval_dataset_name: c4/en:3.1.0
I0805 15:06:20.042781 140402855518528 pyconfig.py:559] Config param eval_image_column: image
I0805 15:06:20.042801 140402855518528 pyconfig.py:559] Config param eval_interval: -1
I0805 15:06:20.042822 140402855518528 pyconfig.py:559] Config param eval_make_lst: False
I0805 15:06:20.042843 140402855518528 pyconfig.py:559] Config param eval_mode: pass
I0805 15:06:20.042864 140402855518528 pyconfig.py:559] Config param eval_per_device_batch_size: 4.0
I0805 15:06:20.042885 140402855518528 pyconfig.py:559] Config param eval_sampling_strategy: greedy
I0805 15:06:20.042906 140402855518528 pyconfig.py:559] Config param eval_split: validation
I0805 15:06:20.042926 140402855518528 pyconfig.py:559] Config param eval_steps: -1
I0805 15:06:20.042946 140402855518528 pyconfig.py:559] Config param expansion_factor_real_data: -1.0
I0805 15:06:20.042967 140402855518528 pyconfig.py:559] Config param expert_balance: False
I0805 15:06:20.042988 140402855518528 pyconfig.py:559] Config param final_logits_soft_cap: None
I0805 15:06:20.043008 140402855518528 pyconfig.py:559] Config param first_num_dense_layers: 0
I0805 15:06:20.043030 140402855518528 pyconfig.py:559] Config param first_num_hash_layers: 0
I0805 15:06:20.043051 140402855518528 pyconfig.py:559] Config param float32_gate_logits: False
I0805 15:06:20.043069 140402855518528 pyconfig.py:559] Config param float32_logits: False
I0805 15:06:20.043089 140402855518528 pyconfig.py:559] Config param float32_qk_product: False
I0805 15:06:20.043109 140402855518528 pyconfig.py:559] Config param float32_weight_sum: True
I0805 15:06:20.043129 140402855518528 pyconfig.py:559] Config param force_q_layout: False
I0805 15:06:20.043148 140402855518528 pyconfig.py:559] Config param force_unroll: False
I0805 15:06:20.043167 140402855518528 pyconfig.py:559] Config param formatting_func_kwargs: {}
I0805 15:06:20.043187 140402855518528 pyconfig.py:559] Config param formatting_func_path: 
I0805 15:06:20.043208 140402855518528 pyconfig.py:559] Config param freeze_audio_encoder_params: True
I0805 15:06:20.043227 140402855518528 pyconfig.py:559] Config param freeze_vision_encoder_params: True
I0805 15:06:20.043247 140402855518528 pyconfig.py:559] Config param fuse_expert_scales: False
I0805 15:06:20.043267 140402855518528 pyconfig.py:559] Config param fused_mlp: False
I0805 15:06:20.043287 140402855518528 pyconfig.py:559] Config param fused_qkv: False
I0805 15:06:20.043308 140402855518528 pyconfig.py:559] Config param gcs_debug_path: 
I0805 15:06:20.043327 140402855518528 pyconfig.py:559] Config param gcs_metrics: False
I0805 15:06:20.043346 140402855518528 pyconfig.py:559] Config param gdn_chunk_size: 64
I0805 15:06:20.043366 140402855518528 pyconfig.py:559] Config param gdn_conv_kernel_dim: 4
I0805 15:06:20.043385 140402855518528 pyconfig.py:559] Config param gdn_key_head_dim: 128
I0805 15:06:20.043405 140402855518528 pyconfig.py:559] Config param gdn_num_key_heads: 16
I0805 15:06:20.043426 140402855518528 pyconfig.py:559] Config param gdn_num_value_heads: 32
I0805 15:06:20.043447 140402855518528 pyconfig.py:559] Config param gdn_value_head_dim: 128
I0805 15:06:20.043466 140402855518528 pyconfig.py:559] Config param generate_padding_batch_eval: False
I0805 15:06:20.043485 140402855518528 pyconfig.py:559] Config param generate_padding_batch_train: False
I0805 15:06:20.043504 140402855518528 pyconfig.py:559] Config param generate_slice: v5e-16
I0805 15:06:20.043526 140402855518528 pyconfig.py:559] Config param generation_configs: {}
I0805 15:06:20.043547 140402855518528 pyconfig.py:559] Config param global_batch_size_to_eval_on: 32
I0805 15:06:20.043567 140402855518528 pyconfig.py:559] Config param global_batch_size_to_load: 32
I0805 15:06:20.043587 140402855518528 pyconfig.py:559] Config param global_batch_size_to_load_eval: 32
I0805 15:06:20.043609 140402855518528 pyconfig.py:559] Config param global_batch_size_to_load_increment: None
I0805 15:06:20.043632 140402855518528 pyconfig.py:559] Config param global_batch_size_to_load_start: None
I0805 15:06:20.043652 140402855518528 pyconfig.py:559] Config param global_batch_size_to_train_on: 32
I0805 15:06:20.043672 140402855518528 pyconfig.py:559] Config param global_head_dim: 0
I0805 15:06:20.043693 140402855518528 pyconfig.py:559] Config param global_num_kv_heads: 0
I0805 15:06:20.043712 140402855518528 pyconfig.py:559] Config param global_parameter_scale: 1
I0805 15:06:20.043732 140402855518528 pyconfig.py:559] Config param global_rampup_samples: 500
I0805 15:06:20.043754 140402855518528 pyconfig.py:559] Config param global_rope_max_timescale: -1
I0805 15:06:20.043773 140402855518528 pyconfig.py:559] Config param global_rope_proportion: 0.25
I0805 15:06:20.043794 140402855518528 pyconfig.py:559] Config param goodput_upload_interval_seconds: 30
I0805 15:06:20.043813 140402855518528 pyconfig.py:559] Config param grad_dtype: float32
I0805 15:06:20.043864 140402855518528 pyconfig.py:559] Config param gradient_accumulation_steps: 1
I0805 15:06:20.043888 140402855518528 pyconfig.py:559] Config param gradient_clipping_threshold: 1.0
I0805 15:06:20.043910 140402855518528 pyconfig.py:559] Config param grain_data_source_max_workers: 16
I0805 15:06:20.043932 140402855518528 pyconfig.py:559] Config param grain_eval_files: 
I0805 15:06:20.043953 140402855518528 pyconfig.py:559] Config param grain_file_type: arrayrecord
I0805 15:06:20.043974 140402855518528 pyconfig.py:559] Config param grain_num_threads: 16
I0805 15:06:20.043996 140402855518528 pyconfig.py:559] Config param grain_num_threads_eval: 16
I0805 15:06:20.044016 140402855518528 pyconfig.py:559] Config param grain_packing_type: first_fit
I0805 15:06:20.044037 140402855518528 pyconfig.py:559] Config param grain_per_worker_buffer_size: 1
I0805 15:06:20.044057 140402855518528 pyconfig.py:559] Config param grain_per_worker_buffer_size_eval: 1
I0805 15:06:20.044077 140402855518528 pyconfig.py:559] Config param grain_prefetch_buffer_size: 500
I0805 15:06:20.044097 140402855518528 pyconfig.py:559] Config param grain_prefetch_buffer_size_eval: 500
I0805 15:06:20.044117 140402855518528 pyconfig.py:559] Config param grain_ram_budget_mb: 1024
I0805 15:06:20.044137 140402855518528 pyconfig.py:559] Config param grain_shuffle_buffer_size: 100
I0805 15:06:20.044157 140402855518528 pyconfig.py:559] Config param grain_train_files: 
I0805 15:06:20.044177 140402855518528 pyconfig.py:559] Config param grain_train_mixture_config_path: 
I0805 15:06:20.044197 140402855518528 pyconfig.py:559] Config param grain_use_elastic_iterator: False
I0805 15:06:20.044217 140402855518528 pyconfig.py:559] Config param grain_worker_count: 1
I0805 15:06:20.044238 140402855518528 pyconfig.py:559] Config param grain_worker_count_eval: 1
I0805 15:06:20.044259 140402855518528 pyconfig.py:559] Config param grpo_beta: 0.08
I0805 15:06:20.044280 140402855518528 pyconfig.py:559] Config param grpo_epsilon: 0.2
I0805 15:06:20.044301 140402855518528 pyconfig.py:559] Config param hardware: gpu
I0805 15:06:20.044320 140402855518528 pyconfig.py:559] Config param hbm_utilization_vllm: 0.72
I0805 15:06:20.044340 140402855518528 pyconfig.py:559] Config param head_dim: 128
I0805 15:06:20.044361 140402855518528 pyconfig.py:559] Config param heartbeat_reporting_interval_in_seconds: 5
I0805 15:06:20.044382 140402855518528 pyconfig.py:559] Config param hf_data_dir: None
I0805 15:06:20.044404 140402855518528 pyconfig.py:559] Config param hf_eval_files: None
I0805 15:06:20.044424 140402855518528 pyconfig.py:559] Config param hf_eval_split: None
I0805 15:06:20.044445 140402855518528 pyconfig.py:559] Config param hf_lora_adapter_path: 
I0805 15:06:20.044466 140402855518528 pyconfig.py:559] Config param hf_name: None
I0805 15:06:20.044486 140402855518528 pyconfig.py:559] Config param hf_path: 
I0805 15:06:20.044506 140402855518528 pyconfig.py:559] Config param hf_train_files: None
I0805 15:06:20.044526 140402855518528 pyconfig.py:559] Config param hidden_size_for_vit: 1408
I0805 15:06:20.044546 140402855518528 pyconfig.py:559] Config param hidden_size_per_layer_input: 0
I0805 15:06:20.044566 140402855518528 pyconfig.py:559] Config param hide_profiler_step_metric: False
I0805 15:06:20.044587 140402855518528 pyconfig.py:559] Config param ici_autoregressive_parallelism: 1
I0805 15:06:20.044607 140402855518528 pyconfig.py:559] Config param ici_context_autoregressive_parallelism: 1
I0805 15:06:20.044627 140402855518528 pyconfig.py:559] Config param ici_context_parallelism: 1
I0805 15:06:20.044647 140402855518528 pyconfig.py:559] Config param ici_data_parallelism: 1
I0805 15:06:20.044667 140402855518528 pyconfig.py:559] Config param ici_diloco_parallelism: 1
I0805 15:06:20.044687 140402855518528 pyconfig.py:559] Config param ici_expert_parallelism: -1
I0805 15:06:20.044707 140402855518528 pyconfig.py:559] Config param ici_fsdp_parallelism: 1
I0805 15:06:20.044727 140402855518528 pyconfig.py:559] Config param ici_fsdp_transpose_parallelism: 1
I0805 15:06:20.044748 140402855518528 pyconfig.py:559] Config param ici_parallelism: [1, 1, 1, 1, 1, 1, 1, 1, 1, 1, -1, 1]
I0805 15:06:20.044771 140402855518528 pyconfig.py:559] Config param ici_pipeline_parallelism: 1
I0805 15:06:20.044791 140402855518528 pyconfig.py:559] Config param ici_sequence_parallelism: 1
I0805 15:06:20.044811 140402855518528 pyconfig.py:559] Config param ici_tensor_parallelism: 1
I0805 15:06:20.044832 140402855518528 pyconfig.py:559] Config param ici_tensor_sequence_parallelism: 1
I0805 15:06:20.044852 140402855518528 pyconfig.py:559] Config param ici_tensor_transpose_parallelism: 1
I0805 15:06:20.044872 140402855518528 pyconfig.py:559] Config param image_path: 
I0805 15:06:20.044893 140402855518528 pyconfig.py:559] Config param image_placeholder: <|image|>
I0805 15:06:20.044913 140402855518528 pyconfig.py:559] Config param image_size_for_vit: 896
I0805 15:06:20.044934 140402855518528 pyconfig.py:559] Config param indexer_head_dim: 128
I0805 15:06:20.044955 140402855518528 pyconfig.py:559] Config param indexer_loss_scaling_factor: 0.0
I0805 15:06:20.044975 140402855518528 pyconfig.py:559] Config param indexer_n_heads: 64
I0805 15:06:20.044995 140402855518528 pyconfig.py:559] Config param indexer_sparse_training: False
I0805 15:06:20.045015 140402855518528 pyconfig.py:559] Config param indexer_topk: 2048
I0805 15:06:20.045033 140402855518528 pyconfig.py:559] Config param inference_benchmark_test: False
I0805 15:06:20.045054 140402855518528 pyconfig.py:559] Config param inference_metadata_file: 
I0805 15:06:20.045074 140402855518528 pyconfig.py:559] Config param inference_microbenchmark_log_file_path: 
I0805 15:06:20.045095 140402855518528 pyconfig.py:559] Config param inference_microbenchmark_loop_iters: 10
I0805 15:06:20.045114 140402855518528 pyconfig.py:559] Config param inference_microbenchmark_num_samples: [1, 2, 3, 4, 5]
I0805 15:06:20.045136 140402855518528 pyconfig.py:559] Config param inference_microbenchmark_prefill_lengths: 64,128,256,512,1024
I0805 15:06:20.045156 140402855518528 pyconfig.py:559] Config param inference_microbenchmark_stages: prefill,generate
I0805 15:06:20.045177 140402855518528 pyconfig.py:559] Config param inference_server: MaxtextInterleavedServer
I0805 15:06:20.045198 140402855518528 pyconfig.py:559] Config param inhomogeneous_layer_cycle_interval: 1
I0805 15:06:20.045217 140402855518528 pyconfig.py:559] Config param init_weights_seed: 0
I0805 15:06:20.045238 140402855518528 pyconfig.py:559] Config param input_data_sharding_logical_axes: ['activation_embed_and_logits_batch', 'activation_norm_length']
I0805 15:06:20.045260 140402855518528 pyconfig.py:559] Config param interleave_moe_layer_step: 1
I0805 15:06:20.045281 140402855518528 pyconfig.py:559] Config param intermediate_size_for_vit: 5632
I0805 15:06:20.045301 140402855518528 pyconfig.py:559] Config param internal_compile: False
I0805 15:06:20.045322 140402855518528 pyconfig.py:559] Config param internal_compile_num_devices: -1
I0805 15:06:20.045341 140402855518528 pyconfig.py:559] Config param jax_cache_dir: ~/jax_cache
I0805 15:06:20.045361 140402855518528 pyconfig.py:559] Config param jax_debug_log_modules: 
I0805 15:06:20.045381 140402855518528 pyconfig.py:559] Config param jax_distributed_heartbeat_timeout_seconds: 100
I0805 15:06:20.045400 140402855518528 pyconfig.py:559] Config param jax_distributed_initialization_timeout: 300
I0805 15:06:20.045420 140402855518528 pyconfig.py:559] Config param jax_profiler_port: 9999
I0805 15:06:20.045441 140402855518528 pyconfig.py:559] Config param key_proj: RematLocation.REMAT
I0805 15:06:20.045462 140402855518528 pyconfig.py:559] Config param kv_cache_buffer: 256
I0805 15:06:20.045484 140402855518528 pyconfig.py:559] Config param kv_lora_rank: 512
I0805 15:06:20.045505 140402855518528 pyconfig.py:559] Config param kv_quant_axis: KvQuantAxis.HEADS_AND_DKV
I0805 15:06:20.045529 140402855518528 pyconfig.py:559] Config param kv_quant_dtype: int8
I0805 15:06:20.045549 140402855518528 pyconfig.py:559] Config param kv_wa_proj: RematLocation.REMAT
I0805 15:06:20.045570 140402855518528 pyconfig.py:559] Config param learn_to_init_mode: False
I0805 15:06:20.045590 140402855518528 pyconfig.py:559] Config param learning_rate: 3e-05
I0805 15:06:20.045613 140402855518528 pyconfig.py:559] Config param learning_rate_final_fraction: 0.1
I0805 15:06:20.045633 140402855518528 pyconfig.py:559] Config param learning_rate_schedule_steps: 16
I0805 15:06:20.045653 140402855518528 pyconfig.py:559] Config param load_balance_loss_weight: 0.0
I0805 15:06:20.045673 140402855518528 pyconfig.py:559] Config param load_checkpoint_only_once: False
I0805 15:06:20.045693 140402855518528 pyconfig.py:559] Config param load_from_prefill_dir: False
I0805 15:06:20.045712 140402855518528 pyconfig.py:559] Config param load_full_state_path: 
I0805 15:06:20.045736 140402855518528 pyconfig.py:559] Config param load_parameters_path: 
I0805 15:06:20.045756 140402855518528 pyconfig.py:559] Config param local_checkpoint_directory: 
I0805 15:06:20.045777 140402855518528 pyconfig.py:559] Config param local_checkpoint_period: 0
I0805 15:06:20.045797 140402855518528 pyconfig.py:559] Config param local_rope_max_timescale: -1
I0805 15:06:20.045817 140402855518528 pyconfig.py:559] Config param local_rope_proportion: 1.0
I0805 15:06:20.045838 140402855518528 pyconfig.py:559] Config param log_config: True
I0805 15:06:20.045857 140402855518528 pyconfig.py:559] Config param log_period: 100
I0805 15:06:20.045878 140402855518528 pyconfig.py:559] Config param logical_axis_rules: (('activation_embed_and_logits_batch', ('data', 'stage', 'fsdp', 'fsdp_transpose', 'expert')), ('activation_embed_and_logits_batch_sequence', ('data', 'stage', 'fsdp', 'fsdp_transpose', 'context', 'expert')), ('activation_vocab', ('tensor', 'tensor_transpose', 'tensor_sequence')), ('activation_vocab', ('tensor', 'tensor_transpose')), ('activation_vocab', 'tensor_sequence'), ('vocab', ('tensor', 'tensor_transpose', 'tensor_sequence', 'autoregressive')), ('embed_vocab', ('fsdp', 'fsdp_transpose', 'context', 'expert')), ('activation_batch_attn', ('data', 'fsdp', 'fsdp_transpose', 'expert')), ('activation_heads', ('tensor', 'tensor_transpose', 'tensor_sequence', 'autoregressive')), ('activation_kv_heads', ('tensor', 'tensor_transpose', 'tensor_sequence')), ('activation_length_attn', ('context',)), ('activation_q_length', ('context',)), ('activation_kv_length', ()), ('activation_embed_attn', ('tensor', 'tensor_transpose')), ('activation_kv', ('tensor', 'tensor_transpose', 'tensor_sequence')), ('activation_kv_batch', ('data', 'fsdp', 'fsdp_transpose', 'expert')), ('activation_kv_head_dim', ('tensor', 'tensor_transpose', 'tensor_sequence')), ('heads', ('tensor', 'tensor_transpose', 'tensor_sequence', 'autoregressive')), ('q_heads', ('tensor', 'tensor_transpose', 'tensor_sequence', 'autoregressive')), ('kv_heads', ('tensor', 'tensor_transpose', 'tensor_sequence', 'autoregressive')), ('qkv', ()), ('kv', ()), ('kv_head_dim', ()), ('q_lora', ('fsdp', 'fsdp_transpose', 'context', 'tensor_transpose', 'expert')), ('q_lora', ('fsdp', 'context', 'tensor_transpose', 'expert')), ('q_lora', ('fsdp', 'fsdp_transpose', 'context', 'expert')), ('q_lora', ('fsdp', 'context', 'expert')), ('q_lora_up_proj', ()), ('kv_lora', ('fsdp', 'fsdp_transpose', 'context', 'tensor_transpose', 'expert')), ('kv_lora', ('fsdp', 'context', 'tensor_transpose', 'expert')), ('kv_lora', ('fsdp', 'fsdp_transpose', 'context', 'expert')), ('kv_lora', ('fsdp', 'context', 'expert')), ('kv_lora_up_proj', ()), ('activation_batch_moe', ('data', 'fsdp', 'fsdp_transpose', 'expert')), ('activation_length_moe', ('context',)), ('activation_norm_length_moe', ('tensor_sequence', 'context')), ('activation_embed_moe', ('tensor', 'tensor_transpose')), ('activation_mlp_moe', ('tensor', 'tensor_transpose', 'tensor_sequence')), ('activation_exp', ('expert',)), ('exp', 'expert'), ('mlp_moe', ('fsdp_transpose', 'tensor', 'tensor_sequence', 'autoregressive')), ('embed_moe', ('fsdp', 'fsdp_transpose', 'tensor_transpose', 'context')), ('embed_moe', ('fsdp', 'tensor_transpose', 'context')), ('embed_moe', ('fsdp', 'fsdp_transpose', 'context')), ('embed_moe', ('fsdp', 'context')), ('activation_mlp', ('tensor', 'tensor_transpose', 'tensor_sequence')), ('activation_batch', ('data', 'fsdp', 'fsdp_transpose', 'expert')), ('activation_length', ('context',)), ('activation_norm_length', ('tensor_sequence', 'context')), ('activation_embed', ('tensor', 'tensor_transpose')), ('activation_stage', 'stage'), ('mlp', ('fsdp_transpose', 'tensor', 'tensor_sequence', 'autoregressive')), ('gdn_head', ('fsdp_transpose', 'tensor', 'tensor_sequence', 'autoregressive')), ('embed', ('fsdp', 'fsdp_transpose', 'tensor_transpose', 'context', 'expert')), ('embed', ('fsdp', 'tensor_transpose', 'context', 'expert')), ('embed', ('fsdp', 'fsdp_transpose', 'context', 'expert')), ('embed', ('fsdp', 'context', 'expert')), ('norm', ('tensor', 'tensor_transpose')), ('layers', 'stage'), ('diloco', 'diloco'), ('engram_dim', ('tensor',)), ('dense_layers', ()), ('moe_layers', ()), ('mhc', ()), ('prefill_activation_length', ('context',)), ('prefill_activation_norm_length', ('tensor_sequence', 'context')), ('activation_prefill_kv_batch', ('data', 'fsdp', 'fsdp_transpose', 'expert')), ('decode_batch', ('data', 'fsdp', 'fsdp_transpose', 'expert')), ('decode_length', ()), ('cache_heads', ('autoregressive', 'tensor', 'tensor_transpose', 'tensor_sequence')), ('cache_heads', ('autoregressive', 'tensor', 'tensor_sequence')), ('paged_kv_heads', ('tensor',)), ('cache_batch_prefill', ()), ('cache_batch', ()), ('cache_heads_none', ()), ('cache_kv', ()), ('cache_sequence', ()), ('num_pages', ()), ('tokens_per_page', ()), ('paged_kv_head_dim_size', ()), ('mlp_no_fsdp', ('tensor', 'tensor_sequence', 'autoregressive')), ('embed_tensor_transpose', ('tensor_transpose',)), ('exp_with_fsdp', 'fsdp'))
I0805 15:06:20.045978 140402855518528 pyconfig.py:559] Config param logits_dot_in_fp32: False
I0805 15:06:20.046004 140402855518528 pyconfig.py:559] Config param logits_via_embedding: False
I0805 15:06:20.046025 140402855518528 pyconfig.py:559] Config param lora: {'enable_lora': False, 'lora_rank': 0, 'lora_alpha': 0.0, 'lora_module_path': '', 'lora_restore_path': ''}
I0805 15:06:20.046050 140402855518528 pyconfig.py:559] Config param lora_input_adapters_path: 
I0805 15:06:20.046071 140402855518528 pyconfig.py:559] Config param loss_agg_mode: sequence-mean-token-mean
I0805 15:06:20.046092 140402855518528 pyconfig.py:559] Config param loss_algo: grpo
I0805 15:06:20.046113 140402855518528 pyconfig.py:559] Config param lr_schedule_type: LearningRateScheduleType.COSINE
I0805 15:06:20.046134 140402855518528 pyconfig.py:559] Config param lti_layer_indices: None
I0805 15:06:20.046156 140402855518528 pyconfig.py:559] Config param lti_use_general_linear_map: False
I0805 15:06:20.046177 140402855518528 pyconfig.py:559] Config param managed_mldiagnostics: False
I0805 15:06:20.046198 140402855518528 pyconfig.py:559] Config param managed_mldiagnostics_dir: /root/work/scale-your-amd/runs/20260805-maxtext-disp-mixtral-megablox/maxtext/disp-mixtral-megablox/managed-mldiagnostics
I0805 15:06:20.046220 140402855518528 pyconfig.py:559] Config param managed_mldiagnostics_on_demand_profiling: True
I0805 15:06:20.046241 140402855518528 pyconfig.py:559] Config param managed_mldiagnostics_region: 
I0805 15:06:20.046262 140402855518528 pyconfig.py:559] Config param managed_mldiagnostics_run_group: 
I0805 15:06:20.046281 140402855518528 pyconfig.py:559] Config param math_verify_num_procs: None
I0805 15:06:20.046302 140402855518528 pyconfig.py:559] Config param math_verify_timeout: 300
I0805 15:06:20.046323 140402855518528 pyconfig.py:559] Config param matmul_precision: MatmulPrecision.DEFAULT
I0805 15:06:20.046344 140402855518528 pyconfig.py:559] Config param max_checkify: False
I0805 15:06:20.046364 140402855518528 pyconfig.py:559] Config param max_concurrency: 256
I0805 15:06:20.046384 140402855518528 pyconfig.py:559] Config param max_corpus_chars: 10000000
I0805 15:06:20.046404 140402855518528 pyconfig.py:559] Config param max_num_batched_tokens: None
I0805 15:06:20.046424 140402855518528 pyconfig.py:559] Config param max_num_checkpoints_to_keep: None
I0805 15:06:20.046443 140402855518528 pyconfig.py:559] Config param max_num_images_per_example: -1
I0805 15:06:20.046463 140402855518528 pyconfig.py:559] Config param max_num_seqs: None
I0805 15:06:20.046484 140402855518528 pyconfig.py:559] Config param max_position_embeddings: 163840
I0805 15:06:20.046504 140402855518528 pyconfig.py:559] Config param max_prefill_predict_length: 64
I0805 15:06:20.046525 140402855518528 pyconfig.py:559] Config param max_sample_len_for_audio: 10000
I0805 15:06:20.046546 140402855518528 pyconfig.py:559] Config param max_segments_per_seq: 1
I0805 15:06:20.046566 140402855518528 pyconfig.py:559] Config param max_source_positions_for_audio: 1500
I0805 15:06:20.046587 140402855518528 pyconfig.py:559] Config param max_target_length: 4096
I0805 15:06:20.046608 140402855518528 pyconfig.py:559] Config param max_timescale_for_audio: 10000.0
I0805 15:06:20.046629 140402855518528 pyconfig.py:559] Config param megablox: True
I0805 15:06:20.046649 140402855518528 pyconfig.py:559] Config param merge_gating_gmm: False
I0805 15:06:20.046670 140402855518528 pyconfig.py:559] Config param mesh_axes: ['diloco', 'data', 'stage', 'fsdp', 'fsdp_transpose', 'context', 'context_autoregressive', 'tensor', 'tensor_transpose', 'tensor_sequence', 'expert', 'autoregressive']
I0805 15:06:20.046692 140402855518528 pyconfig.py:559] Config param metrics_dir: /root/work/scale-your-amd/runs/20260805-maxtext-disp-mixtral-megablox/maxtext/disp-mixtral-megablox/metrics/
I0805 15:06:20.046713 140402855518528 pyconfig.py:559] Config param metrics_file: 
I0805 15:06:20.046734 140402855518528 pyconfig.py:559] Config param mhc_expansion_rate: 1
I0805 15:06:20.046754 140402855518528 pyconfig.py:559] Config param micro_batch_size_to_eval_on: 32
I0805 15:06:20.046775 140402855518528 pyconfig.py:559] Config param micro_batch_size_to_train_on: 32
I0805 15:06:20.046795 140402855518528 pyconfig.py:559] Config param mla_kv: RematLocation.REMAT
I0805 15:06:20.046815 140402855518528 pyconfig.py:559] Config param mla_naive_kvcache: True
I0805 15:06:20.046836 140402855518528 pyconfig.py:559] Config param mla_q: RematLocation.REMAT
I0805 15:06:20.046856 140402855518528 pyconfig.py:559] Config param mlp_activations: ['silu', 'linear']
I0805 15:06:20.046877 140402855518528 pyconfig.py:559] Config param mlp_activations_limit: -1.0
I0805 15:06:20.046898 140402855518528 pyconfig.py:559] Config param mlp_bias: False
I0805 15:06:20.046919 140402855518528 pyconfig.py:559] Config param mlp_dim: 14336
I0805 15:06:20.046941 140402855518528 pyconfig.py:559] Config param mlpwi: RematLocation.REMAT
I0805 15:06:20.046960 140402855518528 pyconfig.py:559] Config param mlpwi_0: RematLocation.REMAT
I0805 15:06:20.046982 140402855518528 pyconfig.py:559] Config param mlpwi_1: RematLocation.REMAT
I0805 15:06:20.047002 140402855518528 pyconfig.py:559] Config param mlpwo: RematLocation.REMAT
I0805 15:06:20.047023 140402855518528 pyconfig.py:559] Config param moba: False
I0805 15:06:20.047042 140402855518528 pyconfig.py:559] Config param moba_chunk_size: 1024
I0805 15:06:20.047062 140402855518528 pyconfig.py:559] Config param moba_topk: 8
I0805 15:06:20.047082 140402855518528 pyconfig.py:559] Config param model_call_mode: 
I0805 15:06:20.047102 140402855518528 pyconfig.py:559] Config param model_name: mixtral-8x7b
I0805 15:06:20.047121 140402855518528 pyconfig.py:559] Config param moe_dispatch_no_expert_sharding: False
I0805 15:06:20.047142 140402855518528 pyconfig.py:559] Config param moe_expert_input_dim: -1
I0805 15:06:20.047162 140402855518528 pyconfig.py:559] Config param moe_fsdp_use_two_stage_all_gather: False
I0805 15:06:20.047183 140402855518528 pyconfig.py:559] Config param moe_mlp_dim: 14336
I0805 15:06:20.047203 140402855518528 pyconfig.py:559] Config param moe_mlpwi_0: RematLocation.REMAT
I0805 15:06:20.047224 140402855518528 pyconfig.py:559] Config param moe_mlpwi_1: RematLocation.REMAT
I0805 15:06:20.047244 140402855518528 pyconfig.py:559] Config param moe_mlpwo: RematLocation.REMAT
I0805 15:06:20.047265 140402855518528 pyconfig.py:559] Config param monitor_goodput: False
I0805 15:06:20.047285 140402855518528 pyconfig.py:559] Config param monitor_step_time_deviation: True
I0805 15:06:20.047304 140402855518528 pyconfig.py:559] Config param mrope_section: [24, 20, 20]
I0805 15:06:20.047325 140402855518528 pyconfig.py:559] Config param mscale: 1.0
I0805 15:06:20.047346 140402855518528 pyconfig.py:559] Config param mtc_data_parallelism: 0
I0805 15:06:20.047368 140402855518528 pyconfig.py:559] Config param mtp_eval_target_module: 0
I0805 15:06:20.047387 140402855518528 pyconfig.py:559] Config param mtp_loss_scaling_factor: 0.1
I0805 15:06:20.047408 140402855518528 pyconfig.py:559] Config param mtp_num_layers: 0
I0805 15:06:20.047428 140402855518528 pyconfig.py:559] Config param mu_dtype: float32
I0805 15:06:20.047466 140402855518528 pyconfig.py:559] Config param multi_sampling: False
I0805 15:06:20.047492 140402855518528 pyconfig.py:559] Config param multi_tier_checkpointing_backup_interval_minutes: 0
I0805 15:06:20.047513 140402855518528 pyconfig.py:559] Config param muon_beta: 0.95
I0805 15:06:20.047535 140402855518528 pyconfig.py:559] Config param muon_consistent_rms: None
I0805 15:06:20.047556 140402855518528 pyconfig.py:559] Config param muon_weight_decay: 0.0
I0805 15:06:20.047576 140402855518528 pyconfig.py:559] Config param n_routing_groups: -1
I0805 15:06:20.047597 140402855518528 pyconfig.py:559] Config param n_window_for_audio: 50
I0805 15:06:20.047617 140402855518528 pyconfig.py:559] Config param n_window_infer_for_audio: 800
I0805 15:06:20.047638 140402855518528 pyconfig.py:559] Config param nope_layer_interval: -1
I0805 15:06:20.047657 140402855518528 pyconfig.py:559] Config param norm_topk_prob: False
I0805 15:06:20.047677 140402855518528 pyconfig.py:559] Config param normalization_layer_epsilon: 1e-05
I0805 15:06:20.047698 140402855518528 pyconfig.py:559] Config param normalize_embedding_logits: True
I0805 15:06:20.047720 140402855518528 pyconfig.py:559] Config param num_attention_heads_for_vit: 16
I0805 15:06:20.047742 140402855518528 pyconfig.py:559] Config param num_batches: 4
I0805 15:06:20.047761 140402855518528 pyconfig.py:559] Config param num_channels_for_vit: 3
I0805 15:06:20.047782 140402855518528 pyconfig.py:559] Config param num_conv_layers_for_audio: 3
I0805 15:06:20.047802 140402855518528 pyconfig.py:559] Config param num_decoder_layers: 32
I0805 15:06:20.047822 140402855518528 pyconfig.py:559] Config param num_diloco_replicas: 1
I0805 15:06:20.047841 140402855518528 pyconfig.py:559] Config param num_epoch: 1
I0805 15:06:20.047862 140402855518528 pyconfig.py:559] Config param num_eval_passes: 1
I0805 15:06:20.047883 140402855518528 pyconfig.py:559] Config param num_experts: 8
I0805 15:06:20.047902 140402855518528 pyconfig.py:559] Config param num_experts_per_tok: 2
I0805 15:06:20.047922 140402855518528 pyconfig.py:559] Config param num_generations: 2
I0805 15:06:20.047943 140402855518528 pyconfig.py:559] Config param num_hidden_layers_for_vit: 34
I0805 15:06:20.047962 140402855518528 pyconfig.py:559] Config param num_iterations: 1
I0805 15:06:20.047982 140402855518528 pyconfig.py:559] Config param num_kv_heads: 8
I0805 15:06:20.048002 140402855518528 pyconfig.py:559] Config param num_kv_shared_layers: 0
I0805 15:06:20.048021 140402855518528 pyconfig.py:559] Config param num_layers_per_pipeline_stage: 1
I0805 15:06:20.048042 140402855518528 pyconfig.py:559] Config param num_mel_bins_for_audio: 128
I0805 15:06:20.048064 140402855518528 pyconfig.py:559] Config param num_pipeline_microbatches: -1
I0805 15:06:20.048083 140402855518528 pyconfig.py:559] Config param num_pipeline_repeats: -1
I0805 15:06:20.048105 140402855518528 pyconfig.py:559] Config param num_position_embeddings_for_vit: 1024
I0805 15:06:20.048125 140402855518528 pyconfig.py:559] Config param num_query_heads: 32
I0805 15:06:20.048145 140402855518528 pyconfig.py:559] Config param num_samplers_slices: -1
I0805 15:06:20.048165 140402855518528 pyconfig.py:559] Config param num_slices: 1
I0805 15:06:20.048184 140402855518528 pyconfig.py:559] Config param num_target_devices: 8
I0805 15:06:20.048204 140402855518528 pyconfig.py:559] Config param num_test_batches: 5
I0805 15:06:20.048223 140402855518528 pyconfig.py:559] Config param num_trainer_slices: -1
I0805 15:06:20.048243 140402855518528 pyconfig.py:559] Config param num_vocab_tiling: 1
I0805 15:06:20.048263 140402855518528 pyconfig.py:559] Config param o_groups: 0
I0805 15:06:20.048283 140402855518528 pyconfig.py:559] Config param o_lora_rank: 0
I0805 15:06:20.048303 140402855518528 pyconfig.py:559] Config param off_policy_steps: 0
I0805 15:06:20.048323 140402855518528 pyconfig.py:559] Config param offline_data_dir: None
I0805 15:06:20.048342 140402855518528 pyconfig.py:559] Config param olmo_apply_ngram_filter: True
I0805 15:06:20.048362 140402855518528 pyconfig.py:559] Config param olmo_index_path: 
I0805 15:06:20.048382 140402855518528 pyconfig.py:559] Config param olmo_path_remap_from: 
I0805 15:06:20.048403 140402855518528 pyconfig.py:559] Config param olmo_path_remap_to: 
I0805 15:06:20.048422 140402855518528 pyconfig.py:559] Config param opt_type: OptimizerType.ADAMW
I0805 15:06:20.048445 140402855518528 pyconfig.py:559] Config param optimize_mesh_for_tpu_v6e: False
I0805 15:06:20.048465 140402855518528 pyconfig.py:559] Config param optimizer_memory_host_offload: False
I0805 15:06:20.048485 140402855518528 pyconfig.py:559] Config param original_max_position_embeddings: 4096
I0805 15:06:20.048506 140402855518528 pyconfig.py:559] Config param out_hidden_size_for_vit: 512
I0805 15:06:20.048526 140402855518528 pyconfig.py:559] Config param out_proj: RematLocation.REMAT
I0805 15:06:20.048547 140402855518528 pyconfig.py:559] Config param output_dim_for_audio: 512
I0805 15:06:20.048568 140402855518528 pyconfig.py:559] Config param override_logical_axis_rules: False
I0805 15:06:20.048588 140402855518528 pyconfig.py:559] Config param override_model_config: False
I0805 15:06:20.048609 140402855518528 pyconfig.py:559] Config param packing: True
I0805 15:06:20.048629 140402855518528 pyconfig.py:559] Config param padded_base_moe_mlp_dim: None
I0805 15:06:20.048650 140402855518528 pyconfig.py:559] Config param param_scan_axis: 1
I0805 15:06:20.048670 140402855518528 pyconfig.py:559] Config param parameter_memory_host_offload: False
I0805 15:06:20.048691 140402855518528 pyconfig.py:559] Config param partial_rotary_factor: 1.0
I0805 15:06:20.048711 140402855518528 pyconfig.py:559] Config param patch_size_for_vit: 14
I0805 15:06:20.048732 140402855518528 pyconfig.py:559] Config param penalty_incorrect_answer: -1.0
I0805 15:06:20.048753 140402855518528 pyconfig.py:559] Config param penalty_incorrect_format: -0.5
I0805 15:06:20.048775 140402855518528 pyconfig.py:559] Config param per_device_batch_size: 4.0
I0805 15:06:20.048795 140402855518528 pyconfig.py:559] Config param per_device_batch_size_increment: 2.0
I0805 15:06:20.048816 140402855518528 pyconfig.py:559] Config param per_device_batch_size_start: 4.0
I0805 15:06:20.048835 140402855518528 pyconfig.py:559] Config param pipeline_delay_activation_forwarding: False
I0805 15:06:20.048856 140402855518528 pyconfig.py:559] Config param pipeline_fsdp_ag_once: False
I0805 15:06:20.048876 140402855518528 pyconfig.py:559] Config param pipeline_fsdp_ag_per_repeat: False
I0805 15:06:20.048895 140402855518528 pyconfig.py:559] Config param pipeline_parallel_layers: 32
I0805 15:06:20.048915 140402855518528 pyconfig.py:559] Config param pixel_shuffle_ratio_for_vit: 0.5
I0805 15:06:20.048936 140402855518528 pyconfig.py:559] Config param posemb_type_for_vit: learn
I0805 15:06:20.048957 140402855518528 pyconfig.py:559] Config param position_id_per_seconds: 25
I0805 15:06:20.048981 140402855518528 pyconfig.py:559] Config param prefill_cache_axis_order: 1,2,0,3
I0805 15:06:20.049002 140402855518528 pyconfig.py:559] Config param prefill_cache_dir: 
I0805 15:06:20.049025 140402855518528 pyconfig.py:559] Config param prefill_chunk_size: 256
I0805 15:06:20.049045 140402855518528 pyconfig.py:559] Config param prefill_slice: v5e-16
I0805 15:06:20.049064 140402855518528 pyconfig.py:559] Config param prefix_caching_dram_byte: 100000000000
I0805 15:06:20.049085 140402855518528 pyconfig.py:559] Config param prefix_caching_hbm_byte: 10000000000
I0805 15:06:20.049105 140402855518528 pyconfig.py:559] Config param prefuse_moe_weights: False
I0805 15:06:20.049125 140402855518528 pyconfig.py:559] Config param profile_cleanly: True
I0805 15:06:20.049145 140402855518528 pyconfig.py:559] Config param profile_periodically_period: -1
I0805 15:06:20.049165 140402855518528 pyconfig.py:559] Config param profile_power_events: False
I0805 15:06:20.049185 140402855518528 pyconfig.py:559] Config param profiler: ProfilerType.NONE
I0805 15:06:20.049208 140402855518528 pyconfig.py:559] Config param profiler_steps: 5
I0805 15:06:20.049230 140402855518528 pyconfig.py:559] Config param projector_dropout_for_vit: 0.0
I0805 15:06:20.049251 140402855518528 pyconfig.py:559] Config param projector_input_dim_for_vit: 4096
I0805 15:06:20.049271 140402855518528 pyconfig.py:559] Config param projector_output_dim_for_vit: 4096
I0805 15:06:20.049290 140402855518528 pyconfig.py:559] Config param prometheus_port: 0
I0805 15:06:20.049310 140402855518528 pyconfig.py:559] Config param prompt: I love to
I0805 15:06:20.049330 140402855518528 pyconfig.py:559] Config param pure_nnx: False
I0805 15:06:20.049351 140402855518528 pyconfig.py:559] Config param pure_nnx_decoder: False
I0805 15:06:20.049371 140402855518528 pyconfig.py:559] Config param q_lora_rank: 0
I0805 15:06:20.049392 140402855518528 pyconfig.py:559] Config param qk_clip_threshold: 100.0
I0805 15:06:20.049413 140402855518528 pyconfig.py:559] Config param qk_nope_head_dim: 128
I0805 15:06:20.049434 140402855518528 pyconfig.py:559] Config param qk_norm_with_scale: True
I0805 15:06:20.049454 140402855518528 pyconfig.py:559] Config param qk_rope_head_dim: 64
I0805 15:06:20.049475 140402855518528 pyconfig.py:559] Config param qkv_proj: RematLocation.REMAT
I0805 15:06:20.049496 140402855518528 pyconfig.py:559] Config param quant_cfg_path: 
I0805 15:06:20.049516 140402855518528 pyconfig.py:559] Config param quantization: QuantizationType.NONE
I0805 15:06:20.049538 140402855518528 pyconfig.py:559] Config param quantization_local_shard_count: 8
I0805 15:06:20.049558 140402855518528 pyconfig.py:559] Config param quantize_kvcache: False
I0805 15:06:20.049579 140402855518528 pyconfig.py:559] Config param query_proj: RematLocation.REMAT
I0805 15:06:20.049600 140402855518528 pyconfig.py:559] Config param query_wa_proj: RematLocation.REMAT
I0805 15:06:20.049621 140402855518528 pyconfig.py:559] Config param ragged_block_size: 256
I0805 15:06:20.049641 140402855518528 pyconfig.py:559] Config param ragged_buffer_factor: -1.0
I0805 15:06:20.049661 140402855518528 pyconfig.py:559] Config param ragged_gather_cost_estimate_bytes_accessed: -1
I0805 15:06:20.049681 140402855518528 pyconfig.py:559] Config param ragged_gather_cost_estimate_flops: -1
I0805 15:06:20.049702 140402855518528 pyconfig.py:559] Config param ragged_gather_fallback: False
I0805 15:06:20.049723 140402855518528 pyconfig.py:559] Config param ragged_gather_reduce_cost_estimate_bytes_accessed: -1
I0805 15:06:20.049753 140402855518528 pyconfig.py:559] Config param ragged_gather_reduce_cost_estimate_flops: -1
I0805 15:06:20.049774 140402855518528 pyconfig.py:559] Config param ragged_gather_reduce_fallback: False
I0805 15:06:20.049794 140402855518528 pyconfig.py:559] Config param rampup_end_step: 0
I0805 15:06:20.049814 140402855518528 pyconfig.py:559] Config param rampup_samples_per_increment_to_load: None
I0805 15:06:20.049836 140402855518528 pyconfig.py:559] Config param reasoning_end_token: </reasoning>
I0805 15:06:20.049856 140402855518528 pyconfig.py:559] Config param reasoning_start_token: <reasoning>
I0805 15:06:20.049876 140402855518528 pyconfig.py:559] Config param record_internal_nn_metrics: 0
I0805 15:06:20.049897 140402855518528 pyconfig.py:559] Config param remat_policy: save_dot_with_context_except_mlp
I0805 15:06:20.049917 140402855518528 pyconfig.py:559] Config param remat_policy_for_vit: minimal
I0805 15:06:20.049938 140402855518528 pyconfig.py:559] Config param remove_size_one_mesh_axis_from_type: True
I0805 15:06:20.049958 140402855518528 pyconfig.py:559] Config param replicate_quant_scale: False
I0805 15:06:20.049979 140402855518528 pyconfig.py:559] Config param replicator_backup_interval_minutes: 0
I0805 15:06:20.049999 140402855518528 pyconfig.py:559] Config param report_heartbeat_metric_for_gcp_monitoring: False
I0805 15:06:20.050019 140402855518528 pyconfig.py:559] Config param report_performance_metric_for_gcp_monitoring: False
I0805 15:06:20.050039 140402855518528 pyconfig.py:559] Config param reshape_q: False
I0805 15:06:20.050060 140402855518528 pyconfig.py:559] Config param reshard_chunk_size: None
I0805 15:06:20.050081 140402855518528 pyconfig.py:559] Config param return_log_prob: False
I0805 15:06:20.050101 140402855518528 pyconfig.py:559] Config param reuse_example_batch: 0
I0805 15:06:20.050121 140402855518528 pyconfig.py:559] Config param reward_exact_answer: 5.0
I0805 15:06:20.050142 140402855518528 pyconfig.py:559] Config param reward_exact_format_match: 3.0
I0805 15:06:20.050163 140402855518528 pyconfig.py:559] Config param reward_partial_format_match: 0.5
I0805 15:06:20.050184 140402855518528 pyconfig.py:559] Config param reward_ratio_guess_to_answer_high: 0.5
I0805 15:06:20.050203 140402855518528 pyconfig.py:559] Config param reward_ratio_guess_to_answer_low: 0.25
I0805 15:06:20.050225 140402855518528 pyconfig.py:559] Config param reward_white_space_format_match: 1.5
I0805 15:06:20.050246 140402855518528 pyconfig.py:559] Config param rl: {'num_generations': 2, 'num_iterations': 1, 'grpo_beta': 0.08, 'grpo_epsilon': 0.2, 'loss_algo': 'grpo', 'loss_agg_mode': 'sequence-mean-token-mean', 'use_agentic_rollout': False, 'max_concurrency': 256, 'off_policy_steps': 0, 'system_prompt': '', 'degenerate_group_masking': True, 'epsilon_high': None, 'reshard_chunk_size': None}
I0805 15:06:20.050276 140402855518528 pyconfig.py:559] Config param rollout_data_parallelism: -1
I0805 15:06:20.050298 140402855518528 pyconfig.py:559] Config param rollout_expert_parallelism: 1
I0805 15:06:20.050320 140402855518528 pyconfig.py:559] Config param rollout_micro_batch_size: -1
I0805 15:06:20.050341 140402855518528 pyconfig.py:559] Config param rollout_tensor_parallelism: -1
I0805 15:06:20.050361 140402855518528 pyconfig.py:559] Config param rope_attention_scaling: False
I0805 15:06:20.050382 140402855518528 pyconfig.py:559] Config param rope_factor: 40
I0805 15:06:20.050403 140402855518528 pyconfig.py:559] Config param rope_interleave: True
I0805 15:06:20.050424 140402855518528 pyconfig.py:559] Config param rope_linear_scaling_factor: 1.0
I0805 15:06:20.050445 140402855518528 pyconfig.py:559] Config param rope_max_timescale: 1000000
I0805 15:06:20.050466 140402855518528 pyconfig.py:559] Config param rope_min_timescale: 1
I0805 15:06:20.050487 140402855518528 pyconfig.py:559] Config param rope_theta_for_vit: 10000
I0805 15:06:20.050507 140402855518528 pyconfig.py:559] Config param rope_truncate: True
I0805 15:06:20.050527 140402855518528 pyconfig.py:559] Config param rope_type: RopeType.DEFAULT
I0805 15:06:20.050549 140402855518528 pyconfig.py:559] Config param rope_use_scale: True
I0805 15:06:20.050569 140402855518528 pyconfig.py:559] Config param routed_bias: False
I0805 15:06:20.050590 140402855518528 pyconfig.py:559] Config param routed_bias_update_rate: 0.0
I0805 15:06:20.050609 140402855518528 pyconfig.py:559] Config param routed_scaling_factor: 1.0
I0805 15:06:20.050630 140402855518528 pyconfig.py:559] Config param routed_score_func: 
I0805 15:06:20.050650 140402855518528 pyconfig.py:559] Config param run_name: disp-mixtral-megablox
I0805 15:06:20.050672 140402855518528 pyconfig.py:559] Config param sa_block_kv: 512
I0805 15:06:20.050690 140402855518528 pyconfig.py:559] Config param sa_block_kv_compute: 512
I0805 15:06:20.050711 140402855518528 pyconfig.py:559] Config param sa_block_kv_dkv: 512
I0805 15:06:20.050731 140402855518528 pyconfig.py:559] Config param sa_block_kv_dkv_compute: 512
I0805 15:06:20.050751 140402855518528 pyconfig.py:559] Config param sa_block_kv_dq: 512
I0805 15:06:20.050771 140402855518528 pyconfig.py:559] Config param sa_block_q: 512
I0805 15:06:20.050792 140402855518528 pyconfig.py:559] Config param sa_block_q_dkv: 512
I0805 15:06:20.050812 140402855518528 pyconfig.py:559] Config param sa_block_q_dq: 512
I0805 15:06:20.050832 140402855518528 pyconfig.py:559] Config param sa_k_layout: HEAD_DIM_MINOR
I0805 15:06:20.050852 140402855518528 pyconfig.py:559] Config param sa_q_layout: HEAD_DIM_MINOR
I0805 15:06:20.050872 140402855518528 pyconfig.py:559] Config param sa_use_fused_bwd_kernel: False
I0805 15:06:20.050892 140402855518528 pyconfig.py:559] Config param sa_v_layout: HEAD_DIM_MINOR
I0805 15:06:20.050913 140402855518528 pyconfig.py:559] Config param sampler_devices_fraction: 0.5
I0805 15:06:20.050933 140402855518528 pyconfig.py:559] Config param save_checkpoint_on_completion: True
I0805 15:06:20.050953 140402855518528 pyconfig.py:559] Config param save_config_to_gcs: False
I0805 15:06:20.050974 140402855518528 pyconfig.py:559] Config param save_quantized_params_path: 
I0805 15:06:20.050994 140402855518528 pyconfig.py:559] Config param scale_embedding_for_audio: True
I0805 15:06:20.051014 140402855518528 pyconfig.py:559] Config param scan_layers: True
I0805 15:06:20.051034 140402855518528 pyconfig.py:559] Config param scan_layers_per_stage: False
I0805 15:06:20.051055 140402855518528 pyconfig.py:559] Config param scan_pipeline_iterations: True
I0805 15:06:20.051076 140402855518528 pyconfig.py:559] Config param scan_pipeline_repeats: False
I0805 15:06:20.051095 140402855518528 pyconfig.py:559] Config param set_remat_policy_on_layers_per_stage: False
I0805 15:06:20.051115 140402855518528 pyconfig.py:559] Config param set_remat_policy_on_pipeline_iterations: True
I0805 15:06:20.051135 140402855518528 pyconfig.py:559] Config param sft_train_on_completion_only: False
I0805 15:06:20.051156 140402855518528 pyconfig.py:559] Config param shard_exp_on_fsdp: False
I0805 15:06:20.051176 140402855518528 pyconfig.py:559] Config param shard_mode: ShardMode.AUTO
I0805 15:06:20.051198 140402855518528 pyconfig.py:559] Config param shard_optimizer_over_data: False
I0805 15:06:20.051218 140402855518528 pyconfig.py:559] Config param sharding_strategy: None
I0805 15:06:20.051237 140402855518528 pyconfig.py:559] Config param sharding_tolerance: 0.02
I0805 15:06:20.051259 140402855518528 pyconfig.py:559] Config param shardy: True
I0805 15:06:20.051279 140402855518528 pyconfig.py:559] Config param share_kv_projections: False
I0805 15:06:20.051299 140402855518528 pyconfig.py:559] Config param shared_experts: 0
I0805 15:06:20.051319 140402855518528 pyconfig.py:559] Config param sinkhorn_iterations: 20
I0805 15:06:20.051340 140402855518528 pyconfig.py:559] Config param skip_first_n_steps_for_profiler: 1
I0805 15:06:20.051359 140402855518528 pyconfig.py:559] Config param skip_jax_distributed_system: False
I0805 15:06:20.051379 140402855518528 pyconfig.py:559] Config param skip_step_interval: 128
I0805 15:06:20.051398 140402855518528 pyconfig.py:559] Config param skip_step_on_spikes: False
I0805 15:06:20.051418 140402855518528 pyconfig.py:559] Config param skip_step_scaling_factor: 6.0
I0805 15:06:20.051440 140402855518528 pyconfig.py:559] Config param sliding_window_size: 0
I0805 15:06:20.051460 140402855518528 pyconfig.py:559] Config param solution_end_token: </answer>
I0805 15:06:20.051480 140402855518528 pyconfig.py:559] Config param solution_start_token: <answer>
I0805 15:06:20.051500 140402855518528 pyconfig.py:559] Config param source_checkpoint_layout: orbax
I0805 15:06:20.051520 140402855518528 pyconfig.py:559] Config param sparse_matmul: True
I0805 15:06:20.051541 140402855518528 pyconfig.py:559] Config param spatial_merge_size_for_vit: 2
I0805 15:06:20.051561 140402855518528 pyconfig.py:559] Config param stack_prefill_result_cache: False
I0805 15:06:20.051581 140402855518528 pyconfig.py:559] Config param step_deviation_interval_seconds: 30
I0805 15:06:20.051602 140402855518528 pyconfig.py:559] Config param steps: 16
I0805 15:06:20.051622 140402855518528 pyconfig.py:559] Config param stop_strings: None
I0805 15:06:20.051643 140402855518528 pyconfig.py:559] Config param student_overrides: {}
I0805 15:06:20.051663 140402855518528 pyconfig.py:559] Config param student_params_to_update: None
I0805 15:06:20.051683 140402855518528 pyconfig.py:559] Config param subslice_shape: 
I0805 15:06:20.051703 140402855518528 pyconfig.py:559] Config param swap_space_vllm_gb: 2
I0805 15:06:20.051722 140402855518528 pyconfig.py:559] Config param system_prompt: 
I0805 15:06:20.051742 140402855518528 pyconfig.py:559] Config param target_eval_loss: 0.0
I0805 15:06:20.051762 140402855518528 pyconfig.py:559] Config param teacher_overrides: {}
I0805 15:06:20.051782 140402855518528 pyconfig.py:559] Config param temperature_tuning: False
I0805 15:06:20.051801 140402855518528 pyconfig.py:559] Config param temporal_patch_size_for_vit: 2
I0805 15:06:20.051821 140402855518528 pyconfig.py:559] Config param tensorboard_dir: /root/work/scale-your-amd/runs/20260805-maxtext-disp-mixtral-megablox/maxtext/disp-mixtral-megablox/tensorboard/
I0805 15:06:20.051842 140402855518528 pyconfig.py:559] Config param tensors_on_device: None
I0805 15:06:20.051862 140402855518528 pyconfig.py:559] Config param tensors_to_offload: None
I0805 15:06:20.051882 140402855518528 pyconfig.py:559] Config param test_batch_start_index: 0
I0805 15:06:20.051901 140402855518528 pyconfig.py:559] Config param tile_size_for_vit: 336
I0805 15:06:20.051921 140402855518528 pyconfig.py:559] Config param tokenize_eval_data: True
I0805 15:06:20.051942 140402855518528 pyconfig.py:559] Config param tokenize_train_data: True
I0805 15:06:20.051961 140402855518528 pyconfig.py:559] Config param tokenizer_path: mistralai/Mixtral-8x7B-Instruct-v0.1
I0805 15:06:20.051982 140402855518528 pyconfig.py:559] Config param tokenizer_type: TokenizerType.SENTENCEPIECE
I0805 15:06:20.052004 140402855518528 pyconfig.py:559] Config param topk_routing_group: -1
I0805 15:06:20.052025 140402855518528 pyconfig.py:559] Config param tpu_num_chips_to_profile_per_task: 1
I0805 15:06:20.052045 140402855518528 pyconfig.py:559] Config param tpu_num_sparse_core_tiles_to_trace: 1
I0805 15:06:20.052065 140402855518528 pyconfig.py:559] Config param tpu_num_sparse_cores_to_trace: 2
I0805 15:06:20.052085 140402855518528 pyconfig.py:559] Config param train_data_columns: ['text']
I0805 15:06:20.052105 140402855518528 pyconfig.py:559] Config param train_fraction: 1.0
I0805 15:06:20.052126 140402855518528 pyconfig.py:559] Config param train_image_column: image
I0805 15:06:20.052146 140402855518528 pyconfig.py:559] Config param train_micro_batch_size: -1
I0805 15:06:20.052166 140402855518528 pyconfig.py:559] Config param train_split: train
I0805 15:06:20.052186 140402855518528 pyconfig.py:559] Config param trainable_parameters_mask: []
I0805 15:06:20.052206 140402855518528 pyconfig.py:559] Config param trainable_position_size: -1
I0805 15:06:20.052226 140402855518528 pyconfig.py:559] Config param trainer_devices_fraction: 0.5
I0805 15:06:20.052246 140402855518528 pyconfig.py:559] Config param upload_all_profiler_results: False
I0805 15:06:20.052266 140402855518528 pyconfig.py:559] Config param use_agentic_rollout: False
I0805 15:06:20.052286 140402855518528 pyconfig.py:559] Config param use_audio: False
I0805 15:06:20.052306 140402855518528 pyconfig.py:559] Config param use_audio_in_video: False
I0805 15:06:20.052326 140402855518528 pyconfig.py:559] Config param use_batch_split_schedule: False
I0805 15:06:20.052347 140402855518528 pyconfig.py:559] Config param use_chat_template: False
I0805 15:06:20.052367 140402855518528 pyconfig.py:559] Config param use_chunked_prefill: False
I0805 15:06:20.052386 140402855518528 pyconfig.py:559] Config param use_custom_sort_vjp: True
I0805 15:06:20.052406 140402855518528 pyconfig.py:559] Config param use_double_wide_mlp: False
I0805 15:06:20.052426 140402855518528 pyconfig.py:559] Config param use_dpo: False
I0805 15:06:20.052445 140402855518528 pyconfig.py:559] Config param use_gather_mosaic_kernel: False
I0805 15:06:20.052465 140402855518528 pyconfig.py:559] Config param use_gmm_v2: False
I0805 15:06:20.052485 140402855518528 pyconfig.py:559] Config param use_grpo: True
I0805 15:06:20.052505 140402855518528 pyconfig.py:559] Config param use_indexer: False
I0805 15:06:20.052525 140402855518528 pyconfig.py:559] Config param use_iota_embed: False
I0805 15:06:20.052545 140402855518528 pyconfig.py:559] Config param use_jax_splash: False
I0805 15:06:20.052565 140402855518528 pyconfig.py:559] Config param use_manual_quantization: False
I0805 15:06:20.052585 140402855518528 pyconfig.py:559] Config param use_max_logit_estimate: -1
I0805 15:06:20.052606 140402855518528 pyconfig.py:559] Config param use_mrope: False
I0805 15:06:20.052626 140402855518528 pyconfig.py:559] Config param use_multimodal: False
I0805 15:06:20.052646 140402855518528 pyconfig.py:559] Config param use_pathways: True
I0805 15:06:20.052667 140402855518528 pyconfig.py:559] Config param use_post_attn_norm: False
I0805 15:06:20.052686 140402855518528 pyconfig.py:559] Config param use_post_ffw_norm: False
I0805 15:06:20.052707 140402855518528 pyconfig.py:559] Config param use_qk_clip: False
I0805 15:06:20.052727 140402855518528 pyconfig.py:559] Config param use_qk_norm: False
I0805 15:06:20.052747 140402855518528 pyconfig.py:559] Config param use_qk_norm_in_gdn: True
I0805 15:06:20.052767 140402855518528 pyconfig.py:559] Config param use_qwix_quantization: False
I0805 15:06:20.052786 140402855518528 pyconfig.py:559] Config param use_ragged_attention: False
I0805 15:06:20.052805 140402855518528 pyconfig.py:559] Config param use_ragged_sort: False
I0805 15:06:20.052826 140402855518528 pyconfig.py:559] Config param use_random_routing: False
I0805 15:06:20.052846 140402855518528 pyconfig.py:559] Config param use_replicator_service: False
I0805 15:06:20.052866 140402855518528 pyconfig.py:559] Config param use_ring_of_experts: False
I0805 15:06:20.052886 140402855518528 pyconfig.py:559] Config param use_sft: False
I0805 15:06:20.052906 140402855518528 pyconfig.py:559] Config param use_splash_scheduler: False
I0805 15:06:20.052925 140402855518528 pyconfig.py:559] Config param use_standalone_converter: False
I0805 15:06:20.052946 140402855518528 pyconfig.py:559] Config param use_tokamax_gmm: False
I0805 15:06:20.052966 140402855518528 pyconfig.py:559] Config param use_tokamax_splash: False
I0805 15:06:20.052985 140402855518528 pyconfig.py:559] Config param use_truncation: True
I0805 15:06:20.053004 140402855518528 pyconfig.py:559] Config param use_tunix_gradient_accumulation: False
I0805 15:06:20.053024 140402855518528 pyconfig.py:559] Config param use_untrainable_positional_embedding: False
I0805 15:06:20.053045 140402855518528 pyconfig.py:559] Config param use_vertex_tensorboard: False
I0805 15:06:20.053065 140402855518528 pyconfig.py:559] Config param using_pipeline_parallelism: False
I0805 15:06:20.053085 140402855518528 pyconfig.py:559] Config param v_head_dim: 128
I0805 15:06:20.053104 140402855518528 pyconfig.py:559] Config param v_norm_with_scale: True
I0805 15:06:20.053124 140402855518528 pyconfig.py:559] Config param value_proj: RematLocation.REMAT
I0805 15:06:20.053145 140402855518528 pyconfig.py:559] Config param vertex_tensorboard_project: 
I0805 15:06:20.053166 140402855518528 pyconfig.py:559] Config param vertex_tensorboard_region: 
I0805 15:06:20.053186 140402855518528 pyconfig.py:559] Config param video_path: 
I0805 15:06:20.053206 140402855518528 pyconfig.py:559] Config param video_placeholder: <|video|>
I0805 15:06:20.053227 140402855518528 pyconfig.py:559] Config param vision_output_dim_for_vit: 4096
I0805 15:06:20.053248 140402855518528 pyconfig.py:559] Config param vision_output_length: -1
I0805 15:06:20.053267 140402855518528 pyconfig.py:559] Config param vllm_additional_config: {}
I0805 15:06:20.053288 140402855518528 pyconfig.py:559] Config param vllm_hf_config_path: 
I0805 15:06:20.053309 140402855518528 pyconfig.py:559] Config param vllm_hf_overrides: {}
I0805 15:06:20.053329 140402855518528 pyconfig.py:559] Config param vllm_load_format: dummy
I0805 15:06:20.053348 140402855518528 pyconfig.py:559] Config param vocab_size: 32000
I0805 15:06:20.053368 140402855518528 pyconfig.py:559] Config param vocab_size_per_layer_input: 0
I0805 15:06:20.053388 140402855518528 pyconfig.py:559] Config param warmup_steps_fraction: 0.1
I0805 15:06:20.053409 140402855518528 pyconfig.py:559] Config param weight_dtype: float32
I0805 15:06:20.053442 140402855518528 pyconfig.py:559] Config param weight_quantization_calibration_method: absmax
I0805 15:06:20.053466 140402855518528 pyconfig.py:559] Config param weight_sparsity_m: None
I0805 15:06:20.053487 140402855518528 pyconfig.py:559] Config param weight_sparsity_n: None
I0805 15:06:20.053507 140402855518528 pyconfig.py:559] Config param weight_sparsity_start_step: 50
I0805 15:06:20.053527 140402855518528 pyconfig.py:559] Config param weight_sparsity_update_step: 10
I0805 15:06:20.053548 140402855518528 pyconfig.py:559] Config param wi_tile_dlhs_batch_seq: 512
I0805 15:06:20.053567 140402855518528 pyconfig.py:559] Config param wi_tile_dlhs_embed_dim: 1024
I0805 15:06:20.053587 140402855518528 pyconfig.py:559] Config param wi_tile_dlhs_mlp_dim: 1024
I0805 15:06:20.053608 140402855518528 pyconfig.py:559] Config param wi_tile_drhs_batch_seq: 512
I0805 15:06:20.053628 140402855518528 pyconfig.py:559] Config param wi_tile_drhs_embed_dim: 1024
I0805 15:06:20.053648 140402855518528 pyconfig.py:559] Config param wi_tile_drhs_mlp_dim: 1024
I0805 15:06:20.053669 140402855518528 pyconfig.py:559] Config param wi_tile_fwd_batch_seq: 512
I0805 15:06:20.053690 140402855518528 pyconfig.py:559] Config param wi_tile_fwd_embed_dim: 1024
I0805 15:06:20.053710 140402855518528 pyconfig.py:559] Config param wi_tile_fwd_mlp_dim: 1024
I0805 15:06:20.053735 140402855518528 pyconfig.py:559] Config param wo_tile_dlhs_batch_seq: 512
I0805 15:06:20.053755 140402855518528 pyconfig.py:559] Config param wo_tile_dlhs_embed_dim: 1024
I0805 15:06:20.053776 140402855518528 pyconfig.py:559] Config param wo_tile_dlhs_mlp_dim: 1024
I0805 15:06:20.053796 140402855518528 pyconfig.py:559] Config param wo_tile_drhs_batch_seq: 512
I0805 15:06:20.053817 140402855518528 pyconfig.py:559] Config param wo_tile_drhs_embed_dim: 1024
I0805 15:06:20.053837 140402855518528 pyconfig.py:559] Config param wo_tile_drhs_mlp_dim: 1024
I0805 15:06:20.053856 140402855518528 pyconfig.py:559] Config param wo_tile_fwd_batch_seq: 512
I0805 15:06:20.053877 140402855518528 pyconfig.py:559] Config param wo_tile_fwd_embed_dim: 1024
I0805 15:06:20.053897 140402855518528 pyconfig.py:559] Config param wo_tile_fwd_mlp_dim: 1024
I0805 15:06:20.053917 140402855518528 pyconfig.py:559] Config param write_estimator_result: False
I0805 15:06:20.053937 140402855518528 pyconfig.py:559] Config param wsd_decay_steps_fraction: 0.1
I0805 15:06:20.053958 140402855518528 pyconfig.py:559] Config param wsd_decay_style: WsdDecayStyle.LINEAR
I0805 15:06:20.053981 140402855518528 pyconfig.py:559] Config param xprof_e2e_enable_fw_power_level_event: False
I0805 15:06:20.054001 140402855518528 pyconfig.py:559] Config param xprof_e2e_enable_fw_thermal_event: False
I0805 15:06:20.054021 140402855518528 pyconfig.py:559] Config param xprof_e2e_enable_fw_throttle_event: False
I0805 15:06:20.054042 140402855518528 pyconfig.py:559] Config param xprof_tpu_power_trace_level: 0
I0805 15:06:20.054064 140402855518528 pyconfig.py:559] Config param z_loss_multiplier: 0.0
I0805 15:06:20.054490 140402855518528 max_utils.py:828] System Information: Jax Version: 0.10.0
I0805 15:06:20.054544 140402855518528 max_utils.py:829] System Information: Jaxlib Version: 0.10.0
I0805 15:06:20.054598 140402855518528 max_utils.py:830] System Information: Jax Backend: PJRT C API
rocm 71400
I0805 15:06:20.054636 140402855518528 max_utils.py:833] System Information: Number of devices: 8, jax path /opt/venv/lib/python3.12/site-packages/jax/__init__.py
I0805 15:06:20.054673 140402855518528 max_utils.py:836] System Information: Device 0: 0 (Local id: 0, Process index: 0)
I0805 15:06:20.054703 140402855518528 max_utils.py:836] System Information: Device 1: 1 (Local id: 1, Process index: 0)
I0805 15:06:20.054729 140402855518528 max_utils.py:836] System Information: Device 2: 2 (Local id: 2, Process index: 0)
I0805 15:06:20.054755 140402855518528 max_utils.py:836] System Information: Device 3: 3 (Local id: 3, Process index: 0)
I0805 15:06:20.054780 140402855518528 max_utils.py:836] System Information: Device 4: 4 (Local id: 4, Process index: 0)
I0805 15:06:20.054805 140402855518528 max_utils.py:836] System Information: Device 5: 5 (Local id: 5, Process index: 0)
I0805 15:06:20.054829 140402855518528 max_utils.py:836] System Information: Device 6: 6 (Local id: 6, Process index: 0)
I0805 15:06:20.054853 140402855518528 max_utils.py:836] System Information: Device 7: 7 (Local id: 7, Process index: 0)
I0805 15:06:20.054889 140402855518528 train_utils.py:355] WARNING: 'base_output_directory' might be pointing your local file system
I0805 15:06:20.054924 140402855518528 train_utils.py:366] WARNING: Sequence packing is essentially ignored for synthetic data. Please use a real dataset to use sequence packing.
I0805 15:06:23.969716 140402855518528 maxtext_utils.py:1975] Num_devices: 8, shape (1, 1, 1, 1, 1, 1, 1, 1, 1, 1, 8, 1)
I0805 15:06:23.970303 140402855518528 maxtext_utils.py:1975] Num_devices: 8, shape (1, 1, 1, 1, 1, 1, 1, 1, 1, 1, 8, 1)
I0805 15:06:23.971259 140402855518528 checkpointing.py:995] Setting up checkpoint logger...
I0805 15:06:23.971442 140402855518528 checkpointing.py:386] Checkpointing disabled, not creating checkpoint manager.
/opt/venv/lib/python3.12/site-packages/transformer_engine/jax/flax/transformer.py:732: UserWarning: The dtype argument is deprecated and will be removed in a future release. DotProductAttention will use the dtype of the inputs instead as this module does not have any parameters. Module dtype specified self.dtype=dtype(bfloat16) matches dtype of inputs so behavior is unchanged. Please remove the dtype argument within the next few releases.
  warnings.warn(
I0805 15:06:25.856821 140402855518528 checkpointing.py:983] No existing checkpoints found, not restoring checkpoint.
Traceback (most recent call last):
  File "/opt/venv/lib/python3.12/site-packages/jax/_src/interpreters/mlir.py", line 2590, in _lower_jaxpr_to_fun_cached
    func_op = ctx.cached_primitive_lowerings[key]
              ~~~~~~~~~~~~~~~~~~~~~~~~~~~~~~^^^^^
KeyError: ('closed_call', let argsort = { lambda ; a:i32[32768] b:i32[32768]. let
    _:i32[32768] c:i32[32768] = sort[dimension=0 is_stable=True num_keys=1] a b
  in (c,) } in
let jaxpr = { lambda ; d:i32[] e:i32[]. let f:i32[] = add d e in (f,) } in
let cumsum = { lambda ; g:i32[8]. let
    h:i32[8] = cumsum[axis=0 reverse=False] g
  in (h,) } in
let cumsum1 = { lambda ; i:i32[9,8]. let
    j:i32[9,8] = cumsum[axis=0 reverse=False] i
  in (j,) } in
let argsort1 = { lambda ; k:i32[131072] l:i32[131072]. let
    _:i32[131072] m:i32[131072] = sort[dimension=0 is_stable=True num_keys=1] k l
  in (m,) } in
let gmm = { lambda ; n:bf16[131072,4096] o:bf16[1,4096,14336] p:i32[1] q:i32[] r:i32[]
    s:i32[1] t:i32[] u:i32[] v:i32[1] w:i32[] x:i32[] y:bool[1] z:i32[1] ba:i32[256]
    bb:i32[1] bc:i32[1] bd:i32[1] be:i32[] bf:i32[] bg:bool[] bh:i32[256] bi:f32[257]
    bj:i32[1] bk:i32[] bl:bool[] bm:i32[] bn:i32[] bo:i32[1] bp:f32[] bq:f32[257]
    br:u32[] bs:f32[1] bt:f32[1] bu:f32[1] bv:f32[1] bw:u32[1] bx:u32[1] by:i32[1]
    bz:f32[1] ca:i32[1] cb:i32[256] cc:i32[256] cd:i32[] ce:bool[] cf:i32[1]. let
    cg:i32[1] = jit[
      name=cumsum
      ctx_mesh=Mesh('diloco': 1, 'data': 1, 'stage': 1, 'fsdp': 1, 'fsdp_transpose': 1, 'context': 1, 'context_autoregressive': 1, 'tensor': 1, 'tensor_transpose': 1, 'tensor_sequence': 1, 'expert': 8, 'autoregressive': 1, axis_types=(Auto, Auto, Auto, Auto, Auto, Auto, Auto, Auto, Auto, Auto, Auto, Auto))
      jaxpr={ lambda ; p:i32[1]. let
          cg:i32[1] = cumsum[axis=0 reverse=False] p
        in (cg,) }
    ] p
    ch:i32[2] = concatenate[dimension=0] bj cg
    ci:i32[1] = add cg 512:i32[]
    cj:i32[1] = sub ci 1:i32[]
    ck:i32[1] = jit[
      name=floor_divide
      ctx_mesh=Mesh('diloco': 1, 'data': 1, 'stage': 1, 'fsdp': 1, 'fsdp_transpose': 1, 'context': 1, 'context_autoregressive': 1, 'tensor': 1, 'tensor_transpose': 1, 'tensor_sequence': 1, 'expert': 8, 'autoregressive': 1, axis_types=(Auto, Auto, Auto, Auto, Auto, Auto, Auto, Auto, Auto, Auto, Auto, Auto))
      jaxpr={ lambda ; cj:i32[1] q:i32[] r:i32[]. let
          cl:i32[1] = div cj r
          cm:i32[1] = sign cj
          cn:bool[1] = ne cm q
          co:i32[1] = rem cj r
          cp:bool[1] = ne co 0:i32[]
          cq:bool[1] = and cn cp
          cr:i32[1] = sub cl 1:i32[]
          ck:i32[1] = jit[
            name=_where
            ctx_mesh=Mesh('diloco': 1, 'data': 1, 'stage': 1, 'fsdp': 1, 'fsdp_transpose': 1, 'context': 1, 'context_autoregressive': 1, 'tensor': 1, 'tensor_transpose': 1, 'tensor_sequence': 1, 'expert': 8, 'autoregressive': 1, axis_types=(Auto, Auto, Auto, Auto, Auto, Auto, Auto, Auto, Auto, Auto, Auto, Auto))
            jaxpr={ lambda ; cq:bool[1] cr:i32[1] cl:i32[1]. let
                ck:i32[1] = select_n cq cl cr
              in (ck,) }
          ] cq cr cl
        in (ck,) }
    ] cj q r
    cs:i32[1] = mul ck 512:i32[]
    ct:i32[0] = slice[limit_indices=(0,) start_indices=(0,) strides=None] cg
    cu:i32[1] = concatenate[dimension=0] s ct
    cv:i32[1] = jit[
      name=floor_divide
      ctx_mesh=Mesh('diloco': 1, 'data': 1, 'stage': 1, 'fsdp': 1, 'fsdp_transpose': 1, 'context': 1, 'context_autoregressive': 1, 'tensor': 1, 'tensor_transpose': 1, 'tensor_sequence': 1, 'expert': 8, 'autoregressive': 1, axis_types=(Auto, Auto, Auto, Auto, Auto, Auto, Auto, Auto, Auto, Auto, Auto, Auto))
      jaxpr={ lambda ; cj:i32[1] q:i32[] r:i32[]. let
          cl:i32[1] = div cj r
          cm:i32[1] = sign cj
          cn:bool[1] = ne cm q
          co:i32[1] = rem cj r
          cp:bool[1] = ne co 0:i32[]
          cq:bool[1] = and cn cp
          cr:i32[1] = sub cl 1:i32[]
          ck:i32[1] = jit[
            name=_where
            ctx_mesh=Mesh('diloco': 1, 'data': 1, 'stage': 1, 'fsdp': 1, 'fsdp_transpose': 1, 'context': 1, 'context_autoregressive': 1, 'tensor': 1, 'tensor_transpose': 1, 'tensor_sequence': 1, 'expert': 8, 'autoregressive': 1, axis_types=(Auto, Auto, Auto, Auto, Auto, Auto, Auto, Auto, Auto, Auto, Auto, Auto))
            jaxpr={ lambda ; cq:bool[1] cr:i32[1] cl:i32[1]. let
                ck:i32[1] = select_n cq cl cr
              in (ck,) }
          ] cq cr cl
        in (ck,) }
    ] cu t u
    cw:i32[1] = mul cv 512:i32[]
    cx:i32[1] = sub cs cw
    cy:bool[1] = eq p 0:i32[]
    cz:i32[1] = jit[
      name=_where
      ctx_mesh=Mesh('diloco': 1, 'data': 1, 'stage': 1, 'fsdp': 1, 'fsdp_transpose': 1, 'context': 1, 'context_autoregressive': 1, 'tensor': 1, 'tensor_transpose': 1, 'tensor_sequence': 1, 'expert': 8, 'autoregressive': 1, axis_types=(Auto, Auto, Auto, Auto, Auto, Auto, Auto, Auto, Auto, Auto, Auto, Auto))
      jaxpr={ lambda ; cy:bool[1] cx:i32[1] v:i32[1]. let
          cz:i32[1] = select_n cy cx v
        in (cz,) }
    ] cy cx v
    da:i32[1] = jit[
      name=floor_divide
      ctx_mesh=Mesh('diloco': 1, 'data': 1, 'stage': 1, 'fsdp': 1, 'fsdp_transpose': 1, 'context': 1, 'context_autoregressive': 1, 'tensor': 1, 'tensor_transpose': 1, 'tensor_sequence': 1, 'expert': 8, 'autoregressive': 1, axis_types=(Auto, Auto, Auto, Auto, Auto, Auto, Auto, Auto, Auto, Auto, Auto, Auto))
      jaxpr={ lambda ; cj:i32[1] q:i32[] r:i32[]. let
          cl:i32[1] = div cj r
          cm:i32[1] = sign cj
          cn:bool[1] = ne cm q
          co:i32[1] = rem cj r
          cp:bool[1] = ne co 0:i32[]
          cq:bool[1] = and cn cp
          cr:i32[1] = sub cl 1:i32[]
          ck:i32[1] = jit[
            name=_where
            ctx_mesh=Mesh('diloco': 1, 'data': 1, 'stage': 1, 'fsdp': 1, 'fsdp_transpose': 1, 'context': 1, 'context_autoregressive': 1, 'tensor': 1, 'tensor_transpose': 1, 'tensor_sequence': 1, 'expert': 8, 'autoregressive': 1, axis_types=(Auto, Auto, Auto, Auto, Auto, Auto, Auto, Auto, Auto, Auto, Auto, Auto))
            jaxpr={ lambda ; cq:bool[1] cr:i32[1] cl:i32[1]. let
                ck:i32[1] = select_n cq cl cr
              in (ck,) }
          ] cq cr cl
        in (ck,) }
    ] cz w x
    db:i32[1] = jit[
      name=_roll_static
      ctx_mesh=Mesh('diloco': 1, 'data': 1, 'stage': 1, 'fsdp': 1, 'fsdp_transpose': 1, 'context': 1, 'context_autoregressive': 1, 'tensor': 1, 'tensor_transpose': 1, 'tensor_sequence': 1, 'expert': 8, 'autoregressive': 1, axis_types=(Auto, Auto, Auto, Auto, Auto, Auto, Auto, Auto, Auto, Auto, Auto, Auto))
      jaxpr={ lambda ; da:i32[1]. let
          dc:i32[1] = slice[limit_indices=(1,) start_indices=(0,) strides=(1,)] da
          dd:i32[0] = slice[limit_indices=(0,) start_indices=(0,) strides=(1,)] da
          db:i32[1] = concatenate[dimension=0] dc dd
        in (db,) }
    ] da
    de:i32[1] = scatter[
      dimension_numbers=ScatterDimensionNumbers(update_window_dims=(), inserted_window_dims=(0,), scatter_dims_to_operand_dims=(0,), operand_batching_dims=(), scatter_indices_batching_dims=())
      indices_are_sorted=True
      mode=GatherScatterMode.FILL_OR_DROP
      unique_indices=True
      update_consts=()
      update_jaxpr=None
    ] db bb 0:i32[]
    df:i32[1] = jit[
      name=cumsum
      ctx_mesh=Mesh('diloco': 1, 'data': 1, 'stage': 1, 'fsdp': 1, 'fsdp_transpose': 1, 'context': 1, 'context_autoregressive': 1, 'tensor': 1, 'tensor_transpose': 1, 'tensor_sequence': 1, 'expert': 8, 'autoregressive': 1, axis_types=(Auto, Auto, Auto, Auto, Auto, Auto, Auto, Auto, Auto, Auto, Auto, Auto))
      jaxpr={ lambda ; p:i32[1]. let
          cg:i32[1] = cumsum[axis=0 reverse=False] p
        in (cg,) }
    ] de
    dg:bool[1] = lt df 0:i32[]
    dh:i32[1] = add df 256:i32[]
    di:i32[1] = select_n dg df dh
    dj:i32[1,1] = broadcast_in_dim[broadcast_dimensions=(0,)] di
    dk:i32[256] = scatter-add[
      dimension_numbers=ScatterDimensionNumbers(update_window_dims=(), inserted_window_dims=(0,), scatter_dims_to_operand_dims=(0,), operand_batching_dims=(), scatter_indices_batching_dims=())
      indices_are_sorted=False
      mode=GatherScatterMode.FILL_OR_DROP
      unique_indices=False
      update_consts=()
      update_jaxpr=jaxpr
    ] ba dj bc
    dl:i32[256] = jit[
      name=cumsum
      ctx_mesh=Mesh('diloco': 1, 'data': 1, 'stage': 1, 'fsdp': 1, 'fsdp_transpose': 1, 'context': 1, 'context_autoregressive': 1, 'tensor': 1, 'tensor_transpose': 1, 'tensor_sequence': 1, 'expert': 8, 'autoregressive': 1, axis_types=(Auto, Auto, Auto, Auto, Auto, Auto, Auto, Auto, Auto, Auto, Auto, Auto))
      jaxpr={ lambda ; dk:i32[256]. let
          dl:i32[256] = cumsum[axis=0 reverse=False] dk
        in (dl,) }
    ] dk
    dm:i32[256] = sub dl 1:i32[]
    dn:i32[256] = jit[
      name=_take
      ctx_mesh=Mesh('diloco': 1, 'data': 1, 'stage': 1, 'fsdp': 1, 'fsdp_transpose': 1, 'context': 1, 'context_autoregressive': 1, 'tensor': 1, 'tensor_transpose': 1, 'tensor_sequence': 1, 'expert': 8, 'autoregressive': 1, axis_types=(Auto, Auto, Auto, Auto, Auto, Auto, Auto, Auto, Auto, Auto, Auto, Auto))
      jaxpr={ lambda ; dm:i32[256] bd:i32[1]. let
          do:bool[256] = lt dm 0:i32[]
          dp:i32[256] = add dm 1:i32[]
          dq:i32[256] = jit[
            name=_where
            ctx_mesh=Mesh('diloco': 1, 'data': 1, 'stage': 1, 'fsdp': 1, 'fsdp_transpose': 1, 'context': 1, 'context_autoregressive': 1, 'tensor': 1, 'tensor_transpose': 1, 'tensor_sequence': 1, 'expert': 8, 'autoregressive': 1, axis_types=(Auto, Auto, Auto, Auto, Auto, Auto, Auto, Auto, Auto, Auto, Auto, Auto))
            jaxpr={ lambda ; do:bool[256] dp:i32[256] dm:i32[256]. let
                dq:i32[256] = select_n do dm dp
              in (dq,) }
          ] do dp dm
          dr:i32[256,1] = broadcast_in_dim[broadcast_dimensions=(0,)] dq
          dn:i32[256] = gather[
            dimension_numbers=GatherDimensionNumbers(offset_dims=(), collapsed_slice_dims=(0,), start_index_map=(0,), operand_batching_dims=(), start_indices_batching_dims=())
            fill_value=-2147483648
            indices_are_sorted=False
            mode=GatherScatterMode.FILL_OR_DROP
            slice_sizes=(1,)
            unique_indices=False
          ] bd dr
        in (dn,) }
    ] dm bd
    ds:i32[1] = slice[limit_indices=(1,) start_indices=(0,) strides=None] ch
    dt:i32[1] = jit[
      name=remainder
      ctx_mesh=Mesh('diloco': 1, 'data': 1, 'stage': 1, 'fsdp': 1, 'fsdp_transpose': 1, 'context': 1, 'context_autoregressive': 1, 'tensor': 1, 'tensor_transpose': 1, 'tensor_sequence': 1, 'expert': 8, 'autoregressive': 1, axis_types=(Auto, Auto, Auto, Auto, Auto, Auto, Auto, Auto, Auto, Auto, Auto, Auto))
      jaxpr={ lambda ; ds:i32[1] bk:i32[] bl:bool[]. let
          du:i32[1] = rem ds bk
          dv:bool[1] = ne du 0:i32[]
          dw:bool[1] = lt du 0:i32[]
          dx:bool[1] = ne dw bl
          dy:bool[1] = and dx dv
          dz:i32[1] = add du bk
          dt:i32[1] = select_n dy du dz
        in (dt,) }
    ] ds bk bl
    ea:bool[1] = eq dt 0:i32[]
    eb:bool[1] = eq p 0:i32[]
    ec:bool[1] = or ea eb
    ed:i32[1] = slice[limit_indices=(1,) start_indices=(0,) strides=None] ch
    ee:i32[1] = jit[
      name=floor_divide
      ctx_mesh=Mesh('diloco': 1, 'data': 1, 'stage': 1, 'fsdp': 1, 'fsdp_transpose': 1, 'context': 1, 'context_autoregressive': 1, 'tensor': 1, 'tensor_transpose': 1, 'tensor_sequence': 1, 'expert': 8, 'autoregressive': 1, axis_types=(Auto, Auto, Auto, Auto, Auto, Auto, Auto, Auto, Auto, Auto, Auto, Auto))
      jaxpr={ lambda ; cj:i32[1] q:i32[] r:i32[]. let
          cl:i32[1] = div cj r
          cm:i32[1] = sign cj
          cn:bool[1] = ne cm q
          co:i32[1] = rem cj r
          cp:bool[1] = ne co 0:i32[]
          cq:bool[1] = and cn cp
          cr:i32[1] = sub cl 1:i32[]
          ck:i32[1] = jit[
            name=_where
            ctx_mesh=Mesh('diloco': 1, 'data': 1, 'stage': 1, 'fsdp': 1, 'fsdp_transpose': 1, 'context': 1, 'context_autoregressive': 1, 'tensor': 1, 'tensor_transpose': 1, 'tensor_sequence': 1, 'expert': 8, 'autoregressive': 1, axis_types=(Auto, Auto, Auto, Auto, Auto, Auto, Auto, Auto, Auto, Auto, Auto, Auto))
            jaxpr={ lambda ; cq:bool[1] cr:i32[1] cl:i32[1]. let
                ck:i32[1] = select_n cq cl cr
              in (ck,) }
          ] cq cr cl
        in (ck,) }
    ] ed bm bn
    ef:i32[1] = jit[
      name=_where
      ctx_mesh=Mesh('diloco': 1, 'data': 1, 'stage': 1, 'fsdp': 1, 'fsdp_transpose': 1, 'context': 1, 'context_autoregressive': 1, 'tensor': 1, 'tensor_transpose': 1, 'tensor_sequence': 1, 'expert': 8, 'autoregressive': 1, axis_types=(Auto, Auto, Auto, Auto, Auto, Auto, Auto, Auto, Auto, Auto, Auto, Auto))
      jaxpr={ lambda ; cy:bool[1] cx:i32[1] v:i32[1]. let
          cz:i32[1] = select_n cy cx v
        in (cz,) }
    ] ec ee bo
    eg:f32[1] = convert_element_type[new_dtype=float32 weak_type=False] ef
    eh:i32[1] = jit[
      name=searchsorted
      ctx_mesh=Mesh('diloco': 1, 'data': 1, 'stage': 1, 'fsdp': 1, 'fsdp_transpose': 1, 'context': 1, 'context_autoregressive': 1, 'tensor': 1, 'tensor_transpose': 1, 'tensor_sequence': 1, 'expert': 8, 'autoregressive': 1, axis_types=(Auto, Auto, Auto, Auto, Auto, Auto, Auto, Auto, Auto, Auto, Auto, Auto))
      jaxpr={ lambda ; eg:f32[1] bq:f32[257] br:u32[] bs:f32[1] bt:f32[1] bu:f32[1]
          bv:f32[1] bw:u32[1] bx:u32[1]. let
          eh:i32[1] = jit[
            name=_searchsorted_scan_impl
            ctx_mesh=Mesh('diloco': 1, 'data': 1, 'stage': 1, 'fsdp': 1, 'fsdp_transpose': 1, 'context': 1, 'context_autoregressive': 1, 'tensor': 1, 'tensor_transpose': 1, 'tensor_sequence': 1, 'expert': 8, 'autoregressive': 1, axis_types=(Auto, Auto, Auto, Auto, Auto, Auto, Auto, Auto, Auto, Auto, Auto, Auto))
            jaxpr={ lambda ; eg:f32[1] bq:f32[257] br:u32[] bs:f32[1] bt:f32[1] bu:f32[1]
                bv:f32[1] bw:u32[1] bx:u32[1]. let
                eh:i32[1] = jit[
                  name=_searchsorted_scan_impl
                  ctx_mesh=Mesh('diloco': 1, 'data': 1, 'stage': 1, 'fsdp': 1, 'fsdp_transpose': 1, 'context': 1, 'context_autoregressive': 1, 'tensor': 1, 'tensor_transpose': 1, 'tensor_sequence': 1, 'expert': 8, 'autoregressive': 1, axis_types=(Auto, Auto, Auto, Auto, Auto, Auto, Auto, Auto, Auto, Auto, Auto, Auto))
                  jaxpr={ lambda ; eg:f32[1] bq:f32[257] br:u32[] bs:f32[1] bt:f32[1]
                      bu:f32[1] bv:f32[1] bw:u32[1] bx:u32[1]. let
                      ei:u32[1] = closed_call[
                        call_jaxpr={ lambda ; ej:f32[257] ek:u32[] el:f32[1] em:f32[1]
                            en:f32[1] eo:f32[1] ep:u32[1] eq:u32[1] er:f32[1]. let
                            es:bool[1] = eq er 0.0:f32[]
                            et:f32[1] = select_n es er en
                            eu:bool[1] = ne er er
                            ev:f32[1] = select_n eu et eo
                            _:u32[1] ew:u32[1] = scan[
                              jaxpr={ lambda ; ex:f32[257] ey:u32[] ez:f32[1] fa:f32[1]
                                  fb:f32[1] fc:u32[1] fd:u32[1]. let
                                  fe:u32[1] = sub fd fc
                                  ff:u32[1] = jit[
                                    name=floor_divide
                                    ctx_mesh=Mesh('diloco': 1, 'data': 1, 'stage': 1, 'fsdp': 1, 'fsdp_transpose': 1, 'context': 1, 'context_autoregressive': 1, 'tensor': 1, 'tensor_transpose': 1, 'tensor_sequence': 1, 'expert': 8, 'autoregressive': 1, axis_types=(Auto, Auto, Auto, Auto, Auto, Auto, Auto, Auto, Auto, Auto, Auto, Auto))
                                    jaxpr={ lambda ; fe:u32[1] ey:u32[]. let
                                        ff:u32[1] = div fe ey
                                      in (ff,) }
                                  ] fe ey
                                  fg:u32[1] = add fc ff
                                  fh:u32[1,1] = broadcast_in_dim[
                                    broadcast_dimensions=(0,)
                                  ] fg
                                  fi:f32[1,1] = gather[
                                    dimension_numbers=GatherDimensionNumbers(offset_dims=(1,), collapsed_slice_dims=(), start_index_map=(0,), operand_batching_dims=(), start_indices_batching_dims=())
                                    fill_value=None
                                    indices_are_sorted=False
                                    mode=GatherScatterMode.CLIP
                                    slice_sizes=(1,)
                                    unique_indices=False
                                  ] ex fh
                                  fj:f32[1] = squeeze[dimensions=(1,)] fi
                                  fk:bool[1] = eq fj 0.0:f32[]
                                  fl:f32[1] = select_n fk fj ez
                                  fm:bool[1] = ne fj fj
                                  fn:f32[1] = select_n fm fl fa
                                  fo:bool[1] = lt_to fb fn
                                  fp:u32[1] = select_n fo fg fc
                                  fq:u32[1] = select_n fo fd fg
                                in (fp, fq) }
                              length=9
                              num_carry=2
                              num_consts=5
                              reverse=False
                              unroll=1
                            ] ej ek el em ev ep eq
                          in (ew,) }
                      ] bq br bs bt bu bv bw bx eg
                      eh:i32[1] = convert_element_type[
                        new_dtype=int32
                        weak_type=False
                      ] ei
                    in (eh,) }
                ] eg bq br bs bt bu bv bw bx
              in (eh,) }
          ] eg bq br bs bt bu bv bw bx
        in (eh,) }
    ] eg bq br bs bt bu bv bw bx
    fr:bool[1] = eq eg bp
    fs:i32[1] = jit[
      name=_where
      ctx_mesh=Mesh('diloco': 1, 'data': 1, 'stage': 1, 'fsdp': 1, 'fsdp_transpose': 1, 'context': 1, 'context_autoregressive': 1, 'tensor': 1, 'tensor_transpose': 1, 'tensor_sequence': 1, 'expert': 8, 'autoregressive': 1, axis_types=(Auto, Auto, Auto, Auto, Auto, Auto, Auto, Auto, Auto, Auto, Auto, Auto))
      jaxpr={ lambda ; cy:bool[1] cx:i32[1] v:i32[1]. let
          cz:i32[1] = select_n cy cx v
        in (cz,) }
    ] fr eh by
    ft:bool[1] = lt fs 0:i32[]
    fu:i32[1] = add fs 257:i32[]
    fv:i32[1] = select_n ft fs fu
    fw:i32[1,1] = broadcast_in_dim[broadcast_dimensions=(0,)] fv
    fx:f32[257] = scatter-add[
      dimension_numbers=ScatterDimensionNumbers(update_window_dims=(), inserted_window_dims=(0,), scatter_dims_to_operand_dims=(0,), operand_batching_dims=(), scatter_indices_batching_dims=())
      indices_are_sorted=False
      mode=GatherScatterMode.FILL_OR_DROP
      unique_indices=False
      update_consts=()
      update_jaxpr={ lambda ; fy:f32[] fz:f32[]. let
          ga:f32[] = add fy fz
        in (ga,) }
    ] bi fw bz
    gb:f32[256] = slice[limit_indices=(257,) start_indices=(1,) strides=None] fx
    gc:f32[256] = add gb 1.0:f32[]
    gd:i32[256] = convert_element_type[new_dtype=int32 weak_type=False] gc
    ge:i32[256] = jit[
      name=_roll_static
      ctx_mesh=Mesh('diloco': 1, 'data': 1, 'stage': 1, 'fsdp': 1, 'fsdp_transpose': 1, 'context': 1, 'context_autoregressive': 1, 'tensor': 1, 'tensor_transpose': 1, 'tensor_sequence': 1, 'expert': 8, 'autoregressive': 1, axis_types=(Auto, Auto, Auto, Auto, Auto, Auto, Auto, Auto, Auto, Auto, Auto, Auto))
      jaxpr={ lambda ; gd:i32[256]. let
          gf:i32[1] = slice[
            limit_indices=(256,)
            start_indices=(255,)
            strides=(1,)
          ] gd
          gg:i32[255] = slice[
            limit_indices=(255,)
            start_indices=(0,)
            strides=(1,)
          ] gd
          ge:i32[256] = concatenate[dimension=0] gf gg
        in (ge,) }
    ] gd
    gh:i32[256] = scatter[
      dimension_numbers=ScatterDimensionNumbers(update_window_dims=(), inserted_window_dims=(0,), scatter_dims_to_operand_dims=(0,), operand_batching_dims=(), scatter_indices_batching_dims=())
      indices_are_sorted=True
      mode=GatherScatterMode.FILL_OR_DROP
      unique_indices=True
      update_consts=()
      update_jaxpr=None
    ] ge ca 0:i32[]
    gi:i32[256] = jit[
      name=cumsum
      ctx_mesh=Mesh('diloco': 1, 'data': 1, 'stage': 1, 'fsdp': 1, 'fsdp_transpose': 1, 'context': 1, 'context_autoregressive': 1, 'tensor': 1, 'tensor_transpose': 1, 'tensor_sequence': 1, 'expert': 8, 'autoregressive': 1, axis_types=(Auto, Auto, Auto, Auto, Auto, Auto, Auto, Auto, Auto, Auto, Auto, Auto))
      jaxpr={ lambda ; dk:i32[256]. let
          dl:i32[256] = cumsum[axis=0 reverse=False] dk
        in (dl,) }
    ] gh
    gj:bool[256] = lt gi 0:i32[]
    gk:i32[256] = add gi 256:i32[]
    gl:i32[256] = select_n gj gi gk
    gm:i32[256,1] = broadcast_in_dim[broadcast_dimensions=(0,)] gl
    gn:i32[256] = scatter-add[
      dimension_numbers=ScatterDimensionNumbers(update_window_dims=(), inserted_window_dims=(0,), scatter_dims_to_operand_dims=(0,), operand_batching_dims=(), scatter_indices_batching_dims=())
      indices_are_sorted=False
      mode=GatherScatterMode.FILL_OR_DROP
      unique_indices=False
      update_consts=()
      update_jaxpr=jaxpr
    ] bh gm cb
    go:i32[256] = jit[
      name=cumsum
      ctx_mesh=Mesh('diloco': 1, 'data': 1, 'stage': 1, 'fsdp': 1, 'fsdp_transpose': 1, 'context': 1, 'context_autoregressive': 1, 'tensor': 1, 'tensor_transpose': 1, 'tensor_sequence': 1, 'expert': 8, 'autoregressive': 1, axis_types=(Auto, Auto, Auto, Auto, Auto, Auto, Auto, Auto, Auto, Auto, Auto, Auto))
      jaxpr={ lambda ; dk:i32[256]. let
          dl:i32[256] = cumsum[axis=0 reverse=False] dk
        in (dl,) }
    ] gn
    gp:i32[256] = sub go 1:i32[]
    gq:i32[256] = jit[
      name=_take
      ctx_mesh=Mesh('diloco': 1, 'data': 1, 'stage': 1, 'fsdp': 1, 'fsdp_transpose': 1, 'context': 1, 'context_autoregressive': 1, 'tensor': 1, 'tensor_transpose': 1, 'tensor_sequence': 1, 'expert': 8, 'autoregressive': 1, axis_types=(Auto, Auto, Auto, Auto, Auto, Auto, Auto, Auto, Auto, Auto, Auto, Auto))
      jaxpr={ lambda ; gp:i32[256] cc:i32[256]. let
          gr:bool[256] = lt gp 0:i32[]
          gs:i32[256] = add gp 256:i32[]
          gt:i32[256] = jit[
            name=_where
            ctx_mesh=Mesh('diloco': 1, 'data': 1, 'stage': 1, 'fsdp': 1, 'fsdp_transpose': 1, 'context': 1, 'context_autoregressive': 1, 'tensor': 1, 'tensor_transpose': 1, 'tensor_sequence': 1, 'expert': 8, 'autoregressive': 1, axis_types=(Auto, Auto, Auto, Auto, Auto, Auto, Auto, Auto, Auto, Auto, Auto, Auto))
            jaxpr={ lambda ; do:bool[256] dp:i32[256] dm:i32[256]. let
                dq:i32[256] = select_n do dm dp
              in (dq,) }
          ] gr gs gp
          gu:i32[256,1] = broadcast_in_dim[broadcast_dimensions=(0,)] gt
          gq:i32[256] = gather[
            dimension_numbers=GatherDimensionNumbers(offset_dims=(), collapsed_slice_dims=(0,), start_index_map=(0,), operand_batching_dims=(), start_indices_batching_dims=())
            fill_value=-2147483648
            indices_are_sorted=False
            mode=GatherScatterMode.FILL_OR_DROP
            slice_sizes=(1,)
            unique_indices=False
          ] cc gu
        in (gq,) }
    ] gp cc
    gv:bool[256] = lt dn be
    gw:i32[256] = convert_element_type[new_dtype=int32 weak_type=False] gv
    gx:i32[] = reduce_sum[axes=(0,) out_sharding=None] gw
    gy:i32[] = neg gx
    gz:i32[256] = jit[
      name=_roll_dynamic
      ctx_mesh=Mesh('diloco': 1, 'data': 1, 'stage': 1, 'fsdp': 1, 'fsdp_transpose': 1, 'context': 1, 'context_autoregressive': 1, 'tensor': 1, 'tensor_transpose': 1, 'tensor_sequence': 1, 'expert': 8, 'autoregressive': 1, axis_types=(Auto, Auto, Auto, Auto, Auto, Auto, Auto, Auto, Auto, Auto, Auto, Auto))
      jaxpr={ lambda ; dn:i32[256] gy:i32[] bf:i32[] bg:bool[]. let
          ha:i32[1] = broadcast_in_dim gy
          hb:i32[1] = slice[limit_indices=(1,) start_indices=(0,) strides=(1,)] ha
          hc:i32[] = squeeze[dimensions=(0,)] hb
          hd:i32[] = jit[
            name=remainder
            ctx_mesh=Mesh('diloco': 1, 'data': 1, 'stage': 1, 'fsdp': 1, 'fsdp_transpose': 1, 'context': 1, 'context_autoregressive': 1, 'tensor': 1, 'tensor_transpose': 1, 'tensor_sequence': 1, 'expert': 8, 'autoregressive': 1, axis_types=(Auto, Auto, Auto, Auto, Auto, Auto, Auto, Auto, Auto, Auto, Auto, Auto))
            jaxpr={ lambda ; hc:i32[] bf:i32[] bg:bool[]. let
                he:i32[] = rem hc bf
                hf:bool[] = ne he 0:i32[]
                hg:bool[] = lt he 0:i32[]
                hh:bool[] = ne hg bg
                hi:bool[] = and hh hf
                hj:i32[] = add he bf
                hd:i32[] = select_n hi he hj
              in (hd,) }
          ] hc bf bg
          hk:i32[512] = concatenate[dimension=0] dn dn
          hl:i32[] = sub 256:i32[] hd
          hm:bool[] = lt hl 0:i32[]
          hn:i32[] = add hl 512:i32[]
          ho:i32[] = select_n hm hl hn
          gz:i32[256] = dynamic_slice[slice_sizes=(256,)] hk ho
        in (gz,) }
    ] dn gy bf bg
    hp:i32[] = neg gx
    hq:i32[256] = jit[
      name=_roll_dynamic
      ctx_mesh=Mesh('diloco': 1, 'data': 1, 'stage': 1, 'fsdp': 1, 'fsdp_transpose': 1, 'context': 1, 'context_autoregressive': 1, 'tensor': 1, 'tensor_transpose': 1, 'tensor_sequence': 1, 'expert': 8, 'autoregressive': 1, axis_types=(Auto, Auto, Auto, Auto, Auto, Auto, Auto, Auto, Auto, Auto, Auto, Auto))
      jaxpr={ lambda ; dn:i32[256] gy:i32[] bf:i32[] bg:bool[]. let
          ha:i32[1] = broadcast_in_dim gy
          hb:i32[1] = slice[limit_indices=(1,) start_indices=(0,) strides=(1,)] ha
          hc:i32[] = squeeze[dimensions=(0,)] hb
          hd:i32[] = jit[
            name=remainder
            ctx_mesh=Mesh('diloco': 1, 'data': 1, 'stage': 1, 'fsdp': 1, 'fsdp_transpose': 1, 'context': 1, 'context_autoregressive': 1, 'tensor': 1, 'tensor_transpose': 1, 'tensor_sequence': 1, 'expert': 8, 'autoregressive': 1, axis_types=(Auto, Auto, Auto, Auto, Auto, Auto, Auto, Auto, Auto, Auto, Auto, Auto))
            jaxpr={ lambda ; hc:i32[] bf:i32[] bg:bool[]. let
                he:i32[] = rem hc bf
                hf:bool[] = ne he 0:i32[]
                hg:bool[] = lt he 0:i32[]
                hh:bool[] = ne hg bg
                hi:bool[] = and hh hf
                hj:i32[] = add he bf
                hd:i32[] = select_n hi he hj
              in (hd,) }
          ] hc bf bg
          hk:i32[512] = concatenate[dimension=0] dn dn
          hl:i32[] = sub 256:i32[] hd
          hm:bool[] = lt hl 0:i32[]
          hn:i32[] = add hl 512:i32[]
          ho:i32[] = select_n hm hl hn
          gz:i32[256] = dynamic_slice[slice_sizes=(256,)] hk ho
        in (gz,) }
    ] gq hp cd ce
    hr:i32[1] = jit[
      name=_where
      ctx_mesh=Mesh('diloco': 1, 'data': 1, 'stage': 1, 'fsdp': 1, 'fsdp_transpose': 1, 'context': 1, 'context_autoregressive': 1, 'tensor': 1, 'tensor_transpose': 1, 'tensor_sequence': 1, 'expert': 8, 'autoregressive': 1, axis_types=(Auto, Auto, Auto, Auto, Auto, Auto, Auto, Auto, Auto, Auto, Auto, Auto))
      jaxpr={ lambda ; da:i32[1] y:bool[1] z:i32[1]. let
          hr:i32[1] = select_n y z da
        in (hr,) }
    ] da y z
    hs:i32[] = reduce_sum[axes=(0,) out_sharding=None] hr
    ht:bf16[131072,14336] = pallas_call[
      compiler_params=CompilerParams(dimension_semantics=('parallel', 'arbitrary', 'arbitrary'), allow_input_fusion=None, vmem_limit_bytes=None, collective_id=None, has_side_effects=False, flags=None, internal_scratch_in_bytes=None, serialization_format=1, kernel_type=TC, disable_bounds_checks=False, disable_semaphore_checks=False, skip_device_barrier=False, allow_collective_id_without_custom_barrier=False, shape_invariant_numerics=True, use_tc_tiling_on_sc=None)
      cost_estimate=CostEstimate(flops=15393162788864, transcendentals=0, bytes_accessed=48855252992, remote_bytes_transferred=0)
      debug=False
      grid_mapping=GridMapping(grid=(14, DynamicGridDim, 4), block_mappings=(BlockMapping(block_shape=(Blocked(block_size=512), Blocked(block_size=1024))), BlockMapping(block_shape=(Squeezed(), Blocked(block_size=1024), Blocked(block_size=1024))), BlockMapping(block_shape=(Blocked(block_size=512), Blocked(block_size=1024)))))
      input_output_aliases=()
      interpret=False
      jaxpr={ lambda ; hu:Ref<smem>{i32[2]} hv:Ref<smem>{i32[256]} hw:Ref<smem>{i32[256]}
          hx:Ref<smem>{i32[1]} hy:Ref{bf16[512,1024]} hz:Ref{bf16[1024,1024]} ia:Ref{bf16[512,1024]}
          ib:Ref<vmem>{f32[512,1024]}. let
          ic:i32[] = program_id[axis=1] 
          id:i32[] = program_id[axis=2] 
          ie:bool[] = eq id 0:i32[]
          if:i32[] = convert_element_type[new_dtype=int32 weak_type=False] ie
          cond[
            branches=(
              { lambda ; ig:Ref<vmem>{f32[512,1024]}. let  in () }
              { lambda ; ih:Ref<vmem>{f32[512,1024]}. let
                  ii:f32[512,1024] = broadcast_in_dim 0.0:f32[]
                  ih[...] <- ii
                in () }
            )
          ] if ib
          ij:bool[] = eq id 3:i32[]
          ik:i32[] = convert_element_type[new_dtype=int32 weak_type=False] ij
          cond[
            branches=(
              { lambda ; il:Ref{bf16[512,1024]} im:Ref{bf16[1024,1024]} in:Ref<vmem>{f32[512,1024]}
                  io:Ref<smem>{i32[256]} ip:i32[] iq:Ref<smem>{i32[2]} ir:Ref<smem>{i32[256]}
                  is:Ref{bf16[512,1024]}. let
                  it:bf16[512,1024] <- il[...]
                  iu:bf16[1024,1024] <- im[...]
                  iv:f32[512,1024] <- in[...]
                  iw:f32[512,1024] = dot_general[
                    dimension_numbers=(([1], [0]), ([], []))
                    preferred_element_type=float32
                  ] it iu
                  ix:f32[512,1024] = add iv iw
                  in[...] <- ix
                in () }
              { lambda ; iy:Ref{bf16[512,1024]} iz:Ref{bf16[1024,1024]} ja:Ref<vmem>{f32[512,1024]}
                  jb:Ref<smem>{i32[256]} jc:i32[] jd:Ref<smem>{i32[2]} je:Ref<smem>{i32[256]}
                  jf:Ref{bf16[512,1024]}. let
                  jg:bf16[512,1024] <- iy[...]
                  jh:bf16[1024,1024] <- iz[...]
                  ji:f32[512,1024] <- ja[...]
                  jj:f32[512,1024] = dot_general[
                    dimension_numbers=(([1], [0]), ([], []))
                    preferred_element_type=float32
                  ] jg jh
                  jk:f32[512,1024] = add ji jj
                  ja[...] <- jk
                  jl:i32[] <- jb[jc]
                  jm:i32[] <- jd[jl]
                  jn:i32[] = add jl 1:i32[]
                  jo:i32[] <- jd[jn]
                  jp:i32[] <- je[jc]
                  jq:i32[] = mul jp 512:i32[]
                  jr:i32[512,1024] = iota[
                    dimension=0
                    dtype=int32
                    shape=(512, 1024)
                    sharding=None
                  ] 
                  js:i32[512,1024] = add jr jq
                  jt:bool[512,1024] = ge js jm
                  ju:bool[512,1024] = lt js jo
                  jv:bool[512,1024] = and jt ju
                  jw:f32[512,1024] <- ja[...]
                  jx:bf16[512,1024] <- jf[...]
                  jy:f32[512,1024] = convert_element_type[
                    new_dtype=float32
                    weak_type=False
                  ] jx
                  jz:f32[512,1024] = select_n jv jy jw
                  ka:bf16[512,1024] = convert_element_type[
                    new_dtype=bfloat16
                    weak_type=False
                  ] jz
                  jf[...] <- ka
                in () }
            )
          ] ik hy hz ib hv ic hu hw ia
        in () }
      mesh=None
      metadata=FrozenDict({'xprof_metadata': '{"preferred_element_type": "bfloat16", "tiling": {"tile_m": 512, "tile_k": 1024, "tile_n": 1024}, "transpose_rhs": false}'})
      name=None
      out_avals=(ShapedArray(bfloat16[131072,14336]),)
    ] hs ch gz hq cf n o
  in (ht,) } in
let cumsum2 = { lambda ; p:i32[1]. let
    cg:i32[1] = cumsum[axis=0 reverse=False] p
  in (cg,) } in
let floor_divide = { lambda ; cj:i32[1] q:i32[] r:i32[]. let
    cl:i32[1] = div cj r
    cm:i32[1] = sign cj
    cn:bool[1] = ne cm q
    co:i32[1] = rem cj r
    cp:bool[1] = ne co 0:i32[]
    cq:bool[1] = and cn cp
    cr:i32[1] = sub cl 1:i32[]
    ck:i32[1] = jit[
      name=_where
      ctx_mesh=Mesh('diloco': 1, 'data': 1, 'stage': 1, 'fsdp': 1, 'fsdp_transpose': 1, 'context': 1, 'context_autoregressive': 1, 'tensor': 1, 'tensor_transpose': 1, 'tensor_sequence': 1, 'expert': 8, 'autoregressive': 1, axis_types=(Auto, Auto, Auto, Auto, Auto, Auto, Auto, Auto, Auto, Auto, Auto, Auto))
      jaxpr={ lambda ; cq:bool[1] cr:i32[1] cl:i32[1]. let
          ck:i32[1] = select_n cq cl cr
        in (ck,) }
    ] cq cr cl
  in (ck,) } in
let _where = { lambda ; cy:bool[1] cx:i32[1] v:i32[1]. let
    cz:i32[1] = select_n cy cx v
  in (cz,) } in
let _roll_static = { lambda ; da:i32[1]. let
    dc:i32[1] = slice[limit_indices=(1,) start_indices=(0,) strides=(1,)] da
    dd:i32[0] = slice[limit_indices=(0,) start_indices=(0,) strides=(1,)] da
    db:i32[1] = concatenate[dimension=0] dc dd
  in (db,) } in
let cumsum3 = { lambda ; dk:i32[256]. let
    dl:i32[256] = cumsum[axis=0 reverse=False] dk
  in (dl,) } in
let _take = { lambda ; dm:i32[256] bd:i32[1]. let
    do:bool[256] = lt dm 0:i32[]
    dp:i32[256] = add dm 1:i32[]
    dq:i32[256] = jit[
      name=_where
      ctx_mesh=Mesh('diloco': 1, 'data': 1, 'stage': 1, 'fsdp': 1, 'fsdp_transpose': 1, 'context': 1, 'context_autoregressive': 1, 'tensor': 1, 'tensor_transpose': 1, 'tensor_sequence': 1, 'expert': 8, 'autoregressive': 1, axis_types=(Auto, Auto, Auto, Auto, Auto, Auto, Auto, Auto, Auto, Auto, Auto, Auto))
      jaxpr={ lambda ; do:bool[256] dp:i32[256] dm:i32[256]. let
          dq:i32[256] = select_n do dm dp
        in (dq,) }
    ] do dp dm
    dr:i32[256,1] = broadcast_in_dim[broadcast_dimensions=(0,)] dq
    dn:i32[256] = gather[
      dimension_numbers=GatherDimensionNumbers(offset_dims=(), collapsed_slice_dims=(0,), start_index_map=(0,), operand_batching_dims=(), start_indices_batching_dims=())
      fill_value=-2147483648
      indices_are_sorted=False
      mode=GatherScatterMode.FILL_OR_DROP
      slice_sizes=(1,)
      unique_indices=False
    ] bd dr
  in (dn,) } in
let remainder = { lambda ; ds:i32[1] bk:i32[] bl:bool[]. let
    du:i32[1] = rem ds bk
    dv:bool[1] = ne du 0:i32[]
    dw:bool[1] = lt du 0:i32[]
    dx:bool[1] = ne dw bl
    dy:bool[1] = and dx dv
    dz:i32[1] = add du bk
    dt:i32[1] = select_n dy du dz
  in (dt,) } in
let searchsorted = { lambda ; eg:f32[1] bq:f32[257] br:u32[] bs:f32[1] bt:f32[1]
    bu:f32[1] bv:f32[1] bw:u32[1] bx:u32[1]. let
    eh:i32[1] = jit[
      name=_searchsorted_scan_impl
      ctx_mesh=Mesh('diloco': 1, 'data': 1, 'stage': 1, 'fsdp': 1, 'fsdp_transpose': 1, 'context': 1, 'context_autoregressive': 1, 'tensor': 1, 'tensor_transpose': 1, 'tensor_sequence': 1, 'expert': 8, 'autoregressive': 1, axis_types=(Auto, Auto, Auto, Auto, Auto, Auto, Auto, Auto, Auto, Auto, Auto, Auto))
      jaxpr={ lambda ; eg:f32[1] bq:f32[257] br:u32[] bs:f32[1] bt:f32[1] bu:f32[1]
          bv:f32[1] bw:u32[1] bx:u32[1]. let
          eh:i32[1] = jit[
            name=_searchsorted_scan_impl
            ctx_mesh=Mesh('diloco': 1, 'data': 1, 'stage': 1, 'fsdp': 1, 'fsdp_transpose': 1, 'context': 1, 'context_autoregressive': 1, 'tensor': 1, 'tensor_transpose': 1, 'tensor_sequence': 1, 'expert': 8, 'autoregressive': 1, axis_types=(Auto, Auto, Auto, Auto, Auto, Auto, Auto, Auto, Auto, Auto, Auto, Auto))
            jaxpr={ lambda ; eg:f32[1] bq:f32[257] br:u32[] bs:f32[1] bt:f32[1] bu:f32[1]
                bv:f32[1] bw:u32[1] bx:u32[1]. let
                ei:u32[1] = closed_call[
                  call_jaxpr={ lambda ; ej:f32[257] ek:u32[] el:f32[1] em:f32[1]
                      en:f32[1] eo:f32[1] ep:u32[1] eq:u32[1] er:f32[1]. let
                      es:bool[1] = eq er 0.0:f32[]
                      et:f32[1] = select_n es er en
                      eu:bool[1] = ne er er
                      ev:f32[1] = select_n eu et eo
                      _:u32[1] ew:u32[1] = scan[
                        jaxpr={ lambda ; ex:f32[257] ey:u32[] ez:f32[1] fa:f32[1]
                            fb:f32[1] fc:u32[1] fd:u32[1]. let
                            fe:u32[1] = sub fd fc
                            ff:u32[1] = jit[
                              name=floor_divide
                              ctx_mesh=Mesh('diloco': 1, 'data': 1, 'stage': 1, 'fsdp': 1, 'fsdp_transpose': 1, 'context': 1, 'context_autoregressive': 1, 'tensor': 1, 'tensor_transpose': 1, 'tensor_sequence': 1, 'expert': 8, 'autoregressive': 1, axis_types=(Auto, Auto, Auto, Auto, Auto, Auto, Auto, Auto, Auto, Auto, Auto, Auto))
                              jaxpr={ lambda ; fe:u32[1] ey:u32[]. let
                                  ff:u32[1] = div fe ey
                                in (ff,) }
                            ] fe ey
                            fg:u32[1] = add fc ff
                            fh:u32[1,1] = broadcast_in_dim[
                              broadcast_dimensions=(0,)
                            ] fg
                            fi:f32[1,1] = gather[
                              dimension_numbers=GatherDimensionNumbers(offset_dims=(1,), collapsed_slice_dims=(), start_index_map=(0,), operand_batching_dims=(), start_indices_batching_dims=())
                              fill_value=None
                              indices_are_sorted=False
                              mode=GatherScatterMode.CLIP
                              slice_sizes=(1,)
                              unique_indices=False
                            ] ex fh
                            fj:f32[1] = squeeze[dimensions=(1,)] fi
                            fk:bool[1] = eq fj 0.0:f32[]
                            fl:f32[1] = select_n fk fj ez
                            fm:bool[1] = ne fj fj
                            fn:f32[1] = select_n fm fl fa
                            fo:bool[1] = lt_to fb fn
                            fp:u32[1] = select_n fo fg fc
                            fq:u32[1] = select_n fo fd fg
                          in (fp, fq) }
                        length=9
                        num_carry=2
                        num_consts=5
                        reverse=False
                        unroll=1
                      ] ej ek el em ev ep eq
                    in (ew,) }
                ] bq br bs bt bu bv bw bx eg
                eh:i32[1] = convert_element_type[
                  new_dtype=int32
                  weak_type=False
                ] ei
              in (eh,) }
          ] eg bq br bs bt bu bv bw bx
        in (eh,) }
    ] eg bq br bs bt bu bv bw bx
  in (eh,) } in
let jaxpr1 = { lambda ; fy:f32[] fz:f32[]. let ga:f32[] = add fy fz in (ga,) } in
let _roll_static1 = { lambda ; gd:i32[256]. let
    gf:i32[1] = slice[limit_indices=(256,) start_indices=(255,) strides=(1,)] gd
    gg:i32[255] = slice[limit_indices=(255,) start_indices=(0,) strides=(1,)] gd
    ge:i32[256] = concatenate[dimension=0] gf gg
  in (ge,) } in
let _take1 = { lambda ; gp:i32[256] cc:i32[256]. let
    gr:bool[256] = lt gp 0:i32[]
    gs:i32[256] = add gp 256:i32[]
    gt:i32[256] = jit[
      name=_where
      ctx_mesh=Mesh('diloco': 1, 'data': 1, 'stage': 1, 'fsdp': 1, 'fsdp_transpose': 1, 'context': 1, 'context_autoregressive': 1, 'tensor': 1, 'tensor_transpose': 1, 'tensor_sequence': 1, 'expert': 8, 'autoregressive': 1, axis_types=(Auto, Auto, Auto, Auto, Auto, Auto, Auto, Auto, Auto, Auto, Auto, Auto))
      jaxpr={ lambda ; do:bool[256] dp:i32[256] dm:i32[256]. let
          dq:i32[256] = select_n do dm dp
        in (dq,) }
    ] gr gs gp
    gu:i32[256,1] = broadcast_in_dim[broadcast_dimensions=(0,)] gt
    gq:i32[256] = gather[
      dimension_numbers=GatherDimensionNumbers(offset_dims=(), collapsed_slice_dims=(0,), start_index_map=(0,), operand_batching_dims=(), start_indices_batching_dims=())
      fill_value=-2147483648
      indices_are_sorted=False
      mode=GatherScatterMode.FILL_OR_DROP
      slice_sizes=(1,)
      unique_indices=False
    ] cc gu
  in (gq,) } in
let _roll_dynamic = { lambda ; dn:i32[256] gy:i32[] bf:i32[] bg:bool[]. let
    ha:i32[1] = broadcast_in_dim gy
    hb:i32[1] = slice[limit_indices=(1,) start_indices=(0,) strides=(1,)] ha
    hc:i32[] = squeeze[dimensions=(0,)] hb
    hd:i32[] = jit[
      name=remainder
      ctx_mesh=Mesh('diloco': 1, 'data': 1, 'stage': 1, 'fsdp': 1, 'fsdp_transpose': 1, 'context': 1, 'context_autoregressive': 1, 'tensor': 1, 'tensor_transpose': 1, 'tensor_sequence': 1, 'expert': 8, 'autoregressive': 1, axis_types=(Auto, Auto, Auto, Auto, Auto, Auto, Auto, Auto, Auto, Auto, Auto, Auto))
      jaxpr={ lambda ; hc:i32[] bf:i32[] bg:bool[]. let
          he:i32[] = rem hc bf
          hf:bool[] = ne he 0:i32[]
          hg:bool[] = lt he 0:i32[]
          hh:bool[] = ne hg bg
          hi:bool[] = and hh hf
          hj:i32[] = add he bf
          hd:i32[] = select_n hi he hj
        in (hd,) }
    ] hc bf bg
    hk:i32[512] = concatenate[dimension=0] dn dn
    hl:i32[] = sub 256:i32[] hd
    hm:bool[] = lt hl 0:i32[]
    hn:i32[] = add hl 512:i32[]
    ho:i32[] = select_n hm hl hn
    gz:i32[256] = dynamic_slice[slice_sizes=(256,)] hk ho
  in (gz,) } in
let _where1 = { lambda ; da:i32[1] y:bool[1] z:i32[1]. let
    hr:i32[1] = select_n y z da
  in (hr,) } in
let jaxpr2 = { lambda ; hu:Ref<smem>{i32[2]} hv:Ref<smem>{i32[256]} hw:Ref<smem>{i32[256]}
    hx:Ref<smem>{i32[1]} hy:Ref{bf16[512,1024]} hz:Ref{bf16[1024,1024]} ia:Ref{bf16[512,1024]}
    ib:Ref<vmem>{f32[512,1024]}. let
    ic:i32[] = program_id[axis=1] 
    id:i32[] = program_id[axis=2] 
    ie:bool[] = eq id 0:i32[]
    if:i32[] = convert_element_type[new_dtype=int32 weak_type=False] ie
    cond[
      branches=(
        { lambda ; ig:Ref<vmem>{f32[512,1024]}. let  in () }
        { lambda ; ih:Ref<vmem>{f32[512,1024]}. let
            ii:f32[512,1024] = broadcast_in_dim 0.0:f32[]
            ih[...] <- ii
          in () }
      )
    ] if ib
    ij:bool[] = eq id 3:i32[]
    ik:i32[] = convert_element_type[new_dtype=int32 weak_type=False] ij
    cond[
      branches=(
        { lambda ; il:Ref{bf16[512,1024]} im:Ref{bf16[1024,1024]} in:Ref<vmem>{f32[512,1024]}
            io:Ref<smem>{i32[256]} ip:i32[] iq:Ref<smem>{i32[2]} ir:Ref<smem>{i32[256]}
            is:Ref{bf16[512,1024]}. let
            it:bf16[512,1024] <- il[...]
            iu:bf16[1024,1024] <- im[...]
            iv:f32[512,1024] <- in[...]
            iw:f32[512,1024] = dot_general[
              dimension_numbers=(([1], [0]), ([], []))
              preferred_element_type=float32
            ] it iu
            ix:f32[512,1024] = add iv iw
            in[...] <- ix
          in () }
        { lambda ; iy:Ref{bf16[512,1024]} iz:Ref{bf16[1024,1024]} ja:Ref<vmem>{f32[512,1024]}
            jb:Ref<smem>{i32[256]} jc:i32[] jd:Ref<smem>{i32[2]} je:Ref<smem>{i32[256]}
            jf:Ref{bf16[512,1024]}. let
            jg:bf16[512,1024] <- iy[...]
            jh:bf16[1024,1024] <- iz[...]
            ji:f32[512,1024] <- ja[...]
            jj:f32[512,1024] = dot_general[
              dimension_numbers=(([1], [0]), ([], []))
              preferred_element_type=float32
            ] jg jh
            jk:f32[512,1024] = add ji jj
            ja[...] <- jk
            jl:i32[] <- jb[jc]
            jm:i32[] <- jd[jl]
            jn:i32[] = add jl 1:i32[]
            jo:i32[] <- jd[jn]
            jp:i32[] <- je[jc]
            jq:i32[] = mul jp 512:i32[]
            jr:i32[512,1024] = iota[
              dimension=0
              dtype=int32
              shape=(512, 1024)
              sharding=None
            ] 
            js:i32[512,1024] = add jr jq
            jt:bool[512,1024] = ge js jm
            ju:bool[512,1024] = lt js jo
            jv:bool[512,1024] = and jt ju
            jw:f32[512,1024] <- ja[...]
            jx:bf16[512,1024] <- jf[...]
            jy:f32[512,1024] = convert_element_type[
              new_dtype=float32
              weak_type=False
            ] jx
            jz:f32[512,1024] = select_n jv jy jw
            ka:bf16[512,1024] = convert_element_type[
              new_dtype=bfloat16
              weak_type=False
            ] jz
            jf[...] <- ka
          in () }
      )
    ] ik hy hz ib hv ic hu hw ia
  in () } in
let _where2 = { lambda ; cq:bool[1] cr:i32[1] cl:i32[1]. let
    ck:i32[1] = select_n cq cl cr
  in (ck,) } in
let _where3 = { lambda ; do:bool[256] dp:i32[256] dm:i32[256]. let
    dq:i32[256] = select_n do dm dp
  in (dq,) } in
let _searchsorted_scan_impl = { lambda ; eg:f32[1] bq:f32[257] br:u32[] bs:f32[1]
    bt:f32[1] bu:f32[1] bv:f32[1] bw:u32[1] bx:u32[1]. let
    eh:i32[1] = jit[
      name=_searchsorted_scan_impl
      ctx_mesh=Mesh('diloco': 1, 'data': 1, 'stage': 1, 'fsdp': 1, 'fsdp_transpose': 1, 'context': 1, 'context_autoregressive': 1, 'tensor': 1, 'tensor_transpose': 1, 'tensor_sequence': 1, 'expert': 8, 'autoregressive': 1, axis_types=(Auto, Auto, Auto, Auto, Auto, Auto, Auto, Auto, Auto, Auto, Auto, Auto))
      jaxpr={ lambda ; eg:f32[1] bq:f32[257] br:u32[] bs:f32[1] bt:f32[1] bu:f32[1]
          bv:f32[1] bw:u32[1] bx:u32[1]. let
          ei:u32[1] = closed_call[
            call_jaxpr={ lambda ; ej:f32[257] ek:u32[] el:f32[1] em:f32[1] en:f32[1]
                eo:f32[1] ep:u32[1] eq:u32[1] er:f32[1]. let
                es:bool[1] = eq er 0.0:f32[]
                et:f32[1] = select_n es er en
                eu:bool[1] = ne er er
                ev:f32[1] = select_n eu et eo
                _:u32[1] ew:u32[1] = scan[
                  jaxpr={ lambda ; ex:f32[257] ey:u32[] ez:f32[1] fa:f32[1] fb:f32[1]
                      fc:u32[1] fd:u32[1]. let
                      fe:u32[1] = sub fd fc
                      ff:u32[1] = jit[
                        name=floor_divide
                        ctx_mesh=Mesh('diloco': 1, 'data': 1, 'stage': 1, 'fsdp': 1, 'fsdp_transpose': 1, 'context': 1, 'context_autoregressive': 1, 'tensor': 1, 'tensor_transpose': 1, 'tensor_sequence': 1, 'expert': 8, 'autoregressive': 1, axis_types=(Auto, Auto, Auto, Auto, Auto, Auto, Auto, Auto, Auto, Auto, Auto, Auto))
                        jaxpr={ lambda ; fe:u32[1] ey:u32[]. let
                            ff:u32[1] = div fe ey
                          in (ff,) }
                      ] fe ey
                      fg:u32[1] = add fc ff
                      fh:u32[1,1] = broadcast_in_dim[broadcast_dimensions=(0,)] fg
                      fi:f32[1,1] = gather[
                        dimension_numbers=GatherDimensionNumbers(offset_dims=(1,), collapsed_slice_dims=(), start_index_map=(0,), operand_batching_dims=(), start_indices_batching_dims=())
                        fill_value=None
                        indices_are_sorted=False
                        mode=GatherScatterMode.CLIP
                        slice_sizes=(1,)
                        unique_indices=False
                      ] ex fh
                      fj:f32[1] = squeeze[dimensions=(1,)] fi
                      fk:bool[1] = eq fj 0.0:f32[]
                      fl:f32[1] = select_n fk fj ez
                      fm:bool[1] = ne fj fj
                      fn:f32[1] = select_n fm fl fa
                      fo:bool[1] = lt_to fb fn
                      fp:u32[1] = select_n fo fg fc
                      fq:u32[1] = select_n fo fd fg
                    in (fp, fq) }
                  length=9
                  num_carry=2
                  num_consts=5
                  reverse=False
                  unroll=1
                ] ej ek el em ev ep eq
              in (ew,) }
          ] bq br bs bt bu bv bw bx eg
          eh:i32[1] = convert_element_type[new_dtype=int32 weak_type=False] ei
        in (eh,) }
    ] eg bq br bs bt bu bv bw bx
  in (eh,) } in
let remainder1 = { lambda ; hc:i32[] bf:i32[] bg:bool[]. let
    he:i32[] = rem hc bf
    hf:bool[] = ne he 0:i32[]
    hg:bool[] = lt he 0:i32[]
    hh:bool[] = ne hg bg
    hi:bool[] = and hh hf
    hj:i32[] = add he bf
    hd:i32[] = select_n hi he hj
  in (hd,) } in
let jaxpr3 = { lambda ; ig:Ref<vmem>{f32[512,1024]}. let  in () } in
let jaxpr4 = { lambda ; ih:Ref<vmem>{f32[512,1024]}. let
    ii:f32[512,1024] = broadcast_in_dim 0.0:f32[]
    ih[...] <- ii
  in () } in
let jaxpr5 = { lambda ; il:Ref{bf16[512,1024]} im:Ref{bf16[1024,1024]} in:Ref<vmem>{f32[512,1024]}
    io:Ref<smem>{i32[256]} ip:i32[] iq:Ref<smem>{i32[2]} ir:Ref<smem>{i32[256]} is:Ref{bf16[512,1024]}. let
    it:bf16[512,1024] <- il[...]
    iu:bf16[1024,1024] <- im[...]
    iv:f32[512,1024] <- in[...]
    iw:f32[512,1024] = dot_general[
      dimension_numbers=(([1], [0]), ([], []))
      preferred_element_type=float32
    ] it iu
    ix:f32[512,1024] = add iv iw
    in[...] <- ix
  in () } in
let jaxpr6 = { lambda ; iy:Ref{bf16[512,1024]} iz:Ref{bf16[1024,1024]} ja:Ref<vmem>{f32[512,1024]}
    jb:Ref<smem>{i32[256]} jc:i32[] jd:Ref<smem>{i32[2]} je:Ref<smem>{i32[256]} jf:Ref{bf16[512,1024]}. let
    jg:bf16[512,1024] <- iy[...]
    jh:bf16[1024,1024] <- iz[...]
    ji:f32[512,1024] <- ja[...]
    jj:f32[512,1024] = dot_general[
      dimension_numbers=(([1], [0]), ([], []))
      preferred_element_type=float32
    ] jg jh
    jk:f32[512,1024] = add ji jj
    ja[...] <- jk
    jl:i32[] <- jb[jc]
    jm:i32[] <- jd[jl]
    jn:i32[] = add jl 1:i32[]
    jo:i32[] <- jd[jn]
    jp:i32[] <- je[jc]
    jq:i32[] = mul jp 512:i32[]
    jr:i32[512,1024] = iota[
      dimension=0
      dtype=int32
      shape=(512, 1024)
      sharding=None
    ] 
    js:i32[512,1024] = add jr jq
    jt:bool[512,1024] = ge js jm
    ju:bool[512,1024] = lt js jo
    jv:bool[512,1024] = and jt ju
    jw:f32[512,1024] <- ja[...]
    jx:bf16[512,1024] <- jf[...]
    jy:f32[512,1024] = convert_element_type[new_dtype=float32 weak_type=False] jx
    jz:f32[512,1024] = select_n jv jy jw
    ka:bf16[512,1024] = convert_element_type[new_dtype=bfloat16 weak_type=False] jz
    jf[...] <- ka
  in () } in
let _searchsorted_scan_impl1 = { lambda ; eg:f32[1] bq:f32[257] br:u32[] bs:f32[1]
    bt:f32[1] bu:f32[1] bv:f32[1] bw:u32[1] bx:u32[1]. let
    ei:u32[1] = closed_call[
      call_jaxpr={ lambda ; ej:f32[257] ek:u32[] el:f32[1] em:f32[1] en:f32[1] eo:f32[1]
          ep:u32[1] eq:u32[1] er:f32[1]. let
          es:bool[1] = eq er 0.0:f32[]
          et:f32[1] = select_n es er en
          eu:bool[1] = ne er er
          ev:f32[1] = select_n eu et eo
          _:u32[1] ew:u32[1] = scan[
            jaxpr={ lambda ; ex:f32[257] ey:u32[] ez:f32[1] fa:f32[1] fb:f32[1] fc:u32[1]
                fd:u32[1]. let
                fe:u32[1] = sub fd fc
                ff:u32[1] = jit[
                  name=floor_divide
                  ctx_mesh=Mesh('diloco': 1, 'data': 1, 'stage': 1, 'fsdp': 1, 'fsdp_transpose': 1, 'context': 1, 'context_autoregressive': 1, 'tensor': 1, 'tensor_transpose': 1, 'tensor_sequence': 1, 'expert': 8, 'autoregressive': 1, axis_types=(Auto, Auto, Auto, Auto, Auto, Auto, Auto, Auto, Auto, Auto, Auto, Auto))
                  jaxpr={ lambda ; fe:u32[1] ey:u32[]. let
                      ff:u32[1] = div fe ey
                    in (ff,) }
                ] fe ey
                fg:u32[1] = add fc ff
                fh:u32[1,1] = broadcast_in_dim[broadcast_dimensions=(0,)] fg
                fi:f32[1,1] = gather[
                  dimension_numbers=GatherDimensionNumbers(offset_dims=(1,), collapsed_slice_dims=(), start_index_map=(0,), operand_batching_dims=(), start_indices_batching_dims=())
                  fill_value=None
                  indices_are_sorted=False
                  mode=GatherScatterMode.CLIP
                  slice_sizes=(1,)
                  unique_indices=False
                ] ex fh
                fj:f32[1] = squeeze[dimensions=(1,)] fi
                fk:bool[1] = eq fj 0.0:f32[]
                fl:f32[1] = select_n fk fj ez
                fm:bool[1] = ne fj fj
                fn:f32[1] = select_n fm fl fa
                fo:bool[1] = lt_to fb fn
                fp:u32[1] = select_n fo fg fc
                fq:u32[1] = select_n fo fd fg
              in (fp, fq) }
            length=9
            num_carry=2
            num_consts=5
            reverse=False
            unroll=1
          ] ej ek el em ev ep eq
        in (ew,) }
    ] bq br bs bt bu bv bw bx eg
    eh:i32[1] = convert_element_type[new_dtype=int32 weak_type=False] ei
  in (eh,) } in
let jaxpr7 = { lambda ; ej:f32[257] ek:u32[] el:f32[1] em:f32[1] en:f32[1] eo:f32[1]
    ep:u32[1] eq:u32[1] er:f32[1]. let
    es:bool[1] = eq er 0.0:f32[]
    et:f32[1] = select_n es er en
    eu:bool[1] = ne er er
    ev:f32[1] = select_n eu et eo
    _:u32[1] ew:u32[1] = scan[
      jaxpr={ lambda ; ex:f32[257] ey:u32[] ez:f32[1] fa:f32[1] fb:f32[1] fc:u32[1]
          fd:u32[1]. let
          fe:u32[1] = sub fd fc
          ff:u32[1] = jit[
            name=floor_divide
            ctx_mesh=Mesh('diloco': 1, 'data': 1, 'stage': 1, 'fsdp': 1, 'fsdp_transpose': 1, 'context': 1, 'context_autoregressive': 1, 'tensor': 1, 'tensor_transpose': 1, 'tensor_sequence': 1, 'expert': 8, 'autoregressive': 1, axis_types=(Auto, Auto, Auto, Auto, Auto, Auto, Auto, Auto, Auto, Auto, Auto, Auto))
            jaxpr={ lambda ; fe:u32[1] ey:u32[]. let
                ff:u32[1] = div fe ey
              in (ff,) }
          ] fe ey
          fg:u32[1] = add fc ff
          fh:u32[1,1] = broadcast_in_dim[broadcast_dimensions=(0,)] fg
          fi:f32[1,1] = gather[
            dimension_numbers=GatherDimensionNumbers(offset_dims=(1,), collapsed_slice_dims=(), start_index_map=(0,), operand_batching_dims=(), start_indices_batching_dims=())
            fill_value=None
            indices_are_sorted=False
            mode=GatherScatterMode.CLIP
            slice_sizes=(1,)
            unique_indices=False
          ] ex fh
          fj:f32[1] = squeeze[dimensions=(1,)] fi
          fk:bool[1] = eq fj 0.0:f32[]
          fl:f32[1] = select_n fk fj ez
          fm:bool[1] = ne fj fj
          fn:f32[1] = select_n fm fl fa
          fo:bool[1] = lt_to fb fn
          fp:u32[1] = select_n fo fg fc
          fq:u32[1] = select_n fo fd fg
        in (fp, fq) }
      length=9
      num_carry=2
      num_consts=5
      reverse=False
      unroll=1
    ] ej ek el em ev ep eq
  in (ew,) } in
let jaxpr8 = { lambda ; ex:f32[257] ey:u32[] ez:f32[1] fa:f32[1] fb:f32[1] fc:u32[1]
    fd:u32[1]. let
    fe:u32[1] = sub fd fc
    ff:u32[1] = jit[
      name=floor_divide
      ctx_mesh=Mesh('diloco': 1, 'data': 1, 'stage': 1, 'fsdp': 1, 'fsdp_transpose': 1, 'context': 1, 'context_autoregressive': 1, 'tensor': 1, 'tensor_transpose': 1, 'tensor_sequence': 1, 'expert': 8, 'autoregressive': 1, axis_types=(Auto, Auto, Auto, Auto, Auto, Auto, Auto, Auto, Auto, Auto, Auto, Auto))
      jaxpr={ lambda ; fe:u32[1] ey:u32[]. let ff:u32[1] = div fe ey in (ff,) }
    ] fe ey
    fg:u32[1] = add fc ff
    fh:u32[1,1] = broadcast_in_dim[broadcast_dimensions=(0,)] fg
    fi:f32[1,1] = gather[
      dimension_numbers=GatherDimensionNumbers(offset_dims=(1,), collapsed_slice_dims=(), start_index_map=(0,), operand_batching_dims=(), start_indices_batching_dims=())
      fill_value=None
      indices_are_sorted=False
      mode=GatherScatterMode.CLIP
      slice_sizes=(1,)
      unique_indices=False
    ] ex fh
    fj:f32[1] = squeeze[dimensions=(1,)] fi
    fk:bool[1] = eq fj 0.0:f32[]
    fl:f32[1] = select_n fk fj ez
    fm:bool[1] = ne fj fj
    fn:f32[1] = select_n fm fl fa
    fo:bool[1] = lt_to fb fn
    fp:u32[1] = select_n fo fg fc
    fq:u32[1] = select_n fo fd fg
  in (fp, fq) } in
let floor_divide1 = { lambda ; fe:u32[1] ey:u32[]. let
    ff:u32[1] = div fe ey
  in (ff,) } in
{ lambda ; kb:i32[262144] kc:bf16[1048576,4096] kd:i32[1] ke:i32[64] kf:i32[8] kg:i32[262144]
    kh:i32[8] ki:i32[8] kj:i32[8] kk:i32[8] kl:i32[8,8] km:i32[8] kn:i32[8] ko:i32[8]
    kp:i32[8] kq:i32[1048576] kr:i32[8] ks:i32[8] kt:i32[64] ku:i32[64] kv:i32[1048576]
    kw:i32[8] kx:i32[8] ky:i32[8] kz:i32[8] la:i32[8] lb:i32[8] lc:i32[8] ld:i32[8]
    le:bool[8] lf:i32[8] lg:i32[2048] lh:i32[8] li:i32[8] lj:i32[8] lk:i32[8] ll:i32[8]
    lm:bool[8] ln:i32[2048] lo:f32[2056] lp:i32[8] lq:i32[8] lr:bool[8] ls:i32[8]
    lt:i32[8] lu:i32[8] lv:f32[8] lw:f32[2056] lx:u32[8] ly:f32[8] lz:f32[8] ma:f32[8]
    mb:f32[8] mc:u32[8] md:u32[8] me:i32[8] mf:f32[8] mg:i32[8] mh:i32[2048] mi:i32[2048]
    mj:i32[8] mk:bool[8] ml:i32[8] mm:i32[8] mn:i32[8] mo:i32[8] mp:i32[8] mq:i32[8]
    mr:i32[8] ms:i32[8] mt:i32[8] mu:bool[8] mv:i32[8] mw:i32[2048] mx:i32[8] my:i32[8]
    mz:i32[8] na:i32[8] nb:i32[8] nc:bool[8] nd:i32[2048] ne:f32[2056] nf:i32[8]
    ng:i32[8] nh:bool[8] ni:i32[8] nj:i32[8] nk:i32[8] nl:f32[8] nm:f32[2056] nn:u32[8]
    no:f32[8] np:f32[8] nq:f32[8] nr:f32[8] ns:u32[8] nt:u32[8] nu:i32[8] nv:f32[8]
    nw:i32[8] nx:i32[2048] ny:i32[2048] nz:i32[8] oa:bool[8] ob:i32[8] oc:i32[8]
    od:i32[8] oe:i32[8] of:i32[8] og:i32[8] oh:i32[8] oi:i32[8] oj:i32[8] ok:bool[8]
    ol:i32[8] om:i32[2048] on:i32[8] oo:i32[8] op:i32[8] oq:i32[8] or:i32[8] os:bool[8]
    ot:i32[2048] ou:f32[2056] ov:i32[8] ow:i32[8] ox:bool[8] oy:i32[8] oz:i32[8]
    pa:i32[8] pb:f32[8] pc:f32[2056] pd:u32[8] pe:f32[8] pf:f32[8] pg:f32[8] ph:f32[8]
    pi:u32[8] pj:u32[8] pk:i32[8] pl:f32[8] pm:i32[8] pn:i32[2048] po:i32[2048] pp:i32[8]
    pq:bool[8] pr:i32[8] ps:i32[1048576] pt:bf16[262144,4096] pu:i32[1] pv:i32[8]
    pw:i32[8] px:i32[8] py:i32[8] pz:i32[8,8] qa:i32[8] qb:i32[8] qc:i32[8] qd:i32[8]
    qe:i32[262144] qf:bf16[32,4096,1,128] qg:bf16[32,4096,1,128] qh:bf16[32,4096,1,128]
    qi:bf16[32,4096,1,128] qj:bf16[0] qk:f32[0] ql:u32[16] qm:i32[32] qn:i32[32]
    qo:f32[0] qp:f32[0] qq:f32[0] qr:f32[0] qs:f32[0] qt:f32[0] qu:bf16[32,4096,4096]
    qv:f32[4096,8] qw:f32[8,4096,14336] qx:f32[8,4096,14336] qy:f32[8,14336,4096]
    qz:f32[4096] ra:f32[4096] rb:f32[4096,8,128] rc:f32[32,128,4096] rd:f32[4096,32,128]
    re:f32[4096,8,128]. let
    rf:bf16[32,4096,4096] = sharding_constraint[
      context_mesh=AbstractMesh('diloco': 1, 'data': 1, 'stage': 1, 'fsdp': 1, 'fsdp_transpose': 1, 'context': 1, 'context_autoregressive': 1, 'tensor': 1, 'tensor_transpose': 1, 'tensor_sequence': 1, 'expert': 8, 'autoregressive': 1, axis_types=(Auto, Auto, Auto, Auto, Auto, Auto, Auto, Auto, Auto, Auto, Auto, Auto), device_kind=AMD Instinct MI300X, num_cores=304)
      layout=None
      sharding=NamedSharding(mesh=AbstractMesh('diloco': 1, 'data': 1, 'stage': 1, 'fsdp': 1, 'fsdp_transpose': 1, 'context': 1, 'context_autoregressive': 1, 'tensor': 1, 'tensor_transpose': 1, 'tensor_sequence': 1, 'expert': 8, 'autoregressive': 1, axis_types=(Auto, Auto, Auto, Auto, Auto, Auto, Auto, Auto, Auto, Auto, Auto, Auto), device_kind=AMD Instinct MI300X, num_cores=304), spec=P(('data', 'fsdp', 'fsdp_transpose', 'expert'), ('tensor_sequence', 'context'), ('tensor', 'tensor_transpose')))
      unconstrained_dims=frozenset()
    ] qu
    rg:bf16[32,4096,4096] = name[name=decoder_layer_input] rf
    rh:f32[32,4096,4096] = convert_element_type[
      new_dtype=float32
      weak_type=False
    ] rg
    ri:f32[32,4096,4096] = square rh
    rj:f32[32,4096] = reduce_sum[axes=(2,) out_sharding=None] ri
    rk:f32[32,4096,1] = broadcast_in_dim[broadcast_dimensions=(0, 1)] rj
    rl:f32[32,4096,1] = div rk 4096.0:f32[]
    rm:f32[32,4096,1] = add rl 9.999999747378752e-06:f32[]
    rn:f32[32,4096,1] = rsqrt rm
    ro:f32[32,4096,4096] = mul rh rn
    rp:bf16[32,4096,4096] = convert_element_type[
      new_dtype=bfloat16
      weak_type=False
    ] ro
    rq:bf16[4096] = convert_element_type[new_dtype=bfloat16 weak_type=False] ra
    rr:bf16[4096] = add rq 0.0:bf16[]
    rs:bf16[4096,32,4096] = dot_general[
      dimension_numbers=(([], []), ([0], [2]))
      preferred_element_type=bfloat16
    ] rr rp
    rt:bf16[32,4096,4096] = transpose[permutation=(1, 2, 0)] rs
    ru:bf16[32,4096,4096] = sharding_constraint[
      context_mesh=AbstractMesh('diloco': 1, 'data': 1, 'stage': 1, 'fsdp': 1, 'fsdp_transpose': 1, 'context': 1, 'context_autoregressive': 1, 'tensor': 1, 'tensor_transpose': 1, 'tensor_sequence': 1, 'expert': 8, 'autoregressive': 1, axis_types=(Auto, Auto, Auto, Auto, Auto, Auto, Auto, Auto, Auto, Auto, Auto, Auto), device_kind=AMD Instinct MI300X, num_cores=304)
      layout=None
      sharding=NamedSharding(mesh=AbstractMesh('diloco': 1, 'data': 1, 'stage': 1, 'fsdp': 1, 'fsdp_transpose': 1, 'context': 1, 'context_autoregressive': 1, 'tensor': 1, 'tensor_transpose': 1, 'tensor_sequence': 1, 'expert': 8, 'autoregressive': 1, axis_types=(Auto, Auto, Auto, Auto, Auto, Auto, Auto, Auto, Auto, Auto, Auto, Auto), device_kind=AMD Instinct MI300X, num_cores=304), spec=P(('data', 'fsdp', 'fsdp_transpose', 'expert'), ('tensor_sequence', 'context'), ('tensor', 'tensor_transpose')))
      unconstrained_dims=frozenset()
    ] rt
    rv:bf16[32,4096,4096] = sharding_constraint[
      context_mesh=AbstractMesh('diloco': 1, 'data': 1, 'stage': 1, 'fsdp': 1, 'fsdp_transpose': 1, 'context': 1, 'context_autoregressive': 1, 'tensor': 1, 'tensor_transpose': 1, 'tensor_sequence': 1, 'expert': 8, 'autoregressive': 1, axis_types=(Auto, Auto, Auto, Auto, Auto, Auto, Auto, Auto, Auto, Auto, Auto, Auto), device_kind=AMD Instinct MI300X, num_cores=304)
      layout=None
      sharding=NamedSharding(mesh=Mesh('diloco': 1, 'data': 1, 'stage': 1, 'fsdp': 1, 'fsdp_transpose': 1, 'context': 1, 'context_autoregressive': 1, 'tensor': 1, 'tensor_transpose': 1, 'tensor_sequence': 1, 'expert': 8, 'autoregressive': 1, axis_types=(Auto, Auto, Auto, Auto, Auto, Auto, Auto, Auto, Auto, Auto, Auto, Auto)), spec=P('expert', None, None), memory_kind=device)
      unconstrained_dims=frozenset()
    ] ru
    rw:bf16[32,4096,4096] = sharding_constraint[
      context_mesh=AbstractMesh('diloco': 1, 'data': 1, 'stage': 1, 'fsdp': 1, 'fsdp_transpose': 1, 'context': 1, 'context_autoregressive': 1, 'tensor': 1, 'tensor_transpose': 1, 'tensor_sequence': 1, 'expert': 8, 'autoregressive': 1, axis_types=(Auto, Auto, Auto, Auto, Auto, Auto, Auto, Auto, Auto, Auto, Auto, Auto), device_kind=AMD Instinct MI300X, num_cores=304)
      layout=None
      sharding=NamedSharding(mesh=Mesh('diloco': 1, 'data': 1, 'stage': 1, 'fsdp': 1, 'fsdp_transpose': 1, 'context': 1, 'context_autoregressive': 1, 'tensor': 1, 'tensor_transpose': 1, 'tensor_sequence': 1, 'expert': 8, 'autoregressive': 1, axis_types=(Auto, Auto, Auto, Auto, Auto, Auto, Auto, Auto, Auto, Auto, Auto, Auto)), spec=P('expert', None, None), memory_kind=device)
      unconstrained_dims=frozenset()
    ] ru
    rx:bf16[4096,32,128] = convert_element_type[
      new_dtype=bfloat16
      weak_type=False
    ] rd
    ry:bf16[32,4096,32,128] = dot_general[
      dimension_numbers=(([2], [0]), ([], []))
      precision=(Precision.DEFAULT, Precision.DEFAULT)
    ] rv rx
    rz:bf16[4096,8,128] = convert_element_type[
      new_dtype=bfloat16
      weak_type=False
    ] rb
    sa:bf16[32,4096,8,128] = dot_general[
      dimension_numbers=(([2], [0]), ([], []))
      precision=(Precision.DEFAULT, Precision.DEFAULT)
    ] rw rz
    sb:bf16[4096,8,128] = convert_element_type[
      new_dtype=bfloat16
      weak_type=False
    ] re
    sc:bf16[32,4096,8,128] = dot_general[
      dimension_numbers=(([2], [0]), ([], []))
      precision=(Precision.DEFAULT, Precision.DEFAULT)
    ] rw sb
    sd:bf16[32,4096,32,128] = mul ry qf
    se:bf16[32,4096,32,64] sf:bf16[32,4096,32,64] = split[
      axis=3
      sizes=(np.int64(64), np.int64(64))
    ] ry
    sg:bf16[32,4096,32,64] = neg sf
    sh:bf16[32,4096,32,128] = concatenate[dimension=3] sg se
    si:bf16[32,4096,32,128] = mul sh qg
    sj:bf16[32,4096,32,128] = add sd si
    sk:bf16[32,4096,8,128] = mul sa qh
    sl:bf16[32,4096,8,64] sm:bf16[32,4096,8,64] = split[
      axis=3
      sizes=(np.int64(64), np.int64(64))
    ] sa
    sn:bf16[32,4096,8,64] = neg sm
    so:bf16[32,4096,8,128] = concatenate[dimension=3] sn sl
    sp:bf16[32,4096,8,128] = mul so qi
    sq:bf16[32,4096,8,128] = add sk sp
    sr:bf16[32,4096,32,128] = mul sj 0.08837890625:bf16[]
    ss:bf16[32,4096,32,128] = sharding_constraint[
      context_mesh=AbstractMesh('diloco': 1, 'data': 1, 'stage': 1, 'fsdp': 1, 'fsdp_transpose': 1, 'context': 1, 'context_autoregressive': 1, 'tensor': 1, 'tensor_transpose': 1, 'tensor_sequence': 1, 'expert': 8, 'autoregressive': 1, axis_types=(Auto, Auto, Auto, Auto, Auto, Auto, Auto, Auto, Auto, Auto, Auto, Auto), device_kind=AMD Instinct MI300X, num_cores=304)
      layout=None
      sharding=NamedSharding(mesh=Mesh('diloco': 1, 'data': 1, 'stage': 1, 'fsdp': 1, 'fsdp_transpose': 1, 'context': 1, 'context_autoregressive': 1, 'tensor': 1, 'tensor_transpose': 1, 'tensor_sequence': 1, 'expert': 8, 'autoregressive': 1, axis_types=(Auto, Auto, Auto, Auto, Auto, Auto, Auto, Auto, Auto, Auto, Auto, Auto)), spec=P('expert', None, None, None), memory_kind=device)
      unconstrained_dims=frozenset()
    ] sr
    st:bf16[32,4096,8,128] = sharding_constraint[
      context_mesh=AbstractMesh('diloco': 1, 'data': 1, 'stage': 1, 'fsdp': 1, 'fsdp_transpose': 1, 'context': 1, 'context_autoregressive': 1, 'tensor': 1, 'tensor_transpose': 1, 'tensor_sequence': 1, 'expert': 8, 'autoregressive': 1, axis_types=(Auto, Auto, Auto, Auto, Auto, Auto, Auto, Auto, Auto, Auto, Auto, Auto), device_kind=AMD Instinct MI300X, num_cores=304)
      layout=None
      sharding=NamedSharding(mesh=Mesh('diloco': 1, 'data': 1, 'stage': 1, 'fsdp': 1, 'fsdp_transpose': 1, 'context': 1, 'context_autoregressive': 1, 'tensor': 1, 'tensor_transpose': 1, 'tensor_sequence': 1, 'expert': 8, 'autoregressive': 1, axis_types=(Auto, Auto, Auto, Auto, Auto, Auto, Auto, Auto, Auto, Auto, Auto, Auto)), spec=P('expert', None, None, None), memory_kind=device)
      unconstrained_dims=frozenset()
    ] sq
    su:bf16[32,4096,8,128] = sharding_constraint[
      context_mesh=AbstractMesh('diloco': 1, 'data': 1, 'stage': 1, 'fsdp': 1, 'fsdp_transpose': 1, 'context': 1, 'context_autoregressive': 1, 'tensor': 1, 'tensor_transpose': 1, 'tensor_sequence': 1, 'expert': 8, 'autoregressive': 1, axis_types=(Auto, Auto, Auto, Auto, Auto, Auto, Auto, Auto, Auto, Auto, Auto, Auto), device_kind=AMD Instinct MI300X, num_cores=304)
      layout=None
      sharding=NamedSharding(mesh=Mesh('diloco': 1, 'data': 1, 'stage': 1, 'fsdp': 1, 'fsdp_transpose': 1, 'context': 1, 'context_autoregressive': 1, 'tensor': 1, 'tensor_transpose': 1, 'tensor_sequence': 1, 'expert': 8, 'autoregressive': 1, axis_types=(Auto, Auto, Auto, Auto, Auto, Auto, Auto, Auto, Auto, Auto, Auto, Auto)), spec=P('expert', None, None, None), memory_kind=device)
      unconstrained_dims=frozenset()
    ] sc
    sv:bf16[32,4096,32,128] = name[name=query_proj] ss
    sw:bf16[32,4096,32,128] = reduce_precision[exponent_bits=8 mantissa_bits=7] sv
    sx:bf16[32,4096,8,128] = name[name=key_proj] st
    sy:bf16[32,4096,8,128] = reduce_precision[exponent_bits=8 mantissa_bits=7] sx
    sz:bf16[32,4096,8,128] = name[name=value_proj] su
    ta:bf16[32,4096,8,128] = reduce_precision[exponent_bits=8 mantissa_bits=7] sz
    tb:bf16[32,4096,32,128] tc:f32[32,32,4096,1] td:u32[16,4] = te_fused_attn_forward_ffi_wrapper[
      config=_FusedAttnConfig(attn_bias_type=<AttnBiasType.NO_BIAS: <NVTE_Bias_Type.NVTE_NO_BIAS: 0>>, attn_mask_type=<AttnMaskType.CAUSAL_MASK: <NVTE_Mask_Type.NVTE_CAUSAL_MASK: 2>>, softmax_type=<AttnSoftmaxType.VANILLA_SOFTMAX: <NVTE_Softmax_Type.NVTE_VANILLA_SOFTMAX: 0>>, qkv_layout=<QKVLayout.BSHD_BSHD_BSHD: <NVTE_QKV_Layout.NVTE_BSHD_BSHD_BSHD: 9>>, scaling_factor=1.0, dropout_probability=0.0, is_training=True, max_segments_per_seq=1, window_size=(-1, -1), bottom_right_diagonal=False, context_parallel_load_balanced=True, cp_axis='context', cp_striped_window_size=None, stripe_size=None)
    ] sw sy ta qj qk ql qm qn qo qp qq qr qs qt
    te:u32[16,4] = sharding_constraint[
      context_mesh=AbstractMesh('diloco': 1, 'data': 1, 'stage': 1, 'fsdp': 1, 'fsdp_transpose': 1, 'context': 1, 'context_autoregressive': 1, 'tensor': 1, 'tensor_transpose': 1, 'tensor_sequence': 1, 'expert': 8, 'autoregressive': 1, axis_types=(Auto, Auto, Auto, Auto, Auto, Auto, Auto, Auto, Auto, Auto, Auto, Auto), device_kind=AMD Instinct MI300X, num_cores=304)
      layout=None
      sharding=NamedSharding(mesh=AbstractMesh('diloco': 1, 'data': 1, 'stage': 1, 'fsdp': 1, 'fsdp_transpose': 1, 'context': 1, 'context_autoregressive': 1, 'tensor': 1, 'tensor_transpose': 1, 'tensor_sequence': 1, 'expert': 8, 'autoregressive': 1, axis_types=(Auto, Auto, Auto, Auto, Auto, Auto, Auto, Auto, Auto, Auto, Auto, Auto), device_kind=AMD Instinct MI300X, num_cores=304), spec=P(('diloco', 'data', 'stage', 'fsdp', 'fsdp_transpose', 'context', 'context_autoregressive', 'tensor', 'tensor_transpose', 'tensor_sequence', 'expert', 'autoregressive'), None))
      unconstrained_dims=frozenset()
    ] td
    tf:bf16[32,4096,32,128] = name[name=context] tb
    tg:bf16[32,4096,32,128] = reduce_precision[exponent_bits=8 mantissa_bits=7] tf
    th:f32[32,32,4096,1] = name[name=context] tc
    ti:u32[16,4] = name[name=context] te
    tj:bf16[32,4096,32,128] = name[name=attention_out] tg
    tk:bf16[32,4096,32,128] = sharding_constraint[
      context_mesh=AbstractMesh('diloco': 1, 'data': 1, 'stage': 1, 'fsdp': 1, 'fsdp_transpose': 1, 'context': 1, 'context_autoregressive': 1, 'tensor': 1, 'tensor_transpose': 1, 'tensor_sequence': 1, 'expert': 8, 'autoregressive': 1, axis_types=(Auto, Auto, Auto, Auto, Auto, Auto, Auto, Auto, Auto, Auto, Auto, Auto), device_kind=AMD Instinct MI300X, num_cores=304)
      layout=None
      sharding=NamedSharding(mesh=Mesh('diloco': 1, 'data': 1, 'stage': 1, 'fsdp': 1, 'fsdp_transpose': 1, 'context': 1, 'context_autoregressive': 1, 'tensor': 1, 'tensor_transpose': 1, 'tensor_sequence': 1, 'expert': 8, 'autoregressive': 1, axis_types=(Auto, Auto, Auto, Auto, Auto, Auto, Auto, Auto, Auto, Auto, Auto, Auto)), spec=P('expert', None, None, None), memory_kind=device)
      unconstrained_dims=frozenset()
    ] tj
    tl:bf16[32,128,4096] = convert_element_type[
      new_dtype=bfloat16
      weak_type=False
    ] rc
    tm:bf16[32,4096,4096] = dot_general[
      dimension_numbers=(([2, 3], [0, 1]), ([], []))
      precision=(Precision.DEFAULT, Precision.DEFAULT)
    ] tk tl
    tn:bf16[32,4096,4096] = name[name=out_proj] tm
    to:bf16[32,4096,4096] = reduce_precision[exponent_bits=8 mantissa_bits=7] tn
    tp:bf16[32,4096,4096] = sharding_constraint[
      context_mesh=AbstractMesh('diloco': 1, 'data': 1, 'stage': 1, 'fsdp': 1, 'fsdp_transpose': 1, 'context': 1, 'context_autoregressive': 1, 'tensor': 1, 'tensor_transpose': 1, 'tensor_sequence': 1, 'expert': 8, 'autoregressive': 1, axis_types=(Auto, Auto, Auto, Auto, Auto, Auto, Auto, Auto, Auto, Auto, Auto, Auto), device_kind=AMD Instinct MI300X, num_cores=304)
      layout=None
      sharding=NamedSharding(mesh=AbstractMesh('diloco': 1, 'data': 1, 'stage': 1, 'fsdp': 1, 'fsdp_transpose': 1, 'context': 1, 'context_autoregressive': 1, 'tensor': 1, 'tensor_transpose': 1, 'tensor_sequence': 1, 'expert': 8, 'autoregressive': 1, axis_types=(Auto, Auto, Auto, Auto, Auto, Auto, Auto, Auto, Auto, Auto, Auto, Auto), device_kind=AMD Instinct MI300X, num_cores=304), spec=P(('data', 'fsdp', 'fsdp_transpose', 'expert'), ('tensor_sequence', 'context'), ('tensor', 'tensor_transpose')))
      unconstrained_dims=frozenset()
    ] to
    tq:bf16[32,4096,4096] = add rg tp
    tr:f32[32,4096,4096] = convert_element_type[
      new_dtype=float32
      weak_type=False
    ] tq
    ts:f32[32,4096,4096] = square tr
    tt:f32[32,4096] = reduce_sum[axes=(2,) out_sharding=None] ts
    tu:f32[32,4096,1] = broadcast_in_dim[broadcast_dimensions=(0, 1)] tt
    tv:f32[32,4096,1] = div tu 4096.0:f32[]
    tw:f32[32,4096,1] = add tv 9.999999747378752e-06:f32[]
    tx:f32[32,4096,1] = rsqrt tw
    ty:f32[32,4096,4096] = mul tr tx
    tz:bf16[32,4096,4096] = convert_element_type[
      new_dtype=bfloat16
      weak_type=False
    ] ty
    ua:bf16[4096] = convert_element_type[new_dtype=bfloat16 weak_type=False] qz
    ub:bf16[4096] = add ua 0.0:bf16[]
    uc:bf16[4096,32,4096] = dot_general[
      dimension_numbers=(([], []), ([0], [2]))
      preferred_element_type=bfloat16
    ] ub tz
    ud:bf16[32,4096,4096] = transpose[permutation=(1, 2, 0)] uc
    ue:bf16[32,4096,4096] = sharding_constraint[
      context_mesh=AbstractMesh('diloco': 1, 'data': 1, 'stage': 1, 'fsdp': 1, 'fsdp_transpose': 1, 'context': 1, 'context_autoregressive': 1, 'tensor': 1, 'tensor_transpose': 1, 'tensor_sequence': 1, 'expert': 8, 'autoregressive': 1, axis_types=(Auto, Auto, Auto, Auto, Auto, Auto, Auto, Auto, Auto, Auto, Auto, Auto), device_kind=AMD Instinct MI300X, num_cores=304)
      layout=None
      sharding=NamedSharding(mesh=AbstractMesh('diloco': 1, 'data': 1, 'stage': 1, 'fsdp': 1, 'fsdp_transpose': 1, 'context': 1, 'context_autoregressive': 1, 'tensor': 1, 'tensor_transpose': 1, 'tensor_sequence': 1, 'expert': 8, 'autoregressive': 1, axis_types=(Auto, Auto, Auto, Auto, Auto, Auto, Auto, Auto, Auto, Auto, Auto, Auto), device_kind=AMD Instinct MI300X, num_cores=304), spec=P(('data', 'fsdp', 'fsdp_transpose', 'expert'), ('tensor_sequence', 'context'), ('tensor', 'tensor_transpose')))
      unconstrained_dims=frozenset()
    ] ud
    uf:bf16[4096,8] = convert_element_type[new_dtype=bfloat16 weak_type=False] qv
    ug:bf16[32,4096,8] = dot_general[
      dimension_numbers=(([2], [0]), ([], []))
      precision=(Precision.DEFAULT, Precision.DEFAULT)
    ] ue uf
    uh:bf16[8,14336,4096] = convert_element_type[
      new_dtype=bfloat16
      weak_type=False
    ] qy
    ui:bf16[8,4096,14336] = convert_element_type[
      new_dtype=bfloat16
      weak_type=False
    ] qw
    uj:bf16[8,4096,14336] = convert_element_type[
      new_dtype=bfloat16
      weak_type=False
    ] qx
    uk:bf16[32,4096,4096] = sharding_constraint[
      context_mesh=AbstractMesh('diloco': 1, 'data': 1, 'stage': 1, 'fsdp': 1, 'fsdp_transpose': 1, 'context': 1, 'context_autoregressive': 1, 'tensor': 1, 'tensor_transpose': 1, 'tensor_sequence': 1, 'expert': 8, 'autoregressive': 1, axis_types=(Auto, Auto, Auto, Auto, Auto, Auto, Auto, Auto, Auto, Auto, Auto, Auto), device_kind=AMD Instinct MI300X, num_cores=304)
      layout=None
      sharding=NamedSharding(mesh=Mesh('diloco': 1, 'data': 1, 'stage': 1, 'fsdp': 1, 'fsdp_transpose': 1, 'context': 1, 'context_autoregressive': 1, 'tensor': 1, 'tensor_transpose': 1, 'tensor_sequence': 1, 'expert': 8, 'autoregressive': 1, axis_types=(Auto, Auto, Auto, Auto, Auto, Auto, Auto, Auto, Auto, Auto, Auto, Auto)), spec=P('expert', None, None), memory_kind=device)
      unconstrained_dims=frozenset()
    ] ue
    ul:bf16[32,4096,8] = sharding_constraint[
      context_mesh=AbstractMesh('diloco': 1, 'data': 1, 'stage': 1, 'fsdp': 1, 'fsdp_transpose': 1, 'context': 1, 'context_autoregressive': 1, 'tensor': 1, 'tensor_transpose': 1, 'tensor_sequence': 1, 'expert': 8, 'autoregressive': 1, axis_types=(Auto, Auto, Auto, Auto, Auto, Auto, Auto, Auto, Auto, Auto, Auto, Auto), device_kind=AMD Instinct MI300X, num_cores=304)
      layout=None
      sharding=NamedSharding(mesh=Mesh('diloco': 1, 'data': 1, 'stage': 1, 'fsdp': 1, 'fsdp_transpose': 1, 'context': 1, 'context_autoregressive': 1, 'tensor': 1, 'tensor_transpose': 1, 'tensor_sequence': 1, 'expert': 8, 'autoregressive': 1, axis_types=(Auto, Auto, Auto, Auto, Auto, Auto, Auto, Auto, Auto, Auto, Auto, Auto)), spec=P('expert', None, None), memory_kind=device)
      unconstrained_dims=frozenset()
    ] ug
    um:bf16[8,4096,14336] = sharding_constraint[
      context_mesh=AbstractMesh('diloco': 1, 'data': 1, 'stage': 1, 'fsdp': 1, 'fsdp_transpose': 1, 'context': 1, 'context_autoregressive': 1, 'tensor': 1, 'tensor_transpose': 1, 'tensor_sequence': 1, 'expert': 8, 'autoregressive': 1, axis_types=(Auto, Auto, Auto, Auto, Auto, Auto, Auto, Auto, Auto, Auto, Auto, Auto), device_kind=AMD Instinct MI300X, num_cores=304)
      layout=None
      sharding=NamedSharding(mesh=Mesh('diloco': 1, 'data': 1, 'stage': 1, 'fsdp': 1, 'fsdp_transpose': 1, 'context': 1, 'context_autoregressive': 1, 'tensor': 1, 'tensor_transpose': 1, 'tensor_sequence': 1, 'expert': 8, 'autoregressive': 1, axis_types=(Auto, Auto, Auto, Auto, Auto, Auto, Auto, Auto, Auto, Auto, Auto, Auto)), spec=P('expert', None, None), memory_kind=device)
      unconstrained_dims=frozenset()
    ] ui
    un:bf16[8,4096,14336] = sharding_constraint[
      context_mesh=AbstractMesh('diloco': 1, 'data': 1, 'stage': 1, 'fsdp': 1, 'fsdp_transpose': 1, 'context': 1, 'context_autoregressive': 1, 'tensor': 1, 'tensor_transpose': 1, 'tensor_sequence': 1, 'expert': 8, 'autoregressive': 1, axis_types=(Auto, Auto, Auto, Auto, Auto, Auto, Auto, Auto, Auto, Auto, Auto, Auto), device_kind=AMD Instinct MI300X, num_cores=304)
      layout=None
      sharding=NamedSharding(mesh=Mesh('diloco': 1, 'data': 1, 'stage': 1, 'fsdp': 1, 'fsdp_transpose': 1, 'context': 1, 'context_autoregressive': 1, 'tensor': 1, 'tensor_transpose': 1, 'tensor_sequence': 1, 'expert': 8, 'autoregressive': 1, axis_types=(Auto, Auto, Auto, Auto, Auto, Auto, Auto, Auto, Auto, Auto, Auto, Auto)), spec=P('expert', None, None), memory_kind=device)
      unconstrained_dims=frozenset()
    ] uj
    uo:bf16[8,14336,4096] = sharding_constraint[
      context_mesh=AbstractMesh('diloco': 1, 'data': 1, 'stage': 1, 'fsdp': 1, 'fsdp_transpose': 1, 'context': 1, 'context_autoregressive': 1, 'tensor': 1, 'tensor_transpose': 1, 'tensor_sequence': 1, 'expert': 8, 'autoregressive': 1, axis_types=(Auto, Auto, Auto, Auto, Auto, Auto, Auto, Auto, Auto, Auto, Auto, Auto), device_kind=AMD Instinct MI300X, num_cores=304)
      layout=None
      sharding=NamedSharding(mesh=Mesh('diloco': 1, 'data': 1, 'stage': 1, 'fsdp': 1, 'fsdp_transpose': 1, 'context': 1, 'context_autoregressive': 1, 'tensor': 1, 'tensor_transpose': 1, 'tensor_sequence': 1, 'expert': 8, 'autoregressive': 1, axis_types=(Auto, Auto, Auto, Auto, Auto, Auto, Auto, Auto, Auto, Auto, Auto, Auto)), spec=P('expert', None, None), memory_kind=device)
      unconstrained_dims=frozenset()
    ] uh
    up:bf16[32,4096,4096] = shard_map[
      check_vma=False
      in_specs=(P(('diloco', 'data', 'stage', 'fsdp', 'fsdp_transpose', 'context', 'context_autoregressive', 'tensor', 'tensor_transpose', 'tensor_sequence', 'expert', 'autoregressive'),), P(('diloco', 'data', 'stage', 'fsdp', 'fsdp_transpose', 'context', 'context_autoregressive', 'tensor', 'tensor_transpose', 'tensor_sequence', 'expert', 'autoregressive'),), P(), P(('diloco', 'data', 'stage', 'fsdp', 'fsdp_transpose', 'context', 'context_autoregressive', 'tensor', 'tensor_transpose', 'tensor_sequence', 'expert', 'autoregressive'),), P(('diloco', 'data', 'stage', 'fsdp', 'fsdp_transpose', 'context', 'context_autoregressive', 'tensor', 'tensor_transpose', 'tensor_sequence', 'expert', 'autoregressive'),), P(('diloco', 'data', 'stage', 'fsdp', 'fsdp_transpose', 'context', 'context_autoregressive', 'tensor', 'tensor_transpose', 'tensor_sequence', 'expert', 'autoregressive'),), P(('diloco', 'data', 'stage', 'fsdp', 'fsdp_transpose', 'context', 'context_autoregressive', 'tensor', 'tensor_transpose', 'tensor_sequence', 'expert', 'autoregressive'),), P(('diloco', 'data', 'stage', 'fsdp', 'fsdp_transpose', 'context', 'context_autoregressive', 'tensor', 'tensor_transpose', 'tensor_sequence', 'expert', 'autoregressive'),), P(('diloco', 'data', 'stage', 'fsdp', 'fsdp_transpose', 'context', 'context_autoregressive', 'tensor', 'tensor_transpose', 'tensor_sequence', 'expert', 'autoregressive'),), P(('diloco', 'data', 'stage', 'fsdp', 'fsdp_transpose', 'context', 'context_autoregressive', 'tensor', 'tensor_transpose', 'tensor_sequence', 'expert', 'autoregressive'),), P(('diloco', 'data', 'stage', 'fsdp', 'fsdp_transpose', 'context', 'context_autoregressive', 'tensor', 'tensor_transpose', 'tensor_sequence', 'expert', 'autoregressive'),), P(('diloco', 'data', 'stage', 'fsdp', 'fsdp_transpose', 'context', 'context_autoregressive', 'tensor', 'tensor_transpose', 'tensor_sequence', 'expert', 'autoregressive'),), P(('diloco', 'data', 'stage', 'fsdp', 'fsdp_transpose', 'context', 'context_autoregressive', 'tensor', 'tensor_transpose', 'tensor_sequence', 'expert', 'autoregressive'),), P(('diloco', 'data', 'stage', 'fsdp', 'fsdp_transpose', 'context', 'context_autoregressive', 'tensor', 'tensor_transpose', 'tensor_sequence', 'expert', 'autoregressive'),), P(('diloco', 'data', 'stage', 'fsdp', 'fsdp_transpose', 'context', 'context_autoregressive', 'tensor', 'tensor_transpose', 'tensor_sequence', 'expert', 'autoregressive'),), P(('diloco', 'data', 'stage', 'fsdp', 'fsdp_transpose', 'context', 'context_autoregressive', 'tensor', 'tensor_transpose', 'tensor_sequence', 'expert', 'autoregressive'),), P(('diloco', 'data', 'stage', 'fsdp', 'fsdp_transpose', 'context', 'context_autoregressive', 'tensor', 'tensor_transpose', 'tensor_sequence', 'expert', 'autoregressive'),), P(('diloco', 'data', 'stage', 'fsdp', 'fsdp_transpose', 'context', 'context_autoregressive', 'tensor', 'tensor_transpose', 'tensor_sequence', 'expert', 'autoregressive'),), P(('diloco', 'data', 'stage', 'fsdp', 'fsdp_transpose', 'context', 'context_autoregressive', 'tensor', 'tensor_transpose', 'tensor_sequence', 'expert', 'autoregressive'),), P(('diloco', 'data', 'stage', 'fsdp', 'fsdp_transpose', 'context', 'context_autoregressive', 'tensor', 'tensor_transpose', 'tensor_sequence', 'expert', 'autoregressive'),), P(('diloco', 'data', 'stage', 'fsdp', 'fsdp_transpose', 'context', 'context_autoregressive', 'tensor', 'tensor_transpose', 'tensor_sequence', 'expert', 'autoregressive'),), P(('diloco', 'data', 'stage', 'fsdp', 'fsdp_transpose', 'context', 'context_autoregressive', 'tensor', 'tensor_transpose', 'tensor_sequence', 'expert', 'autoregressive'),), P(('diloco', 'data', 'stage', 'fsdp', 'fsdp_transpose', 'context', 'context_autoregressive', 'tensor', 'tensor_transpose', 'tensor_sequence', 'expert', 'autoregressive'),), P(('diloco', 'data', 'stage', 'fsdp', 'fsdp_transpose', 'context', 'context_autoregressive', 'tensor', 'tensor_transpose', 'tensor_sequence', 'expert', 'autoregressive'),), P(('diloco', 'data', 'stage', 'fsdp', 'fsdp_transpose', 'context', 'context_autoregressive', 'tensor', 'tensor_transpose', 'tensor_sequence', 'expert', 'autoregressive'),), P(('diloco', 'data', 'stage', 'fsdp', 'fsdp_transpose', 'context', 'context_autoregressive', 'tensor', 'tensor_transpose', 'tensor_sequence', 'expert', 'autoregressive'),), P(('diloco', 'data', 'stage', 'fsdp', 'fsdp_transpose', 'context', 'context_autoregressive', 'tensor', 'tensor_transpose', 'tensor_sequence', 'expert', 'autoregressive'),), P(('diloco', 'data', 'stage', 'fsdp', 'fsdp_transpose', 'context', 'context_autoregressive', 'tensor', 'tensor_transpose', 'tensor_sequence', 'expert', 'autoregressive'),), P(('diloco', 'data', 'stage', 'fsdp', 'fsdp_transpose', 'context', 'context_autoregressive', 'tensor', 'tensor_transpose', 'tensor_sequence', 'expert', 'autoregressive'),), P(('diloco', 'data', 'stage', 'fsdp', 'fsdp_transpose', 'context', 'context_autoregressive', 'tensor', 'tensor_transpose', 'tensor_sequence', 'expert', 'autoregressive'),), P(('diloco', 'data', 'stage', 'fsdp', 'fsdp_transpose', 'context', 'context_autoregressive', 'tensor', 'tensor_transpose', 'tensor_sequence', 'expert', 'autoregressive'),), P(('diloco', 'data', 'stage', 'fsdp', 'fsdp_transpose', 'context', 'context_autoregressive', 'tensor', 'tensor_transpose', 'tensor_sequence', 'expert', 'autoregressive'),), P(('diloco', 'data', 'stage', 'fsdp', 'fsdp_transpose', 'context', 'context_autoregressive', 'tensor', 'tensor_transpose', 'tensor_sequence', 'expert', 'autoregressive'),), P(('diloco', 'data', 'stage', 'fsdp', 'fsdp_transpose', 'context', 'context_autoregressive', 'tensor', 'tensor_transpose', 'tensor_sequence', 'expert', 'autoregressive'),), P(('diloco', 'data', 'stage', 'fsdp', 'fsdp_transpose', 'context', 'context_autoregressive', 'tensor', 'tensor_transpose', 'tensor_sequence', 'expert', 'autoregressive'),), P(('diloco', 'data', 'stage', 'fsdp', 'fsdp_transpose', 'context', 'context_autoregressive', 'tensor', 'tensor_transpose', 'tensor_sequence', 'expert', 'autoregressive'),), P(('diloco', 'data', 'stage', 'fsdp', 'fsdp_transpose', 'context', 'context_autoregressive', 'tensor', 'tensor_transpose', 'tensor_sequence', 'expert', 'autoregressive'),), P(('diloco', 'data', 'stage', 'fsdp', 'fsdp_transpose', 'context', 'context_autoregressive', 'tensor', 'tensor_transpose', 'tensor_sequence', 'expert', 'autoregressive'),), P(('diloco', 'data', 'stage', 'fsdp', 'fsdp_transpose', 'context', 'context_autoregressive', 'tensor', 'tensor_transpose', 'tensor_sequence', 'expert', 'autoregressive'),), P(('diloco', 'data', 'stage', 'fsdp', 'fsdp_transpose', 'context', 'context_autoregressive', 'tensor', 'tensor_transpose', 'tensor_sequence', 'expert', 'autoregressive'),), P(('diloco', 'data', 'stage', 'fsdp', 'fsdp_transpose', 'context', 'context_autoregressive', 'tensor', 'tensor_transpose', 'tensor_sequence', 'expert', 'autoregressive'),), P(('diloco', 'data', 'stage', 'fsdp', 'fsdp_transpose', 'context', 'context_autoregressive', 'tensor', 'tensor_transpose', 'tensor_sequence', 'expert', 'autoregressive'),), P(('diloco', 'data', 'stage', 'fsdp', 'fsdp_transpose', 'context', 'context_autoregressive', 'tensor', 'tensor_transpose', 'tensor_sequence', 'expert', 'autoregressive'),), P(('diloco', 'data', 'stage', 'fsdp', 'fsdp_transpose', 'context', 'context_autoregressive', 'tensor', 'tensor_transpose', 'tensor_sequence', 'expert', 'autoregressive'),), P(('diloco', 'data', 'stage', 'fsdp', 'fsdp_transpose', 'context', 'context_autoregressive', 'tensor', 'tensor_transpose', 'tensor_sequence', 'expert', 'autoregressive'),), P(('diloco', 'data', 'stage', 'fsdp', 'fsdp_transpose', 'context', 'context_autoregressive', 'tensor', 'tensor_transpose', 'tensor_sequence', 'expert', 'autoregressive'),), P(('diloco', 'data', 'stage', 'fsdp', 'fsdp_transpose', 'context', 'context_autoregressive', 'tensor', 'tensor_transpose', 'tensor_sequence', 'expert', 'autoregressive'),), P(('diloco', 'data', 'stage', 'fsdp', 'fsdp_transpose', 'context', 'context_autoregressive', 'tensor', 'tensor_transpose', 'tensor_sequence', 'expert', 'autoregressive'),), P(('diloco', 'data', 'stage', 'fsdp', 'fsdp_transpose', 'context', 'context_autoregressive', 'tensor', 'tensor_transpose', 'tensor_sequence', 'expert', 'autoregressive'),), P(('diloco', 'data', 'stage', 'fsdp', 'fsdp_transpose', 'context', 'context_autoregressive', 'tensor', 'tensor_transpose', 'tensor_sequence', 'expert', 'autoregressive'),), P(('diloco', 'data', 'stage', 'fsdp', 'fsdp_transpose', 'context', 'context_autoregressive', 'tensor', 'tensor_transpose', 'tensor_sequence', 'expert', 'autoregressive'),), P(('diloco', 'data', 'stage', 'fsdp', 'fsdp_transpose', 'context', 'context_autoregressive', 'tensor', 'tensor_transpose', 'tensor_sequence', 'expert', 'autoregressive'),), P(('diloco', 'data', 'stage', 'fsdp', 'fsdp_transpose', 'context', 'context_autoregressive', 'tensor', 'tensor_transpose', 'tensor_sequence', 'expert', 'autoregressive'),), P(('diloco', 'data', 'stage', 'fsdp', 'fsdp_transpose', 'context', 'context_autoregressive', 'tensor', 'tensor_transpose', 'tensor_sequence', 'expert', 'autoregressive'),), P(('diloco', 'data', 'stage', 'fsdp', 'fsdp_transpose', 'context', 'context_autoregressive', 'tensor', 'tensor_transpose', 'tensor_sequence', 'expert', 'autoregressive'),), P(('diloco', 'data', 'stage', 'fsdp', 'fsdp_transpose', 'context', 'context_autoregressive', 'tensor', 'tensor_transpose', 'tensor_sequence', 'expert', 'autoregressive'),), P(('diloco', 'data', 'stage', 'fsdp', 'fsdp_transpose', 'context', 'context_autoregressive', 'tensor', 'tensor_transpose', 'tensor_sequence', 'expert', 'autoregressive'),), P(('diloco', 'data', 'stage', 'fsdp', 'fsdp_transpose', 'context', 'context_autoregressive', 'tensor', 'tensor_transpose', 'tensor_sequence', 'expert', 'autoregressive'),), P(('diloco', 'data', 'stage', 'fsdp', 'fsdp_transpose', 'context', 'context_autoregressive', 'tensor', 'tensor_transpose', 'tensor_sequence', 'expert', 'autoregressive'),), P(('diloco', 'data', 'stage', 'fsdp', 'fsdp_transpose', 'context', 'context_autoregressive', 'tensor', 'tensor_transpose', 'tensor_sequence', 'expert', 'autoregressive'),), P(('diloco', 'data', 'stage', 'fsdp', 'fsdp_transpose', 'context', 'context_autoregressive', 'tensor', 'tensor_transpose', 'tensor_sequence', 'expert', 'autoregressive'),), P(('diloco', 'data', 'stage', 'fsdp', 'fsdp_transpose', 'context', 'context_autoregressive', 'tensor', 'tensor_transpose', 'tensor_sequence', 'expert', 'autoregressive'),), P(('diloco', 'data', 'stage', 'fsdp', 'fsdp_transpose', 'context', 'context_autoregressive', 'tensor', 'tensor_transpose', 'tensor_sequence', 'expert', 'autoregressive'),), P(('diloco', 'data', 'stage', 'fsdp', 'fsdp_transpose', 'context', 'context_autoregressive', 'tensor', 'tensor_transpose', 'tensor_sequence', 'expert', 'autoregressive'),), P(('diloco', 'data', 'stage', 'fsdp', 'fsdp_transpose', 'context', 'context_autoregressive', 'tensor', 'tensor_transpose', 'tensor_sequence', 'expert', 'autoregressive'),), P(('diloco', 'data', 'stage', 'fsdp', 'fsdp_transpose', 'context', 'context_autoregressive', 'tensor', 'tensor_transpose', 'tensor_sequence', 'expert', 'autoregressive'),), P(('diloco', 'data', 'stage', 'fsdp', 'fsdp_transpose', 'context', 'context_autoregressive', 'tensor', 'tensor_transpose', 'tensor_sequence', 'expert', 'autoregressive'),), P(('diloco', 'data', 'stage', 'fsdp', 'fsdp_transpose', 'context', 'context_autoregressive', 'tensor', 'tensor_transpose', 'tensor_sequence', 'expert', 'autoregressive'),), P(('diloco', 'data', 'stage', 'fsdp', 'fsdp_transpose', 'context', 'context_autoregressive', 'tensor', 'tensor_transpose', 'tensor_sequence', 'expert', 'autoregressive'),), P(('diloco', 'data', 'stage', 'fsdp', 'fsdp_transpose', 'context', 'context_autoregressive', 'tensor', 'tensor_transpose', 'tensor_sequence', 'expert', 'autoregressive'),), P(('diloco', 'data', 'stage', 'fsdp', 'fsdp_transpose', 'context', 'context_autoregressive', 'tensor', 'tensor_transpose', 'tensor_sequence', 'expert', 'autoregressive'),), P(('diloco', 'data', 'stage', 'fsdp', 'fsdp_transpose', 'context', 'context_autoregressive', 'tensor', 'tensor_transpose', 'tensor_sequence', 'expert', 'autoregressive'),), P(('diloco', 'data', 'stage', 'fsdp', 'fsdp_transpose', 'context', 'context_autoregressive', 'tensor', 'tensor_transpose', 'tensor_sequence', 'expert', 'autoregressive'),), P(('diloco', 'data', 'stage', 'fsdp', 'fsdp_transpose', 'context', 'context_autoregressive', 'tensor', 'tensor_transpose', 'tensor_sequence', 'expert', 'autoregressive'),), P(('diloco', 'data', 'stage', 'fsdp', 'fsdp_transpose', 'context', 'context_autoregressive', 'tensor', 'tensor_transpose', 'tensor_sequence', 'expert', 'autoregressive'),), P(('diloco', 'data', 'stage', 'fsdp', 'fsdp_transpose', 'context', 'context_autoregressive', 'tensor', 'tensor_transpose', 'tensor_sequence', 'expert', 'autoregressive'),), P(('diloco', 'data', 'stage', 'fsdp', 'fsdp_transpose', 'context', 'context_autoregressive', 'tensor', 'tensor_transpose', 'tensor_sequence', 'expert', 'autoregressive'),), P(('diloco', 'data', 'stage', 'fsdp', 'fsdp_transpose', 'context', 'context_autoregressive', 'tensor', 'tensor_transpose', 'tensor_sequence', 'expert', 'autoregressive'),), P(('diloco', 'data', 'stage', 'fsdp', 'fsdp_transpose', 'context', 'context_autoregressive', 'tensor', 'tensor_transpose', 'tensor_sequence', 'expert', 'autoregressive'),), P(('diloco', 'data', 'stage', 'fsdp', 'fsdp_transpose', 'context', 'context_autoregressive', 'tensor', 'tensor_transpose', 'tensor_sequence', 'expert', 'autoregressive'),), P(('diloco', 'data', 'stage', 'fsdp', 'fsdp_transpose', 'context', 'context_autoregressive', 'tensor', 'tensor_transpose', 'tensor_sequence', 'expert', 'autoregressive'),), P(('diloco', 'data', 'stage', 'fsdp', 'fsdp_transpose', 'context', 'context_autoregressive', 'tensor', 'tensor_transpose', 'tensor_sequence', 'expert', 'autoregressive'),), P(('diloco', 'data', 'stage', 'fsdp', 'fsdp_transpose', 'context', 'context_autoregressive', 'tensor', 'tensor_transpose', 'tensor_sequence', 'expert', 'autoregressive'),), P(('diloco', 'data', 'stage', 'fsdp', 'fsdp_transpose', 'context', 'context_autoregressive', 'tensor', 'tensor_transpose', 'tensor_sequence', 'expert', 'autoregressive'),), P(('diloco', 'data', 'stage', 'fsdp', 'fsdp_transpose', 'context', 'context_autoregressive', 'tensor', 'tensor_transpose', 'tensor_sequence', 'expert', 'autoregressive'),), P(('diloco', 'data', 'stage', 'fsdp', 'fsdp_transpose', 'context', 'context_autoregressive', 'tensor', 'tensor_transpose', 'tensor_sequence', 'expert', 'autoregressive'),), P(('diloco', 'data', 'stage', 'fsdp', 'fsdp_transpose', 'context', 'context_autoregressive', 'tensor', 'tensor_transpose', 'tensor_sequence', 'expert', 'autoregressive'),), P(('diloco', 'data', 'stage', 'fsdp', 'fsdp_transpose', 'context', 'context_autoregressive', 'tensor', 'tensor_transpose', 'tensor_sequence', 'expert', 'autoregressive'),), P(('diloco', 'data', 'stage', 'fsdp', 'fsdp_transpose', 'context', 'context_autoregressive', 'tensor', 'tensor_transpose', 'tensor_sequence', 'expert', 'autoregressive'),), P(('diloco', 'data', 'stage', 'fsdp', 'fsdp_transpose', 'context', 'context_autoregressive', 'tensor', 'tensor_transpose', 'tensor_sequence', 'expert', 'autoregressive'),), P(('diloco', 'data', 'stage', 'fsdp', 'fsdp_transpose', 'context', 'context_autoregressive', 'tensor', 'tensor_transpose', 'tensor_sequence', 'expert', 'autoregressive'),), P(('diloco', 'data', 'stage', 'fsdp', 'fsdp_transpose', 'context', 'context_autoregressive', 'tensor', 'tensor_transpose', 'tensor_sequence', 'expert', 'autoregressive'),), P(('diloco', 'data', 'stage', 'fsdp', 'fsdp_transpose', 'context', 'context_autoregressive', 'tensor', 'tensor_transpose', 'tensor_sequence', 'expert', 'autoregressive'),), P(('diloco', 'data', 'stage', 'fsdp', 'fsdp_transpose', 'context', 'context_autoregressive', 'tensor', 'tensor_transpose', 'tensor_sequence', 'expert', 'autoregressive'),), P(('diloco', 'data', 'stage', 'fsdp', 'fsdp_transpose', 'context', 'context_autoregressive', 'tensor', 'tensor_transpose', 'tensor_sequence', 'expert', 'autoregressive'),), P(('diloco', 'data', 'stage', 'fsdp', 'fsdp_transpose', 'context', 'context_autoregressive', 'tensor', 'tensor_transpose', 'tensor_sequence', 'expert', 'autoregressive'),), P(('diloco', 'data', 'stage', 'fsdp', 'fsdp_transpose', 'context', 'context_autoregressive', 'tensor', 'tensor_transpose', 'tensor_sequence', 'expert', 'autoregressive'),), P(('diloco', 'data', 'stage', 'fsdp', 'fsdp_transpose', 'context', 'context_autoregressive', 'tensor', 'tensor_transpose', 'tensor_sequence', 'expert', 'autoregressive'),), P(('diloco', 'data', 'stage', 'fsdp', 'fsdp_transpose', 'context', 'context_autoregressive', 'tensor', 'tensor_transpose', 'tensor_sequence', 'expert', 'autoregressive'),), P(('diloco', 'data', 'stage', 'fsdp', 'fsdp_transpose', 'context', 'context_autoregressive', 'tensor', 'tensor_transpose', 'tensor_sequence', 'expert', 'autoregressive'),), P(('diloco', 'data', 'stage', 'fsdp', 'fsdp_transpose', 'context', 'context_autoregressive', 'tensor', 'tensor_transpose', 'tensor_sequence', 'expert', 'autoregressive'),), P(('diloco', 'data', 'stage', 'fsdp', 'fsdp_transpose', 'context', 'context_autoregressive', 'tensor', 'tensor_transpose', 'tensor_sequence', 'expert', 'autoregressive'),), P(('diloco', 'data', 'stage', 'fsdp', 'fsdp_transpose', 'context', 'context_autoregressive', 'tensor', 'tensor_transpose', 'tensor_sequence', 'expert', 'autoregressive'),), P(('diloco', 'data', 'stage', 'fsdp', 'fsdp_transpose', 'context', 'context_autoregressive', 'tensor', 'tensor_transpose', 'tensor_sequence', 'expert', 'autoregressive'),), P(('diloco', 'data', 'stage', 'fsdp', 'fsdp_transpose', 'context', 'context_autoregressive', 'tensor', 'tensor_transpose', 'tensor_sequence', 'expert', 'autoregressive'),), P(('diloco', 'data', 'stage', 'fsdp', 'fsdp_transpose', 'context', 'context_autoregressive', 'tensor', 'tensor_transpose', 'tensor_sequence', 'expert', 'autoregressive'),), P(('diloco', 'data', 'stage', 'fsdp', 'fsdp_transpose', 'context', 'context_autoregressive', 'tensor', 'tensor_transpose', 'tensor_sequence', 'expert', 'autoregressive'),), P(('diloco', 'data', 'stage', 'fsdp', 'fsdp_transpose', 'context', 'context_autoregressive', 'tensor', 'tensor_transpose', 'tensor_sequence', 'expert', 'autoregressive'),), P(('diloco', 'data', 'stage', 'fsdp', 'fsdp_transpose', 'context', 'context_autoregressive', 'tensor', 'tensor_transpose', 'tensor_sequence', 'expert', 'autoregressive'),), P(('diloco', 'data', 'stage', 'fsdp', 'fsdp_transpose', 'context', 'context_autoregressive', 'tensor', 'tensor_transpose', 'tensor_sequence', 'expert', 'autoregressive'),), P(('diloco', 'data', 'stage', 'fsdp', 'fsdp_transpose', 'context', 'context_autoregressive', 'tensor', 'tensor_transpose', 'tensor_sequence', 'expert', 'autoregressive'),), P(('diloco', 'data', 'stage', 'fsdp', 'fsdp_transpose', 'context', 'context_autoregressive', 'tensor', 'tensor_transpose', 'tensor_sequence', 'expert', 'autoregressive'),), P(('diloco', 'data', 'stage', 'fsdp', 'fsdp_transpose', 'context', 'context_autoregressive', 'tensor', 'tensor_transpose', 'tensor_sequence', 'expert', 'autoregressive'),), P(('diloco', 'data', 'stage', 'fsdp', 'fsdp_transpose', 'context', 'context_autoregressive', 'tensor', 'tensor_transpose', 'tensor_sequence', 'expert', 'autoregressive'),), P(('diloco', 'data', 'stage', 'fsdp', 'fsdp_transpose', 'context', 'context_autoregressive', 'tensor', 'tensor_transpose', 'tensor_sequence', 'expert', 'autoregressive'),), P(('diloco', 'data', 'stage', 'fsdp', 'fsdp_transpose', 'context', 'context_autoregressive', 'tensor', 'tensor_transpose', 'tensor_sequence', 'expert', 'autoregressive'),), P(('diloco', 'data', 'stage', 'fsdp', 'fsdp_transpose', 'context', 'context_autoregressive', 'tensor', 'tensor_transpose', 'tensor_sequence', 'expert', 'autoregressive'),), P(('diloco', 'data', 'stage', 'fsdp', 'fsdp_transpose', 'context', 'context_autoregressive', 'tensor', 'tensor_transpose', 'tensor_sequence', 'expert', 'autoregressive'),), P(('diloco', 'data', 'stage', 'fsdp', 'fsdp_transpose', 'context', 'context_autoregressive', 'tensor', 'tensor_transpose', 'tensor_sequence', 'expert', 'autoregressive'),), P(('diloco', 'data', 'stage', 'fsdp', 'fsdp_transpose', 'context', 'context_autoregressive', 'tensor', 'tensor_transpose', 'tensor_sequence', 'expert', 'autoregressive'),), P(('diloco', 'data', 'stage', 'fsdp', 'fsdp_transpose', 'context', 'context_autoregressive', 'tensor', 'tensor_transpose', 'tensor_sequence', 'expert', 'autoregressive'),), P(('diloco', 'data', 'stage', 'fsdp', 'fsdp_transpose', 'context', 'context_autoregressive', 'tensor', 'tensor_transpose', 'tensor_sequence', 'expert', 'autoregressive'),), P(('diloco', 'data', 'stage', 'fsdp', 'fsdp_transpose', 'context', 'context_autoregressive', 'tensor', 'tensor_transpose', 'tensor_sequence', 'expert', 'autoregressive'),), P(('diloco', 'data', 'stage', 'fsdp', 'fsdp_transpose', 'context', 'context_autoregressive', 'tensor', 'tensor_transpose', 'tensor_sequence', 'expert', 'autoregressive'),), P(('diloco', 'data', 'stage', 'fsdp', 'fsdp_transpose', 'context', 'context_autoregressive', 'tensor', 'tensor_transpose', 'tensor_sequence', 'expert', 'autoregressive'),), P(('diloco', 'data', 'stage', 'fsdp', 'fsdp_transpose', 'context', 'context_autoregressive', 'tensor', 'tensor_transpose', 'tensor_sequence', 'expert', 'autoregressive'),), P(('diloco', 'data', 'stage', 'fsdp', 'fsdp_transpose', 'context', 'context_autoregressive', 'tensor', 'tensor_transpose', 'tensor_sequence', 'expert', 'autoregressive'),), P(('diloco', 'data', 'stage', 'fsdp', 'fsdp_transpose', 'context', 'context_autoregressive', 'tensor', 'tensor_transpose', 'tensor_sequence', 'expert', 'autoregressive'),), P(('diloco', 'data', 'stage', 'fsdp', 'fsdp_transpose', 'context', 'context_autoregressive', 'tensor', 'tensor_transpose', 'tensor_sequence', 'expert', 'autoregressive'),), P(('diloco', 'data', 'stage', 'fsdp', 'fsdp_transpose', 'context', 'context_autoregressive', 'tensor', 'tensor_transpose', 'tensor_sequence', 'expert', 'autoregressive'),), P(('diloco', 'data', 'stage', 'fsdp', 'fsdp_transpose', 'context', 'context_autoregressive', 'tensor', 'tensor_transpose', 'tensor_sequence', 'expert', 'autoregressive'),), P(('diloco', 'data', 'stage', 'fsdp', 'fsdp_transpose', 'context', 'context_autoregressive', 'tensor', 'tensor_transpose', 'tensor_sequence', 'expert', 'autoregressive'),), P(('diloco', 'data', 'stage', 'fsdp', 'fsdp_transpose', 'context', 'context_autoregressive', 'tensor', 'tensor_transpose', 'tensor_sequence', 'expert', 'autoregressive'),), P(('diloco', 'data', 'stage', 'fsdp', 'fsdp_transpose', 'context', 'context_autoregressive', 'tensor', 'tensor_transpose', 'tensor_sequence', 'expert', 'autoregressive'),), P(('diloco', 'data', 'stage', 'fsdp', 'fsdp_transpose', 'context', 'context_autoregressive', 'tensor', 'tensor_transpose', 'tensor_sequence', 'expert', 'autoregressive'),), P(('diloco', 'data', 'stage', 'fsdp', 'fsdp_transpose', 'context', 'context_autoregressive', 'tensor', 'tensor_transpose', 'tensor_sequence', 'expert', 'autoregressive'),), P(('diloco', 'data', 'stage', 'fsdp', 'fsdp_transpose', 'context', 'context_autoregressive', 'tensor', 'tensor_transpose', 'tensor_sequence', 'expert', 'autoregressive'),), P(('diloco', 'data', 'stage', 'fsdp', 'fsdp_transpose', 'context', 'context_autoregressive', 'tensor', 'tensor_transpose', 'tensor_sequence', 'expert', 'autoregressive'),), P(('diloco', 'data', 'stage', 'fsdp', 'fsdp_transpose', 'context', 'context_autoregressive', 'tensor', 'tensor_transpose', 'tensor_sequence', 'expert', 'autoregressive'),), P(('diloco', 'data', 'stage', 'fsdp', 'fsdp_transpose', 'context', 'context_autoregressive', 'tensor', 'tensor_transpose', 'tensor_sequence', 'expert', 'autoregressive'),), P(('diloco', 'data', 'stage', 'fsdp', 'fsdp_transpose', 'context', 'context_autoregressive', 'tensor', 'tensor_transpose', 'tensor_sequence', 'expert', 'autoregressive'),), P(('diloco', 'data', 'stage', 'fsdp', 'fsdp_transpose', 'context', 'context_autoregressive', 'tensor', 'tensor_transpose', 'tensor_sequence', 'expert', 'autoregressive'),), P(('diloco', 'data', 'stage', 'fsdp', 'fsdp_transpose', 'context', 'context_autoregressive', 'tensor', 'tensor_transpose', 'tensor_sequence', 'expert', 'autoregressive'),), P(('diloco', 'data', 'stage', 'fsdp', 'fsdp_transpose', 'context', 'context_autoregressive', 'tensor', 'tensor_transpose', 'tensor_sequence', 'expert', 'autoregressive'),), P(('diloco', 'data', 'stage', 'fsdp', 'fsdp_transpose', 'context', 'context_autoregressive', 'tensor', 'tensor_transpose', 'tensor_sequence', 'expert', 'autoregressive'),), P(('diloco', 'data', 'stage', 'fsdp', 'fsdp_transpose', 'context', 'context_autoregressive', 'tensor', 'tensor_transpose', 'tensor_sequence', 'expert', 'autoregressive'),), P(('diloco', 'data', 'stage', 'fsdp', 'fsdp_transpose', 'context', 'context_autoregressive', 'tensor', 'tensor_transpose', 'tensor_sequence', 'expert', 'autoregressive'),), P(('diloco', 'data', 'stage', 'fsdp', 'fsdp_transpose', 'context', 'context_autoregressive', 'tensor', 'tensor_transpose', 'tensor_sequence', 'expert', 'autoregressive'),), P(('diloco', 'data', 'stage', 'fsdp', 'fsdp_transpose', 'context', 'context_autoregressive', 'tensor', 'tensor_transpose', 'tensor_sequence', 'expert', 'autoregressive'),), P(), P(('diloco', 'data', 'stage', 'fsdp', 'fsdp_transpose', 'context', 'context_autoregressive', 'tensor', 'tensor_transpose', 'tensor_sequence', 'expert', 'autoregressive'),), P(('diloco', 'data', 'stage', 'fsdp', 'fsdp_transpose', 'context', 'context_autoregressive', 'tensor', 'tensor_transpose', 'tensor_sequence', 'expert', 'autoregressive'),), P(('diloco', 'data', 'stage', 'fsdp', 'fsdp_transpose', 'context', 'context_autoregressive', 'tensor', 'tensor_transpose', 'tensor_sequence', 'expert', 'autoregressive'),), P(('diloco', 'data', 'stage', 'fsdp', 'fsdp_transpose', 'context', 'context_autoregressive', 'tensor', 'tensor_transpose', 'tensor_sequence', 'expert', 'autoregressive'),), P(('diloco', 'data', 'stage', 'fsdp', 'fsdp_transpose', 'context', 'context_autoregressive', 'tensor', 'tensor_transpose', 'tensor_sequence', 'expert', 'autoregressive'),), P(('diloco', 'data', 'stage', 'fsdp', 'fsdp_transpose', 'context', 'context_autoregressive', 'tensor', 'tensor_transpose', 'tensor_sequence', 'expert', 'autoregressive'),), P(('diloco', 'data', 'stage', 'fsdp', 'fsdp_transpose', 'context', 'context_autoregressive', 'tensor', 'tensor_transpose', 'tensor_sequence', 'expert', 'autoregressive'),), P(('diloco', 'data', 'stage', 'fsdp', 'fsdp_transpose', 'context', 'context_autoregressive', 'tensor', 'tensor_transpose', 'tensor_sequence', 'expert', 'autoregressive'),), P(('diloco', 'data', 'stage', 'fsdp', 'fsdp_transpose', 'context', 'context_autoregressive', 'tensor', 'tensor_transpose', 'tensor_sequence', 'expert', 'autoregressive'),), P(('diloco', 'data', 'stage', 'fsdp', 'fsdp_transpose', 'context', 'context_autoregressive', 'tensor', 'tensor_transpose', 'tensor_sequence', 'expert', 'autoregressive'),), P('expert', None, None), P('expert', None, None), P('expert', None, None), P('expert', None, None), P('expert', None, None))
      jaxpr={ lambda ; uq:i32[32768] ur:bf16[131072,4096] us:i32[1] ut:i32[8] uu:i32[1]
          uv:i32[32768] uw:i32[1] ux:i32[1] uy:i32[1] uz:i32[1] va:i32[1,8] vb:i32[1]
          vc:i32[1] vd:i32[1] ve:i32[1] vf:i32[131072] vg:i32[1] vh:i32[1] vi:i32[8]
          vj:i32[8] vk:i32[131072] vl:i32[1] vm:i32[1] vn:i32[1] vo:i32[1] vp:i32[1]
          vq:i32[1] vr:i32[1] vs:i32[1] vt:bool[1] vu:i32[1] vv:i32[256] vw:i32[1]
          vx:i32[1] vy:i32[1] vz:i32[1] wa:i32[1] wb:bool[1] wc:i32[256] wd:f32[257]
          we:i32[1] wf:i32[1] wg:bool[1] wh:i32[1] wi:i32[1] wj:i32[1] wk:f32[1]
          wl:f32[257] wm:u32[1] wn:f32[1] wo:f32[1] wp:f32[1] wq:f32[1] wr:u32[1]
          ws:u32[1] wt:i32[1] wu:f32[1] wv:i32[1] ww:i32[256] wx:i32[256] wy:i32[1]
          wz:bool[1] xa:i32[1] xb:i32[1] xc:i32[1] xd:i32[1] xe:i32[1] xf:i32[1]
          xg:i32[1] xh:i32[1] xi:i32[1] xj:bool[1] xk:i32[1] xl:i32[256] xm:i32[1]
          xn:i32[1] xo:i32[1] xp:i32[1] xq:i32[1] xr:bool[1] xs:i32[256] xt:f32[257]
          xu:i32[1] xv:i32[1] xw:bool[1] xx:i32[1] xy:i32[1] xz:i32[1] ya:f32[1]
          yb:f32[257] yc:u32[1] yd:f32[1] ye:f32[1] yf:f32[1] yg:f32[1] yh:u32[1]
          yi:u32[1] yj:i32[1] yk:f32[1] yl:i32[1] ym:i32[256] yn:i32[256] yo:i32[1]
          yp:bool[1] yq:i32[1] yr:i32[1] ys:i32[1] yt:i32[1] yu:i32[1] yv:i32[1]
          yw:i32[1] yx:i32[1] yy:i32[1] yz:bool[1] za:i32[1] zb:i32[256] zc:i32[1]
          zd:i32[1] ze:i32[1] zf:i32[1] zg:i32[1] zh:bool[1] zi:i32[256] zj:f32[257]
          zk:i32[1] zl:i32[1] zm:bool[1] zn:i32[1] zo:i32[1] zp:i32[1] zq:f32[1]
          zr:f32[257] zs:u32[1] zt:f32[1] zu:f32[1] zv:f32[1] zw:f32[1] zx:u32[1]
          zy:u32[1] zz:i32[1] baa:f32[1] bab:i32[1] bac:i32[256] bad:i32[256] bae:i32[1]
          baf:bool[1] bag:i32[1] bah:i32[131072] bai:bf16[32768,4096] baj:i32[1]
          bak:i32[1] bal:i32[1] bam:i32[1] ban:i32[1] bao:i32[1,8] bap:i32[1] baq:i32[1]
          bar:i32[1] bas:i32[1] bat:i32[32768] bau:bf16[4,4096,4096] bav:bf16[4,4096,8]
          baw:bf16[1,4096,14336] bax:bf16[1,4096,14336] bay:bf16[1,14336,4096]. let
          baz:i32[] = squeeze[dimensions=(0,)] uu
          bba:i32[] = squeeze[dimensions=(0,)] uw
          bbb:i32[] = squeeze[dimensions=(0,)] ux
          bbc:i32[] = squeeze[dimensions=(0,)] uy
          bbd:i32[] = squeeze[dimensions=(0,)] uz
          bbe:i32[] = squeeze[dimensions=(0,)] vb
          bbf:i32[] = squeeze[dimensions=(0,)] vc
          bbg:i32[] = squeeze[dimensions=(0,)] vd
          bbh:i32[] = squeeze[dimensions=(0,)] ve
          bbi:i32[] = squeeze[dimensions=(0,)] vg
          bbj:i32[] = squeeze[dimensions=(0,)] vl
          bbk:i32[] = squeeze[dimensions=(0,)] vm
          bbl:i32[] = squeeze[dimensions=(0,)] vo
          bbm:i32[] = squeeze[dimensions=(0,)] vp
          bbn:i32[] = squeeze[dimensions=(0,)] vr
          bbo:i32[] = squeeze[dimensions=(0,)] vs
          bbp:i32[] = squeeze[dimensions=(0,)] vz
          bbq:i32[] = squeeze[dimensions=(0,)] wa
          bbr:bool[] = squeeze[dimensions=(0,)] wb
          bbs:i32[] = squeeze[dimensions=(0,)] wf
          bbt:bool[] = squeeze[dimensions=(0,)] wg
          bbu:i32[] = squeeze[dimensions=(0,)] wh
          bbv:i32[] = squeeze[dimensions=(0,)] wi
          bbw:f32[] = squeeze[dimensions=(0,)] wk
          bbx:u32[] = squeeze[dimensions=(0,)] wm
          bby:i32[] = squeeze[dimensions=(0,)] wy
          bbz:bool[] = squeeze[dimensions=(0,)] wz
          bca:i32[] = squeeze[dimensions=(0,)] xb
          bcb:i32[] = squeeze[dimensions=(0,)] xc
          bcc:i32[] = squeeze[dimensions=(0,)] xe
          bcd:i32[] = squeeze[dimensions=(0,)] xf
          bce:i32[] = squeeze[dimensions=(0,)] xh
          bcf:i32[] = squeeze[dimensions=(0,)] xi
          bcg:i32[] = squeeze[dimensions=(0,)] xp
          bch:i32[] = squeeze[dimensions=(0,)] xq
          bci:bool[] = squeeze[dimensions=(0,)] xr
          bcj:i32[] = squeeze[dimensions=(0,)] xv
          bck:bool[] = squeeze[dimensions=(0,)] xw
          bcl:i32[] = squeeze[dimensions=(0,)] xx
          bcm:i32[] = squeeze[dimensions=(0,)] xy
          bcn:f32[] = squeeze[dimensions=(0,)] ya
          bco:u32[] = squeeze[dimensions=(0,)] yc
          bcp:i32[] = squeeze[dimensions=(0,)] yo
          bcq:bool[] = squeeze[dimensions=(0,)] yp
          bcr:i32[] = squeeze[dimensions=(0,)] yr
          bcs:i32[] = squeeze[dimensions=(0,)] ys
          bct:i32[] = squeeze[dimensions=(0,)] yu
          bcu:i32[] = squeeze[dimensions=(0,)] yv
          bcv:i32[] = squeeze[dimensions=(0,)] yx
          bcw:i32[] = squeeze[dimensions=(0,)] yy
          bcx:i32[] = squeeze[dimensions=(0,)] zf
          bcy:i32[] = squeeze[dimensions=(0,)] zg
          bcz:bool[] = squeeze[dimensions=(0,)] zh
          bda:i32[] = squeeze[dimensions=(0,)] zl
          bdb:bool[] = squeeze[dimensions=(0,)] zm
          bdc:i32[] = squeeze[dimensions=(0,)] zn
          bdd:i32[] = squeeze[dimensions=(0,)] zo
          bde:f32[] = squeeze[dimensions=(0,)] zq
          bdf:u32[] = squeeze[dimensions=(0,)] zs
          bdg:i32[] = squeeze[dimensions=(0,)] bae
          bdh:bool[] = squeeze[dimensions=(0,)] baf
          bdi:i32[] = squeeze[dimensions=(0,)] bak
          bdj:i32[] = squeeze[dimensions=(0,)] bal
          bdk:i32[] = squeeze[dimensions=(0,)] bam
          bdl:i32[] = squeeze[dimensions=(0,)] ban
          bdm:i32[] = squeeze[dimensions=(0,)] bap
          bdn:i32[] = squeeze[dimensions=(0,)] baq
          bdo:i32[] = squeeze[dimensions=(0,)] bar
          bdp:i32[] = squeeze[dimensions=(0,)] bas
          bdq:bf16[16384,4096] = reshape[
            dimensions=None
            new_sizes=(16384, 4096)
            sharding=None
          ] bau
          bdr:bf16[4,4096,2] bds:i32[4,4096,2] = top_k[axis=2 k=2] bav
          bdt:f32[4,4096,2] = convert_element_type[
            new_dtype=float32
            weak_type=False
          ] bdr
          bdu:f32[4,4096] = reduce_max[axes=(2,)] bdt
          bdv:f32[4,4096] = max -inf:f32[] bdu
          bdw:f32[4,4096,1] = broadcast_in_dim[broadcast_dimensions=(0, 1)] bdv
          bdx:f32[4,4096,1] = stop_gradient bdw
          bdy:f32[4,4096,2] = sub bdt bdx
          bdz:f32[4,4096,2] = exp bdy
          bea:f32[4,4096] = reduce_sum[axes=(2,) out_sharding=None] bdz
          beb:f32[4,4096,1] = broadcast_in_dim[broadcast_dimensions=(0, 1)] bea
          bec:f32[4,4096,2] = div bdz beb
          bed:bf16[4,4096,2] = convert_element_type[
            new_dtype=bfloat16
            weak_type=False
          ] bec
          bee:i32[32768] = reshape[
            dimensions=None
            new_sizes=(32768,)
            sharding=None
          ] bds
          bef:i32[32768] = jit[
            name=argsort
            ctx_mesh=Mesh('diloco': 1, 'data': 1, 'stage': 1, 'fsdp': 1, 'fsdp_transpose': 1, 'context': 1, 'context_autoregressive': 1, 'tensor': 1, 'tensor_transpose': 1, 'tensor_sequence': 1, 'expert': 8, 'autoregressive': 1, axis_types=(Auto, Auto, Auto, Auto, Auto, Auto, Auto, Auto, Auto, Auto, Auto, Auto))
            jaxpr=argsort
          ] bee uq
          beg:bf16[16384,2,4096] = broadcast_in_dim[broadcast_dimensions=(0, 2)] bdq
          beh:bf16[32768,4096] = reshape[
            dimensions=None
            new_sizes=(32768, 4096)
            sharding=None
          ] beg
          bei:bf16[32768,4096] = custom_vjp_call[
            name=_sort_activations_custom
            bwd=_sort_activations_custom_bwd
            call_jaxpr={ lambda ; bej:bf16[32768,4096] bek:i32[32768]. let
                bel:bool[32768] = lt bek 0:i32[]
                bem:i32[32768] = add bek 32768:i32[]
                ben:i32[32768] = select_n bel bek bem
                beo:i32[32768,1] = broadcast_in_dim[broadcast_dimensions=(0,)] ben
                bep:bf16[32768,4096] = gather[
                  dimension_numbers=GatherDimensionNumbers(offset_dims=(1,), collapsed_slice_dims=(0,), start_index_map=(0,), operand_batching_dims=(), start_indices_batching_dims=())
                  fill_value=None
                  indices_are_sorted=False
                  mode=GatherScatterMode.PROMISE_IN_BOUNDS
                  slice_sizes=(1, 4096)
                  unique_indices=False
                ] bej beo
              in (bep,) }
            fwd=_sort_activations_custom_fwd
            symbolic_zeros=False
          ] beh bef
          beq:i32[32768] = jit[
            name=clip
            ctx_mesh=Mesh('diloco': 1, 'data': 1, 'stage': 1, 'fsdp': 1, 'fsdp_transpose': 1, 'context': 1, 'context_autoregressive': 1, 'tensor': 1, 'tensor_transpose': 1, 'tensor_sequence': 1, 'expert': 8, 'autoregressive': 1, axis_types=(Auto, Auto, Auto, Auto, Auto, Auto, Auto, Auto, Auto, Auto, Auto, Auto))
            jaxpr={ lambda ; bee:i32[32768] baz:i32[]. let
                beq:i32[32768] = max baz bee
              in (beq,) }
          ] bee baz
          ber:bool[32768] = lt beq 0:i32[]
          bes:i32[32768] = add beq 8:i32[]
          bet:i32[32768] = select_n ber beq bes
          beu:i32[32768,1] = broadcast_in_dim[broadcast_dimensions=(0,)] bet
          bev:i32[8] = scatter-add[
            dimension_numbers=ScatterDimensionNumbers(update_window_dims=(), inserted_window_dims=(0,), scatter_dims_to_operand_dims=(0,), operand_batching_dims=(), scatter_indices_batching_dims=())
            indices_are_sorted=False
            mode=GatherScatterMode.FILL_OR_DROP
            unique_indices=False
            update_consts=()
            update_jaxpr=jaxpr
          ] ut beu uv
          bew:i32[8,1] = reshape[dimensions=None new_sizes=(8, 1) sharding=None] bev
          bex:i32[8] = reduce_sum[axes=(1,) out_sharding=None] bew
          bey:i32[8,8] = all_gather[
            all_gather_dimension=0
            axis_index_groups=None
            axis_name=('expert',)
            axis_size=8
            tiled=False
          ] bex
          bez:i32[1,8] = dynamic_slice[slice_sizes=(1, 8)] bey bba bbb
          bfa:i32[8] = squeeze[dimensions=(0,)] bez
          bfb:i32[8] = jit[
            name=cumsum
            ctx_mesh=Mesh('diloco': 1, 'data': 1, 'stage': 1, 'fsdp': 1, 'fsdp_transpose': 1, 'context': 1, 'context_autoregressive': 1, 'tensor': 1, 'tensor_transpose': 1, 'tensor_sequence': 1, 'expert': 8, 'autoregressive': 1, axis_types=(Auto, Auto, Auto, Auto, Auto, Auto, Auto, Auto, Auto, Auto, Auto, Auto))
            jaxpr=cumsum
          ] bfa
          bfc:i32[7] = slice[limit_indices=(7,) start_indices=(0,) strides=None] bfb
          bfd:i32[8] = concatenate[dimension=0] us bfc
          bfe:i32[1,8] = dynamic_slice[slice_sizes=(1, 8)] bey bbc bbd
          bff:i32[8] = squeeze[dimensions=(0,)] bfe
          bfg:i32[9,8] = concatenate[dimension=0] va bey
          bfh:i32[9,8] = jit[
            name=cumsum
            ctx_mesh=Mesh('diloco': 1, 'data': 1, 'stage': 1, 'fsdp': 1, 'fsdp_transpose': 1, 'context': 1, 'context_autoregressive': 1, 'tensor': 1, 'tensor_transpose': 1, 'tensor_sequence': 1, 'expert': 8, 'autoregressive': 1, axis_types=(Auto, Auto, Auto, Auto, Auto, Auto, Auto, Auto, Auto, Auto, Auto, Auto))
            jaxpr=cumsum1
          ] bfg
          bfi:i32[1,8] = dynamic_slice[slice_sizes=(1, 8)] bfh bbe bbf
          bfj:i32[8] = squeeze[dimensions=(0,)] bfi
          bfk:i32[8,1] = dynamic_slice[slice_sizes=(8, 1)] bey bbg bbh
          bfl:i32[8] = squeeze[dimensions=(1,)] bfk
          bfm:bf16[131072,4096] = ragged_all_to_all[
            axis_index_groups=None
            axis_name=('expert',)
          ] bei ur bfd bff bfj bfl
          bfn:i32[8,8] = all_gather[
            all_gather_dimension=0
            axis_index_groups=None
            axis_name=('expert',)
            axis_size=8
            tiled=False
          ] bev
          bfo:i32[8,1] = dynamic_slice[slice_sizes=(8, 1)] bfn 0:i32[] bbi
          bfp:i32[8] = reshape[dimensions=None new_sizes=(8,) sharding=None] bfo
          bfq:i32[1] = reduce_sum[axes=(0,) out_sharding=None] bfo
          bfr:i32[8] = jit[
            name=_roll_static
            ctx_mesh=Mesh('diloco': 1, 'data': 1, 'stage': 1, 'fsdp': 1, 'fsdp_transpose': 1, 'context': 1, 'context_autoregressive': 1, 'tensor': 1, 'tensor_transpose': 1, 'tensor_sequence': 1, 'expert': 8, 'autoregressive': 1, axis_types=(Auto, Auto, Auto, Auto, Auto, Auto, Auto, Auto, Auto, Auto, Auto, Auto))
            jaxpr={ lambda ; bfp:i32[8]. let
                bfs:i32[1] = slice[
                  limit_indices=(8,)
                  start_indices=(7,)
                  strides=(1,)
                ] bfp
                bft:i32[7] = slice[
                  limit_indices=(7,)
                  start_indices=(0,)
                  strides=(1,)
                ] bfp
                bfr:i32[8] = concatenate[dimension=0] bfs bft
              in (bfr,) }
          ] bfp
          bfu:i32[8] = scatter[
            dimension_numbers=ScatterDimensionNumbers(update_window_dims=(), inserted_window_dims=(0,), scatter_dims_to_operand_dims=(0,), operand_batching_dims=(), scatter_indices_batching_dims=())
            indices_are_sorted=True
            mode=GatherScatterMode.FILL_OR_DROP
            unique_indices=True
            update_consts=()
            update_jaxpr=None
          ] bfr vh 0:i32[]
          bfv:i32[8] = jit[
            name=cumsum
            ctx_mesh=Mesh('diloco': 1, 'data': 1, 'stage': 1, 'fsdp': 1, 'fsdp_transpose': 1, 'context': 1, 'context_autoregressive': 1, 'tensor': 1, 'tensor_transpose': 1, 'tensor_sequence': 1, 'expert': 8, 'autoregressive': 1, axis_types=(Auto, Auto, Auto, Auto, Auto, Auto, Auto, Auto, Auto, Auto, Auto, Auto))
            jaxpr=cumsum
          ] bfu
          bfw:bool[8] = lt bfv 0:i32[]
          bfx:i32[8] = add bfv 131072:i32[]
          bfy:i32[8] = select_n bfw bfv bfx
          bfz:i32[8,1] = broadcast_in_dim[broadcast_dimensions=(0,)] bfy
          bga:i32[131072] = scatter-add[
            dimension_numbers=ScatterDimensionNumbers(update_window_dims=(), inserted_window_dims=(0,), scatter_dims_to_operand_dims=(0,), operand_batching_dims=(), scatter_indices_batching_dims=())
            indices_are_sorted=False
            mode=GatherScatterMode.FILL_OR_DROP
            unique_indices=False
            update_consts=()
            update_jaxpr=jaxpr
          ] vf bfz vi
          bgb:i32[131072] = jit[
            name=cumsum
            ctx_mesh=Mesh('diloco': 1, 'data': 1, 'stage': 1, 'fsdp': 1, 'fsdp_transpose': 1, 'context': 1, 'context_autoregressive': 1, 'tensor': 1, 'tensor_transpose': 1, 'tensor_sequence': 1, 'expert': 8, 'autoregressive': 1, axis_types=(Auto, Auto, Auto, Auto, Auto, Auto, Auto, Auto, Auto, Auto, Auto, Auto))
            jaxpr={ lambda ; bga:i32[131072]. let
                bgb:i32[131072] = cumsum[axis=0 reverse=False] bga
              in (bgb,) }
          ] bga
          bgc:i32[131072] = sub bgb 1:i32[]
          bgd:i32[131072] = jit[
            name=_take
            ctx_mesh=Mesh('diloco': 1, 'data': 1, 'stage': 1, 'fsdp': 1, 'fsdp_transpose': 1, 'context': 1, 'context_autoregressive': 1, 'tensor': 1, 'tensor_transpose': 1, 'tensor_sequence': 1, 'expert': 8, 'autoregressive': 1, axis_types=(Auto, Auto, Auto, Auto, Auto, Auto, Auto, Auto, Auto, Auto, Auto, Auto))
            jaxpr={ lambda ; bgc:i32[131072] vj:i32[8]. let
                bge:bool[131072] = lt bgc 0:i32[]
                bgf:i32[131072] = add bgc 8:i32[]
                bgg:i32[131072] = jit[
                  name=_where
                  ctx_mesh=Mesh('diloco': 1, 'data': 1, 'stage': 1, 'fsdp': 1, 'fsdp_transpose': 1, 'context': 1, 'context_autoregressive': 1, 'tensor': 1, 'tensor_transpose': 1, 'tensor_sequence': 1, 'expert': 8, 'autoregressive': 1, axis_types=(Auto, Auto, Auto, Auto, Auto, Auto, Auto, Auto, Auto, Auto, Auto, Auto))
                  jaxpr={ lambda ; bge:bool[131072] bgf:i32[131072] bgc:i32[131072]. let
                      bgg:i32[131072] = select_n bge bgc bgf
                    in (bgg,) }
                ] bge bgf bgc
                bgh:i32[131072,1] = broadcast_in_dim[broadcast_dimensions=(0,)] bgg
                bgd:i32[131072] = gather[
                  dimension_numbers=GatherDimensionNumbers(offset_dims=(), collapsed_slice_dims=(0,), start_index_map=(0,), operand_batching_dims=(), start_indices_batching_dims=())
                  fill_value=-2147483648
                  indices_are_sorted=False
                  mode=GatherScatterMode.FILL_OR_DROP
                  slice_sizes=(1,)
                  unique_indices=False
                ] vj bgh
              in (bgd,) }
          ] bgc vj
          bgi:i32[131072] = jit[
            name=argsort
            ctx_mesh=Mesh('diloco': 1, 'data': 1, 'stage': 1, 'fsdp': 1, 'fsdp_transpose': 1, 'context': 1, 'context_autoregressive': 1, 'tensor': 1, 'tensor_transpose': 1, 'tensor_sequence': 1, 'expert': 8, 'autoregressive': 1, axis_types=(Auto, Auto, Auto, Auto, Auto, Auto, Auto, Auto, Auto, Auto, Auto, Auto))
            jaxpr=argsort1
          ] bgd vk
          bgj:bf16[131072,4096] = custom_vjp_call[
            name=_sort_activations_custom
            bwd=_sort_activations_custom_bwd
            call_jaxpr={ lambda ; bgk:bf16[131072,4096] bgl:i32[131072]. let
                bgm:bool[131072] = lt bgl 0:i32[]
                bgn:i32[131072] = add bgl 131072:i32[]
                bgo:i32[131072] = select_n bgm bgl bgn
                bgp:i32[131072,1] = broadcast_in_dim[broadcast_dimensions=(0,)] bgo
                bgq:bf16[131072,4096] = gather[
                  dimension_numbers=GatherDimensionNumbers(offset_dims=(1,), collapsed_slice_dims=(0,), start_index_map=(0,), operand_batching_dims=(), start_indices_batching_dims=())
                  fill_value=None
                  indices_are_sorted=False
                  mode=GatherScatterMode.PROMISE_IN_BOUNDS
                  slice_sizes=(1, 4096)
                  unique_indices=False
                ] bgk bgp
              in (bgq,) }
            fwd=_sort_activations_custom_fwd
            symbolic_zeros=False
          ] bfm bgi
          bgr:bf16[131072,14336] = jit[
            name=gmm
            ctx_mesh=Mesh('diloco': 1, 'data': 1, 'stage': 1, 'fsdp': 1, 'fsdp_transpose': 1, 'context': 1, 'context_autoregressive': 1, 'tensor': 1, 'tensor_transpose': 1, 'tensor_sequence': 1, 'expert': 8, 'autoregressive': 1, axis_types=(Auto, Auto, Auto, Auto, Auto, Auto, Auto, Auto, Auto, Auto, Auto, Auto))
            jaxpr=gmm
          ] bgj baw bfq bbj bbk vn bbl bbm vq bbn bbo vt vu vv vw vx vy bbp bbq bbr
            wc wd we bbs bbt bbu bbv wj bbw wl bbx wn wo wp wq wr ws wt wu wv ww
            wx bby bbz xa
          bgs:bf16[131072,14336] = name[name=mlpwi_0] bgr
          bgt:bf16[131072,14336] = name[name=moe_mlpwi_0] bgs
          bgu:bf16[131072,14336] = jit[
            name=gmm
            ctx_mesh=Mesh('diloco': 1, 'data': 1, 'stage': 1, 'fsdp': 1, 'fsdp_transpose': 1, 'context': 1, 'context_autoregressive': 1, 'tensor': 1, 'tensor_transpose': 1, 'tensor_sequence': 1, 'expert': 8, 'autoregressive': 1, axis_types=(Auto, Auto, Auto, Auto, Auto, Auto, Auto, Auto, Auto, Auto, Auto, Auto))
            jaxpr=gmm
          ] bgj bax bfq bca bcb xd bcc bcd xg bce bcf xj xk xl xm xn xo bcg bch bci
            xs xt xu bcj bck bcl bcm xz bcn yb bco yd ye yf yg yh yi yj yk yl ym
            yn bcp bcq yq
          bgv:bf16[131072,14336] = name[name=moe_mlpwi_1] bgu
          bgw:bf16[131072,14336] = jit[
            name=silu
            ctx_mesh=Mesh('diloco': 1, 'data': 1, 'stage': 1, 'fsdp': 1, 'fsdp_transpose': 1, 'context': 1, 'context_autoregressive': 1, 'tensor': 1, 'tensor_transpose': 1, 'tensor_sequence': 1, 'expert': 8, 'autoregressive': 1, axis_types=(Auto, Auto, Auto, Auto, Auto, Auto, Auto, Auto, Auto, Auto, Auto, Auto))
            jaxpr={ lambda ; bgt:bf16[131072,14336]. let
                bgx:bf16[131072,14336] = logistic bgt
                bgw:bf16[131072,14336] = mul bgt bgx
              in (bgw,) }
          ] bgt
          bgy:bf16[131072,14336] = mul bgw bgv
          bgz:bf16[131072,4096] = jit[
            name=gmm
            ctx_mesh=Mesh('diloco': 1, 'data': 1, 'stage': 1, 'fsdp': 1, 'fsdp_transpose': 1, 'context': 1, 'context_autoregressive': 1, 'tensor': 1, 'tensor_transpose': 1, 'tensor_sequence': 1, 'expert': 8, 'autoregressive': 1, axis_types=(Auto, Auto, Auto, Auto, Auto, Auto, Auto, Auto, Auto, Auto, Auto, Auto))
            jaxpr={ lambda ; bgy:bf16[131072,14336] bay:bf16[1,14336,4096] bfq:i32[1]
                bcr:i32[] bcs:i32[] yt:i32[1] bct:i32[] bcu:i32[] yw:i32[1] bcv:i32[]
                bcw:i32[] yz:bool[1] za:i32[1] zb:i32[256] zc:i32[1] zd:i32[1] ze:i32[1]
                bcx:i32[] bcy:i32[] bcz:bool[] zi:i32[256] zj:f32[257] zk:i32[1]
                bda:i32[] bdb:bool[] bdc:i32[] bdd:i32[] zp:i32[1] bde:f32[] zr:f32[257]
                bdf:u32[] zt:f32[1] zu:f32[1] zv:f32[1] zw:f32[1] zx:u32[1] zy:u32[1]
                zz:i32[1] baa:f32[1] bab:i32[1] bac:i32[256] bad:i32[256] bdg:i32[]
                bdh:bool[] bag:i32[1]. let
                bha:i32[1] = jit[
                  name=cumsum
                  ctx_mesh=Mesh('diloco': 1, 'data': 1, 'stage': 1, 'fsdp': 1, 'fsdp_transpose': 1, 'context': 1, 'context_autoregressive': 1, 'tensor': 1, 'tensor_transpose': 1, 'tensor_sequence': 1, 'expert': 8, 'autoregressive': 1, axis_types=(Auto, Auto, Auto, Auto, Auto, Auto, Auto, Auto, Auto, Auto, Auto, Auto))
                  jaxpr=cumsum2
                ] bfq
                bhb:i32[2] = concatenate[dimension=0] zk bha
                bhc:i32[1] = add bha 512:i32[]
                bhd:i32[1] = sub bhc 1:i32[]
                bhe:i32[1] = jit[
                  name=floor_divide
                  ctx_mesh=Mesh('diloco': 1, 'data': 1, 'stage': 1, 'fsdp': 1, 'fsdp_transpose': 1, 'context': 1, 'context_autoregressive': 1, 'tensor': 1, 'tensor_transpose': 1, 'tensor_sequence': 1, 'expert': 8, 'autoregressive': 1, axis_types=(Auto, Auto, Auto, Auto, Auto, Auto, Auto, Auto, Auto, Auto, Auto, Auto))
                  jaxpr=floor_divide
                ] bhd bcr bcs
                bhf:i32[1] = mul bhe 512:i32[]
                bhg:i32[0] = slice[
                  limit_indices=(0,)
                  start_indices=(0,)
                  strides=None
                ] bha
                bhh:i32[1] = concatenate[dimension=0] yt bhg
                bhi:i32[1] = jit[
                  name=floor_divide
                  ctx_mesh=Mesh('diloco': 1, 'data': 1, 'stage': 1, 'fsdp': 1, 'fsdp_transpose': 1, 'context': 1, 'context_autoregressive': 1, 'tensor': 1, 'tensor_transpose': 1, 'tensor_sequence': 1, 'expert': 8, 'autoregressive': 1, axis_types=(Auto, Auto, Auto, Auto, Auto, Auto, Auto, Auto, Auto, Auto, Auto, Auto))
                  jaxpr=floor_divide
                ] bhh bct bcu
                bhj:i32[1] = mul bhi 512:i32[]
                bhk:i32[1] = sub bhf bhj
                bhl:bool[1] = eq bfq 0:i32[]
                bhm:i32[1] = jit[
                  name=_where
                  ctx_mesh=Mesh('diloco': 1, 'data': 1, 'stage': 1, 'fsdp': 1, 'fsdp_transpose': 1, 'context': 1, 'context_autoregressive': 1, 'tensor': 1, 'tensor_transpose': 1, 'tensor_sequence': 1, 'expert': 8, 'autoregressive': 1, axis_types=(Auto, Auto, Auto, Auto, Auto, Auto, Auto, Auto, Auto, Auto, Auto, Auto))
                  jaxpr=_where
                ] bhl bhk yw
                bhn:i32[1] = jit[
                  name=floor_divide
                  ctx_mesh=Mesh('diloco': 1, 'data': 1, 'stage': 1, 'fsdp': 1, 'fsdp_transpose': 1, 'context': 1, 'context_autoregressive': 1, 'tensor': 1, 'tensor_transpose': 1, 'tensor_sequence': 1, 'expert': 8, 'autoregressive': 1, axis_types=(Auto, Auto, Auto, Auto, Auto, Auto, Auto, Auto, Auto, Auto, Auto, Auto))
                  jaxpr=floor_divide
                ] bhm bcv bcw
                bho:i32[1] = jit[
                  name=_roll_static
                  ctx_mesh=Mesh('diloco': 1, 'data': 1, 'stage': 1, 'fsdp': 1, 'fsdp_transpose': 1, 'context': 1, 'context_autoregressive': 1, 'tensor': 1, 'tensor_transpose': 1, 'tensor_sequence': 1, 'expert': 8, 'autoregressive': 1, axis_types=(Auto, Auto, Auto, Auto, Auto, Auto, Auto, Auto, Auto, Auto, Auto, Auto))
                  jaxpr=_roll_static
                ] bhn
                bhp:i32[1] = scatter[
                  dimension_numbers=ScatterDimensionNumbers(update_window_dims=(), inserted_window_dims=(0,), scatter_dims_to_operand_dims=(0,), operand_batching_dims=(), scatter_indices_batching_dims=())
                  indices_are_sorted=True
                  mode=GatherScatterMode.FILL_OR_DROP
                  unique_indices=True
                  update_consts=()
                  update_jaxpr=None
                ] bho zc 0:i32[]
                bhq:i32[1] = jit[
                  name=cumsum
                  ctx_mesh=Mesh('diloco': 1, 'data': 1, 'stage': 1, 'fsdp': 1, 'fsdp_transpose': 1, 'context': 1, 'context_autoregressive': 1, 'tensor': 1, 'tensor_transpose': 1, 'tensor_sequence': 1, 'expert': 8, 'autoregressive': 1, axis_types=(Auto, Auto, Auto, Auto, Auto, Auto, Auto, Auto, Auto, Auto, Auto, Auto))
                  jaxpr=cumsum2
                ] bhp
                bhr:bool[1] = lt bhq 0:i32[]
                bhs:i32[1] = add bhq 256:i32[]
                bht:i32[1] = select_n bhr bhq bhs
                bhu:i32[1,1] = broadcast_in_dim[broadcast_dimensions=(0,)] bht
                bhv:i32[256] = scatter-add[
                  dimension_numbers=ScatterDimensionNumbers(update_window_dims=(), inserted_window_dims=(0,), scatter_dims_to_operand_dims=(0,), operand_batching_dims=(), scatter_indices_batching_dims=())
                  indices_are_sorted=False
                  mode=GatherScatterMode.FILL_OR_DROP
                  unique_indices=False
                  update_consts=()
                  update_jaxpr=jaxpr
                ] zb bhu zd
                bhw:i32[256] = jit[
                  name=cumsum
                  ctx_mesh=Mesh('diloco': 1, 'data': 1, 'stage': 1, 'fsdp': 1, 'fsdp_transpose': 1, 'context': 1, 'context_autoregressive': 1, 'tensor': 1, 'tensor_transpose': 1, 'tensor_sequence': 1, 'expert': 8, 'autoregressive': 1, axis_types=(Auto, Auto, Auto, Auto, Auto, Auto, Auto, Auto, Auto, Auto, Auto, Auto))
                  jaxpr=cumsum3
                ] bhv
                bhx:i32[256] = sub bhw 1:i32[]
                bhy:i32[256] = jit[
                  name=_take
                  ctx_mesh=Mesh('diloco': 1, 'data': 1, 'stage': 1, 'fsdp': 1, 'fsdp_transpose': 1, 'context': 1, 'context_autoregressive': 1, 'tensor': 1, 'tensor_transpose': 1, 'tensor_sequence': 1, 'expert': 8, 'autoregressive': 1, axis_types=(Auto, Auto, Auto, Auto, Auto, Auto, Auto, Auto, Auto, Auto, Auto, Auto))
                  jaxpr=_take
                ] bhx ze
                bhz:i32[1] = slice[
                  limit_indices=(1,)
                  start_indices=(0,)
                  strides=None
                ] bhb
                bia:i32[1] = jit[
                  name=remainder
                  ctx_mesh=Mesh('diloco': 1, 'data': 1, 'stage': 1, 'fsdp': 1, 'fsdp_transpose': 1, 'context': 1, 'context_autoregressive': 1, 'tensor': 1, 'tensor_transpose': 1, 'tensor_sequence': 1, 'expert': 8, 'autoregressive': 1, axis_types=(Auto, Auto, Auto, Auto, Auto, Auto, Auto, Auto, Auto, Auto, Auto, Auto))
                  jaxpr=remainder
                ] bhz bda bdb
                bib:bool[1] = eq bia 0:i32[]
                bic:bool[1] = eq bfq 0:i32[]
                bid:bool[1] = or bib bic
                bie:i32[1] = slice[
                  limit_indices=(1,)
                  start_indices=(0,)
                  strides=None
                ] bhb
                bif:i32[1] = jit[
                  name=floor_divide
                  ctx_mesh=Mesh('diloco': 1, 'data': 1, 'stage': 1, 'fsdp': 1, 'fsdp_transpose': 1, 'context': 1, 'context_autoregressive': 1, 'tensor': 1, 'tensor_transpose': 1, 'tensor_sequence': 1, 'expert': 8, 'autoregressive': 1, axis_types=(Auto, Auto, Auto, Auto, Auto, Auto, Auto, Auto, Auto, Auto, Auto, Auto))
                  jaxpr=floor_divide
                ] bie bdc bdd
                big:i32[1] = jit[
                  name=_where
                  ctx_mesh=Mesh('diloco': 1, 'data': 1, 'stage': 1, 'fsdp': 1, 'fsdp_transpose': 1, 'context': 1, 'context_autoregressive': 1, 'tensor': 1, 'tensor_transpose': 1, 'tensor_sequence': 1, 'expert': 8, 'autoregressive': 1, axis_types=(Auto, Auto, Auto, Auto, Auto, Auto, Auto, Auto, Auto, Auto, Auto, Auto))
                  jaxpr=_where
                ] bid bif zp
                bih:f32[1] = convert_element_type[
                  new_dtype=float32
                  weak_type=False
                ] big
                bii:i32[1] = jit[
                  name=searchsorted
                  ctx_mesh=Mesh('diloco': 1, 'data': 1, 'stage': 1, 'fsdp': 1, 'fsdp_transpose': 1, 'context': 1, 'context_autoregressive': 1, 'tensor': 1, 'tensor_transpose': 1, 'tensor_sequence': 1, 'expert': 8, 'autoregressive': 1, axis_types=(Auto, Auto, Auto, Auto, Auto, Auto, Auto, Auto, Auto, Auto, Auto, Auto))
                  jaxpr=searchsorted
                ] bih zr bdf zt zu zv zw zx zy
                bij:bool[1] = eq bih bde
                bik:i32[1] = jit[
                  name=_where
                  ctx_mesh=Mesh('diloco': 1, 'data': 1, 'stage': 1, 'fsdp': 1, 'fsdp_transpose': 1, 'context': 1, 'context_autoregressive': 1, 'tensor': 1, 'tensor_transpose': 1, 'tensor_sequence': 1, 'expert': 8, 'autoregressive': 1, axis_types=(Auto, Auto, Auto, Auto, Auto, Auto, Auto, Auto, Auto, Auto, Auto, Auto))
                  jaxpr=_where
                ] bij bii zz
                bil:bool[1] = lt bik 0:i32[]
                bim:i32[1] = add bik 257:i32[]
                bin:i32[1] = select_n bil bik bim
                bio:i32[1,1] = broadcast_in_dim[broadcast_dimensions=(0,)] bin
                bip:f32[257] = scatter-add[
                  dimension_numbers=ScatterDimensionNumbers(update_window_dims=(), inserted_window_dims=(0,), scatter_dims_to_operand_dims=(0,), operand_batching_dims=(), scatter_indices_batching_dims=())
                  indices_are_sorted=False
                  mode=GatherScatterMode.FILL_OR_DROP
                  unique_indices=False
                  update_consts=()
                  update_jaxpr=jaxpr1
                ] zj bio baa
                biq:f32[256] = slice[
                  limit_indices=(257,)
                  start_indices=(1,)
                  strides=None
                ] bip
                bir:f32[256] = add biq 1.0:f32[]
                bis:i32[256] = convert_element_type[
                  new_dtype=int32
                  weak_type=False
                ] bir
                bit:i32[256] = jit[
                  name=_roll_static
                  ctx_mesh=Mesh('diloco': 1, 'data': 1, 'stage': 1, 'fsdp': 1, 'fsdp_transpose': 1, 'context': 1, 'context_autoregressive': 1, 'tensor': 1, 'tensor_transpose': 1, 'tensor_sequence': 1, 'expert': 8, 'autoregressive': 1, axis_types=(Auto, Auto, Auto, Auto, Auto, Auto, Auto, Auto, Auto, Auto, Auto, Auto))
                  jaxpr=_roll_static1
                ] bis
                biu:i32[256] = scatter[
                  dimension_numbers=ScatterDimensionNumbers(update_window_dims=(), inserted_window_dims=(0,), scatter_dims_to_operand_dims=(0,), operand_batching_dims=(), scatter_indices_batching_dims=())
                  indices_are_sorted=True
                  mode=GatherScatterMode.FILL_OR_DROP
                  unique_indices=True
                  update_consts=()
                  update_jaxpr=None
                ] bit bab 0:i32[]
                biv:i32[256] = jit[
                  name=cumsum
                  ctx_mesh=Mesh('diloco': 1, 'data': 1, 'stage': 1, 'fsdp': 1, 'fsdp_transpose': 1, 'context': 1, 'context_autoregressive': 1, 'tensor': 1, 'tensor_transpose': 1, 'tensor_sequence': 1, 'expert': 8, 'autoregressive': 1, axis_types=(Auto, Auto, Auto, Auto, Auto, Auto, Auto, Auto, Auto, Auto, Auto, Auto))
                  jaxpr=cumsum3
                ] biu
                biw:bool[256] = lt biv 0:i32[]
                bix:i32[256] = add biv 256:i32[]
                biy:i32[256] = select_n biw biv bix
                biz:i32[256,1] = broadcast_in_dim[broadcast_dimensions=(0,)] biy
                bja:i32[256] = scatter-add[
                  dimension_numbers=ScatterDimensionNumbers(update_window_dims=(), inserted_window_dims=(0,), scatter_dims_to_operand_dims=(0,), operand_batching_dims=(), scatter_indices_batching_dims=())
                  indices_are_sorted=False
                  mode=GatherScatterMode.FILL_OR_DROP
                  unique_indices=False
                  update_consts=()
                  update_jaxpr=jaxpr
                ] zi biz bac
                bjb:i32[256] = jit[
                  name=cumsum
                  ctx_mesh=Mesh('diloco': 1, 'data': 1, 'stage': 1, 'fsdp': 1, 'fsdp_transpose': 1, 'context': 1, 'context_autoregressive': 1, 'tensor': 1, 'tensor_transpose': 1, 'tensor_sequence': 1, 'expert': 8, 'autoregressive': 1, axis_types=(Auto, Auto, Auto, Auto, Auto, Auto, Auto, Auto, Auto, Auto, Auto, Auto))
                  jaxpr=cumsum3
                ] bja
                bjc:i32[256] = sub bjb 1:i32[]
                bjd:i32[256] = jit[
                  name=_take
                  ctx_mesh=Mesh('diloco': 1, 'data': 1, 'stage': 1, 'fsdp': 1, 'fsdp_transpose': 1, 'context': 1, 'context_autoregressive': 1, 'tensor': 1, 'tensor_transpose': 1, 'tensor_sequence': 1, 'expert': 8, 'autoregressive': 1, axis_types=(Auto, Auto, Auto, Auto, Auto, Auto, Auto, Auto, Auto, Auto, Auto, Auto))
                  jaxpr=_take1
                ] bjc bad
                bje:bool[256] = lt bhy bcx
                bjf:i32[256] = convert_element_type[
                  new_dtype=int32
                  weak_type=False
                ] bje
                bjg:i32[] = reduce_sum[axes=(0,) out_sharding=None] bjf
                bjh:i32[] = neg bjg
                bji:i32[256] = jit[
                  name=_roll_dynamic
                  ctx_mesh=Mesh('diloco': 1, 'data': 1, 'stage': 1, 'fsdp': 1, 'fsdp_transpose': 1, 'context': 1, 'context_autoregressive': 1, 'tensor': 1, 'tensor_transpose': 1, 'tensor_sequence': 1, 'expert': 8, 'autoregressive': 1, axis_types=(Auto, Auto, Auto, Auto, Auto, Auto, Auto, Auto, Auto, Auto, Auto, Auto))
                  jaxpr=_roll_dynamic
                ] bhy bjh bcy bcz
                bjj:i32[] = neg bjg
                bjk:i32[256] = jit[
                  name=_roll_dynamic
                  ctx_mesh=Mesh('diloco': 1, 'data': 1, 'stage': 1, 'fsdp': 1, 'fsdp_transpose': 1, 'context': 1, 'context_autoregressive': 1, 'tensor': 1, 'tensor_transpose': 1, 'tensor_sequence': 1, 'expert': 8, 'autoregressive': 1, axis_types=(Auto, Auto, Auto, Auto, Auto, Auto, Auto, Auto, Auto, Auto, Auto, Auto))
                  jaxpr=_roll_dynamic
                ] bjd bjj bdg bdh
                bjl:i32[1] = jit[
                  name=_where
                  ctx_mesh=Mesh('diloco': 1, 'data': 1, 'stage': 1, 'fsdp': 1, 'fsdp_transpose': 1, 'context': 1, 'context_autoregressive': 1, 'tensor': 1, 'tensor_transpose': 1, 'tensor_sequence': 1, 'expert': 8, 'autoregressive': 1, axis_types=(Auto, Auto, Auto, Auto, Auto, Auto, Auto, Auto, Auto, Auto, Auto, Auto))
                  jaxpr=_where1
                ] bhn yz za
                bjm:i32[] = reduce_sum[axes=(0,) out_sharding=None] bjl
                bgz:bf16[131072,4096] = pallas_call[
                  compiler_params=CompilerParams(dimension_semantics=('parallel', 'arbitrary', 'arbitrary'), allow_input_fusion=None, vmem_limit_bytes=None, collective_id=None, has_side_effects=False, flags=None, internal_scratch_in_bytes=None, serialization_format=1, kernel_type=TC, disable_bounds_checks=False, disable_semaphore_checks=False, skip_device_barrier=False, allow_collective_id_without_custom_barrier=False, shape_invariant_numerics=True, use_tc_tiling_on_sc=None)
                  cost_estimate=CostEstimate(flops=15393162788864, transcendentals=0, bytes_accessed=46170898432, remote_bytes_transferred=0)
                  debug=False
                  grid_mapping=GridMapping(grid=(4, DynamicGridDim, 14), block_mappings=(BlockMapping(block_shape=(Blocked(block_size=512), Blocked(block_size=1024))), BlockMapping(block_shape=(Squeezed(), Blocked(block_size=1024), Blocked(block_size=1024))), BlockMapping(block_shape=(Blocked(block_size=512), Blocked(block_size=1024)))))
                  input_output_aliases=()
                  interpret=False
                  jaxpr={ lambda ; bjn:Ref<smem>{i32[2]} bjo:Ref<smem>{i32[256]}
                      bjp:Ref<smem>{i32[256]} bjq:Ref<smem>{i32[1]} bjr:Ref{bf16[512,1024]}
                      bjs:Ref{bf16[1024,1024]} bjt:Ref{bf16[512,1024]} bju:Ref<vmem>{f32[512,1024]}. let
                      bjv:i32[] = program_id[axis=1] 
                      bjw:i32[] = program_id[axis=2] 
                      bjx:bool[] = eq bjw 0:i32[]
                      bjy:i32[] = convert_element_type[
                        new_dtype=int32
                        weak_type=False
                      ] bjx
                      cond[
                        branches=(
                          { lambda ; bjz:Ref<vmem>{f32[512,1024]}. let  in () }
                          { lambda ; bka:Ref<vmem>{f32[512,1024]}. let
                              bkb:f32[512,1024] = broadcast_in_dim 0.0:f32[]
                              bka[...] <- bkb
                            in () }
                        )
                      ] bjy bju
                      bkc:bool[] = eq bjw 13:i32[]
                      bkd:i32[] = convert_element_type[
                        new_dtype=int32
                        weak_type=False
                      ] bkc
                      cond[
                        branches=(
                          { lambda ; bke:Ref{bf16[512,1024]} bkf:Ref{bf16[1024,1024]}
                              bkg:Ref<vmem>{f32[512,1024]} bkh:Ref<smem>{i32[256]}
                              bki:i32[] bkj:Ref<smem>{i32[2]} bkk:Ref<smem>{i32[256]}
                              bkl:Ref{bf16[512,1024]}. let
                              bkm:bf16[512,1024] <- bke[...]
                              bkn:bf16[1024,1024] <- bkf[...]
                              bko:f32[512,1024] <- bkg[...]
                              bkp:f32[512,1024] = dot_general[
                                dimension_numbers=(([1], [0]), ([], []))
                                preferred_element_type=float32
                              ] bkm bkn
                              bkq:f32[512,1024] = add bko bkp
                              bkg[...] <- bkq
                            in () }
                          { lambda ; bkr:Ref{bf16[512,1024]} bks:Ref{bf16[1024,1024]}
                              bkt:Ref<vmem>{f32[512,1024]} bku:Ref<smem>{i32[256]}
                              bkv:i32[] bkw:Ref<smem>{i32[2]} bkx:Ref<smem>{i32[256]}
                              bky:Ref{bf16[512,1024]}. let
                              bkz:bf16[512,1024] <- bkr[...]
                              bla:bf16[1024,1024] <- bks[...]
                              blb:f32[512,1024] <- bkt[...]
                              blc:f32[512,1024] = dot_general[
                                dimension_numbers=(([1], [0]), ([], []))
                                preferred_element_type=float32
                              ] bkz bla
                              bld:f32[512,1024] = add blb blc
                              bkt[...] <- bld
                              ble:i32[] <- bku[bkv]
                              blf:i32[] <- bkw[ble]
                              blg:i32[] = add ble 1:i32[]
                              blh:i32[] <- bkw[blg]
                              bli:i32[] <- bkx[bkv]
                              blj:i32[] = mul bli 512:i32[]
                              blk:i32[512,1024] = iota[
                                dimension=0
                                dtype=int32
                                shape=(512, 1024)
                                sharding=None
                              ] 
                              bll:i32[512,1024] = add blk blj
                              blm:bool[512,1024] = ge bll blf
                              bln:bool[512,1024] = lt bll blh
                              blo:bool[512,1024] = and blm bln
                              blp:f32[512,1024] <- bkt[...]
                              blq:bf16[512,1024] <- bky[...]
                              blr:f32[512,1024] = convert_element_type[
                                new_dtype=float32
                                weak_type=False
                              ] blq
                              bls:f32[512,1024] = select_n blo blr blp
                              blt:bf16[512,1024] = convert_element_type[
                                new_dtype=bfloat16
                                weak_type=False
                              ] bls
                              bky[...] <- blt
                            in () }
                        )
                      ] bkd bjr bjs bju bjo bjv bjn bjp bjt
                    in () }
                  mesh=None
                  metadata=FrozenDict({'xprof_metadata': '{"preferred_element_type": "bfloat16", "tiling": {"tile_m": 512, "tile_k": 1024, "tile_n": 1024}, "transpose_rhs": false}'})
                  name=None
                  out_avals=(ShapedArray(bfloat16[131072,4096]),)
                ] bjm bhb bji bjk bag bgy bay
              in (bgz,) }
          ] bgy bay bfq bcr bcs yt bct bcu yw bcv bcw yz za zb zc zd ze bcx bcy bcz
            zi zj zk bda bdb bdc bdd zp bde zr bdf zt zu zv zw zx zy zz baa bab bac
            bad bdg bdh bag
          blu:bf16[131072,4096] = name[name=mlpwo] bgz
          blv:bf16[131072,4096] = name[name=moe_mlpwo] blu
          blw:i32[131072] = jit[
            name=argsort
            ctx_mesh=Mesh('diloco': 1, 'data': 1, 'stage': 1, 'fsdp': 1, 'fsdp_transpose': 1, 'context': 1, 'context_autoregressive': 1, 'tensor': 1, 'tensor_transpose': 1, 'tensor_sequence': 1, 'expert': 8, 'autoregressive': 1, axis_types=(Auto, Auto, Auto, Auto, Auto, Auto, Auto, Auto, Auto, Auto, Auto, Auto))
            jaxpr=argsort1
          ] bgi bah
          blx:bf16[131072,4096] = custom_vjp_call[
            name=_sort_activations_custom
            bwd=_sort_activations_custom_bwd
            call_jaxpr={ lambda ; bly:bf16[131072,4096] blz:i32[131072]. let
                bma:bool[131072] = lt blz 0:i32[]
                bmb:i32[131072] = add blz 131072:i32[]
                bmc:i32[131072] = select_n bma blz bmb
                bmd:i32[131072,1] = broadcast_in_dim[broadcast_dimensions=(0,)] bmc
                bme:bf16[131072,4096] = gather[
                  dimension_numbers=GatherDimensionNumbers(offset_dims=(1,), collapsed_slice_dims=(0,), start_index_map=(0,), operand_batching_dims=(), start_indices_batching_dims=())
                  fill_value=None
                  indices_are_sorted=False
                  mode=GatherScatterMode.PROMISE_IN_BOUNDS
                  slice_sizes=(1, 4096)
                  unique_indices=False
                ] bly bmd
              in (bme,) }
            fwd=_sort_activations_custom_fwd
            symbolic_zeros=False
          ] blv blw
          bmf:i32[8,8] = transpose[permutation=(1, 0)] bey
          bmg:i32[1,8] = dynamic_slice[slice_sizes=(1, 8)] bmf bdi bdj
          bmh:i32[8] = squeeze[dimensions=(0,)] bmg
          bmi:i32[8] = jit[
            name=cumsum
            ctx_mesh=Mesh('diloco': 1, 'data': 1, 'stage': 1, 'fsdp': 1, 'fsdp_transpose': 1, 'context': 1, 'context_autoregressive': 1, 'tensor': 1, 'tensor_transpose': 1, 'tensor_sequence': 1, 'expert': 8, 'autoregressive': 1, axis_types=(Auto, Auto, Auto, Auto, Auto, Auto, Auto, Auto, Auto, Auto, Auto, Auto))
            jaxpr=cumsum
          ] bmh
          bmj:i32[7] = slice[limit_indices=(7,) start_indices=(0,) strides=None] bmi
          bmk:i32[8] = concatenate[dimension=0] baj bmj
          bml:i32[1,8] = dynamic_slice[slice_sizes=(1, 8)] bmf bdk bdl
          bmm:i32[8] = squeeze[dimensions=(0,)] bml
          bmn:i32[9,8] = concatenate[dimension=0] bao bmf
          bmo:i32[9,8] = jit[
            name=cumsum
            ctx_mesh=Mesh('diloco': 1, 'data': 1, 'stage': 1, 'fsdp': 1, 'fsdp_transpose': 1, 'context': 1, 'context_autoregressive': 1, 'tensor': 1, 'tensor_transpose': 1, 'tensor_sequence': 1, 'expert': 8, 'autoregressive': 1, axis_types=(Auto, Auto, Auto, Auto, Auto, Auto, Auto, Auto, Auto, Auto, Auto, Auto))
            jaxpr=cumsum1
          ] bmn
          bmp:i32[1,8] = dynamic_slice[slice_sizes=(1, 8)] bmo bdm bdn
          bmq:i32[8] = squeeze[dimensions=(0,)] bmp
          bmr:i32[8,1] = dynamic_slice[slice_sizes=(8, 1)] bmf bdo bdp
          bms:i32[8] = squeeze[dimensions=(1,)] bmr
          bmt:bf16[32768,4096] = ragged_all_to_all[
            axis_index_groups=None
            axis_name=('expert',)
          ] blx bai bmk bmm bmq bms
          bmu:i32[32768] = jit[
            name=argsort
            ctx_mesh=Mesh('diloco': 1, 'data': 1, 'stage': 1, 'fsdp': 1, 'fsdp_transpose': 1, 'context': 1, 'context_autoregressive': 1, 'tensor': 1, 'tensor_transpose': 1, 'tensor_sequence': 1, 'expert': 8, 'autoregressive': 1, axis_types=(Auto, Auto, Auto, Auto, Auto, Auto, Auto, Auto, Auto, Auto, Auto, Auto))
            jaxpr=argsort
          ] bef bat
          bmv:bf16[32768,4096] = custom_vjp_call[
            name=_sort_activations_custom
            bwd=_sort_activations_custom_bwd
            call_jaxpr={ lambda ; bmw:bf16[32768,4096] bmx:i32[32768]. let
                bmy:bool[32768] = lt bmx 0:i32[]
                bmz:i32[32768] = add bmx 32768:i32[]
                bna:i32[32768] = select_n bmy bmx bmz
                bnb:i32[32768,1] = broadcast_in_dim[broadcast_dimensions=(0,)] bna
                bnc:bf16[32768,4096] = gather[
                  dimension_numbers=GatherDimensionNumbers(offset_dims=(1,), collapsed_slice_dims=(0,), start_index_map=(0,), operand_batching_dims=(), start_indices_batching_dims=())
                  fill_value=None
                  indices_are_sorted=False
                  mode=GatherScatterMode.PROMISE_IN_BOUNDS
                  slice_sizes=(1, 4096)
                  unique_indices=False
                ] bmw bnb
              in (bnc,) }
            fwd=_sort_activations_custom_fwd
            symbolic_zeros=False
          ] bmt bmu
          bnd:bf16[16384,2] = reshape[
            dimensions=None
            new_sizes=(16384, 2)
            sharding=None
          ] bed
          bne:bf16[16384,2,4096] = reshape[
            dimensions=None
            new_sizes=(16384, 2, 4096)
            sharding=None
          ] bmv
          bnf:f32[16384,2,4096] = convert_element_type[
            new_dtype=float32
            weak_type=False
          ] bne
          bng:f32[16384,2] = convert_element_type[
            new_dtype=float32
            weak_type=False
          ] bnd
          bnh:f32[16384,4096] = dot_general[
            dimension_numbers=(([1], [1]), ([0], [0]))
            precision=(Precision.DEFAULT, Precision.DEFAULT)
            preferred_element_type=float32
          ] bnf bng
          bni:f32[4,4096,4096] = reshape[
            dimensions=None
            new_sizes=(4, 4096, 4096)
            sharding=None
          ] bnh
          bnj:bf16[4,4096,4096] = convert_element_type[
            new_dtype=bfloat16
            weak_type=False
          ] bni
        in (bnj,) }
      manual_axes=frozenset({'stage', 'context', 'diloco', 'fsdp', 'data', 'tensor', 'tensor_transpose', 'context_autoregressive', 'expert', 'tensor_sequence', 'autoregressive', 'fsdp_transpose'})
      mesh=Mesh('diloco': 1, 'data': 1, 'stage': 1, 'fsdp': 1, 'fsdp_transpose': 1, 'context': 1, 'context_autoregressive': 1, 'tensor': 1, 'tensor_transpose': 1, 'tensor_sequence': 1, 'expert': 8, 'autoregressive': 1, axis_types=(Auto, Auto, Auto, Auto, Auto, Auto, Auto, Auto, Auto, Auto, Auto, Auto))
      out_specs=(P('expert', None, None),)
    ] kb kc kd ke kf kg kh ki kj kk kl km kn ko kp kq kr ks kt ku kv kw kx ky kz
      la lb lc ld le lf lg lh li lj lk ll lm ln lo lp lq lr ls lt lu lv lw lx ly
      lz ma mb mc md me mf mg mh mi mj mk ml mm mn mo mp mq mr ms mt mu mv mw mx
      my mz na nb nc nd ne nf ng nh ni nj nk nl nm nn no np nq nr ns nt nu nv nw
      nx ny nz oa ob oc od oe of og oh oi oj ok ol om on oo op oq or os ot ou ov
      ow ox oy oz pa pb pc pd pe pf pg ph pi pj pk pl pm pn po pp pq pr ps pt pu
      pv pw px py pz qa qb qc qd qe uk ul um un uo
    bnk:bf16[32,4096,4096] = sharding_constraint[
      context_mesh=AbstractMesh('diloco': 1, 'data': 1, 'stage': 1, 'fsdp': 1, 'fsdp_transpose': 1, 'context': 1, 'context_autoregressive': 1, 'tensor': 1, 'tensor_transpose': 1, 'tensor_sequence': 1, 'expert': 8, 'autoregressive': 1, axis_types=(Auto, Auto, Auto, Auto, Auto, Auto, Auto, Auto, Auto, Auto, Auto, Auto), device_kind=AMD Instinct MI300X, num_cores=304)
      layout=None
      sharding=NamedSharding(mesh=AbstractMesh('diloco': 1, 'data': 1, 'stage': 1, 'fsdp': 1, 'fsdp_transpose': 1, 'context': 1, 'context_autoregressive': 1, 'tensor': 1, 'tensor_transpose': 1, 'tensor_sequence': 1, 'expert': 8, 'autoregressive': 1, axis_types=(Auto, Auto, Auto, Auto, Auto, Auto, Auto, Auto, Auto, Auto, Auto, Auto), device_kind=AMD Instinct MI300X, num_cores=304), spec=P(('data', 'fsdp', 'fsdp_transpose', 'expert'), ('tensor_sequence', 'context'), ('tensor', 'tensor_transpose')))
      unconstrained_dims=frozenset()
    ] up
    bnl:bf16[32,4096,4096] = add bnk tq
    bnm:bf16[32,4096,4096] = sharding_constraint[
      context_mesh=AbstractMesh('diloco': 1, 'data': 1, 'stage': 1, 'fsdp': 1, 'fsdp_transpose': 1, 'context': 1, 'context_autoregressive': 1, 'tensor': 1, 'tensor_transpose': 1, 'tensor_sequence': 1, 'expert': 8, 'autoregressive': 1, axis_types=(Auto, Auto, Auto, Auto, Auto, Auto, Auto, Auto, Auto, Auto, Auto, Auto), device_kind=AMD Instinct MI300X, num_cores=304)
      layout=None
      sharding=NamedSharding(mesh=AbstractMesh('diloco': 1, 'data': 1, 'stage': 1, 'fsdp': 1, 'fsdp_transpose': 1, 'context': 1, 'context_autoregressive': 1, 'tensor': 1, 'tensor_transpose': 1, 'tensor_sequence': 1, 'expert': 8, 'autoregressive': 1, axis_types=(Auto, Auto, Auto, Auto, Auto, Auto, Auto, Auto, Auto, Auto, Auto, Auto), device_kind=AMD Instinct MI300X, num_cores=304), spec=P(('data', 'fsdp', 'fsdp_transpose', 'expert'), ('tensor_sequence', 'context'), ('tensor', 'tensor_transpose')))
      unconstrained_dims=frozenset()
    ] bnl
  in (bnm, sw, sy, ta, th, ti, tg, to, qu) }, ())

During handling of the above exception, another exception occurred:

Traceback (most recent call last):
  File "/workspace/maxtext/src/maxtext/kernels/megablox/backend.py", line 548, in gmm
    out = call_gmm(
  File "/opt/venv/lib/python3.12/site-packages/qwix/_src/core/pallas.py", line 76, in wrapper
    return pl.pallas_call(
jax._src.source_info_util.JaxStackTraceBeforeTransformation: ValueError: Compiler params for platform tpu cannot be used for gpu lowering.

The preceding stack trace is the source of the JAX operation that, once transformed by JAX, triggered the following exception.

--------------------

The above exception was the direct cause of the following exception:

Traceback (most recent call last):
  File "<frozen runpy>", line 198, in _run_module_as_main
  File "<frozen runpy>", line 88, in _run_code
  File "/workspace/maxtext/src/maxtext/trainers/pre_train/train.py", line 846, in <module>
    app.run(main)
  File "/opt/venv/lib/python3.12/site-packages/absl/app.py", line 367, in run
    _run_main(main, args)
  File "/opt/venv/lib/python3.12/site-packages/absl/app.py", line 312, in _run_main
    sys.exit(main(argv))
             ^^^^^^^^^^
  File "/workspace/maxtext/src/maxtext/trainers/pre_train/train.py", line 842, in main
    train_func()
  File "/workspace/maxtext/src/maxtext/trainers/pre_train/train.py", line 832, in train_func
    run(config, recorder)
  File "/workspace/maxtext/src/maxtext/trainers/pre_train/train.py", line 802, in run
    train_loop(config, recorder)
  File "/workspace/maxtext/src/maxtext/trainers/pre_train/train.py", line 659, in train_loop
    compiled = p_train_step.lower(*lower_args).compile(compiler_options=compiler_options)
               ^^^^^^^^^^^^^^^^^^^^^^^^^^^^^^^
  File "/opt/venv/lib/python3.12/site-packages/jax/_src/pallas/pallas_call.py", line 1201, in _pallas_call_lowering
    return mlir.lower_per_platform(
           ^^^^^^^^^^^^^^^^^^^^^^^^
  File "/opt/venv/lib/python3.12/site-packages/jax/_src/pallas/pallas_call.py", line 1168, in gpu_lowering
    rule = pallas_core.get_lowering_rule(type(compiler_params), "gpu")
           ^^^^^^^^^^^^^^^^^^^^^^^^^^^^^^^^^^^^^^^^^^^^^^^^^^^^^^^^^^^
  File "/opt/venv/lib/python3.12/site-packages/jax/_src/pallas/core.py", line 161, in get_lowering_rule
    raise ValueError(
ValueError: Compiler params for platform tpu cannot be used for gpu lowering.
--------------------
For simplicity, JAX has removed its internal frames from the traceback of the following exception. Set JAX_TRACEBACK_FILTERING=off to include these.
