WARNING: All log messages before absl::InitializeLog() is called are written to STDERR
I0000 00:00:1785945861.522757  181010 port.cc:153] oneDNN custom operations are on. You may see slightly different numerical results due to floating-point round-off errors from different computation orders. To turn them off, set the environment variable `TF_ENABLE_ONEDNN_OPTS=0`.
WARNING: All log messages before absl::InitializeLog() is called are written to STDERR
I0000 00:00:1785945862.499579  181010 port.cc:153] oneDNN custom operations are on. You may see slightly different numerical results due to floating-point round-off errors from different computation orders. To turn them off, set the environment variable `TF_ENABLE_ONEDNN_OPTS=0`.
[transformers] PyTorch was not found. Models won't be available and only tokenizers, configuration and file/data utilities can be used.
[transformers] DeepseekV32Config got `key=rope_scaling` in kwargs but hasn't set it as attribute. For RoPE standardization you need to set `self.rope_parameters` in model's config. 
W0805 16:04:25.899323 140264281317696 pyconfig.py:294] tokenizer_path not found in HF_IDS in maxtext/src/maxtext/utils/globals.py.           Using the default src/maxtext/assets/tokenizers/tokenizer.llama2 instead.           Please pass tokenizer_path in your command if this is not intended.
I0805 16:04:25.899525 140264281317696 max_utils.py:260] Attempting to initialize the jax distributed system for GPU backend...
I0805 16:04:25.899565 140264281317696 max_utils.py:262] Jax distributed system initialized on GPU!
I0805 16:04:27.348598 140264281317696 pyconfig.py:559] Config param abort_on_inf_loss: True
I0805 16:04:27.348784 140264281317696 pyconfig.py:559] Config param abort_on_nan_loss: True
I0805 16:04:27.348833 140264281317696 pyconfig.py:559] Config param act_quantization_calibration_method: absmax
I0805 16:04:27.348868 140264281317696 pyconfig.py:559] Config param activation_dropout_for_audio: 0.0
I0805 16:04:27.348906 140264281317696 pyconfig.py:559] Config param activation_function_for_audio: gelu
I0805 16:04:27.348932 140264281317696 pyconfig.py:559] Config param activations_in_float32: False
I0805 16:04:27.348955 140264281317696 pyconfig.py:559] Config param adam_b1: 0.9
I0805 16:04:27.348985 140264281317696 pyconfig.py:559] Config param adam_b2: 0.95
I0805 16:04:27.349010 140264281317696 pyconfig.py:559] Config param adam_eps: 1e-08
I0805 16:04:27.349038 140264281317696 pyconfig.py:559] Config param adam_eps_root: 0.0
I0805 16:04:27.349061 140264281317696 pyconfig.py:559] Config param adam_weight_decay: 0.1
I0805 16:04:27.349086 140264281317696 pyconfig.py:559] Config param adamw_mask: []
I0805 16:04:27.349107 140264281317696 pyconfig.py:559] Config param add_bos: True
I0805 16:04:27.349129 140264281317696 pyconfig.py:559] Config param add_eos: True
I0805 16:04:27.349149 140264281317696 pyconfig.py:559] Config param allow_split_physical_axes: False
I0805 16:04:27.349171 140264281317696 pyconfig.py:559] Config param ar_cache_axis_order: 1,2,0,3
I0805 16:04:27.349192 140264281317696 pyconfig.py:559] Config param async_checkpointing: True
I0805 16:04:27.349213 140264281317696 pyconfig.py:559] Config param async_scheduling: False
I0805 16:04:27.349233 140264281317696 pyconfig.py:559] Config param attention: cudnn_flash_te
I0805 16:04:27.349254 140264281317696 pyconfig.py:559] Config param attention_bias: False
I0805 16:04:27.349275 140264281317696 pyconfig.py:559] Config param attention_dropout_for_audio: 0.0
I0805 16:04:27.349296 140264281317696 pyconfig.py:559] Config param attention_for_vit: dot_product
I0805 16:04:27.349319 140264281317696 pyconfig.py:559] Config param attention_out: RematLocation.REMAT
I0805 16:04:27.349346 140264281317696 pyconfig.py:559] Config param attention_output_dim: -1
I0805 16:04:27.349371 140264281317696 pyconfig.py:559] Config param attention_sink: False
I0805 16:04:27.349395 140264281317696 pyconfig.py:559] Config param attention_type: global
I0805 16:04:27.349416 140264281317696 pyconfig.py:559] Config param attn_logits_soft_cap: None
I0805 16:04:27.349438 140264281317696 pyconfig.py:559] Config param attn_module_name: None
I0805 16:04:27.349458 140264281317696 pyconfig.py:559] Config param audio_path: 
I0805 16:04:27.349479 140264281317696 pyconfig.py:559] Config param audio_placeholder: <|audio|>
I0805 16:04:27.349501 140264281317696 pyconfig.py:559] Config param autoregressive_decode_assert: 
I0805 16:04:27.349520 140264281317696 pyconfig.py:559] Config param base_config: None
I0805 16:04:27.349541 140264281317696 pyconfig.py:559] Config param base_emb_dim: 4096
I0805 16:04:27.349562 140264281317696 pyconfig.py:559] Config param base_mlp_dim: 14336
I0805 16:04:27.349584 140264281317696 pyconfig.py:559] Config param base_moe_mlp_dim: -1
I0805 16:04:27.349605 140264281317696 pyconfig.py:559] Config param base_num_decoder_layers: 32
I0805 16:04:27.349625 140264281317696 pyconfig.py:559] Config param base_num_kv_heads: 8
I0805 16:04:27.349647 140264281317696 pyconfig.py:559] Config param base_num_query_heads: 32
I0805 16:04:27.349668 140264281317696 pyconfig.py:559] Config param base_output_directory: /root/work/scale-your-amd/runs/20260805-maxtext-cap-tp8/maxtext
I0805 16:04:27.349689 140264281317696 pyconfig.py:559] Config param batch_size: 1
I0805 16:04:27.349709 140264281317696 pyconfig.py:559] Config param batch_split_factor: 1
I0805 16:04:27.349745 140264281317696 pyconfig.py:559] Config param beta_fast: 32
I0805 16:04:27.349765 140264281317696 pyconfig.py:559] Config param beta_slow: 1
I0805 16:04:27.349786 140264281317696 pyconfig.py:559] Config param bwd_quantization_calibration_method: absmax
I0805 16:04:27.349807 140264281317696 pyconfig.py:559] Config param capacity_factor: -1.0
I0805 16:04:27.349829 140264281317696 pyconfig.py:559] Config param cast_logits_to_fp32: True
I0805 16:04:27.349850 140264281317696 pyconfig.py:559] Config param chat_template: 
I0805 16:04:27.349871 140264281317696 pyconfig.py:559] Config param chat_template_path: 
I0805 16:04:27.349894 140264281317696 pyconfig.py:559] Config param check_vma: False
I0805 16:04:27.349914 140264281317696 pyconfig.py:559] Config param checkpoint_conversion_fn: None
I0805 16:04:27.349938 140264281317696 pyconfig.py:559] Config param checkpoint_dir: /root/work/scale-your-amd/runs/20260805-maxtext-cap-tp8/maxtext/cap-tp8/checkpoints/
I0805 16:04:27.349963 140264281317696 pyconfig.py:559] Config param checkpoint_is_quantized: False
I0805 16:04:27.349985 140264281317696 pyconfig.py:559] Config param checkpoint_period: 10000
I0805 16:04:27.350007 140264281317696 pyconfig.py:559] Config param checkpoint_storage_concurrent_gb: 96
I0805 16:04:27.350029 140264281317696 pyconfig.py:559] Config param checkpoint_storage_target_data_file_size_bytes: 2147483648
I0805 16:04:27.350052 140264281317696 pyconfig.py:559] Config param checkpoint_storage_use_ocdbt: True
I0805 16:04:27.350072 140264281317696 pyconfig.py:559] Config param checkpoint_storage_use_zarr3: True
I0805 16:04:27.350092 140264281317696 pyconfig.py:559] Config param checkpoint_todelete_full_path: None
I0805 16:04:27.350112 140264281317696 pyconfig.py:559] Config param checkpoint_todelete_subdir: None
I0805 16:04:27.350132 140264281317696 pyconfig.py:559] Config param chips_per_vm: 4
I0805 16:04:27.350151 140264281317696 pyconfig.py:559] Config param chunk_attn_window_size: 0
I0805 16:04:27.350171 140264281317696 pyconfig.py:559] Config param colocated_python_checkpointing: False
I0805 16:04:27.350190 140264281317696 pyconfig.py:559] Config param colocated_python_data_input: False
I0805 16:04:27.350210 140264281317696 pyconfig.py:559] Config param compile_topology: 
I0805 16:04:27.350230 140264281317696 pyconfig.py:559] Config param compile_topology_num_slices: -1
I0805 16:04:27.350250 140264281317696 pyconfig.py:559] Config param compile_xla_flags: 
I0805 16:04:27.350269 140264281317696 pyconfig.py:559] Config param compiled_trainstep_file: 
I0805 16:04:27.350289 140264281317696 pyconfig.py:559] Config param compress_ratios: []
I0805 16:04:27.350310 140264281317696 pyconfig.py:559] Config param compressed_rope_max_timescale: 160000
I0805 16:04:27.350330 140264281317696 pyconfig.py:559] Config param compute_axis_order: 0,1,2,3
I0805 16:04:27.350350 140264281317696 pyconfig.py:559] Config param constant_bound_config: []
I0805 16:04:27.350370 140264281317696 pyconfig.py:559] Config param context: RematLocation.REMAT
I0805 16:04:27.350392 140264281317696 pyconfig.py:559] Config param context_parallel_load_balance: True
I0805 16:04:27.350412 140264281317696 pyconfig.py:559] Config param context_parallel_reorder_strategy: ReorderStrategy.AUTO
I0805 16:04:27.350435 140264281317696 pyconfig.py:559] Config param context_parallel_size: 1
I0805 16:04:27.350455 140264281317696 pyconfig.py:559] Config param context_parallel_strategy: all_gather
I0805 16:04:27.350475 140264281317696 pyconfig.py:559] Config param context_sharding: context
I0805 16:04:27.350496 140264281317696 pyconfig.py:559] Config param conv_chunksize_for_audio: 500
I0805 16:04:27.350517 140264281317696 pyconfig.py:559] Config param conv_stride_for_vit: 14
I0805 16:04:27.350537 140264281317696 pyconfig.py:559] Config param convert_checkpoint_if_possible: False
I0805 16:04:27.350557 140264281317696 pyconfig.py:559] Config param cost_estimate_flops_bwd: -1
I0805 16:04:27.350577 140264281317696 pyconfig.py:559] Config param cost_estimate_flops_fwd: -1
I0805 16:04:27.350597 140264281317696 pyconfig.py:559] Config param custom_mesh: 
I0805 16:04:27.350617 140264281317696 pyconfig.py:559] Config param custom_mesh_and_rule: CustomRule.DEFAULT
I0805 16:04:27.350639 140264281317696 pyconfig.py:559] Config param d_model_for_audio: 256
I0805 16:04:27.350659 140264281317696 pyconfig.py:559] Config param data_sharding: (('data', 'stage', 'fsdp', 'fsdp_transpose', 'context', 'context_autoregressive', 'tensor', 'tensor_transpose', 'tensor_sequence', 'expert', 'autoregressive'),)
I0805 16:04:27.350687 140264281317696 pyconfig.py:559] Config param data_shuffle_seed: 0
I0805 16:04:27.350708 140264281317696 pyconfig.py:559] Config param data_template_path: 
I0805 16:04:27.350728 140264281317696 pyconfig.py:559] Config param dataset_name: c4/en:3.1.0
I0805 16:04:27.350748 140264281317696 pyconfig.py:559] Config param dataset_path: 
I0805 16:04:27.350768 140264281317696 pyconfig.py:559] Config param dataset_processor_path: 
I0805 16:04:27.350788 140264281317696 pyconfig.py:559] Config param dataset_type: DatasetType.SYNTHETIC
I0805 16:04:27.350810 140264281317696 pyconfig.py:559] Config param dcn_autoregressive_parallelism: 1
I0805 16:04:27.350831 140264281317696 pyconfig.py:559] Config param dcn_context_autoregressive_parallelism: 1
I0805 16:04:27.350852 140264281317696 pyconfig.py:559] Config param dcn_context_parallelism: 1
I0805 16:04:27.350870 140264281317696 pyconfig.py:559] Config param dcn_data_parallelism: -1
I0805 16:04:27.350890 140264281317696 pyconfig.py:559] Config param dcn_diloco_parallelism: 1
I0805 16:04:27.350909 140264281317696 pyconfig.py:559] Config param dcn_expert_parallelism: 1
I0805 16:04:27.350929 140264281317696 pyconfig.py:559] Config param dcn_fsdp_parallelism: 1
I0805 16:04:27.350948 140264281317696 pyconfig.py:559] Config param dcn_fsdp_transpose_parallelism: 1
I0805 16:04:27.350969 140264281317696 pyconfig.py:559] Config param dcn_parallelism: [1, -1, 1, 1, 1, 1, 1, 1, 1, 1, 1, 1]
I0805 16:04:27.350992 140264281317696 pyconfig.py:559] Config param dcn_pipeline_parallelism: 1
I0805 16:04:27.351011 140264281317696 pyconfig.py:559] Config param dcn_sequence_parallelism: 1
I0805 16:04:27.351031 140264281317696 pyconfig.py:559] Config param dcn_tensor_parallelism: 1
I0805 16:04:27.351052 140264281317696 pyconfig.py:559] Config param dcn_tensor_sequence_parallelism: 1
I0805 16:04:27.351071 140264281317696 pyconfig.py:559] Config param dcn_tensor_transpose_parallelism: 1
I0805 16:04:27.351091 140264281317696 pyconfig.py:559] Config param debug: {'rl': False}
I0805 16:04:27.351113 140264281317696 pyconfig.py:559] Config param debug_converter: False
I0805 16:04:27.351133 140264281317696 pyconfig.py:559] Config param debug_sharding: False
I0805 16:04:27.351153 140264281317696 pyconfig.py:559] Config param decode_sampling_nucleus_p: -1
I0805 16:04:27.351173 140264281317696 pyconfig.py:559] Config param decode_sampling_strategy: SamplingStrategy.GREEDY
I0805 16:04:27.351198 140264281317696 pyconfig.py:559] Config param decode_sampling_temperature: 1.0
I0805 16:04:27.351219 140264281317696 pyconfig.py:559] Config param decode_sampling_top_k: 0
I0805 16:04:27.351239 140264281317696 pyconfig.py:559] Config param decoder_block: DecoderBlockType.LLAMA2
I0805 16:04:27.351261 140264281317696 pyconfig.py:559] Config param decoder_layer_input: RematLocation.DEVICE
I0805 16:04:27.351282 140264281317696 pyconfig.py:559] Config param deepstack_visual_indexes_for_vit: []
I0805 16:04:27.351304 140264281317696 pyconfig.py:559] Config param degenerate_group_masking: True
I0805 16:04:27.351325 140264281317696 pyconfig.py:559] Config param dense_init_scale: 1.0
I0805 16:04:27.351346 140264281317696 pyconfig.py:559] Config param diloco_outer_lr: 0.3
I0805 16:04:27.351367 140264281317696 pyconfig.py:559] Config param diloco_outer_momentum: 0.9
I0805 16:04:27.351387 140264281317696 pyconfig.py:559] Config param diloco_sync_period: 36
I0805 16:04:27.351407 140264281317696 pyconfig.py:559] Config param distill_alpha: 0.5
I0805 16:04:27.351429 140264281317696 pyconfig.py:559] Config param distill_alpha_end: None
I0805 16:04:27.351449 140264281317696 pyconfig.py:559] Config param distill_alpha_schedule: constant
I0805 16:04:27.351469 140264281317696 pyconfig.py:559] Config param distill_beta: 0.0
I0805 16:04:27.351489 140264281317696 pyconfig.py:559] Config param distill_beta_end: None
I0805 16:04:27.351509 140264281317696 pyconfig.py:559] Config param distill_beta_schedule: constant
I0805 16:04:27.351529 140264281317696 pyconfig.py:559] Config param distill_feature_loss_type: cosine
I0805 16:04:27.351549 140264281317696 pyconfig.py:559] Config param distill_layer_indices: None
I0805 16:04:27.351569 140264281317696 pyconfig.py:559] Config param distill_student_weights_share_map: {}
I0805 16:04:27.351590 140264281317696 pyconfig.py:559] Config param distill_temperature: 1.0
I0805 16:04:27.351611 140264281317696 pyconfig.py:559] Config param distill_temperature_end: None
I0805 16:04:27.351631 140264281317696 pyconfig.py:559] Config param distill_temperature_schedule: constant
I0805 16:04:27.351651 140264281317696 pyconfig.py:559] Config param distill_weights_copy_map: {}
I0805 16:04:27.351671 140264281317696 pyconfig.py:559] Config param downsample_hidden_size_for_audio: 256
I0805 16:04:27.351691 140264281317696 pyconfig.py:559] Config param dpo: {'algo': 'dpo', 'dpo_beta': 0.1, 'orpo_lambda': 0.1, 'dpo_label_smoothing': 0.0, 'max_prompt_length': None}
I0805 16:04:27.351715 140264281317696 pyconfig.py:559] Config param dq_reduction_steps: 0
I0805 16:04:27.351736 140264281317696 pyconfig.py:559] Config param dropout_rate: 0.0
I0805 16:04:27.351756 140264281317696 pyconfig.py:559] Config param dtype: bfloat16
I0805 16:04:27.351804 140264281317696 pyconfig.py:559] Config param dtype_mm: float32
I0805 16:04:27.351830 140264281317696 pyconfig.py:559] Config param dump_hlo: False
I0805 16:04:27.351851 140264281317696 pyconfig.py:559] Config param dump_hlo_delete_local_after: True
I0805 16:04:27.351873 140264281317696 pyconfig.py:559] Config param dump_hlo_gcs_dir: /root/work/scale-your-amd/runs/20260805-maxtext-cap-tp8/maxtext/cap-tp8/xla_dump
I0805 16:04:27.351895 140264281317696 pyconfig.py:559] Config param dump_hlo_local_dir: /tmp/xla_dump/
I0805 16:04:27.351915 140264281317696 pyconfig.py:559] Config param dump_hlo_local_module_name: jit_train_step
I0805 16:04:27.351935 140264281317696 pyconfig.py:559] Config param dump_hlo_module_name: jit_train_step
I0805 16:04:27.351956 140264281317696 pyconfig.py:559] Config param dump_hlo_upload_all: False
I0805 16:04:27.351978 140264281317696 pyconfig.py:559] Config param dump_hlo_xla_flags: 
I0805 16:04:27.351999 140264281317696 pyconfig.py:559] Config param dump_jaxpr: False
I0805 16:04:27.352020 140264281317696 pyconfig.py:559] Config param dump_jaxpr_delete_local_after: True
I0805 16:04:27.352040 140264281317696 pyconfig.py:559] Config param dump_jaxpr_gcs_dir: /root/work/scale-your-amd/runs/20260805-maxtext-cap-tp8/maxtext/cap-tp8/jaxpr_dump
I0805 16:04:27.352060 140264281317696 pyconfig.py:559] Config param dump_jaxpr_local_dir: /tmp/jaxpr_dump/
I0805 16:04:27.352081 140264281317696 pyconfig.py:559] Config param dump_step: -1
I0805 16:04:27.352102 140264281317696 pyconfig.py:559] Config param elastic_enabled: False
I0805 16:04:27.352123 140264281317696 pyconfig.py:559] Config param elastic_max_retries: 10
I0805 16:04:27.352144 140264281317696 pyconfig.py:559] Config param elastic_min_slice_count: -1
I0805 16:04:27.352165 140264281317696 pyconfig.py:559] Config param elastic_timeout_seconds: 300
I0805 16:04:27.352186 140264281317696 pyconfig.py:559] Config param emb_dim: 4096
I0805 16:04:27.352207 140264281317696 pyconfig.py:559] Config param enable_autocheckpoint: False
I0805 16:04:27.352226 140264281317696 pyconfig.py:559] Config param enable_checkpoint_cloud_logger: False
I0805 16:04:27.352247 140264281317696 pyconfig.py:559] Config param enable_checkpointing: False
I0805 16:04:27.352267 140264281317696 pyconfig.py:559] Config param enable_continuous_checkpointing: False
I0805 16:04:27.352287 140264281317696 pyconfig.py:559] Config param enable_data_shuffling: True
I0805 16:04:27.352307 140264281317696 pyconfig.py:559] Config param enable_diloco: False
I0805 16:04:27.352327 140264281317696 pyconfig.py:559] Config param enable_dp_attention: False
I0805 16:04:27.352347 140264281317696 pyconfig.py:559] Config param enable_dropout: False
I0805 16:04:27.352368 140264281317696 pyconfig.py:559] Config param enable_emergency_checkpoint: False
I0805 16:04:27.352387 140264281317696 pyconfig.py:559] Config param enable_expert_parallel: False
I0805 16:04:27.352407 140264281317696 pyconfig.py:559] Config param enable_gcp_goodput_metrics: True
I0805 16:04:27.352427 140264281317696 pyconfig.py:559] Config param enable_gcp_step_deviation_metrics: True
I0805 16:04:27.352447 140264281317696 pyconfig.py:559] Config param enable_goodput_recording: False
I0805 16:04:27.352468 140264281317696 pyconfig.py:559] Config param enable_jax_profiler: False
I0805 16:04:27.352488 140264281317696 pyconfig.py:559] Config param enable_llm_inference_pool: False
I0805 16:04:27.352509 140264281317696 pyconfig.py:559] Config param enable_mhc_lite: False
I0805 16:04:27.352529 140264281317696 pyconfig.py:559] Config param enable_model_warmup: False
I0805 16:04:27.352550 140264281317696 pyconfig.py:559] Config param enable_multi_tier_checkpointing: False
I0805 16:04:27.352572 140264281317696 pyconfig.py:559] Config param enable_nnx: False
I0805 16:04:27.352592 140264281317696 pyconfig.py:559] Config param enable_orbax_v1: False
I0805 16:04:27.352612 140264281317696 pyconfig.py:559] Config param enable_padding_causal_mask: True
I0805 16:04:27.352632 140264281317696 pyconfig.py:559] Config param enable_pathways_goodput: False
I0805 16:04:27.352652 140264281317696 pyconfig.py:559] Config param enable_prefix_caching: False
I0805 16:04:27.352673 140264281317696 pyconfig.py:559] Config param enable_rampup_batch_size: False
I0805 16:04:27.352693 140264281317696 pyconfig.py:559] Config param enable_single_controller: False
I0805 16:04:27.352713 140264281317696 pyconfig.py:559] Config param enable_single_replica_ckpt_restoring: False
I0805 16:04:27.352734 140264281317696 pyconfig.py:559] Config param enable_tensorboard: True
I0805 16:04:27.352754 140264281317696 pyconfig.py:559] Config param enable_tpu_profiling_options: False
I0805 16:04:27.352774 140264281317696 pyconfig.py:559] Config param enable_tunix_perf_metrics: False
I0805 16:04:27.352794 140264281317696 pyconfig.py:559] Config param encoder_attention_heads_for_audio: 4
I0805 16:04:27.352815 140264281317696 pyconfig.py:559] Config param encoder_ffn_dim_for_audio: 512
I0805 16:04:27.352836 140264281317696 pyconfig.py:559] Config param encoder_layers_for_audio: 2
I0805 16:04:27.352856 140264281317696 pyconfig.py:559] Config param engram: RematLocation.REMAT
I0805 16:04:27.352878 140264281317696 pyconfig.py:559] Config param engram_head_dim: 1280
I0805 16:04:27.352898 140264281317696 pyconfig.py:559] Config param engram_kernel_size: 4
I0805 16:04:27.352919 140264281317696 pyconfig.py:559] Config param engram_layers: []
I0805 16:04:27.352939 140264281317696 pyconfig.py:559] Config param engram_max_ngram_size: 3
I0805 16:04:27.352958 140264281317696 pyconfig.py:559] Config param engram_num_heads: 8
I0805 16:04:27.352978 140264281317696 pyconfig.py:559] Config param engram_seed: 0
I0805 16:04:27.352998 140264281317696 pyconfig.py:559] Config param engram_vocab_bases: []
I0805 16:04:27.353018 140264281317696 pyconfig.py:559] Config param epsilon_high: None
I0805 16:04:27.353038 140264281317696 pyconfig.py:559] Config param eval_batch_size: -1
I0805 16:04:27.353058 140264281317696 pyconfig.py:559] Config param eval_corr_lst: False
I0805 16:04:27.353078 140264281317696 pyconfig.py:559] Config param eval_data_columns: ['text']
I0805 16:04:27.353099 140264281317696 pyconfig.py:559] Config param eval_dataset_name: c4/en:3.1.0
I0805 16:04:27.353119 140264281317696 pyconfig.py:559] Config param eval_image_column: image
I0805 16:04:27.353139 140264281317696 pyconfig.py:559] Config param eval_interval: -1
I0805 16:04:27.353160 140264281317696 pyconfig.py:559] Config param eval_make_lst: False
I0805 16:04:27.353179 140264281317696 pyconfig.py:559] Config param eval_mode: pass
I0805 16:04:27.353200 140264281317696 pyconfig.py:559] Config param eval_per_device_batch_size: 4.0
I0805 16:04:27.353221 140264281317696 pyconfig.py:559] Config param eval_sampling_strategy: greedy
I0805 16:04:27.353241 140264281317696 pyconfig.py:559] Config param eval_split: validation
I0805 16:04:27.353260 140264281317696 pyconfig.py:559] Config param eval_steps: -1
I0805 16:04:27.353280 140264281317696 pyconfig.py:559] Config param expansion_factor_real_data: -1.0
I0805 16:04:27.353299 140264281317696 pyconfig.py:559] Config param expert_balance: False
I0805 16:04:27.353320 140264281317696 pyconfig.py:559] Config param final_logits_soft_cap: None
I0805 16:04:27.353340 140264281317696 pyconfig.py:559] Config param first_num_dense_layers: 0
I0805 16:04:27.353359 140264281317696 pyconfig.py:559] Config param first_num_hash_layers: 0
I0805 16:04:27.353380 140264281317696 pyconfig.py:559] Config param float32_gate_logits: False
I0805 16:04:27.353400 140264281317696 pyconfig.py:559] Config param float32_logits: False
I0805 16:04:27.353420 140264281317696 pyconfig.py:559] Config param float32_qk_product: False
I0805 16:04:27.353440 140264281317696 pyconfig.py:559] Config param float32_weight_sum: True
I0805 16:04:27.353459 140264281317696 pyconfig.py:559] Config param force_q_layout: False
I0805 16:04:27.353479 140264281317696 pyconfig.py:559] Config param force_unroll: False
I0805 16:04:27.353499 140264281317696 pyconfig.py:559] Config param formatting_func_kwargs: {}
I0805 16:04:27.353519 140264281317696 pyconfig.py:559] Config param formatting_func_path: 
I0805 16:04:27.353538 140264281317696 pyconfig.py:559] Config param freeze_audio_encoder_params: True
I0805 16:04:27.353560 140264281317696 pyconfig.py:559] Config param freeze_vision_encoder_params: True
I0805 16:04:27.353580 140264281317696 pyconfig.py:559] Config param fuse_expert_scales: False
I0805 16:04:27.353599 140264281317696 pyconfig.py:559] Config param fused_mlp: False
I0805 16:04:27.353620 140264281317696 pyconfig.py:559] Config param fused_qkv: False
I0805 16:04:27.353639 140264281317696 pyconfig.py:559] Config param gcs_debug_path: 
I0805 16:04:27.353659 140264281317696 pyconfig.py:559] Config param gcs_metrics: False
I0805 16:04:27.353679 140264281317696 pyconfig.py:559] Config param gdn_chunk_size: 64
I0805 16:04:27.353698 140264281317696 pyconfig.py:559] Config param gdn_conv_kernel_dim: 4
I0805 16:04:27.353718 140264281317696 pyconfig.py:559] Config param gdn_key_head_dim: 128
I0805 16:04:27.353743 140264281317696 pyconfig.py:559] Config param gdn_num_key_heads: 16
I0805 16:04:27.353763 140264281317696 pyconfig.py:559] Config param gdn_num_value_heads: 32
I0805 16:04:27.353784 140264281317696 pyconfig.py:559] Config param gdn_value_head_dim: 128
I0805 16:04:27.353804 140264281317696 pyconfig.py:559] Config param generate_padding_batch_eval: False
I0805 16:04:27.353824 140264281317696 pyconfig.py:559] Config param generate_padding_batch_train: False
I0805 16:04:27.353844 140264281317696 pyconfig.py:559] Config param generate_slice: v5e-16
I0805 16:04:27.353864 140264281317696 pyconfig.py:559] Config param generation_configs: {}
I0805 16:04:27.353884 140264281317696 pyconfig.py:559] Config param global_batch_size_to_eval_on: 32
I0805 16:04:27.353905 140264281317696 pyconfig.py:559] Config param global_batch_size_to_load: 32
I0805 16:04:27.353927 140264281317696 pyconfig.py:559] Config param global_batch_size_to_load_eval: 32
I0805 16:04:27.353947 140264281317696 pyconfig.py:559] Config param global_batch_size_to_load_increment: None
I0805 16:04:27.353968 140264281317696 pyconfig.py:559] Config param global_batch_size_to_load_start: None
I0805 16:04:27.353988 140264281317696 pyconfig.py:559] Config param global_batch_size_to_train_on: 32
I0805 16:04:27.354008 140264281317696 pyconfig.py:559] Config param global_head_dim: 0
I0805 16:04:27.354028 140264281317696 pyconfig.py:559] Config param global_num_kv_heads: 0
I0805 16:04:27.354049 140264281317696 pyconfig.py:559] Config param global_parameter_scale: 1
I0805 16:04:27.354069 140264281317696 pyconfig.py:559] Config param global_rampup_samples: 500
I0805 16:04:27.354089 140264281317696 pyconfig.py:559] Config param global_rope_max_timescale: -1
I0805 16:04:27.354109 140264281317696 pyconfig.py:559] Config param global_rope_proportion: 0.25
I0805 16:04:27.354130 140264281317696 pyconfig.py:559] Config param goodput_upload_interval_seconds: 30
I0805 16:04:27.354150 140264281317696 pyconfig.py:559] Config param grad_dtype: float32
I0805 16:04:27.354206 140264281317696 pyconfig.py:559] Config param gradient_accumulation_steps: 1
I0805 16:04:27.354231 140264281317696 pyconfig.py:559] Config param gradient_clipping_threshold: 1.0
I0805 16:04:27.354254 140264281317696 pyconfig.py:559] Config param grain_data_source_max_workers: 16
I0805 16:04:27.354276 140264281317696 pyconfig.py:559] Config param grain_eval_files: 
I0805 16:04:27.354297 140264281317696 pyconfig.py:559] Config param grain_file_type: arrayrecord
I0805 16:04:27.354316 140264281317696 pyconfig.py:559] Config param grain_num_threads: 16
I0805 16:04:27.354336 140264281317696 pyconfig.py:559] Config param grain_num_threads_eval: 16
I0805 16:04:27.354357 140264281317696 pyconfig.py:559] Config param grain_packing_type: first_fit
I0805 16:04:27.354377 140264281317696 pyconfig.py:559] Config param grain_per_worker_buffer_size: 1
I0805 16:04:27.354398 140264281317696 pyconfig.py:559] Config param grain_per_worker_buffer_size_eval: 1
I0805 16:04:27.354418 140264281317696 pyconfig.py:559] Config param grain_prefetch_buffer_size: 500
I0805 16:04:27.354437 140264281317696 pyconfig.py:559] Config param grain_prefetch_buffer_size_eval: 500
I0805 16:04:27.354457 140264281317696 pyconfig.py:559] Config param grain_ram_budget_mb: 1024
I0805 16:04:27.354478 140264281317696 pyconfig.py:559] Config param grain_shuffle_buffer_size: 100
I0805 16:04:27.354498 140264281317696 pyconfig.py:559] Config param grain_train_files: 
I0805 16:04:27.354517 140264281317696 pyconfig.py:559] Config param grain_train_mixture_config_path: 
I0805 16:04:27.354537 140264281317696 pyconfig.py:559] Config param grain_use_elastic_iterator: False
I0805 16:04:27.354557 140264281317696 pyconfig.py:559] Config param grain_worker_count: 1
I0805 16:04:27.354576 140264281317696 pyconfig.py:559] Config param grain_worker_count_eval: 1
I0805 16:04:27.354596 140264281317696 pyconfig.py:559] Config param grpo_beta: 0.08
I0805 16:04:27.354617 140264281317696 pyconfig.py:559] Config param grpo_epsilon: 0.2
I0805 16:04:27.354638 140264281317696 pyconfig.py:559] Config param hardware: gpu
I0805 16:04:27.354658 140264281317696 pyconfig.py:559] Config param hbm_utilization_vllm: 0.72
I0805 16:04:27.354678 140264281317696 pyconfig.py:559] Config param head_dim: 128
I0805 16:04:27.354700 140264281317696 pyconfig.py:559] Config param heartbeat_reporting_interval_in_seconds: 5
I0805 16:04:27.354721 140264281317696 pyconfig.py:559] Config param hf_data_dir: None
I0805 16:04:27.354741 140264281317696 pyconfig.py:559] Config param hf_eval_files: None
I0805 16:04:27.354760 140264281317696 pyconfig.py:559] Config param hf_eval_split: None
I0805 16:04:27.354780 140264281317696 pyconfig.py:559] Config param hf_lora_adapter_path: 
I0805 16:04:27.354800 140264281317696 pyconfig.py:559] Config param hf_name: None
I0805 16:04:27.354820 140264281317696 pyconfig.py:559] Config param hf_path: 
I0805 16:04:27.354841 140264281317696 pyconfig.py:559] Config param hf_train_files: None
I0805 16:04:27.354862 140264281317696 pyconfig.py:559] Config param hidden_size_for_vit: 1408
I0805 16:04:27.354883 140264281317696 pyconfig.py:559] Config param hidden_size_per_layer_input: 0
I0805 16:04:27.354903 140264281317696 pyconfig.py:559] Config param hide_profiler_step_metric: False
I0805 16:04:27.354923 140264281317696 pyconfig.py:559] Config param ici_autoregressive_parallelism: 1
I0805 16:04:27.354943 140264281317696 pyconfig.py:559] Config param ici_context_autoregressive_parallelism: 1
I0805 16:04:27.354963 140264281317696 pyconfig.py:559] Config param ici_context_parallelism: 1
I0805 16:04:27.354983 140264281317696 pyconfig.py:559] Config param ici_data_parallelism: 1
I0805 16:04:27.355003 140264281317696 pyconfig.py:559] Config param ici_diloco_parallelism: 1
I0805 16:04:27.355023 140264281317696 pyconfig.py:559] Config param ici_expert_parallelism: 1
I0805 16:04:27.355043 140264281317696 pyconfig.py:559] Config param ici_fsdp_parallelism: 1
I0805 16:04:27.355063 140264281317696 pyconfig.py:559] Config param ici_fsdp_transpose_parallelism: 1
I0805 16:04:27.355083 140264281317696 pyconfig.py:559] Config param ici_parallelism: [1, 1, 1, 1, 1, 1, 1, 8, 1, 1, 1, 1]
I0805 16:04:27.355106 140264281317696 pyconfig.py:559] Config param ici_pipeline_parallelism: 1
I0805 16:04:27.355126 140264281317696 pyconfig.py:559] Config param ici_sequence_parallelism: 1
I0805 16:04:27.355145 140264281317696 pyconfig.py:559] Config param ici_tensor_parallelism: 8
I0805 16:04:27.355165 140264281317696 pyconfig.py:559] Config param ici_tensor_sequence_parallelism: 1
I0805 16:04:27.355186 140264281317696 pyconfig.py:559] Config param ici_tensor_transpose_parallelism: 1
I0805 16:04:27.355205 140264281317696 pyconfig.py:559] Config param image_path: 
I0805 16:04:27.355225 140264281317696 pyconfig.py:559] Config param image_placeholder: <|image|>
I0805 16:04:27.355245 140264281317696 pyconfig.py:559] Config param image_size_for_vit: 896
I0805 16:04:27.355265 140264281317696 pyconfig.py:559] Config param indexer_head_dim: 128
I0805 16:04:27.355286 140264281317696 pyconfig.py:559] Config param indexer_loss_scaling_factor: 0.0
I0805 16:04:27.355307 140264281317696 pyconfig.py:559] Config param indexer_n_heads: 64
I0805 16:04:27.355327 140264281317696 pyconfig.py:559] Config param indexer_sparse_training: False
I0805 16:04:27.355347 140264281317696 pyconfig.py:559] Config param indexer_topk: 2048
I0805 16:04:27.355367 140264281317696 pyconfig.py:559] Config param inference_benchmark_test: False
I0805 16:04:27.355388 140264281317696 pyconfig.py:559] Config param inference_metadata_file: 
I0805 16:04:27.355408 140264281317696 pyconfig.py:559] Config param inference_microbenchmark_log_file_path: 
I0805 16:04:27.355428 140264281317696 pyconfig.py:559] Config param inference_microbenchmark_loop_iters: 10
I0805 16:04:27.355449 140264281317696 pyconfig.py:559] Config param inference_microbenchmark_num_samples: [1, 2, 3, 4, 5]
I0805 16:04:27.355471 140264281317696 pyconfig.py:559] Config param inference_microbenchmark_prefill_lengths: 64,128,256,512,1024
I0805 16:04:27.355491 140264281317696 pyconfig.py:559] Config param inference_microbenchmark_stages: prefill,generate
I0805 16:04:27.355511 140264281317696 pyconfig.py:559] Config param inference_server: MaxtextInterleavedServer
I0805 16:04:27.355530 140264281317696 pyconfig.py:559] Config param inhomogeneous_layer_cycle_interval: 1
I0805 16:04:27.355549 140264281317696 pyconfig.py:559] Config param init_weights_seed: 0
I0805 16:04:27.355570 140264281317696 pyconfig.py:559] Config param input_data_sharding_logical_axes: ['activation_embed_and_logits_batch', 'activation_norm_length']
I0805 16:04:27.355591 140264281317696 pyconfig.py:559] Config param interleave_moe_layer_step: 1
I0805 16:04:27.355612 140264281317696 pyconfig.py:559] Config param intermediate_size_for_vit: 5632
I0805 16:04:27.355632 140264281317696 pyconfig.py:559] Config param internal_compile: False
I0805 16:04:27.355652 140264281317696 pyconfig.py:559] Config param internal_compile_num_devices: -1
I0805 16:04:27.355673 140264281317696 pyconfig.py:559] Config param jax_cache_dir: ~/jax_cache
I0805 16:04:27.355693 140264281317696 pyconfig.py:559] Config param jax_debug_log_modules: 
I0805 16:04:27.355712 140264281317696 pyconfig.py:559] Config param jax_distributed_heartbeat_timeout_seconds: 100
I0805 16:04:27.355733 140264281317696 pyconfig.py:559] Config param jax_distributed_initialization_timeout: 300
I0805 16:04:27.355753 140264281317696 pyconfig.py:559] Config param jax_profiler_port: 9999
I0805 16:04:27.355772 140264281317696 pyconfig.py:559] Config param key_proj: RematLocation.REMAT
I0805 16:04:27.355793 140264281317696 pyconfig.py:559] Config param kv_cache_buffer: 256
I0805 16:04:27.355813 140264281317696 pyconfig.py:559] Config param kv_lora_rank: 512
I0805 16:04:27.355834 140264281317696 pyconfig.py:559] Config param kv_quant_axis: KvQuantAxis.HEADS_AND_DKV
I0805 16:04:27.355860 140264281317696 pyconfig.py:559] Config param kv_quant_dtype: int8
I0805 16:04:27.355880 140264281317696 pyconfig.py:559] Config param kv_wa_proj: RematLocation.REMAT
I0805 16:04:27.355901 140264281317696 pyconfig.py:559] Config param learn_to_init_mode: False
I0805 16:04:27.355920 140264281317696 pyconfig.py:559] Config param learning_rate: 3e-05
I0805 16:04:27.355944 140264281317696 pyconfig.py:559] Config param learning_rate_final_fraction: 0.1
I0805 16:04:27.355965 140264281317696 pyconfig.py:559] Config param learning_rate_schedule_steps: 22
I0805 16:04:27.355985 140264281317696 pyconfig.py:559] Config param load_balance_loss_weight: 0.0
I0805 16:04:27.356005 140264281317696 pyconfig.py:559] Config param load_checkpoint_only_once: False
I0805 16:04:27.356025 140264281317696 pyconfig.py:559] Config param load_from_prefill_dir: False
I0805 16:04:27.356044 140264281317696 pyconfig.py:559] Config param load_full_state_path: 
I0805 16:04:27.356064 140264281317696 pyconfig.py:559] Config param load_parameters_path: 
I0805 16:04:27.356084 140264281317696 pyconfig.py:559] Config param local_checkpoint_directory: 
I0805 16:04:27.356104 140264281317696 pyconfig.py:559] Config param local_checkpoint_period: 0
I0805 16:04:27.356123 140264281317696 pyconfig.py:559] Config param local_rope_max_timescale: -1
I0805 16:04:27.356144 140264281317696 pyconfig.py:559] Config param local_rope_proportion: 1.0
I0805 16:04:27.356164 140264281317696 pyconfig.py:559] Config param log_config: True
I0805 16:04:27.356183 140264281317696 pyconfig.py:559] Config param log_period: 100
I0805 16:04:27.356204 140264281317696 pyconfig.py:559] Config param logical_axis_rules: (('activation_embed_and_logits_batch', ('data', 'stage', 'fsdp', 'fsdp_transpose', 'expert')), ('activation_embed_and_logits_batch_sequence', ('data', 'stage', 'fsdp', 'fsdp_transpose', 'context', 'expert')), ('activation_vocab', ('tensor', 'tensor_transpose', 'tensor_sequence')), ('activation_vocab', ('tensor', 'tensor_transpose')), ('activation_vocab', 'tensor_sequence'), ('vocab', ('tensor', 'tensor_transpose', 'tensor_sequence', 'autoregressive')), ('embed_vocab', ('fsdp', 'fsdp_transpose', 'context', 'expert')), ('activation_batch_attn', ('data', 'fsdp', 'fsdp_transpose', 'expert')), ('activation_heads', ('tensor', 'tensor_transpose', 'tensor_sequence', 'autoregressive')), ('activation_kv_heads', ('tensor', 'tensor_transpose', 'tensor_sequence')), ('activation_length_attn', ('context',)), ('activation_q_length', ('context',)), ('activation_kv_length', ()), ('activation_embed_attn', ('tensor', 'tensor_transpose')), ('activation_kv', ('tensor', 'tensor_transpose', 'tensor_sequence')), ('activation_kv_batch', ('data', 'fsdp', 'fsdp_transpose', 'expert')), ('activation_kv_head_dim', ('tensor', 'tensor_transpose', 'tensor_sequence')), ('heads', ('tensor', 'tensor_transpose', 'tensor_sequence', 'autoregressive')), ('q_heads', ('tensor', 'tensor_transpose', 'tensor_sequence', 'autoregressive')), ('kv_heads', ('tensor', 'tensor_transpose', 'tensor_sequence', 'autoregressive')), ('qkv', ()), ('kv', ()), ('kv_head_dim', ()), ('q_lora', ('fsdp', 'fsdp_transpose', 'context', 'tensor_transpose', 'expert')), ('q_lora', ('fsdp', 'context', 'tensor_transpose', 'expert')), ('q_lora', ('fsdp', 'fsdp_transpose', 'context', 'expert')), ('q_lora', ('fsdp', 'context', 'expert')), ('q_lora_up_proj', ()), ('kv_lora', ('fsdp', 'fsdp_transpose', 'context', 'tensor_transpose', 'expert')), ('kv_lora', ('fsdp', 'context', 'tensor_transpose', 'expert')), ('kv_lora', ('fsdp', 'fsdp_transpose', 'context', 'expert')), ('kv_lora', ('fsdp', 'context', 'expert')), ('kv_lora_up_proj', ()), ('activation_batch_moe', ('data', 'fsdp', 'fsdp_transpose', 'expert')), ('activation_length_moe', ('context',)), ('activation_norm_length_moe', ('tensor_sequence', 'context')), ('activation_embed_moe', ('tensor', 'tensor_transpose')), ('activation_mlp_moe', ('tensor', 'tensor_transpose', 'tensor_sequence')), ('activation_exp', ('expert',)), ('exp', 'expert'), ('mlp_moe', ('fsdp_transpose', 'tensor', 'tensor_sequence', 'autoregressive')), ('embed_moe', ('fsdp', 'fsdp_transpose', 'tensor_transpose', 'context')), ('embed_moe', ('fsdp', 'tensor_transpose', 'context')), ('embed_moe', ('fsdp', 'fsdp_transpose', 'context')), ('embed_moe', ('fsdp', 'context')), ('activation_mlp', ('tensor', 'tensor_transpose', 'tensor_sequence')), ('activation_batch', ('data', 'fsdp', 'fsdp_transpose', 'expert')), ('activation_length', ('context',)), ('activation_norm_length', ('tensor_sequence', 'context')), ('activation_embed', ('tensor', 'tensor_transpose')), ('activation_stage', 'stage'), ('mlp', ('fsdp_transpose', 'tensor', 'tensor_sequence', 'autoregressive')), ('gdn_head', ('fsdp_transpose', 'tensor', 'tensor_sequence', 'autoregressive')), ('embed', ('fsdp', 'fsdp_transpose', 'tensor_transpose', 'context', 'expert')), ('embed', ('fsdp', 'tensor_transpose', 'context', 'expert')), ('embed', ('fsdp', 'fsdp_transpose', 'context', 'expert')), ('embed', ('fsdp', 'context', 'expert')), ('norm', ('tensor', 'tensor_transpose')), ('layers', 'stage'), ('diloco', 'diloco'), ('engram_dim', ('tensor',)), ('dense_layers', ()), ('moe_layers', ()), ('mhc', ()), ('prefill_activation_length', ('context',)), ('prefill_activation_norm_length', ('tensor_sequence', 'context')), ('activation_prefill_kv_batch', ('data', 'fsdp', 'fsdp_transpose', 'expert')), ('decode_batch', ('data', 'fsdp', 'fsdp_transpose', 'expert')), ('decode_length', ()), ('cache_heads', ('autoregressive', 'tensor', 'tensor_transpose', 'tensor_sequence')), ('cache_heads', ('autoregressive', 'tensor', 'tensor_sequence')), ('paged_kv_heads', ('tensor',)), ('cache_batch_prefill', ()), ('cache_batch', ()), ('cache_heads_none', ()), ('cache_kv', ()), ('cache_sequence', ()), ('num_pages', ()), ('tokens_per_page', ()), ('paged_kv_head_dim_size', ()), ('mlp_no_fsdp', ('tensor', 'tensor_sequence', 'autoregressive')), ('embed_tensor_transpose', ('tensor_transpose',)), ('exp_with_fsdp', 'fsdp'))
I0805 16:04:27.356312 140264281317696 pyconfig.py:559] Config param logits_dot_in_fp32: False
I0805 16:04:27.356337 140264281317696 pyconfig.py:559] Config param logits_via_embedding: False
I0805 16:04:27.356359 140264281317696 pyconfig.py:559] Config param lora: {'enable_lora': False, 'lora_rank': 0, 'lora_alpha': 0.0, 'lora_module_path': '', 'lora_restore_path': ''}
I0805 16:04:27.356383 140264281317696 pyconfig.py:559] Config param lora_input_adapters_path: 
I0805 16:04:27.356406 140264281317696 pyconfig.py:559] Config param loss_agg_mode: sequence-mean-token-mean
I0805 16:04:27.356426 140264281317696 pyconfig.py:559] Config param loss_algo: grpo
I0805 16:04:27.356448 140264281317696 pyconfig.py:559] Config param lr_schedule_type: LearningRateScheduleType.COSINE
I0805 16:04:27.356472 140264281317696 pyconfig.py:559] Config param lti_layer_indices: None
I0805 16:04:27.356493 140264281317696 pyconfig.py:559] Config param lti_use_general_linear_map: False
I0805 16:04:27.356514 140264281317696 pyconfig.py:559] Config param managed_mldiagnostics: False
I0805 16:04:27.356534 140264281317696 pyconfig.py:559] Config param managed_mldiagnostics_dir: /root/work/scale-your-amd/runs/20260805-maxtext-cap-tp8/maxtext/cap-tp8/managed-mldiagnostics
I0805 16:04:27.356554 140264281317696 pyconfig.py:559] Config param managed_mldiagnostics_on_demand_profiling: True
I0805 16:04:27.356575 140264281317696 pyconfig.py:559] Config param managed_mldiagnostics_region: 
I0805 16:04:27.356596 140264281317696 pyconfig.py:559] Config param managed_mldiagnostics_run_group: 
I0805 16:04:27.356616 140264281317696 pyconfig.py:559] Config param math_verify_num_procs: None
I0805 16:04:27.356637 140264281317696 pyconfig.py:559] Config param math_verify_timeout: 300
I0805 16:04:27.356657 140264281317696 pyconfig.py:559] Config param matmul_precision: MatmulPrecision.DEFAULT
I0805 16:04:27.356681 140264281317696 pyconfig.py:559] Config param max_checkify: False
I0805 16:04:27.356701 140264281317696 pyconfig.py:559] Config param max_concurrency: 256
I0805 16:04:27.356722 140264281317696 pyconfig.py:559] Config param max_corpus_chars: 10000000
I0805 16:04:27.356742 140264281317696 pyconfig.py:559] Config param max_num_batched_tokens: None
I0805 16:04:27.356761 140264281317696 pyconfig.py:559] Config param max_num_checkpoints_to_keep: None
I0805 16:04:27.356782 140264281317696 pyconfig.py:559] Config param max_num_images_per_example: -1
I0805 16:04:27.356801 140264281317696 pyconfig.py:559] Config param max_num_seqs: None
I0805 16:04:27.356823 140264281317696 pyconfig.py:559] Config param max_position_embeddings: 163840
I0805 16:04:27.356844 140264281317696 pyconfig.py:559] Config param max_prefill_predict_length: 64
I0805 16:04:27.356865 140264281317696 pyconfig.py:559] Config param max_sample_len_for_audio: 10000
I0805 16:04:27.356886 140264281317696 pyconfig.py:559] Config param max_segments_per_seq: 1
I0805 16:04:27.356906 140264281317696 pyconfig.py:559] Config param max_source_positions_for_audio: 1500
I0805 16:04:27.356928 140264281317696 pyconfig.py:559] Config param max_target_length: 8192
I0805 16:04:27.356948 140264281317696 pyconfig.py:559] Config param max_timescale_for_audio: 10000.0
I0805 16:04:27.356969 140264281317696 pyconfig.py:559] Config param megablox: True
I0805 16:04:27.356990 140264281317696 pyconfig.py:559] Config param merge_gating_gmm: False
I0805 16:04:27.357012 140264281317696 pyconfig.py:559] Config param mesh_axes: ['diloco', 'data', 'stage', 'fsdp', 'fsdp_transpose', 'context', 'context_autoregressive', 'tensor', 'tensor_transpose', 'tensor_sequence', 'expert', 'autoregressive']
I0805 16:04:27.357036 140264281317696 pyconfig.py:559] Config param metrics_dir: /root/work/scale-your-amd/runs/20260805-maxtext-cap-tp8/maxtext/cap-tp8/metrics/
I0805 16:04:27.357058 140264281317696 pyconfig.py:559] Config param metrics_file: 
I0805 16:04:27.357078 140264281317696 pyconfig.py:559] Config param mhc_expansion_rate: 1
I0805 16:04:27.357099 140264281317696 pyconfig.py:559] Config param micro_batch_size_to_eval_on: 32
I0805 16:04:27.357119 140264281317696 pyconfig.py:559] Config param micro_batch_size_to_train_on: 32
I0805 16:04:27.357139 140264281317696 pyconfig.py:559] Config param mla_kv: RematLocation.REMAT
I0805 16:04:27.357160 140264281317696 pyconfig.py:559] Config param mla_naive_kvcache: True
I0805 16:04:27.357180 140264281317696 pyconfig.py:559] Config param mla_q: RematLocation.REMAT
I0805 16:04:27.357201 140264281317696 pyconfig.py:559] Config param mlp_activations: ['silu', 'linear']
I0805 16:04:27.357223 140264281317696 pyconfig.py:559] Config param mlp_activations_limit: -1.0
I0805 16:04:27.357245 140264281317696 pyconfig.py:559] Config param mlp_bias: False
I0805 16:04:27.357266 140264281317696 pyconfig.py:559] Config param mlp_dim: 14336
I0805 16:04:27.357287 140264281317696 pyconfig.py:559] Config param mlpwi: RematLocation.REMAT
I0805 16:04:27.357308 140264281317696 pyconfig.py:559] Config param mlpwi_0: RematLocation.REMAT
I0805 16:04:27.357329 140264281317696 pyconfig.py:559] Config param mlpwi_1: RematLocation.REMAT
I0805 16:04:27.357349 140264281317696 pyconfig.py:559] Config param mlpwo: RematLocation.REMAT
I0805 16:04:27.357370 140264281317696 pyconfig.py:559] Config param moba: False
I0805 16:04:27.357390 140264281317696 pyconfig.py:559] Config param moba_chunk_size: 1024
I0805 16:04:27.357410 140264281317696 pyconfig.py:559] Config param moba_topk: 8
I0805 16:04:27.357432 140264281317696 pyconfig.py:559] Config param model_call_mode: 
I0805 16:04:27.357452 140264281317696 pyconfig.py:559] Config param model_name: llama3-8b
I0805 16:04:27.357473 140264281317696 pyconfig.py:559] Config param moe_dispatch_no_expert_sharding: False
I0805 16:04:27.357494 140264281317696 pyconfig.py:559] Config param moe_expert_input_dim: -1
I0805 16:04:27.357514 140264281317696 pyconfig.py:559] Config param moe_fsdp_use_two_stage_all_gather: False
I0805 16:04:27.357534 140264281317696 pyconfig.py:559] Config param moe_mlp_dim: -1
I0805 16:04:27.357555 140264281317696 pyconfig.py:559] Config param moe_mlpwi_0: RematLocation.REMAT
I0805 16:04:27.357576 140264281317696 pyconfig.py:559] Config param moe_mlpwi_1: RematLocation.REMAT
I0805 16:04:27.357597 140264281317696 pyconfig.py:559] Config param moe_mlpwo: RematLocation.REMAT
I0805 16:04:27.357618 140264281317696 pyconfig.py:559] Config param monitor_goodput: False
I0805 16:04:27.357637 140264281317696 pyconfig.py:559] Config param monitor_step_time_deviation: True
I0805 16:04:27.357658 140264281317696 pyconfig.py:559] Config param mrope_section: [24, 20, 20]
I0805 16:04:27.357679 140264281317696 pyconfig.py:559] Config param mscale: 1.0
I0805 16:04:27.357699 140264281317696 pyconfig.py:559] Config param mtc_data_parallelism: 0
I0805 16:04:27.357720 140264281317696 pyconfig.py:559] Config param mtp_eval_target_module: 0
I0805 16:04:27.357743 140264281317696 pyconfig.py:559] Config param mtp_loss_scaling_factor: 0.1
I0805 16:04:27.357764 140264281317696 pyconfig.py:559] Config param mtp_num_layers: 0
I0805 16:04:27.357783 140264281317696 pyconfig.py:559] Config param mu_dtype: float32
I0805 16:04:27.357821 140264281317696 pyconfig.py:559] Config param multi_sampling: False
I0805 16:04:27.357844 140264281317696 pyconfig.py:559] Config param multi_tier_checkpointing_backup_interval_minutes: 0
I0805 16:04:27.357865 140264281317696 pyconfig.py:559] Config param muon_beta: 0.95
I0805 16:04:27.357886 140264281317696 pyconfig.py:559] Config param muon_consistent_rms: None
I0805 16:04:27.357907 140264281317696 pyconfig.py:559] Config param muon_weight_decay: 0.0
I0805 16:04:27.357927 140264281317696 pyconfig.py:559] Config param n_routing_groups: -1
I0805 16:04:27.357947 140264281317696 pyconfig.py:559] Config param n_window_for_audio: 50
I0805 16:04:27.357967 140264281317696 pyconfig.py:559] Config param n_window_infer_for_audio: 800
I0805 16:04:27.357988 140264281317696 pyconfig.py:559] Config param nope_layer_interval: -1
I0805 16:04:27.358008 140264281317696 pyconfig.py:559] Config param norm_topk_prob: False
I0805 16:04:27.358027 140264281317696 pyconfig.py:559] Config param normalization_layer_epsilon: 1e-05
I0805 16:04:27.358048 140264281317696 pyconfig.py:559] Config param normalize_embedding_logits: True
I0805 16:04:27.358069 140264281317696 pyconfig.py:559] Config param num_attention_heads_for_vit: 16
I0805 16:04:27.358089 140264281317696 pyconfig.py:559] Config param num_batches: 4
I0805 16:04:27.358110 140264281317696 pyconfig.py:559] Config param num_channels_for_vit: 3
I0805 16:04:27.358129 140264281317696 pyconfig.py:559] Config param num_conv_layers_for_audio: 3
I0805 16:04:27.358148 140264281317696 pyconfig.py:559] Config param num_decoder_layers: 32
I0805 16:04:27.358168 140264281317696 pyconfig.py:559] Config param num_diloco_replicas: 1
I0805 16:04:27.358188 140264281317696 pyconfig.py:559] Config param num_epoch: 1
I0805 16:04:27.358208 140264281317696 pyconfig.py:559] Config param num_eval_passes: 1
I0805 16:04:27.358228 140264281317696 pyconfig.py:559] Config param num_experts: 1
I0805 16:04:27.358247 140264281317696 pyconfig.py:559] Config param num_experts_per_tok: 1
I0805 16:04:27.358267 140264281317696 pyconfig.py:559] Config param num_generations: 2
I0805 16:04:27.358287 140264281317696 pyconfig.py:559] Config param num_hidden_layers_for_vit: 34
I0805 16:04:27.358305 140264281317696 pyconfig.py:559] Config param num_iterations: 1
I0805 16:04:27.358325 140264281317696 pyconfig.py:559] Config param num_kv_heads: 8
I0805 16:04:27.358344 140264281317696 pyconfig.py:559] Config param num_kv_shared_layers: 0
I0805 16:04:27.358364 140264281317696 pyconfig.py:559] Config param num_layers_per_pipeline_stage: 1
I0805 16:04:27.358384 140264281317696 pyconfig.py:559] Config param num_mel_bins_for_audio: 128
I0805 16:04:27.358405 140264281317696 pyconfig.py:559] Config param num_pipeline_microbatches: -1
I0805 16:04:27.358425 140264281317696 pyconfig.py:559] Config param num_pipeline_repeats: -1
I0805 16:04:27.358445 140264281317696 pyconfig.py:559] Config param num_position_embeddings_for_vit: 1024
I0805 16:04:27.358465 140264281317696 pyconfig.py:559] Config param num_query_heads: 32
I0805 16:04:27.358485 140264281317696 pyconfig.py:559] Config param num_samplers_slices: -1
I0805 16:04:27.358505 140264281317696 pyconfig.py:559] Config param num_slices: 1
I0805 16:04:27.358523 140264281317696 pyconfig.py:559] Config param num_target_devices: 8
I0805 16:04:27.358543 140264281317696 pyconfig.py:559] Config param num_test_batches: 5
I0805 16:04:27.358563 140264281317696 pyconfig.py:559] Config param num_trainer_slices: -1
I0805 16:04:27.358583 140264281317696 pyconfig.py:559] Config param num_vocab_tiling: 1
I0805 16:04:27.358602 140264281317696 pyconfig.py:559] Config param o_groups: 0
I0805 16:04:27.358623 140264281317696 pyconfig.py:559] Config param o_lora_rank: 0
I0805 16:04:27.358643 140264281317696 pyconfig.py:559] Config param off_policy_steps: 0
I0805 16:04:27.358662 140264281317696 pyconfig.py:559] Config param offline_data_dir: None
I0805 16:04:27.358682 140264281317696 pyconfig.py:559] Config param olmo_apply_ngram_filter: True
I0805 16:04:27.358702 140264281317696 pyconfig.py:559] Config param olmo_index_path: 
I0805 16:04:27.358723 140264281317696 pyconfig.py:559] Config param olmo_path_remap_from: 
I0805 16:04:27.358743 140264281317696 pyconfig.py:559] Config param olmo_path_remap_to: 
I0805 16:04:27.358762 140264281317696 pyconfig.py:559] Config param opt_type: OptimizerType.ADAMW
I0805 16:04:27.358786 140264281317696 pyconfig.py:559] Config param optimize_mesh_for_tpu_v6e: False
I0805 16:04:27.358806 140264281317696 pyconfig.py:559] Config param optimizer_memory_host_offload: False
I0805 16:04:27.358826 140264281317696 pyconfig.py:559] Config param original_max_position_embeddings: 4096
I0805 16:04:27.358846 140264281317696 pyconfig.py:559] Config param out_hidden_size_for_vit: 512
I0805 16:04:27.358866 140264281317696 pyconfig.py:559] Config param out_proj: RematLocation.REMAT
I0805 16:04:27.358886 140264281317696 pyconfig.py:559] Config param output_dim_for_audio: 512
I0805 16:04:27.358906 140264281317696 pyconfig.py:559] Config param override_logical_axis_rules: False
I0805 16:04:27.358925 140264281317696 pyconfig.py:559] Config param override_model_config: False
I0805 16:04:27.358945 140264281317696 pyconfig.py:559] Config param packing: True
I0805 16:04:27.358966 140264281317696 pyconfig.py:559] Config param padded_base_moe_mlp_dim: None
I0805 16:04:27.358985 140264281317696 pyconfig.py:559] Config param param_scan_axis: 1
I0805 16:04:27.359005 140264281317696 pyconfig.py:559] Config param parameter_memory_host_offload: False
I0805 16:04:27.359025 140264281317696 pyconfig.py:559] Config param partial_rotary_factor: 1.0
I0805 16:04:27.359045 140264281317696 pyconfig.py:559] Config param patch_size_for_vit: 14
I0805 16:04:27.359065 140264281317696 pyconfig.py:559] Config param penalty_incorrect_answer: -1.0
I0805 16:04:27.359085 140264281317696 pyconfig.py:559] Config param penalty_incorrect_format: -0.5
I0805 16:04:27.359106 140264281317696 pyconfig.py:559] Config param per_device_batch_size: 4.0
I0805 16:04:27.359126 140264281317696 pyconfig.py:559] Config param per_device_batch_size_increment: 2.0
I0805 16:04:27.359147 140264281317696 pyconfig.py:559] Config param per_device_batch_size_start: 4.0
I0805 16:04:27.359167 140264281317696 pyconfig.py:559] Config param pipeline_delay_activation_forwarding: False
I0805 16:04:27.359187 140264281317696 pyconfig.py:559] Config param pipeline_fsdp_ag_once: False
I0805 16:04:27.359206 140264281317696 pyconfig.py:559] Config param pipeline_fsdp_ag_per_repeat: False
I0805 16:04:27.359227 140264281317696 pyconfig.py:559] Config param pipeline_parallel_layers: 32
I0805 16:04:27.359248 140264281317696 pyconfig.py:559] Config param pixel_shuffle_ratio_for_vit: 0.5
I0805 16:04:27.359269 140264281317696 pyconfig.py:559] Config param posemb_type_for_vit: learn
I0805 16:04:27.359292 140264281317696 pyconfig.py:559] Config param position_id_per_seconds: 25
I0805 16:04:27.359315 140264281317696 pyconfig.py:559] Config param prefill_cache_axis_order: 1,2,0,3
I0805 16:04:27.359337 140264281317696 pyconfig.py:559] Config param prefill_cache_dir: 
I0805 16:04:27.359358 140264281317696 pyconfig.py:559] Config param prefill_chunk_size: 256
I0805 16:04:27.359377 140264281317696 pyconfig.py:559] Config param prefill_slice: v5e-16
I0805 16:04:27.359397 140264281317696 pyconfig.py:559] Config param prefix_caching_dram_byte: 100000000000
I0805 16:04:27.359417 140264281317696 pyconfig.py:559] Config param prefix_caching_hbm_byte: 10000000000
I0805 16:04:27.359436 140264281317696 pyconfig.py:559] Config param prefuse_moe_weights: False
I0805 16:04:27.359457 140264281317696 pyconfig.py:559] Config param profile_cleanly: True
I0805 16:04:27.359477 140264281317696 pyconfig.py:559] Config param profile_periodically_period: -1
I0805 16:04:27.359497 140264281317696 pyconfig.py:559] Config param profile_power_events: False
I0805 16:04:27.359518 140264281317696 pyconfig.py:559] Config param profiler: ProfilerType.XPLANE
I0805 16:04:27.359542 140264281317696 pyconfig.py:559] Config param profiler_steps: 5
I0805 16:04:27.359561 140264281317696 pyconfig.py:559] Config param projector_dropout_for_vit: 0.0
I0805 16:04:27.359581 140264281317696 pyconfig.py:559] Config param projector_input_dim_for_vit: 4096
I0805 16:04:27.359601 140264281317696 pyconfig.py:559] Config param projector_output_dim_for_vit: 4096
I0805 16:04:27.359622 140264281317696 pyconfig.py:559] Config param prometheus_port: 0
I0805 16:04:27.359642 140264281317696 pyconfig.py:559] Config param prompt: I love to
I0805 16:04:27.359663 140264281317696 pyconfig.py:559] Config param pure_nnx: False
I0805 16:04:27.359684 140264281317696 pyconfig.py:559] Config param pure_nnx_decoder: False
I0805 16:04:27.359704 140264281317696 pyconfig.py:559] Config param q_lora_rank: 0
I0805 16:04:27.359724 140264281317696 pyconfig.py:559] Config param qk_clip_threshold: 100.0
I0805 16:04:27.359745 140264281317696 pyconfig.py:559] Config param qk_nope_head_dim: 128
I0805 16:04:27.359766 140264281317696 pyconfig.py:559] Config param qk_norm_with_scale: True
I0805 16:04:27.359786 140264281317696 pyconfig.py:559] Config param qk_rope_head_dim: 64
I0805 16:04:27.359807 140264281317696 pyconfig.py:559] Config param qkv_proj: RematLocation.REMAT
I0805 16:04:27.359828 140264281317696 pyconfig.py:559] Config param quant_cfg_path: 
I0805 16:04:27.359848 140264281317696 pyconfig.py:559] Config param quantization: QuantizationType.NONE
I0805 16:04:27.359871 140264281317696 pyconfig.py:559] Config param quantization_local_shard_count: 8
I0805 16:04:27.359891 140264281317696 pyconfig.py:559] Config param quantize_kvcache: False
I0805 16:04:27.359912 140264281317696 pyconfig.py:559] Config param query_proj: RematLocation.REMAT
I0805 16:04:27.359933 140264281317696 pyconfig.py:559] Config param query_wa_proj: RematLocation.REMAT
I0805 16:04:27.359953 140264281317696 pyconfig.py:559] Config param ragged_block_size: 256
I0805 16:04:27.359973 140264281317696 pyconfig.py:559] Config param ragged_buffer_factor: -1.0
I0805 16:04:27.359993 140264281317696 pyconfig.py:559] Config param ragged_gather_cost_estimate_bytes_accessed: -1
I0805 16:04:27.360014 140264281317696 pyconfig.py:559] Config param ragged_gather_cost_estimate_flops: -1
I0805 16:04:27.360034 140264281317696 pyconfig.py:559] Config param ragged_gather_fallback: False
I0805 16:04:27.360054 140264281317696 pyconfig.py:559] Config param ragged_gather_reduce_cost_estimate_bytes_accessed: -1
I0805 16:04:27.360073 140264281317696 pyconfig.py:559] Config param ragged_gather_reduce_cost_estimate_flops: -1
I0805 16:04:27.360092 140264281317696 pyconfig.py:559] Config param ragged_gather_reduce_fallback: False
I0805 16:04:27.360111 140264281317696 pyconfig.py:559] Config param rampup_end_step: 0
I0805 16:04:27.360131 140264281317696 pyconfig.py:559] Config param rampup_samples_per_increment_to_load: None
I0805 16:04:27.360152 140264281317696 pyconfig.py:559] Config param reasoning_end_token: </reasoning>
I0805 16:04:27.360172 140264281317696 pyconfig.py:559] Config param reasoning_start_token: <reasoning>
I0805 16:04:27.360193 140264281317696 pyconfig.py:559] Config param record_internal_nn_metrics: 0
I0805 16:04:27.360212 140264281317696 pyconfig.py:559] Config param remat_policy: minimal_flash
I0805 16:04:27.360233 140264281317696 pyconfig.py:559] Config param remat_policy_for_vit: minimal
I0805 16:04:27.360253 140264281317696 pyconfig.py:559] Config param remove_size_one_mesh_axis_from_type: True
I0805 16:04:27.360273 140264281317696 pyconfig.py:559] Config param replicate_quant_scale: False
I0805 16:04:27.360293 140264281317696 pyconfig.py:559] Config param replicator_backup_interval_minutes: 0
I0805 16:04:27.360313 140264281317696 pyconfig.py:559] Config param report_heartbeat_metric_for_gcp_monitoring: False
I0805 16:04:27.360334 140264281317696 pyconfig.py:559] Config param report_performance_metric_for_gcp_monitoring: False
I0805 16:04:27.360355 140264281317696 pyconfig.py:559] Config param reshape_q: False
I0805 16:04:27.360374 140264281317696 pyconfig.py:559] Config param reshard_chunk_size: None
I0805 16:04:27.360395 140264281317696 pyconfig.py:559] Config param return_log_prob: False
I0805 16:04:27.360414 140264281317696 pyconfig.py:559] Config param reuse_example_batch: 0
I0805 16:04:27.360435 140264281317696 pyconfig.py:559] Config param reward_exact_answer: 5.0
I0805 16:04:27.360455 140264281317696 pyconfig.py:559] Config param reward_exact_format_match: 3.0
I0805 16:04:27.360475 140264281317696 pyconfig.py:559] Config param reward_partial_format_match: 0.5
I0805 16:04:27.360494 140264281317696 pyconfig.py:559] Config param reward_ratio_guess_to_answer_high: 0.5
I0805 16:04:27.360514 140264281317696 pyconfig.py:559] Config param reward_ratio_guess_to_answer_low: 0.25
I0805 16:04:27.360534 140264281317696 pyconfig.py:559] Config param reward_white_space_format_match: 1.5
I0805 16:04:27.360554 140264281317696 pyconfig.py:559] Config param rl: {'num_generations': 2, 'num_iterations': 1, 'grpo_beta': 0.08, 'grpo_epsilon': 0.2, 'loss_algo': 'grpo', 'loss_agg_mode': 'sequence-mean-token-mean', 'use_agentic_rollout': False, 'max_concurrency': 256, 'off_policy_steps': 0, 'system_prompt': '', 'degenerate_group_masking': True, 'epsilon_high': None, 'reshard_chunk_size': None}
I0805 16:04:27.360585 140264281317696 pyconfig.py:559] Config param rollout_data_parallelism: -1
I0805 16:04:27.360606 140264281317696 pyconfig.py:559] Config param rollout_expert_parallelism: 1
I0805 16:04:27.360627 140264281317696 pyconfig.py:559] Config param rollout_micro_batch_size: -1
I0805 16:04:27.360647 140264281317696 pyconfig.py:559] Config param rollout_tensor_parallelism: -1
I0805 16:04:27.360668 140264281317696 pyconfig.py:559] Config param rope_attention_scaling: False
I0805 16:04:27.360688 140264281317696 pyconfig.py:559] Config param rope_factor: 40
I0805 16:04:27.360708 140264281317696 pyconfig.py:559] Config param rope_interleave: True
I0805 16:04:27.360728 140264281317696 pyconfig.py:559] Config param rope_linear_scaling_factor: 1.0
I0805 16:04:27.360749 140264281317696 pyconfig.py:559] Config param rope_max_timescale: 500000
I0805 16:04:27.360768 140264281317696 pyconfig.py:559] Config param rope_min_timescale: 1
I0805 16:04:27.360790 140264281317696 pyconfig.py:559] Config param rope_theta_for_vit: 10000
I0805 16:04:27.360810 140264281317696 pyconfig.py:559] Config param rope_truncate: True
I0805 16:04:27.360831 140264281317696 pyconfig.py:559] Config param rope_type: RopeType.DEFAULT
I0805 16:04:27.360854 140264281317696 pyconfig.py:559] Config param rope_use_scale: True
I0805 16:04:27.360874 140264281317696 pyconfig.py:559] Config param routed_bias: False
I0805 16:04:27.360894 140264281317696 pyconfig.py:559] Config param routed_bias_update_rate: 0.0
I0805 16:04:27.360915 140264281317696 pyconfig.py:559] Config param routed_scaling_factor: 1.0
I0805 16:04:27.360935 140264281317696 pyconfig.py:559] Config param routed_score_func: 
I0805 16:04:27.360955 140264281317696 pyconfig.py:559] Config param run_name: cap-tp8
I0805 16:04:27.360974 140264281317696 pyconfig.py:559] Config param sa_block_kv: 512
I0805 16:04:27.360995 140264281317696 pyconfig.py:559] Config param sa_block_kv_compute: 512
I0805 16:04:27.361016 140264281317696 pyconfig.py:559] Config param sa_block_kv_dkv: 512
I0805 16:04:27.361036 140264281317696 pyconfig.py:559] Config param sa_block_kv_dkv_compute: 512
I0805 16:04:27.361056 140264281317696 pyconfig.py:559] Config param sa_block_kv_dq: 512
I0805 16:04:27.361075 140264281317696 pyconfig.py:559] Config param sa_block_q: 512
I0805 16:04:27.361096 140264281317696 pyconfig.py:559] Config param sa_block_q_dkv: 512
I0805 16:04:27.361116 140264281317696 pyconfig.py:559] Config param sa_block_q_dq: 512
I0805 16:04:27.361136 140264281317696 pyconfig.py:559] Config param sa_k_layout: HEAD_DIM_MINOR
I0805 16:04:27.361155 140264281317696 pyconfig.py:559] Config param sa_q_layout: HEAD_DIM_MINOR
I0805 16:04:27.361176 140264281317696 pyconfig.py:559] Config param sa_use_fused_bwd_kernel: False
I0805 16:04:27.361196 140264281317696 pyconfig.py:559] Config param sa_v_layout: HEAD_DIM_MINOR
I0805 16:04:27.361217 140264281317696 pyconfig.py:559] Config param sampler_devices_fraction: 0.5
I0805 16:04:27.361238 140264281317696 pyconfig.py:559] Config param save_checkpoint_on_completion: True
I0805 16:04:27.361258 140264281317696 pyconfig.py:559] Config param save_config_to_gcs: False
I0805 16:04:27.361280 140264281317696 pyconfig.py:559] Config param save_quantized_params_path: 
I0805 16:04:27.361299 140264281317696 pyconfig.py:559] Config param scale_embedding_for_audio: True
I0805 16:04:27.361319 140264281317696 pyconfig.py:559] Config param scan_layers: True
I0805 16:04:27.361339 140264281317696 pyconfig.py:559] Config param scan_layers_per_stage: False
I0805 16:04:27.361359 140264281317696 pyconfig.py:559] Config param scan_pipeline_iterations: True
I0805 16:04:27.361378 140264281317696 pyconfig.py:559] Config param scan_pipeline_repeats: False
I0805 16:04:27.361398 140264281317696 pyconfig.py:559] Config param set_remat_policy_on_layers_per_stage: False
I0805 16:04:27.361419 140264281317696 pyconfig.py:559] Config param set_remat_policy_on_pipeline_iterations: True
I0805 16:04:27.361439 140264281317696 pyconfig.py:559] Config param sft_train_on_completion_only: False
I0805 16:04:27.361458 140264281317696 pyconfig.py:559] Config param shard_exp_on_fsdp: False
I0805 16:04:27.361478 140264281317696 pyconfig.py:559] Config param shard_mode: ShardMode.AUTO
I0805 16:04:27.361500 140264281317696 pyconfig.py:559] Config param shard_optimizer_over_data: False
I0805 16:04:27.361521 140264281317696 pyconfig.py:559] Config param sharding_strategy: None
I0805 16:04:27.361542 140264281317696 pyconfig.py:559] Config param sharding_tolerance: 0.02
I0805 16:04:27.361562 140264281317696 pyconfig.py:559] Config param shardy: True
I0805 16:04:27.361582 140264281317696 pyconfig.py:559] Config param share_kv_projections: False
I0805 16:04:27.361603 140264281317696 pyconfig.py:559] Config param shared_experts: 0
I0805 16:04:27.361623 140264281317696 pyconfig.py:559] Config param sinkhorn_iterations: 20
I0805 16:04:27.361643 140264281317696 pyconfig.py:559] Config param skip_first_n_steps_for_profiler: 10
I0805 16:04:27.361663 140264281317696 pyconfig.py:559] Config param skip_jax_distributed_system: False
I0805 16:04:27.361682 140264281317696 pyconfig.py:559] Config param skip_step_interval: 128
I0805 16:04:27.361703 140264281317696 pyconfig.py:559] Config param skip_step_on_spikes: False
I0805 16:04:27.361722 140264281317696 pyconfig.py:559] Config param skip_step_scaling_factor: 6.0
I0805 16:04:27.361747 140264281317696 pyconfig.py:559] Config param sliding_window_size: 0
I0805 16:04:27.361767 140264281317696 pyconfig.py:559] Config param solution_end_token: </answer>
I0805 16:04:27.361787 140264281317696 pyconfig.py:559] Config param solution_start_token: <answer>
I0805 16:04:27.361808 140264281317696 pyconfig.py:559] Config param source_checkpoint_layout: orbax
I0805 16:04:27.361828 140264281317696 pyconfig.py:559] Config param sparse_matmul: True
I0805 16:04:27.361848 140264281317696 pyconfig.py:559] Config param spatial_merge_size_for_vit: 2
I0805 16:04:27.361868 140264281317696 pyconfig.py:559] Config param stack_prefill_result_cache: False
I0805 16:04:27.361887 140264281317696 pyconfig.py:559] Config param step_deviation_interval_seconds: 30
I0805 16:04:27.361907 140264281317696 pyconfig.py:559] Config param steps: 22
I0805 16:04:27.361928 140264281317696 pyconfig.py:559] Config param stop_strings: None
I0805 16:04:27.361948 140264281317696 pyconfig.py:559] Config param student_overrides: {}
I0805 16:04:27.361967 140264281317696 pyconfig.py:559] Config param student_params_to_update: None
I0805 16:04:27.361987 140264281317696 pyconfig.py:559] Config param subslice_shape: 
I0805 16:04:27.362007 140264281317696 pyconfig.py:559] Config param swap_space_vllm_gb: 2
I0805 16:04:27.362026 140264281317696 pyconfig.py:559] Config param system_prompt: 
I0805 16:04:27.362046 140264281317696 pyconfig.py:559] Config param target_eval_loss: 0.0
I0805 16:04:27.362066 140264281317696 pyconfig.py:559] Config param teacher_overrides: {}
I0805 16:04:27.362087 140264281317696 pyconfig.py:559] Config param temperature_tuning: False
I0805 16:04:27.362106 140264281317696 pyconfig.py:559] Config param temporal_patch_size_for_vit: 2
I0805 16:04:27.362126 140264281317696 pyconfig.py:559] Config param tensorboard_dir: /root/work/scale-your-amd/runs/20260805-maxtext-cap-tp8/maxtext/cap-tp8/tensorboard/
I0805 16:04:27.362147 140264281317696 pyconfig.py:559] Config param tensors_on_device: None
I0805 16:04:27.362166 140264281317696 pyconfig.py:559] Config param tensors_to_offload: None
I0805 16:04:27.362185 140264281317696 pyconfig.py:559] Config param test_batch_start_index: 0
I0805 16:04:27.362205 140264281317696 pyconfig.py:559] Config param tile_size_for_vit: 336
I0805 16:04:27.362224 140264281317696 pyconfig.py:559] Config param tokenize_eval_data: True
I0805 16:04:27.362245 140264281317696 pyconfig.py:559] Config param tokenize_train_data: True
I0805 16:04:27.362264 140264281317696 pyconfig.py:559] Config param tokenizer_path: /workspace/maxtext/src/maxtext/assets/tokenizers/tokenizer.llama2
I0805 16:04:27.362285 140264281317696 pyconfig.py:559] Config param tokenizer_type: TokenizerType.SENTENCEPIECE
I0805 16:04:27.362307 140264281317696 pyconfig.py:559] Config param topk_routing_group: -1
I0805 16:04:27.362327 140264281317696 pyconfig.py:559] Config param tpu_num_chips_to_profile_per_task: 1
I0805 16:04:27.362347 140264281317696 pyconfig.py:559] Config param tpu_num_sparse_core_tiles_to_trace: 1
I0805 16:04:27.362366 140264281317696 pyconfig.py:559] Config param tpu_num_sparse_cores_to_trace: 2
I0805 16:04:27.362386 140264281317696 pyconfig.py:559] Config param train_data_columns: ['text']
I0805 16:04:27.362409 140264281317696 pyconfig.py:559] Config param train_fraction: 1.0
I0805 16:04:27.362431 140264281317696 pyconfig.py:559] Config param train_image_column: image
I0805 16:04:27.362452 140264281317696 pyconfig.py:559] Config param train_micro_batch_size: -1
I0805 16:04:27.362473 140264281317696 pyconfig.py:559] Config param train_split: train
I0805 16:04:27.362493 140264281317696 pyconfig.py:559] Config param trainable_parameters_mask: []
I0805 16:04:27.362514 140264281317696 pyconfig.py:559] Config param trainable_position_size: -1
I0805 16:04:27.362533 140264281317696 pyconfig.py:559] Config param trainer_devices_fraction: 0.5
I0805 16:04:27.362554 140264281317696 pyconfig.py:559] Config param upload_all_profiler_results: False
I0805 16:04:27.362575 140264281317696 pyconfig.py:559] Config param use_agentic_rollout: False
I0805 16:04:27.362596 140264281317696 pyconfig.py:559] Config param use_audio: False
I0805 16:04:27.362616 140264281317696 pyconfig.py:559] Config param use_audio_in_video: False
I0805 16:04:27.362637 140264281317696 pyconfig.py:559] Config param use_batch_split_schedule: False
I0805 16:04:27.362657 140264281317696 pyconfig.py:559] Config param use_chat_template: False
I0805 16:04:27.362677 140264281317696 pyconfig.py:559] Config param use_chunked_prefill: False
I0805 16:04:27.362696 140264281317696 pyconfig.py:559] Config param use_custom_sort_vjp: True
I0805 16:04:27.362716 140264281317696 pyconfig.py:559] Config param use_double_wide_mlp: False
I0805 16:04:27.362736 140264281317696 pyconfig.py:559] Config param use_dpo: False
I0805 16:04:27.362757 140264281317696 pyconfig.py:559] Config param use_gather_mosaic_kernel: False
I0805 16:04:27.362776 140264281317696 pyconfig.py:559] Config param use_gmm_v2: False
I0805 16:04:27.362797 140264281317696 pyconfig.py:559] Config param use_grpo: True
I0805 16:04:27.362817 140264281317696 pyconfig.py:559] Config param use_indexer: False
I0805 16:04:27.362837 140264281317696 pyconfig.py:559] Config param use_iota_embed: False
I0805 16:04:27.362856 140264281317696 pyconfig.py:559] Config param use_jax_splash: False
I0805 16:04:27.362877 140264281317696 pyconfig.py:559] Config param use_manual_quantization: False
I0805 16:04:27.362896 140264281317696 pyconfig.py:559] Config param use_max_logit_estimate: -1
I0805 16:04:27.362917 140264281317696 pyconfig.py:559] Config param use_mrope: False
I0805 16:04:27.362938 140264281317696 pyconfig.py:559] Config param use_multimodal: False
I0805 16:04:27.362959 140264281317696 pyconfig.py:559] Config param use_pathways: True
I0805 16:04:27.362978 140264281317696 pyconfig.py:559] Config param use_post_attn_norm: False
I0805 16:04:27.362999 140264281317696 pyconfig.py:559] Config param use_post_ffw_norm: False
I0805 16:04:27.363019 140264281317696 pyconfig.py:559] Config param use_qk_clip: False
I0805 16:04:27.363040 140264281317696 pyconfig.py:559] Config param use_qk_norm: False
I0805 16:04:27.363059 140264281317696 pyconfig.py:559] Config param use_qk_norm_in_gdn: True
I0805 16:04:27.363080 140264281317696 pyconfig.py:559] Config param use_qwix_quantization: False
I0805 16:04:27.363100 140264281317696 pyconfig.py:559] Config param use_ragged_attention: False
I0805 16:04:27.363119 140264281317696 pyconfig.py:559] Config param use_ragged_sort: False
I0805 16:04:27.363139 140264281317696 pyconfig.py:559] Config param use_random_routing: False
I0805 16:04:27.363159 140264281317696 pyconfig.py:559] Config param use_replicator_service: False
I0805 16:04:27.363179 140264281317696 pyconfig.py:559] Config param use_ring_of_experts: False
I0805 16:04:27.363199 140264281317696 pyconfig.py:559] Config param use_sft: False
I0805 16:04:27.363219 140264281317696 pyconfig.py:559] Config param use_splash_scheduler: False
I0805 16:04:27.363237 140264281317696 pyconfig.py:559] Config param use_standalone_converter: False
I0805 16:04:27.363257 140264281317696 pyconfig.py:559] Config param use_tokamax_gmm: False
I0805 16:04:27.363277 140264281317696 pyconfig.py:559] Config param use_tokamax_splash: False
I0805 16:04:27.363297 140264281317696 pyconfig.py:559] Config param use_truncation: True
I0805 16:04:27.363316 140264281317696 pyconfig.py:559] Config param use_tunix_gradient_accumulation: False
I0805 16:04:27.363335 140264281317696 pyconfig.py:559] Config param use_untrainable_positional_embedding: False
I0805 16:04:27.363355 140264281317696 pyconfig.py:559] Config param use_vertex_tensorboard: False
I0805 16:04:27.363374 140264281317696 pyconfig.py:559] Config param using_pipeline_parallelism: False
I0805 16:04:27.363394 140264281317696 pyconfig.py:559] Config param v_head_dim: 128
I0805 16:04:27.363414 140264281317696 pyconfig.py:559] Config param v_norm_with_scale: True
I0805 16:04:27.363434 140264281317696 pyconfig.py:559] Config param value_proj: RematLocation.REMAT
I0805 16:04:27.363455 140264281317696 pyconfig.py:559] Config param vertex_tensorboard_project: 
I0805 16:04:27.363475 140264281317696 pyconfig.py:559] Config param vertex_tensorboard_region: 
I0805 16:04:27.363496 140264281317696 pyconfig.py:559] Config param video_path: 
I0805 16:04:27.363516 140264281317696 pyconfig.py:559] Config param video_placeholder: <|video|>
I0805 16:04:27.363536 140264281317696 pyconfig.py:559] Config param vision_output_dim_for_vit: 4096
I0805 16:04:27.363556 140264281317696 pyconfig.py:559] Config param vision_output_length: -1
I0805 16:04:27.363576 140264281317696 pyconfig.py:559] Config param vllm_additional_config: {}
I0805 16:04:27.363597 140264281317696 pyconfig.py:559] Config param vllm_hf_config_path: 
I0805 16:04:27.363616 140264281317696 pyconfig.py:559] Config param vllm_hf_overrides: {}
I0805 16:04:27.363636 140264281317696 pyconfig.py:559] Config param vllm_load_format: dummy
I0805 16:04:27.363656 140264281317696 pyconfig.py:559] Config param vocab_size: 128256
I0805 16:04:27.363676 140264281317696 pyconfig.py:559] Config param vocab_size_per_layer_input: 0
I0805 16:04:27.363696 140264281317696 pyconfig.py:559] Config param warmup_steps_fraction: 0.1
I0805 16:04:27.363716 140264281317696 pyconfig.py:559] Config param weight_dtype: float32
I0805 16:04:27.363749 140264281317696 pyconfig.py:559] Config param weight_quantization_calibration_method: absmax
I0805 16:04:27.363774 140264281317696 pyconfig.py:559] Config param weight_sparsity_m: None
I0805 16:04:27.363795 140264281317696 pyconfig.py:559] Config param weight_sparsity_n: None
I0805 16:04:27.363815 140264281317696 pyconfig.py:559] Config param weight_sparsity_start_step: 50
I0805 16:04:27.363834 140264281317696 pyconfig.py:559] Config param weight_sparsity_update_step: 10
I0805 16:04:27.363854 140264281317696 pyconfig.py:559] Config param wi_tile_dlhs_batch_seq: 512
I0805 16:04:27.363875 140264281317696 pyconfig.py:559] Config param wi_tile_dlhs_embed_dim: 1024
I0805 16:04:27.363895 140264281317696 pyconfig.py:559] Config param wi_tile_dlhs_mlp_dim: 1024
I0805 16:04:27.363915 140264281317696 pyconfig.py:559] Config param wi_tile_drhs_batch_seq: 512
I0805 16:04:27.363936 140264281317696 pyconfig.py:559] Config param wi_tile_drhs_embed_dim: 1024
I0805 16:04:27.363956 140264281317696 pyconfig.py:559] Config param wi_tile_drhs_mlp_dim: 1024
I0805 16:04:27.363975 140264281317696 pyconfig.py:559] Config param wi_tile_fwd_batch_seq: 512
I0805 16:04:27.363995 140264281317696 pyconfig.py:559] Config param wi_tile_fwd_embed_dim: 1024
I0805 16:04:27.364016 140264281317696 pyconfig.py:559] Config param wi_tile_fwd_mlp_dim: 1024
I0805 16:04:27.364036 140264281317696 pyconfig.py:559] Config param wo_tile_dlhs_batch_seq: 512
I0805 16:04:27.364056 140264281317696 pyconfig.py:559] Config param wo_tile_dlhs_embed_dim: 1024
I0805 16:04:27.364077 140264281317696 pyconfig.py:559] Config param wo_tile_dlhs_mlp_dim: 1024
I0805 16:04:27.364096 140264281317696 pyconfig.py:559] Config param wo_tile_drhs_batch_seq: 512
I0805 16:04:27.364115 140264281317696 pyconfig.py:559] Config param wo_tile_drhs_embed_dim: 1024
I0805 16:04:27.364134 140264281317696 pyconfig.py:559] Config param wo_tile_drhs_mlp_dim: 1024
I0805 16:04:27.364154 140264281317696 pyconfig.py:559] Config param wo_tile_fwd_batch_seq: 512
I0805 16:04:27.364173 140264281317696 pyconfig.py:559] Config param wo_tile_fwd_embed_dim: 1024
I0805 16:04:27.364193 140264281317696 pyconfig.py:559] Config param wo_tile_fwd_mlp_dim: 1024
I0805 16:04:27.364213 140264281317696 pyconfig.py:559] Config param write_estimator_result: False
I0805 16:04:27.364233 140264281317696 pyconfig.py:559] Config param wsd_decay_steps_fraction: 0.1
I0805 16:04:27.364253 140264281317696 pyconfig.py:559] Config param wsd_decay_style: WsdDecayStyle.LINEAR
I0805 16:04:27.364275 140264281317696 pyconfig.py:559] Config param xprof_e2e_enable_fw_power_level_event: False
I0805 16:04:27.364294 140264281317696 pyconfig.py:559] Config param xprof_e2e_enable_fw_thermal_event: False
I0805 16:04:27.364314 140264281317696 pyconfig.py:559] Config param xprof_e2e_enable_fw_throttle_event: False
I0805 16:04:27.364335 140264281317696 pyconfig.py:559] Config param xprof_tpu_power_trace_level: 0
I0805 16:04:27.364357 140264281317696 pyconfig.py:559] Config param z_loss_multiplier: 0.0
I0805 16:04:27.364841 140264281317696 max_utils.py:828] System Information: Jax Version: 0.10.0
I0805 16:04:27.364896 140264281317696 max_utils.py:829] System Information: Jaxlib Version: 0.10.0
I0805 16:04:27.364959 140264281317696 max_utils.py:830] System Information: Jax Backend: PJRT C API
rocm 71400
I0805 16:04:27.364997 140264281317696 max_utils.py:833] System Information: Number of devices: 8, jax path /opt/venv/lib/python3.12/site-packages/jax/__init__.py
I0805 16:04:27.365037 140264281317696 max_utils.py:836] System Information: Device 0: 0 (Local id: 0, Process index: 0)
I0805 16:04:27.365069 140264281317696 max_utils.py:836] System Information: Device 1: 1 (Local id: 1, Process index: 0)
I0805 16:04:27.365099 140264281317696 max_utils.py:836] System Information: Device 2: 2 (Local id: 2, Process index: 0)
I0805 16:04:27.365125 140264281317696 max_utils.py:836] System Information: Device 3: 3 (Local id: 3, Process index: 0)
I0805 16:04:27.365151 140264281317696 max_utils.py:836] System Information: Device 4: 4 (Local id: 4, Process index: 0)
I0805 16:04:27.365175 140264281317696 max_utils.py:836] System Information: Device 5: 5 (Local id: 5, Process index: 0)
I0805 16:04:27.365200 140264281317696 max_utils.py:836] System Information: Device 6: 6 (Local id: 6, Process index: 0)
I0805 16:04:27.365224 140264281317696 max_utils.py:836] System Information: Device 7: 7 (Local id: 7, Process index: 0)
I0805 16:04:27.365264 140264281317696 train_utils.py:355] WARNING: 'base_output_directory' might be pointing your local file system
I0805 16:04:27.365300 140264281317696 train_utils.py:366] WARNING: Sequence packing is essentially ignored for synthetic data. Please use a real dataset to use sequence packing.
I0805 16:04:31.762607 140264281317696 maxtext_utils.py:1975] Num_devices: 8, shape (1, 1, 1, 1, 1, 1, 1, 8, 1, 1, 1, 1)
I0805 16:04:31.763200 140264281317696 maxtext_utils.py:1975] Num_devices: 8, shape (1, 1, 1, 1, 1, 1, 1, 8, 1, 1, 1, 1)
I0805 16:04:31.764221 140264281317696 checkpointing.py:995] Setting up checkpoint logger...
I0805 16:04:31.764400 140264281317696 checkpointing.py:386] Checkpointing disabled, not creating checkpoint manager.
I0805 16:04:32.849388 140264281317696 decoders.py:352] WARNING: 'minimal_flash' will be deprecated soon, please use 'minimal_with_context' instead.
I0805 16:04:32.849517 140264281317696 decoders.py:353] WARNING: 'minimal_flash' will be deprecated soon, please use 'minimal_with_context' instead.
/opt/venv/lib/python3.12/site-packages/transformer_engine/jax/flax/transformer.py:732: UserWarning: The dtype argument is deprecated and will be removed in a future release. DotProductAttention will use the dtype of the inputs instead as this module does not have any parameters. Module dtype specified self.dtype=dtype(bfloat16) matches dtype of inputs so behavior is unchanged. Please remove the dtype argument within the next few releases.
  warnings.warn(
I0805 16:04:33.022385 140264281317696 decoders.py:352] WARNING: 'minimal_flash' will be deprecated soon, please use 'minimal_with_context' instead.
I0805 16:04:33.022489 140264281317696 decoders.py:353] WARNING: 'minimal_flash' will be deprecated soon, please use 'minimal_with_context' instead.
I0805 16:04:33.170347 140264281317696 checkpointing.py:983] No existing checkpoints found, not restoring checkpoint.
I0805 16:04:46.980887 140264281317696 decoders.py:352] WARNING: 'minimal_flash' will be deprecated soon, please use 'minimal_with_context' instead.
I0805 16:04:46.981051 140264281317696 decoders.py:353] WARNING: 'minimal_flash' will be deprecated soon, please use 'minimal_with_context' instead.
I0805 16:04:52.090789 140264281317696 max_utils.py:819] Total memory size: 133.8 GB, Output size: 11.2 GB, Temp size: 122.6 GB, Argument size: 11.2 GB, Host temp size: 0.0 GB.
I0805 16:04:52.092601 140264281317696 metric_logger.py:334] number parameters: 8.030 billion
I0805 16:04:52.203329 140264281317696 train.py:680] ====== BARRIER: Synchronizing hosts before training loop ======
I0805 16:04:52.203687 140264281317696 train.py:682] ====== BARRIER PASSED: Starting training loop ======
I0805 16:04:52.626116 140264281317696 decoders.py:352] WARNING: 'minimal_flash' will be deprecated soon, please use 'minimal_with_context' instead.
I0805 16:04:52.626242 140264281317696 decoders.py:353] WARNING: 'minimal_flash' will be deprecated soon, please use 'minimal_with_context' instead.
E0805 16:05:06.016061  181276 rendezvous.cc:108] [id=1] This thread has been waiting for `[7] [rank=7] [run_id=-685716456] Initialize clique: devices=8:[0,1,2,3,4,5,6,7]; local_participants=8; communication_id=0; incarnations=[]` for 10 seconds and may be stuck. All 8 threads joined the rendezvous, however the leader has not marked the rendezvous as completed. Leader can be deadlocked inside the rendezvous callback.
E0805 16:05:06.016078  181264 rendezvous.cc:108] [id=6] This thread has been waiting for `[3] [rank=3] [run_id=-685716456] Initialize clique: devices=8:[0,1,2,3,4,5,6,7]; local_participants=8; communication_id=0; incarnations=[]` for 10 seconds and may be stuck. All 8 threads joined the rendezvous, however the leader has not marked the rendezvous as completed. Leader can be deadlocked inside the rendezvous callback.
E0805 16:05:06.016088  181261 rendezvous.cc:108] [id=2] This thread has been waiting for `[2] [rank=2] [run_id=-685716456] Initialize clique: devices=8:[0,1,2,3,4,5,6,7]; local_participants=8; communication_id=0; incarnations=[]` for 10 seconds and may be stuck. All 8 threads joined the rendezvous, however the leader has not marked the rendezvous as completed. Leader can be deadlocked inside the rendezvous callback.
E0805 16:05:06.016081  181267 rendezvous.cc:108] [id=3] This thread has been waiting for `[4] [rank=4] [run_id=-685716456] Initialize clique: devices=8:[0,1,2,3,4,5,6,7]; local_participants=8; communication_id=0; incarnations=[]` for 10 seconds and may be stuck. All 8 threads joined the rendezvous, however the leader has not marked the rendezvous as completed. Leader can be deadlocked inside the rendezvous callback.
E0805 16:05:06.016104  181273 rendezvous.cc:108] [id=4] This thread has been waiting for `[6] [rank=6] [run_id=-685716456] Initialize clique: devices=8:[0,1,2,3,4,5,6,7]; local_participants=8; communication_id=0; incarnations=[]` for 10 seconds and may be stuck. All 8 threads joined the rendezvous, however the leader has not marked the rendezvous as completed. Leader can be deadlocked inside the rendezvous callback.
E0805 16:05:06.016081  181258 rendezvous.cc:108] [id=5] This thread has been waiting for `[1] [rank=1] [run_id=-685716456] Initialize clique: devices=8:[0,1,2,3,4,5,6,7]; local_participants=8; communication_id=0; incarnations=[]` for 10 seconds and may be stuck. All 8 threads joined the rendezvous, however the leader has not marked the rendezvous as completed. Leader can be deadlocked inside the rendezvous callback.
E0805 16:05:06.016094  181270 rendezvous.cc:108] [id=0] This thread has been waiting for `[5] [rank=5] [run_id=-685716456] Initialize clique: devices=8:[0,1,2,3,4,5,6,7]; local_participants=8; communication_id=0; incarnations=[]` for 10 seconds and may be stuck. All 8 threads joined the rendezvous, however the leader has not marked the rendezvous as completed. Leader can be deadlocked inside the rendezvous callback.
E0805 16:05:10.366633  181273 rendezvous.cc:130] [id=4] This thread is unstuck waiting for `[6] [rank=6] [run_id=-685716456] Initialize clique: devices=8:[0,1,2,3,4,5,6,7]; local_participants=8; communication_id=0; incarnations=[]` after 14.350781373s. All threads joined the rendezvous on time however the leader took long time to complete it. Warning above was a false-positive. Perhaps the timeout is too short.
E0805 16:05:10.366641  181270 rendezvous.cc:130] [id=0] This thread is unstuck waiting for `[5] [rank=5] [run_id=-685716456] Initialize clique: devices=8:[0,1,2,3,4,5,6,7]; local_participants=8; communication_id=0; incarnations=[]` after 14.350866492s. All threads joined the rendezvous on time however the leader took long time to complete it. Warning above was a false-positive. Perhaps the timeout is too short.
E0805 16:05:10.366721  181264 rendezvous.cc:130] [id=6] This thread is unstuck waiting for `[3] [rank=3] [run_id=-685716456] Initialize clique: devices=8:[0,1,2,3,4,5,6,7]; local_participants=8; communication_id=0; incarnations=[]` after 14.350866668s. All threads joined the rendezvous on time however the leader took long time to complete it. Warning above was a false-positive. Perhaps the timeout is too short.
E0805 16:05:10.366717  181276 rendezvous.cc:130] [id=1] This thread is unstuck waiting for `[7] [rank=7] [run_id=-685716456] Initialize clique: devices=8:[0,1,2,3,4,5,6,7]; local_participants=8; communication_id=0; incarnations=[]` after 14.350884455s. All threads joined the rendezvous on time however the leader took long time to complete it. Warning above was a false-positive. Perhaps the timeout is too short.
E0805 16:05:10.366786  181261 rendezvous.cc:130] [id=2] This thread is unstuck waiting for `[2] [rank=2] [run_id=-685716456] Initialize clique: devices=8:[0,1,2,3,4,5,6,7]; local_participants=8; communication_id=0; incarnations=[]` after 14.35094184s. All threads joined the rendezvous on time however the leader took long time to complete it. Warning above was a false-positive. Perhaps the timeout is too short.
E0805 16:05:10.366803  181258 rendezvous.cc:130] [id=5] This thread is unstuck waiting for `[1] [rank=1] [run_id=-685716456] Initialize clique: devices=8:[0,1,2,3,4,5,6,7]; local_participants=8; communication_id=0; incarnations=[]` after 14.350950952s. All threads joined the rendezvous on time however the leader took long time to complete it. Warning above was a false-positive. Perhaps the timeout is too short.
E0805 16:05:10.366790  181267 rendezvous.cc:130] [id=3] This thread is unstuck waiting for `[4] [rank=4] [run_id=-685716456] Initialize clique: devices=8:[0,1,2,3,4,5,6,7]; local_participants=8; communication_id=0; incarnations=[]` after 14.350940413s. All threads joined the rendezvous on time however the leader took long time to complete it. Warning above was a false-positive. Perhaps the timeout is too short.
RCCL version : 2.30.4-HEAD:9e5e408
HIP version  : 7.14.60850-0000000
ROCm version : 7.14.0.0-9999-2b22ab01
Hostname     : dell300x-ccs-aus-f06-01
Librccl path : /opt/rocm/lib/librccl.so.1
[aiter] hipModuleLoad (embedded): hsa/gfx942/fmha_v3_fwd/MI300/fwd_hd128_bf16_causal_rtz.co GetFunction: _ZN5aiter30fmha_fwd_hd128_bf16_causal_rtzE
[aiter] hipModuleGetFunction: _ZN5aiter30fmha_fwd_hd128_bf16_causal_rtzE Success
[aiter] hipModuleLoad (embedded): hsa/gfx942/fmha_v3_fwd/MI300/fwd_hd128_bf16_causal_rtz.co GetFunction: _ZN5aiter30fmha_fwd_hd128_bf16_causal_rtzE
[aiter] hipModuleGetFunction: _ZN5aiter30fmha_fwd_hd128_bf16_causal_rtzE Success
[aiter] hipModuleLoad (embedded): hsa/gfx942/fmha_v3_fwd/MI300/fwd_hd128_bf16_causal_rtz.co GetFunction: _ZN5aiter30fmha_fwd_hd128_bf16_causal_rtzE
[aiter] hipModuleGetFunction: _ZN5aiter30fmha_fwd_hd128_bf16_causal_rtzE Success
[aiter] hipModuleLoad (embedded): hsa/gfx942/fmha_v3_fwd/MI300/fwd_hd128_bf16_causal_rtz.co GetFunction: _ZN5aiter30fmha_fwd_hd128_bf16_causal_rtzE
[aiter] hipModuleLoad (embedded): hsa/gfx942/fmha_v3_fwd/MI300/fwd_hd128_bf16_causal_rtz.co GetFunction: _ZN5aiter30fmha_fwd_hd128_bf16_causal_rtzE
[aiter] hipModuleGetFunction: _ZN5aiter30fmha_fwd_hd128_bf16_causal_rtzE Success
[aiter] hipModuleLoad (embedded): hsa/gfx942/fmha_v3_fwd/MI300/fwd_hd128_bf16_causal_rtz.co GetFunction: _ZN5aiter30fmha_fwd_hd128_bf16_causal_rtzE
[aiter] hipModuleGetFunction: _ZN5aiter30fmha_fwd_hd128_bf16_causal_rtzE Success
[aiter] hipModuleLoad (embedded): hsa/gfx942/fmha_v3_fwd/MI300/fwd_hd128_bf16_causal_rtz.co GetFunction: _ZN5aiter30fmha_fwd_hd128_bf16_causal_rtzE
[aiter] hipModuleGetFunction: _ZN5aiter30fmha_fwd_hd128_bf16_causal_rtzE Success
[aiter] hipModuleGetFunction: _ZN5aiter30fmha_fwd_hd128_bf16_causal_rtzE Success
[aiter] hipModuleLoad (embedded): hsa/gfx942/fmha_v3_fwd/MI300/fwd_hd128_bf16_causal_rtz.co GetFunction: _ZN5aiter30fmha_fwd_hd128_bf16_causal_rtzE
[aiter] hipModuleGetFunction: _ZN5aiter30fmha_fwd_hd128_bf16_causal_rtzE Success
[aiter] hipModuleLoad (embedded): hsa/gfx942/fmha_v3_bwd/bwd_hd128_odo_bf16.co GetFunction: _ZN5aiter23fmha_bwd_hd128_odo_bf16E
[aiter] hipModuleGetFunction: _ZN5aiter23fmha_bwd_hd128_odo_bf16E Success
[aiter] hipModuleLoad (embedded): hsa/gfx942/fmha_v3_bwd/bwd_hd128_bf16_causal_a32_rtz_psskddv.co GetFunction: _ZN5aiter42fmha_bwd_hd128_bf16_causal_a32_rtz_psskddvE
[aiter] hipModuleGetFunction: _ZN5aiter42fmha_bwd_hd128_bf16_causal_a32_rtz_psskddvE Success
[aiter] hipModuleLoad (embedded): hsa/gfx942/fmha_v3_bwd/bwd_hd128_dq_convert_bf16_rtz.co GetFunction: _ZN5aiter34fmha_bwd_hd128_dq_convert_bf16_rtzE
[aiter] hipModuleGetFunction: _ZN5aiter34fmha_bwd_hd128_dq_convert_bf16_rtzE Success
[aiter] hipModuleLoad (embedded): hsa/gfx942/fmha_v3_bwd/bwd_hd128_odo_bf16.co GetFunction: _ZN5aiter23fmha_bwd_hd128_odo_bf16E
[aiter] hipModuleGetFunction: _ZN5aiter23fmha_bwd_hd128_odo_bf16E Success
[aiter] hipModuleLoad (embedded): hsa/gfx942/fmha_v3_bwd/bwd_hd128_bf16_causal_a32_rtz_psskddv.co GetFunction: _ZN5aiter42fmha_bwd_hd128_bf16_causal_a32_rtz_psskddvE
[aiter] hipModuleGetFunction: _ZN5aiter42fmha_bwd_hd128_bf16_causal_a32_rtz_psskddvE Success
[aiter] hipModuleLoad (embedded): hsa/gfx942/fmha_v3_bwd/bwd_hd128_dq_convert_bf16_rtz.co GetFunction: _ZN5aiter34fmha_bwd_hd128_dq_convert_bf16_rtzE
[aiter] hipModuleGetFunction: _ZN5aiter34fmha_bwd_hd128_dq_convert_bf16_rtzE Success
[aiter] hipModuleLoad (embedded): hsa/gfx942/fmha_v3_bwd/bwd_hd128_odo_bf16.co GetFunction: _ZN5aiter23fmha_bwd_hd128_odo_bf16E
[aiter] hipModuleGetFunction: _ZN5aiter23fmha_bwd_hd128_odo_bf16E Success
[aiter] hipModuleLoad (embedded): hsa/gfx942/fmha_v3_bwd/bwd_hd128_bf16_causal_a32_rtz_psskddv.co GetFunction: _ZN5aiter42fmha_bwd_hd128_bf16_causal_a32_rtz_psskddvE
[aiter] hipModuleGetFunction: _ZN5aiter42fmha_bwd_hd128_bf16_causal_a32_rtz_psskddvE Success
[aiter] hipModuleLoad (embedded): hsa/gfx942/fmha_v3_bwd/bwd_hd128_dq_convert_bf16_rtz.co GetFunction: _ZN5aiter34fmha_bwd_hd128_dq_convert_bf16_rtzE
[aiter] hipModuleGetFunction: _ZN5aiter34fmha_bwd_hd128_dq_convert_bf16_rtzE Success
[aiter] hipModuleLoad (embedded): hsa/gfx942/fmha_v3_bwd/bwd_hd128_odo_bf16.co GetFunction: _ZN5aiter23fmha_bwd_hd128_odo_bf16E
[aiter] hipModuleGetFunction: _ZN5aiter23fmha_bwd_hd128_odo_bf16E Success
[aiter] hipModuleLoad (embedded): hsa/gfx942/fmha_v3_bwd/bwd_hd128_bf16_causal_a32_rtz_psskddv.co GetFunction: _ZN5aiter42fmha_bwd_hd128_bf16_causal_a32_rtz_psskddvE
[aiter] hipModuleGetFunction: _ZN5aiter42fmha_bwd_hd128_bf16_causal_a32_rtz_psskddvE Success
[aiter] hipModuleLoad (embedded): hsa/gfx942/fmha_v3_bwd/bwd_hd128_dq_convert_bf16_rtz.co GetFunction: _ZN5aiter34fmha_bwd_hd128_dq_convert_bf16_rtzE
[aiter] hipModuleGetFunction: _ZN5aiter34fmha_bwd_hd128_dq_convert_bf16_rtzE Success
[aiter] hipModuleLoad (embedded): hsa/gfx942/fmha_v3_bwd/bwd_hd128_odo_bf16.co GetFunction: _ZN5aiter23fmha_bwd_hd128_odo_bf16E
[aiter] hipModuleGetFunction: _ZN5aiter23fmha_bwd_hd128_odo_bf16E Success
[aiter] hipModuleLoad (embedded): hsa/gfx942/fmha_v3_bwd/bwd_hd128_bf16_causal_a32_rtz_psskddv.co GetFunction: _ZN5aiter42fmha_bwd_hd128_bf16_causal_a32_rtz_psskddvE
[aiter] hipModuleGetFunction: _ZN5aiter42fmha_bwd_hd128_bf16_causal_a32_rtz_psskddvE Success
[aiter] hipModuleLoad (embedded): hsa/gfx942/fmha_v3_bwd/bwd_hd128_dq_convert_bf16_rtz.co GetFunction: _ZN5aiter34fmha_bwd_hd128_dq_convert_bf16_rtzE
[aiter] hipModuleGetFunction: _ZN5aiter34fmha_bwd_hd128_dq_convert_bf16_rtzE Success
[aiter] hipModuleLoad (embedded): hsa/gfx942/fmha_v3_bwd/bwd_hd128_odo_bf16.co GetFunction: _ZN5aiter23fmha_bwd_hd128_odo_bf16E
[aiter] hipModuleGetFunction: _ZN5aiter23fmha_bwd_hd128_odo_bf16E Success
[aiter] hipModuleLoad (embedded): hsa/gfx942/fmha_v3_bwd/bwd_hd128_bf16_causal_a32_rtz_psskddv.co GetFunction: _ZN5aiter42fmha_bwd_hd128_bf16_causal_a32_rtz_psskddvE
[aiter] hipModuleGetFunction: _ZN5aiter42fmha_bwd_hd128_bf16_causal_a32_rtz_psskddvE Success
[aiter] hipModuleLoad (embedded): hsa/gfx942/fmha_v3_bwd/bwd_hd128_dq_convert_bf16_rtz.co GetFunction: _ZN5aiter34fmha_bwd_hd128_dq_convert_bf16_rtzE
[aiter] hipModuleGetFunction: _ZN5aiter34fmha_bwd_hd128_dq_convert_bf16_rtzE Success
[aiter] hipModuleLoad (embedded): hsa/gfx942/fmha_v3_bwd/bwd_hd128_odo_bf16.co GetFunction: _ZN5aiter23fmha_bwd_hd128_odo_bf16E
[aiter] hipModuleGetFunction: _ZN5aiter23fmha_bwd_hd128_odo_bf16E Success
[aiter] hipModuleLoad (embedded): hsa/gfx942/fmha_v3_bwd/bwd_hd128_bf16_causal_a32_rtz_psskddv.co GetFunction: _ZN5aiter42fmha_bwd_hd128_bf16_causal_a32_rtz_psskddvE
[aiter] hipModuleGetFunction: _ZN5aiter42fmha_bwd_hd128_bf16_causal_a32_rtz_psskddvE Success
[aiter] hipModuleLoad (embedded): hsa/gfx942/fmha_v3_bwd/bwd_hd128_dq_convert_bf16_rtz.co GetFunction: _ZN5aiter34fmha_bwd_hd128_dq_convert_bf16_rtzE
[aiter] hipModuleGetFunction: _ZN5aiter34fmha_bwd_hd128_dq_convert_bf16_rtzE Success
[aiter] hipModuleLoad (embedded): hsa/gfx942/fmha_v3_bwd/bwd_hd128_odo_bf16.co GetFunction: _ZN5aiter23fmha_bwd_hd128_odo_bf16E
[aiter] hipModuleGetFunction: _ZN5aiter23fmha_bwd_hd128_odo_bf16E Success
[aiter] hipModuleLoad (embedded): hsa/gfx942/fmha_v3_bwd/bwd_hd128_bf16_causal_a32_rtz_psskddv.co GetFunction: _ZN5aiter42fmha_bwd_hd128_bf16_causal_a32_rtz_psskddvE
[aiter] hipModuleGetFunction: _ZN5aiter42fmha_bwd_hd128_bf16_causal_a32_rtz_psskddvE Success
[aiter] hipModuleLoad (embedded): hsa/gfx942/fmha_v3_bwd/bwd_hd128_dq_convert_bf16_rtz.co GetFunction: _ZN5aiter34fmha_bwd_hd128_dq_convert_bf16_rtzE
[aiter] hipModuleGetFunction: _ZN5aiter34fmha_bwd_hd128_dq_convert_bf16_rtzE Success
I0805 16:05:30.408758 140264281317696 max_utils.py:778] 
Memstats: After params initialized:
I0805 16:05:30.409149 140264281317696 max_utils.py:784] 	Using (GB) 11.23 / 172.79 (6.499219%) on rocm:0
I0805 16:05:30.409301 140264281317696 max_utils.py:784] 	Using (GB) 11.22 / 172.79 (6.493431%) on rocm:1
I0805 16:05:30.409415 140264281317696 max_utils.py:784] 	Using (GB) 11.22 / 172.79 (6.493431%) on rocm:2
I0805 16:05:30.409514 140264281317696 max_utils.py:784] 	Using (GB) 11.22 / 172.79 (6.493431%) on rocm:3
I0805 16:05:30.409605 140264281317696 max_utils.py:784] 	Using (GB) 11.22 / 172.79 (6.493431%) on rocm:4
I0805 16:05:30.409689 140264281317696 max_utils.py:784] 	Using (GB) 11.22 / 172.79 (6.493431%) on rocm:5
I0805 16:05:30.409790 140264281317696 max_utils.py:784] 	Using (GB) 11.22 / 172.79 (6.493431%) on rocm:6
I0805 16:05:30.409874 140264281317696 max_utils.py:784] 	Using (GB) 11.22 / 172.79 (6.493431%) on rocm:7
I0805 16:05:37.601449 140264281317696 metric_logger.py:207] completed step: 0, seconds: 38.205, TFLOP/s/device: 44.146, Tokens/s/device: 857.692, total_weights: 262144, loss: 12.259, lm_loss: 12.259, perplexity: 210866.344
I0805 16:05:37.609279 140264281317696 metric_logger.py:314] To see full metrics 'tensorboard --logdir=/root/work/scale-your-amd/runs/20260805-maxtext-cap-tp8/maxtext/cap-tp8/tensorboard/'
I0805 16:05:44.312719 140264281317696 metric_logger.py:207] completed step: 1, seconds: 7.186, TFLOP/s/device: 234.694, Tokens/s/device: 4559.795, total_weights: 262144, loss: 12.259, lm_loss: 12.259, perplexity: 210866.344
I0805 16:05:51.029040 140264281317696 metric_logger.py:207] completed step: 2, seconds: 6.714, TFLOP/s/device: 251.198, Tokens/s/device: 4880.432, total_weights: 262144, loss: 11.689, lm_loss: 11.689, perplexity: 119218.367
I0805 16:05:57.771126 140264281317696 metric_logger.py:207] completed step: 3, seconds: 6.716, TFLOP/s/device: 251.121, Tokens/s/device: 4878.933, total_weights: 262144, loss: 10.785, lm_loss: 10.785, perplexity: 48283.141
I0805 16:06:04.545965 140264281317696 metric_logger.py:207] completed step: 4, seconds: 6.740, TFLOP/s/device: 250.248, Tokens/s/device: 4861.971, total_weights: 262144, loss: 9.809, lm_loss: 9.809, perplexity: 18199.975
I0805 16:06:11.318710 140264281317696 metric_logger.py:207] completed step: 5, seconds: 6.775, TFLOP/s/device: 248.955, Tokens/s/device: 4836.863, total_weights: 262144, loss: 8.847, lm_loss: 8.847, perplexity: 6955.362
I0805 16:06:18.095419 140264281317696 metric_logger.py:207] completed step: 6, seconds: 6.774, TFLOP/s/device: 248.982, Tokens/s/device: 4837.389, total_weights: 262144, loss: 7.972, lm_loss: 7.972, perplexity: 2897.258
I0805 16:06:24.894936 140264281317696 metric_logger.py:207] completed step: 7, seconds: 6.776, TFLOP/s/device: 248.921, Tokens/s/device: 4836.205, total_weights: 262144, loss: 7.171, lm_loss: 7.171, perplexity: 1301.079
I0805 16:06:31.700074 140264281317696 metric_logger.py:207] completed step: 8, seconds: 6.799, TFLOP/s/device: 248.048, Tokens/s/device: 4819.242, total_weights: 262144, loss: 6.429, lm_loss: 6.429, perplexity: 619.362
I0805 16:06:38.511631 140264281317696 metric_logger.py:207] completed step: 9, seconds: 6.805, TFLOP/s/device: 247.844, Tokens/s/device: 4815.272, total_weights: 262144, loss: 5.751, lm_loss: 5.751, perplexity: 314.512
I0805 16:06:45.327668 140264281317696 metric_logger.py:207] completed step: 10, seconds: 6.809, TFLOP/s/device: 247.707, Tokens/s/device: 4812.603, total_weights: 262144, loss: 5.139, lm_loss: 5.139, perplexity: 170.562
I0805 16:06:52.154428 140264281317696 metric_logger.py:207] completed step: 11, seconds: 6.818, TFLOP/s/device: 247.381, Tokens/s/device: 4806.276, total_weights: 262144, loss: 4.596, lm_loss: 4.596, perplexity: 99.116
I0805 16:06:58.968550 140264281317696 metric_logger.py:207] completed step: 12, seconds: 6.827, TFLOP/s/device: 247.056, Tokens/s/device: 4799.954, total_weights: 262144, loss: 4.121, lm_loss: 4.121, perplexity: 61.636
I0805 16:07:11.788970 140264281317696 metric_logger.py:207] completed step: 13, seconds: 6.816, TFLOP/s/device: 247.431, Tokens/s/device: 4807.252, total_weights: 262144, loss: 3.712, lm_loss: 3.712, perplexity: 40.936
I0805 16:07:18.543459 140264281317696 metric_logger.py:207] completed step: 14, seconds: 6.789, TFLOP/s/device: 248.442, Tokens/s/device: 4826.888, total_weights: 262144, loss: 3.364, lm_loss: 3.364, perplexity: 28.919
I0805 16:07:25.322129 140264281317696 metric_logger.py:207] completed step: 15, seconds: 6.754, TFLOP/s/device: 249.730, Tokens/s/device: 4851.922, total_weights: 262144, loss: 3.076, lm_loss: 3.076, perplexity: 21.662
I0805 16:07:32.099565 140264281317696 metric_logger.py:207] completed step: 16, seconds: 6.779, TFLOP/s/device: 248.799, Tokens/s/device: 4833.836, total_weights: 262144, loss: 2.839, lm_loss: 2.839, perplexity: 17.100
I0805 16:07:38.898523 140264281317696 metric_logger.py:207] completed step: 17, seconds: 6.778, TFLOP/s/device: 248.850, Tokens/s/device: 4834.814, total_weights: 262144, loss: 2.649, lm_loss: 2.649, perplexity: 14.137
I0805 16:07:45.719722 140264281317696 metric_logger.py:207] completed step: 18, seconds: 6.797, TFLOP/s/device: 248.154, Tokens/s/device: 4821.302, total_weights: 262144, loss: 2.499, lm_loss: 2.499, perplexity: 12.165
I0805 16:07:52.553876 140264281317696 metric_logger.py:207] completed step: 19, seconds: 6.821, TFLOP/s/device: 247.256, Tokens/s/device: 4803.848, total_weights: 262144, loss: 2.380, lm_loss: 2.380, perplexity: 10.805
I0805 16:07:59.392919 140264281317696 metric_logger.py:207] completed step: 20, seconds: 6.834, TFLOP/s/device: 246.806, Tokens/s/device: 4795.106, total_weights: 262144, loss: 2.285, lm_loss: 2.285, perplexity: 9.821
I0805 16:07:59.425086 140264281317696 metric_logger.py:207] completed step: 21, seconds: 6.839, TFLOP/s/device: 246.608, Tokens/s/device: 4791.264, total_weights: 262144, loss: 2.203, lm_loss: 2.203, perplexity: 9.055
Per train step:
 Total TFLOPs: 1686.58 
 split as 87.48% learnable weight flops and 12.52% attention flops
