WARNING: All log messages before absl::InitializeLog() is called are written to STDERR
I0000 00:00:1785945391.735196  176019 port.cc:153] oneDNN custom operations are on. You may see slightly different numerical results due to floating-point round-off errors from different computation orders. To turn them off, set the environment variable `TF_ENABLE_ONEDNN_OPTS=0`.
WARNING: All log messages before absl::InitializeLog() is called are written to STDERR
I0000 00:00:1785945392.703869  176019 port.cc:153] oneDNN custom operations are on. You may see slightly different numerical results due to floating-point round-off errors from different computation orders. To turn them off, set the environment variable `TF_ENABLE_ONEDNN_OPTS=0`.
[transformers] PyTorch was not found. Models won't be available and only tokenizers, configuration and file/data utilities can be used.
[transformers] DeepseekV32Config got `key=rope_scaling` in kwargs but hasn't set it as attribute. For RoPE standardization you need to set `self.rope_parameters` in model's config. 
W0805 15:56:36.083386 140572798411072 pyconfig.py:294] tokenizer_path not found in HF_IDS in maxtext/src/maxtext/utils/globals.py.           Using the default src/maxtext/assets/tokenizers/tokenizer.llama2 instead.           Please pass tokenizer_path in your command if this is not intended.
I0805 15:56:36.083601 140572798411072 max_utils.py:260] Attempting to initialize the jax distributed system for GPU backend...
I0805 15:56:36.083640 140572798411072 max_utils.py:262] Jax distributed system initialized on GPU!
I0805 15:56:37.545792 140572798411072 pyconfig.py:559] Config param abort_on_inf_loss: True
I0805 15:56:37.545947 140572798411072 pyconfig.py:559] Config param abort_on_nan_loss: True
I0805 15:56:37.546013 140572798411072 pyconfig.py:559] Config param act_quantization_calibration_method: absmax
I0805 15:56:37.546058 140572798411072 pyconfig.py:559] Config param activation_dropout_for_audio: 0.0
I0805 15:56:37.546100 140572798411072 pyconfig.py:559] Config param activation_function_for_audio: gelu
I0805 15:56:37.546133 140572798411072 pyconfig.py:559] Config param activations_in_float32: False
I0805 15:56:37.546166 140572798411072 pyconfig.py:559] Config param adam_b1: 0.9
I0805 15:56:37.546204 140572798411072 pyconfig.py:559] Config param adam_b2: 0.95
I0805 15:56:37.546236 140572798411072 pyconfig.py:559] Config param adam_eps: 1e-08
I0805 15:56:37.546271 140572798411072 pyconfig.py:559] Config param adam_eps_root: 0.0
I0805 15:56:37.546301 140572798411072 pyconfig.py:559] Config param adam_weight_decay: 0.1
I0805 15:56:37.546331 140572798411072 pyconfig.py:559] Config param adamw_mask: []
I0805 15:56:37.546360 140572798411072 pyconfig.py:559] Config param add_bos: True
I0805 15:56:37.546387 140572798411072 pyconfig.py:559] Config param add_eos: True
I0805 15:56:37.546415 140572798411072 pyconfig.py:559] Config param allow_split_physical_axes: False
I0805 15:56:37.546442 140572798411072 pyconfig.py:559] Config param ar_cache_axis_order: 1,2,0,3
I0805 15:56:37.546470 140572798411072 pyconfig.py:559] Config param async_checkpointing: True
I0805 15:56:37.546498 140572798411072 pyconfig.py:559] Config param async_scheduling: False
I0805 15:56:37.546526 140572798411072 pyconfig.py:559] Config param attention: cudnn_flash_te
I0805 15:56:37.546554 140572798411072 pyconfig.py:559] Config param attention_bias: False
I0805 15:56:37.546581 140572798411072 pyconfig.py:559] Config param attention_dropout_for_audio: 0.0
I0805 15:56:37.546608 140572798411072 pyconfig.py:559] Config param attention_for_vit: dot_product
I0805 15:56:37.546638 140572798411072 pyconfig.py:559] Config param attention_out: RematLocation.REMAT
I0805 15:56:37.546671 140572798411072 pyconfig.py:559] Config param attention_output_dim: -1
I0805 15:56:37.546701 140572798411072 pyconfig.py:559] Config param attention_sink: False
I0805 15:56:37.546730 140572798411072 pyconfig.py:559] Config param attention_type: global
I0805 15:56:37.546757 140572798411072 pyconfig.py:559] Config param attn_logits_soft_cap: None
I0805 15:56:37.546787 140572798411072 pyconfig.py:559] Config param attn_module_name: None
I0805 15:56:37.546813 140572798411072 pyconfig.py:559] Config param audio_path: 
I0805 15:56:37.546840 140572798411072 pyconfig.py:559] Config param audio_placeholder: <|audio|>
I0805 15:56:37.546867 140572798411072 pyconfig.py:559] Config param autoregressive_decode_assert: 
I0805 15:56:37.546893 140572798411072 pyconfig.py:559] Config param base_config: None
I0805 15:56:37.546919 140572798411072 pyconfig.py:559] Config param base_emb_dim: 4096
I0805 15:56:37.546945 140572798411072 pyconfig.py:559] Config param base_mlp_dim: 14336
I0805 15:56:37.546971 140572798411072 pyconfig.py:559] Config param base_moe_mlp_dim: -1
I0805 15:56:37.546998 140572798411072 pyconfig.py:559] Config param base_num_decoder_layers: 32
I0805 15:56:37.547026 140572798411072 pyconfig.py:559] Config param base_num_kv_heads: 8
I0805 15:56:37.547052 140572798411072 pyconfig.py:559] Config param base_num_query_heads: 32
I0805 15:56:37.547079 140572798411072 pyconfig.py:559] Config param base_output_directory: /root/work/scale-your-amd/runs/20260805-maxtext-cap-fsdp4-tp2/maxtext
I0805 15:56:37.547107 140572798411072 pyconfig.py:559] Config param batch_size: 1
I0805 15:56:37.547134 140572798411072 pyconfig.py:559] Config param batch_split_factor: 1
I0805 15:56:37.547160 140572798411072 pyconfig.py:559] Config param beta_fast: 32
I0805 15:56:37.547187 140572798411072 pyconfig.py:559] Config param beta_slow: 1
I0805 15:56:37.547214 140572798411072 pyconfig.py:559] Config param bwd_quantization_calibration_method: absmax
I0805 15:56:37.547241 140572798411072 pyconfig.py:559] Config param capacity_factor: -1.0
I0805 15:56:37.547269 140572798411072 pyconfig.py:559] Config param cast_logits_to_fp32: True
I0805 15:56:37.547295 140572798411072 pyconfig.py:559] Config param chat_template: 
I0805 15:56:37.547322 140572798411072 pyconfig.py:559] Config param chat_template_path: 
I0805 15:56:37.547351 140572798411072 pyconfig.py:559] Config param check_vma: False
I0805 15:56:37.547379 140572798411072 pyconfig.py:559] Config param checkpoint_conversion_fn: None
I0805 15:56:37.547410 140572798411072 pyconfig.py:559] Config param checkpoint_dir: /root/work/scale-your-amd/runs/20260805-maxtext-cap-fsdp4-tp2/maxtext/cap-fsdp4-tp2/checkpoints/
I0805 15:56:37.547440 140572798411072 pyconfig.py:559] Config param checkpoint_is_quantized: False
I0805 15:56:37.547467 140572798411072 pyconfig.py:559] Config param checkpoint_period: 10000
I0805 15:56:37.547498 140572798411072 pyconfig.py:559] Config param checkpoint_storage_concurrent_gb: 96
I0805 15:56:37.547526 140572798411072 pyconfig.py:559] Config param checkpoint_storage_target_data_file_size_bytes: 2147483648
I0805 15:56:37.547554 140572798411072 pyconfig.py:559] Config param checkpoint_storage_use_ocdbt: True
I0805 15:56:37.547582 140572798411072 pyconfig.py:559] Config param checkpoint_storage_use_zarr3: True
I0805 15:56:37.547608 140572798411072 pyconfig.py:559] Config param checkpoint_todelete_full_path: None
I0805 15:56:37.547636 140572798411072 pyconfig.py:559] Config param checkpoint_todelete_subdir: None
I0805 15:56:37.547662 140572798411072 pyconfig.py:559] Config param chips_per_vm: 4
I0805 15:56:37.547688 140572798411072 pyconfig.py:559] Config param chunk_attn_window_size: 0
I0805 15:56:37.547713 140572798411072 pyconfig.py:559] Config param colocated_python_checkpointing: False
I0805 15:56:37.547739 140572798411072 pyconfig.py:559] Config param colocated_python_data_input: False
I0805 15:56:37.547765 140572798411072 pyconfig.py:559] Config param compile_topology: 
I0805 15:56:37.547791 140572798411072 pyconfig.py:559] Config param compile_topology_num_slices: -1
I0805 15:56:37.547817 140572798411072 pyconfig.py:559] Config param compile_xla_flags: 
I0805 15:56:37.547842 140572798411072 pyconfig.py:559] Config param compiled_trainstep_file: 
I0805 15:56:37.547868 140572798411072 pyconfig.py:559] Config param compress_ratios: []
I0805 15:56:37.547894 140572798411072 pyconfig.py:559] Config param compressed_rope_max_timescale: 160000
I0805 15:56:37.547920 140572798411072 pyconfig.py:559] Config param compute_axis_order: 0,1,2,3
I0805 15:56:37.547945 140572798411072 pyconfig.py:559] Config param constant_bound_config: []
I0805 15:56:37.547973 140572798411072 pyconfig.py:559] Config param context: RematLocation.REMAT
I0805 15:56:37.548001 140572798411072 pyconfig.py:559] Config param context_parallel_load_balance: True
I0805 15:56:37.548027 140572798411072 pyconfig.py:559] Config param context_parallel_reorder_strategy: ReorderStrategy.AUTO
I0805 15:56:37.548055 140572798411072 pyconfig.py:559] Config param context_parallel_size: 1
I0805 15:56:37.548080 140572798411072 pyconfig.py:559] Config param context_parallel_strategy: all_gather
I0805 15:56:37.548106 140572798411072 pyconfig.py:559] Config param context_sharding: context
I0805 15:56:37.548132 140572798411072 pyconfig.py:559] Config param conv_chunksize_for_audio: 500
I0805 15:56:37.548157 140572798411072 pyconfig.py:559] Config param conv_stride_for_vit: 14
I0805 15:56:37.548184 140572798411072 pyconfig.py:559] Config param convert_checkpoint_if_possible: False
I0805 15:56:37.548209 140572798411072 pyconfig.py:559] Config param cost_estimate_flops_bwd: -1
I0805 15:56:37.548236 140572798411072 pyconfig.py:559] Config param cost_estimate_flops_fwd: -1
I0805 15:56:37.548261 140572798411072 pyconfig.py:559] Config param custom_mesh: 
I0805 15:56:37.548286 140572798411072 pyconfig.py:559] Config param custom_mesh_and_rule: CustomRule.DEFAULT
I0805 15:56:37.548314 140572798411072 pyconfig.py:559] Config param d_model_for_audio: 256
I0805 15:56:37.548339 140572798411072 pyconfig.py:559] Config param data_sharding: (('data', 'stage', 'fsdp', 'fsdp_transpose', 'context', 'context_autoregressive', 'tensor', 'tensor_transpose', 'tensor_sequence', 'expert', 'autoregressive'),)
I0805 15:56:37.548372 140572798411072 pyconfig.py:559] Config param data_shuffle_seed: 0
I0805 15:56:37.548399 140572798411072 pyconfig.py:559] Config param data_template_path: 
I0805 15:56:37.548425 140572798411072 pyconfig.py:559] Config param dataset_name: c4/en:3.1.0
I0805 15:56:37.548451 140572798411072 pyconfig.py:559] Config param dataset_path: 
I0805 15:56:37.548476 140572798411072 pyconfig.py:559] Config param dataset_processor_path: 
I0805 15:56:37.548502 140572798411072 pyconfig.py:559] Config param dataset_type: DatasetType.SYNTHETIC
I0805 15:56:37.548531 140572798411072 pyconfig.py:559] Config param dcn_autoregressive_parallelism: 1
I0805 15:56:37.548557 140572798411072 pyconfig.py:559] Config param dcn_context_autoregressive_parallelism: 1
I0805 15:56:37.548583 140572798411072 pyconfig.py:559] Config param dcn_context_parallelism: 1
I0805 15:56:37.548608 140572798411072 pyconfig.py:559] Config param dcn_data_parallelism: -1
I0805 15:56:37.548634 140572798411072 pyconfig.py:559] Config param dcn_diloco_parallelism: 1
I0805 15:56:37.548659 140572798411072 pyconfig.py:559] Config param dcn_expert_parallelism: 1
I0805 15:56:37.548684 140572798411072 pyconfig.py:559] Config param dcn_fsdp_parallelism: 1
I0805 15:56:37.548710 140572798411072 pyconfig.py:559] Config param dcn_fsdp_transpose_parallelism: 1
I0805 15:56:37.548736 140572798411072 pyconfig.py:559] Config param dcn_parallelism: [1, -1, 1, 1, 1, 1, 1, 1, 1, 1, 1, 1]
I0805 15:56:37.548764 140572798411072 pyconfig.py:559] Config param dcn_pipeline_parallelism: 1
I0805 15:56:37.548790 140572798411072 pyconfig.py:559] Config param dcn_sequence_parallelism: 1
I0805 15:56:37.548817 140572798411072 pyconfig.py:559] Config param dcn_tensor_parallelism: 1
I0805 15:56:37.548843 140572798411072 pyconfig.py:559] Config param dcn_tensor_sequence_parallelism: 1
I0805 15:56:37.548868 140572798411072 pyconfig.py:559] Config param dcn_tensor_transpose_parallelism: 1
I0805 15:56:37.548893 140572798411072 pyconfig.py:559] Config param debug: {'rl': False}
I0805 15:56:37.548921 140572798411072 pyconfig.py:559] Config param debug_converter: False
I0805 15:56:37.548948 140572798411072 pyconfig.py:559] Config param debug_sharding: False
I0805 15:56:37.548972 140572798411072 pyconfig.py:559] Config param decode_sampling_nucleus_p: -1
I0805 15:56:37.548998 140572798411072 pyconfig.py:559] Config param decode_sampling_strategy: SamplingStrategy.GREEDY
I0805 15:56:37.549026 140572798411072 pyconfig.py:559] Config param decode_sampling_temperature: 1.0
I0805 15:56:37.549056 140572798411072 pyconfig.py:559] Config param decode_sampling_top_k: 0
I0805 15:56:37.549082 140572798411072 pyconfig.py:559] Config param decoder_block: DecoderBlockType.LLAMA2
I0805 15:56:37.549109 140572798411072 pyconfig.py:559] Config param decoder_layer_input: RematLocation.DEVICE
I0805 15:56:37.549137 140572798411072 pyconfig.py:559] Config param deepstack_visual_indexes_for_vit: []
I0805 15:56:37.549166 140572798411072 pyconfig.py:559] Config param degenerate_group_masking: True
I0805 15:56:37.549194 140572798411072 pyconfig.py:559] Config param dense_init_scale: 1.0
I0805 15:56:37.549222 140572798411072 pyconfig.py:559] Config param diloco_outer_lr: 0.3
I0805 15:56:37.549249 140572798411072 pyconfig.py:559] Config param diloco_outer_momentum: 0.9
I0805 15:56:37.549276 140572798411072 pyconfig.py:559] Config param diloco_sync_period: 36
I0805 15:56:37.549302 140572798411072 pyconfig.py:559] Config param distill_alpha: 0.5
I0805 15:56:37.549330 140572798411072 pyconfig.py:559] Config param distill_alpha_end: None
I0805 15:56:37.549357 140572798411072 pyconfig.py:559] Config param distill_alpha_schedule: constant
I0805 15:56:37.549383 140572798411072 pyconfig.py:559] Config param distill_beta: 0.0
I0805 15:56:37.549410 140572798411072 pyconfig.py:559] Config param distill_beta_end: None
I0805 15:56:37.549436 140572798411072 pyconfig.py:559] Config param distill_beta_schedule: constant
I0805 15:56:37.549462 140572798411072 pyconfig.py:559] Config param distill_feature_loss_type: cosine
I0805 15:56:37.549487 140572798411072 pyconfig.py:559] Config param distill_layer_indices: None
I0805 15:56:37.549513 140572798411072 pyconfig.py:559] Config param distill_student_weights_share_map: {}
I0805 15:56:37.549540 140572798411072 pyconfig.py:559] Config param distill_temperature: 1.0
I0805 15:56:37.549566 140572798411072 pyconfig.py:559] Config param distill_temperature_end: None
I0805 15:56:37.549591 140572798411072 pyconfig.py:559] Config param distill_temperature_schedule: constant
I0805 15:56:37.549617 140572798411072 pyconfig.py:559] Config param distill_weights_copy_map: {}
I0805 15:56:37.549643 140572798411072 pyconfig.py:559] Config param downsample_hidden_size_for_audio: 256
I0805 15:56:37.549668 140572798411072 pyconfig.py:559] Config param dpo: {'algo': 'dpo', 'dpo_beta': 0.1, 'orpo_lambda': 0.1, 'dpo_label_smoothing': 0.0, 'max_prompt_length': None}
I0805 15:56:37.549700 140572798411072 pyconfig.py:559] Config param dq_reduction_steps: 0
I0805 15:56:37.549733 140572798411072 pyconfig.py:559] Config param dropout_rate: 0.0
I0805 15:56:37.549762 140572798411072 pyconfig.py:559] Config param dtype: bfloat16
I0805 15:56:37.549813 140572798411072 pyconfig.py:559] Config param dtype_mm: float32
I0805 15:56:37.549842 140572798411072 pyconfig.py:559] Config param dump_hlo: False
I0805 15:56:37.549869 140572798411072 pyconfig.py:559] Config param dump_hlo_delete_local_after: True
I0805 15:56:37.549896 140572798411072 pyconfig.py:559] Config param dump_hlo_gcs_dir: /root/work/scale-your-amd/runs/20260805-maxtext-cap-fsdp4-tp2/maxtext/cap-fsdp4-tp2/xla_dump
I0805 15:56:37.549924 140572798411072 pyconfig.py:559] Config param dump_hlo_local_dir: /tmp/xla_dump/
I0805 15:56:37.549951 140572798411072 pyconfig.py:559] Config param dump_hlo_local_module_name: jit_train_step
I0805 15:56:37.549977 140572798411072 pyconfig.py:559] Config param dump_hlo_module_name: jit_train_step
I0805 15:56:37.550004 140572798411072 pyconfig.py:559] Config param dump_hlo_upload_all: False
I0805 15:56:37.550030 140572798411072 pyconfig.py:559] Config param dump_hlo_xla_flags: 
I0805 15:56:37.550056 140572798411072 pyconfig.py:559] Config param dump_jaxpr: False
I0805 15:56:37.550082 140572798411072 pyconfig.py:559] Config param dump_jaxpr_delete_local_after: True
I0805 15:56:37.550108 140572798411072 pyconfig.py:559] Config param dump_jaxpr_gcs_dir: /root/work/scale-your-amd/runs/20260805-maxtext-cap-fsdp4-tp2/maxtext/cap-fsdp4-tp2/jaxpr_dump
I0805 15:56:37.550134 140572798411072 pyconfig.py:559] Config param dump_jaxpr_local_dir: /tmp/jaxpr_dump/
I0805 15:56:37.550160 140572798411072 pyconfig.py:559] Config param dump_step: -1
I0805 15:56:37.550187 140572798411072 pyconfig.py:559] Config param elastic_enabled: False
I0805 15:56:37.550214 140572798411072 pyconfig.py:559] Config param elastic_max_retries: 10
I0805 15:56:37.550240 140572798411072 pyconfig.py:559] Config param elastic_min_slice_count: -1
I0805 15:56:37.550266 140572798411072 pyconfig.py:559] Config param elastic_timeout_seconds: 300
I0805 15:56:37.550292 140572798411072 pyconfig.py:559] Config param emb_dim: 4096
I0805 15:56:37.550317 140572798411072 pyconfig.py:559] Config param enable_autocheckpoint: False
I0805 15:56:37.550343 140572798411072 pyconfig.py:559] Config param enable_checkpoint_cloud_logger: False
I0805 15:56:37.550368 140572798411072 pyconfig.py:559] Config param enable_checkpointing: False
I0805 15:56:37.550394 140572798411072 pyconfig.py:559] Config param enable_continuous_checkpointing: False
I0805 15:56:37.550420 140572798411072 pyconfig.py:559] Config param enable_data_shuffling: True
I0805 15:56:37.550446 140572798411072 pyconfig.py:559] Config param enable_diloco: False
I0805 15:56:37.550472 140572798411072 pyconfig.py:559] Config param enable_dp_attention: False
I0805 15:56:37.550497 140572798411072 pyconfig.py:559] Config param enable_dropout: False
I0805 15:56:37.550524 140572798411072 pyconfig.py:559] Config param enable_emergency_checkpoint: False
I0805 15:56:37.550550 140572798411072 pyconfig.py:559] Config param enable_expert_parallel: False
I0805 15:56:37.550576 140572798411072 pyconfig.py:559] Config param enable_gcp_goodput_metrics: True
I0805 15:56:37.550601 140572798411072 pyconfig.py:559] Config param enable_gcp_step_deviation_metrics: True
I0805 15:56:37.550628 140572798411072 pyconfig.py:559] Config param enable_goodput_recording: False
I0805 15:56:37.550653 140572798411072 pyconfig.py:559] Config param enable_jax_profiler: False
I0805 15:56:37.550679 140572798411072 pyconfig.py:559] Config param enable_llm_inference_pool: False
I0805 15:56:37.550705 140572798411072 pyconfig.py:559] Config param enable_mhc_lite: False
I0805 15:56:37.550731 140572798411072 pyconfig.py:559] Config param enable_model_warmup: False
I0805 15:56:37.550757 140572798411072 pyconfig.py:559] Config param enable_multi_tier_checkpointing: False
I0805 15:56:37.550782 140572798411072 pyconfig.py:559] Config param enable_nnx: False
I0805 15:56:37.550809 140572798411072 pyconfig.py:559] Config param enable_orbax_v1: False
I0805 15:56:37.550834 140572798411072 pyconfig.py:559] Config param enable_padding_causal_mask: True
I0805 15:56:37.550859 140572798411072 pyconfig.py:559] Config param enable_pathways_goodput: False
I0805 15:56:37.550884 140572798411072 pyconfig.py:559] Config param enable_prefix_caching: False
I0805 15:56:37.550909 140572798411072 pyconfig.py:559] Config param enable_rampup_batch_size: False
I0805 15:56:37.550934 140572798411072 pyconfig.py:559] Config param enable_single_controller: False
I0805 15:56:37.550960 140572798411072 pyconfig.py:559] Config param enable_single_replica_ckpt_restoring: False
I0805 15:56:37.550986 140572798411072 pyconfig.py:559] Config param enable_tensorboard: True
I0805 15:56:37.551012 140572798411072 pyconfig.py:559] Config param enable_tpu_profiling_options: False
I0805 15:56:37.551038 140572798411072 pyconfig.py:559] Config param enable_tunix_perf_metrics: False
I0805 15:56:37.551064 140572798411072 pyconfig.py:559] Config param encoder_attention_heads_for_audio: 4
I0805 15:56:37.551090 140572798411072 pyconfig.py:559] Config param encoder_ffn_dim_for_audio: 512
I0805 15:56:37.551115 140572798411072 pyconfig.py:559] Config param encoder_layers_for_audio: 2
I0805 15:56:37.551141 140572798411072 pyconfig.py:559] Config param engram: RematLocation.REMAT
I0805 15:56:37.551168 140572798411072 pyconfig.py:559] Config param engram_head_dim: 1280
I0805 15:56:37.551194 140572798411072 pyconfig.py:559] Config param engram_kernel_size: 4
I0805 15:56:37.551219 140572798411072 pyconfig.py:559] Config param engram_layers: []
I0805 15:56:37.551245 140572798411072 pyconfig.py:559] Config param engram_max_ngram_size: 3
I0805 15:56:37.551272 140572798411072 pyconfig.py:559] Config param engram_num_heads: 8
I0805 15:56:37.551299 140572798411072 pyconfig.py:559] Config param engram_seed: 0
I0805 15:56:37.551324 140572798411072 pyconfig.py:559] Config param engram_vocab_bases: []
I0805 15:56:37.551350 140572798411072 pyconfig.py:559] Config param epsilon_high: None
I0805 15:56:37.551375 140572798411072 pyconfig.py:559] Config param eval_batch_size: -1
I0805 15:56:37.551400 140572798411072 pyconfig.py:559] Config param eval_corr_lst: False
I0805 15:56:37.551425 140572798411072 pyconfig.py:559] Config param eval_data_columns: ['text']
I0805 15:56:37.551451 140572798411072 pyconfig.py:559] Config param eval_dataset_name: c4/en:3.1.0
I0805 15:56:37.551476 140572798411072 pyconfig.py:559] Config param eval_image_column: image
I0805 15:56:37.551501 140572798411072 pyconfig.py:559] Config param eval_interval: -1
I0805 15:56:37.551527 140572798411072 pyconfig.py:559] Config param eval_make_lst: False
I0805 15:56:37.551553 140572798411072 pyconfig.py:559] Config param eval_mode: pass
I0805 15:56:37.551579 140572798411072 pyconfig.py:559] Config param eval_per_device_batch_size: 4.0
I0805 15:56:37.551605 140572798411072 pyconfig.py:559] Config param eval_sampling_strategy: greedy
I0805 15:56:37.551631 140572798411072 pyconfig.py:559] Config param eval_split: validation
I0805 15:56:37.551656 140572798411072 pyconfig.py:559] Config param eval_steps: -1
I0805 15:56:37.551682 140572798411072 pyconfig.py:559] Config param expansion_factor_real_data: -1.0
I0805 15:56:37.551708 140572798411072 pyconfig.py:559] Config param expert_balance: False
I0805 15:56:37.551732 140572798411072 pyconfig.py:559] Config param final_logits_soft_cap: None
I0805 15:56:37.551757 140572798411072 pyconfig.py:559] Config param first_num_dense_layers: 0
I0805 15:56:37.551782 140572798411072 pyconfig.py:559] Config param first_num_hash_layers: 0
I0805 15:56:37.551808 140572798411072 pyconfig.py:559] Config param float32_gate_logits: False
I0805 15:56:37.551833 140572798411072 pyconfig.py:559] Config param float32_logits: False
I0805 15:56:37.551858 140572798411072 pyconfig.py:559] Config param float32_qk_product: False
I0805 15:56:37.551883 140572798411072 pyconfig.py:559] Config param float32_weight_sum: True
I0805 15:56:37.551908 140572798411072 pyconfig.py:559] Config param force_q_layout: False
I0805 15:56:37.551933 140572798411072 pyconfig.py:559] Config param force_unroll: False
I0805 15:56:37.551958 140572798411072 pyconfig.py:559] Config param formatting_func_kwargs: {}
I0805 15:56:37.551983 140572798411072 pyconfig.py:559] Config param formatting_func_path: 
I0805 15:56:37.552008 140572798411072 pyconfig.py:559] Config param freeze_audio_encoder_params: True
I0805 15:56:37.552033 140572798411072 pyconfig.py:559] Config param freeze_vision_encoder_params: True
I0805 15:56:37.552059 140572798411072 pyconfig.py:559] Config param fuse_expert_scales: False
I0805 15:56:37.552084 140572798411072 pyconfig.py:559] Config param fused_mlp: False
I0805 15:56:37.552109 140572798411072 pyconfig.py:559] Config param fused_qkv: False
I0805 15:56:37.552134 140572798411072 pyconfig.py:559] Config param gcs_debug_path: 
I0805 15:56:37.552159 140572798411072 pyconfig.py:559] Config param gcs_metrics: False
I0805 15:56:37.552184 140572798411072 pyconfig.py:559] Config param gdn_chunk_size: 64
I0805 15:56:37.552210 140572798411072 pyconfig.py:559] Config param gdn_conv_kernel_dim: 4
I0805 15:56:37.552234 140572798411072 pyconfig.py:559] Config param gdn_key_head_dim: 128
I0805 15:56:37.552260 140572798411072 pyconfig.py:559] Config param gdn_num_key_heads: 16
I0805 15:56:37.552285 140572798411072 pyconfig.py:559] Config param gdn_num_value_heads: 32
I0805 15:56:37.552311 140572798411072 pyconfig.py:559] Config param gdn_value_head_dim: 128
I0805 15:56:37.552336 140572798411072 pyconfig.py:559] Config param generate_padding_batch_eval: False
I0805 15:56:37.552362 140572798411072 pyconfig.py:559] Config param generate_padding_batch_train: False
I0805 15:56:37.552387 140572798411072 pyconfig.py:559] Config param generate_slice: v5e-16
I0805 15:56:37.552413 140572798411072 pyconfig.py:559] Config param generation_configs: {}
I0805 15:56:37.552438 140572798411072 pyconfig.py:559] Config param global_batch_size_to_eval_on: 32
I0805 15:56:37.552464 140572798411072 pyconfig.py:559] Config param global_batch_size_to_load: 32
I0805 15:56:37.552493 140572798411072 pyconfig.py:559] Config param global_batch_size_to_load_eval: 32
I0805 15:56:37.552520 140572798411072 pyconfig.py:559] Config param global_batch_size_to_load_increment: None
I0805 15:56:37.552548 140572798411072 pyconfig.py:559] Config param global_batch_size_to_load_start: None
I0805 15:56:37.552574 140572798411072 pyconfig.py:559] Config param global_batch_size_to_train_on: 32
I0805 15:56:37.552600 140572798411072 pyconfig.py:559] Config param global_head_dim: 0
I0805 15:56:37.552626 140572798411072 pyconfig.py:559] Config param global_num_kv_heads: 0
I0805 15:56:37.552651 140572798411072 pyconfig.py:559] Config param global_parameter_scale: 1
I0805 15:56:37.552676 140572798411072 pyconfig.py:559] Config param global_rampup_samples: 500
I0805 15:56:37.552701 140572798411072 pyconfig.py:559] Config param global_rope_max_timescale: -1
I0805 15:56:37.552727 140572798411072 pyconfig.py:559] Config param global_rope_proportion: 0.25
I0805 15:56:37.552754 140572798411072 pyconfig.py:559] Config param goodput_upload_interval_seconds: 30
I0805 15:56:37.552781 140572798411072 pyconfig.py:559] Config param grad_dtype: float32
I0805 15:56:37.552838 140572798411072 pyconfig.py:559] Config param gradient_accumulation_steps: 1
I0805 15:56:37.552870 140572798411072 pyconfig.py:559] Config param gradient_clipping_threshold: 1.0
I0805 15:56:37.552901 140572798411072 pyconfig.py:559] Config param grain_data_source_max_workers: 16
I0805 15:56:37.552928 140572798411072 pyconfig.py:559] Config param grain_eval_files: 
I0805 15:56:37.552955 140572798411072 pyconfig.py:559] Config param grain_file_type: arrayrecord
I0805 15:56:37.552982 140572798411072 pyconfig.py:559] Config param grain_num_threads: 16
I0805 15:56:37.553007 140572798411072 pyconfig.py:559] Config param grain_num_threads_eval: 16
I0805 15:56:37.553033 140572798411072 pyconfig.py:559] Config param grain_packing_type: first_fit
I0805 15:56:37.553060 140572798411072 pyconfig.py:559] Config param grain_per_worker_buffer_size: 1
I0805 15:56:37.553087 140572798411072 pyconfig.py:559] Config param grain_per_worker_buffer_size_eval: 1
I0805 15:56:37.553113 140572798411072 pyconfig.py:559] Config param grain_prefetch_buffer_size: 500
I0805 15:56:37.553138 140572798411072 pyconfig.py:559] Config param grain_prefetch_buffer_size_eval: 500
I0805 15:56:37.553164 140572798411072 pyconfig.py:559] Config param grain_ram_budget_mb: 1024
I0805 15:56:37.553189 140572798411072 pyconfig.py:559] Config param grain_shuffle_buffer_size: 100
I0805 15:56:37.553215 140572798411072 pyconfig.py:559] Config param grain_train_files: 
I0805 15:56:37.553241 140572798411072 pyconfig.py:559] Config param grain_train_mixture_config_path: 
I0805 15:56:37.553266 140572798411072 pyconfig.py:559] Config param grain_use_elastic_iterator: False
I0805 15:56:37.553291 140572798411072 pyconfig.py:559] Config param grain_worker_count: 1
I0805 15:56:37.553317 140572798411072 pyconfig.py:559] Config param grain_worker_count_eval: 1
I0805 15:56:37.553342 140572798411072 pyconfig.py:559] Config param grpo_beta: 0.08
I0805 15:56:37.553369 140572798411072 pyconfig.py:559] Config param grpo_epsilon: 0.2
I0805 15:56:37.553395 140572798411072 pyconfig.py:559] Config param hardware: gpu
I0805 15:56:37.553421 140572798411072 pyconfig.py:559] Config param hbm_utilization_vllm: 0.72
I0805 15:56:37.553449 140572798411072 pyconfig.py:559] Config param head_dim: 128
I0805 15:56:37.553474 140572798411072 pyconfig.py:559] Config param heartbeat_reporting_interval_in_seconds: 5
I0805 15:56:37.553499 140572798411072 pyconfig.py:559] Config param hf_data_dir: None
I0805 15:56:37.553526 140572798411072 pyconfig.py:559] Config param hf_eval_files: None
I0805 15:56:37.553553 140572798411072 pyconfig.py:559] Config param hf_eval_split: None
I0805 15:56:37.553579 140572798411072 pyconfig.py:559] Config param hf_lora_adapter_path: 
I0805 15:56:37.553605 140572798411072 pyconfig.py:559] Config param hf_name: None
I0805 15:56:37.553631 140572798411072 pyconfig.py:559] Config param hf_path: 
I0805 15:56:37.553656 140572798411072 pyconfig.py:559] Config param hf_train_files: None
I0805 15:56:37.553682 140572798411072 pyconfig.py:559] Config param hidden_size_for_vit: 1408
I0805 15:56:37.553709 140572798411072 pyconfig.py:559] Config param hidden_size_per_layer_input: 0
I0805 15:56:37.553737 140572798411072 pyconfig.py:559] Config param hide_profiler_step_metric: False
I0805 15:56:37.553767 140572798411072 pyconfig.py:559] Config param ici_autoregressive_parallelism: 1
I0805 15:56:37.553793 140572798411072 pyconfig.py:559] Config param ici_context_autoregressive_parallelism: 1
I0805 15:56:37.553818 140572798411072 pyconfig.py:559] Config param ici_context_parallelism: 1
I0805 15:56:37.553844 140572798411072 pyconfig.py:559] Config param ici_data_parallelism: 1
I0805 15:56:37.553869 140572798411072 pyconfig.py:559] Config param ici_diloco_parallelism: 1
I0805 15:56:37.553894 140572798411072 pyconfig.py:559] Config param ici_expert_parallelism: 1
I0805 15:56:37.553919 140572798411072 pyconfig.py:559] Config param ici_fsdp_parallelism: 4
I0805 15:56:37.553944 140572798411072 pyconfig.py:559] Config param ici_fsdp_transpose_parallelism: 1
I0805 15:56:37.553969 140572798411072 pyconfig.py:559] Config param ici_parallelism: [1, 1, 1, 4, 1, 1, 1, 2, 1, 1, 1, 1]
I0805 15:56:37.553997 140572798411072 pyconfig.py:559] Config param ici_pipeline_parallelism: 1
I0805 15:56:37.554023 140572798411072 pyconfig.py:559] Config param ici_sequence_parallelism: 1
I0805 15:56:37.554049 140572798411072 pyconfig.py:559] Config param ici_tensor_parallelism: 2
I0805 15:56:37.554074 140572798411072 pyconfig.py:559] Config param ici_tensor_sequence_parallelism: 1
I0805 15:56:37.554101 140572798411072 pyconfig.py:559] Config param ici_tensor_transpose_parallelism: 1
I0805 15:56:37.554127 140572798411072 pyconfig.py:559] Config param image_path: 
I0805 15:56:37.554153 140572798411072 pyconfig.py:559] Config param image_placeholder: <|image|>
I0805 15:56:37.554178 140572798411072 pyconfig.py:559] Config param image_size_for_vit: 896
I0805 15:56:37.554203 140572798411072 pyconfig.py:559] Config param indexer_head_dim: 128
I0805 15:56:37.554229 140572798411072 pyconfig.py:559] Config param indexer_loss_scaling_factor: 0.0
I0805 15:56:37.554254 140572798411072 pyconfig.py:559] Config param indexer_n_heads: 64
I0805 15:56:37.554280 140572798411072 pyconfig.py:559] Config param indexer_sparse_training: False
I0805 15:56:37.554307 140572798411072 pyconfig.py:559] Config param indexer_topk: 2048
I0805 15:56:37.554333 140572798411072 pyconfig.py:559] Config param inference_benchmark_test: False
I0805 15:56:37.554358 140572798411072 pyconfig.py:559] Config param inference_metadata_file: 
I0805 15:56:37.554384 140572798411072 pyconfig.py:559] Config param inference_microbenchmark_log_file_path: 
I0805 15:56:37.554410 140572798411072 pyconfig.py:559] Config param inference_microbenchmark_loop_iters: 10
I0805 15:56:37.554435 140572798411072 pyconfig.py:559] Config param inference_microbenchmark_num_samples: [1, 2, 3, 4, 5]
I0805 15:56:37.554462 140572798411072 pyconfig.py:559] Config param inference_microbenchmark_prefill_lengths: 64,128,256,512,1024
I0805 15:56:37.554487 140572798411072 pyconfig.py:559] Config param inference_microbenchmark_stages: prefill,generate
I0805 15:56:37.554513 140572798411072 pyconfig.py:559] Config param inference_server: MaxtextInterleavedServer
I0805 15:56:37.554538 140572798411072 pyconfig.py:559] Config param inhomogeneous_layer_cycle_interval: 1
I0805 15:56:37.554563 140572798411072 pyconfig.py:559] Config param init_weights_seed: 0
I0805 15:56:37.554589 140572798411072 pyconfig.py:559] Config param input_data_sharding_logical_axes: ['activation_embed_and_logits_batch', 'activation_norm_length']
I0805 15:56:37.554615 140572798411072 pyconfig.py:559] Config param interleave_moe_layer_step: 1
I0805 15:56:37.554641 140572798411072 pyconfig.py:559] Config param intermediate_size_for_vit: 5632
I0805 15:56:37.554666 140572798411072 pyconfig.py:559] Config param internal_compile: False
I0805 15:56:37.554692 140572798411072 pyconfig.py:559] Config param internal_compile_num_devices: -1
I0805 15:56:37.554718 140572798411072 pyconfig.py:559] Config param jax_cache_dir: ~/jax_cache
I0805 15:56:37.554743 140572798411072 pyconfig.py:559] Config param jax_debug_log_modules: 
I0805 15:56:37.554768 140572798411072 pyconfig.py:559] Config param jax_distributed_heartbeat_timeout_seconds: 100
I0805 15:56:37.554792 140572798411072 pyconfig.py:559] Config param jax_distributed_initialization_timeout: 300
I0805 15:56:37.554818 140572798411072 pyconfig.py:559] Config param jax_profiler_port: 9999
I0805 15:56:37.554843 140572798411072 pyconfig.py:559] Config param key_proj: RematLocation.REMAT
I0805 15:56:37.554872 140572798411072 pyconfig.py:559] Config param kv_cache_buffer: 256
I0805 15:56:37.554898 140572798411072 pyconfig.py:559] Config param kv_lora_rank: 512
I0805 15:56:37.554924 140572798411072 pyconfig.py:559] Config param kv_quant_axis: KvQuantAxis.HEADS_AND_DKV
I0805 15:56:37.554952 140572798411072 pyconfig.py:559] Config param kv_quant_dtype: int8
I0805 15:56:37.554979 140572798411072 pyconfig.py:559] Config param kv_wa_proj: RematLocation.REMAT
I0805 15:56:37.555005 140572798411072 pyconfig.py:559] Config param learn_to_init_mode: False
I0805 15:56:37.555030 140572798411072 pyconfig.py:559] Config param learning_rate: 3e-05
I0805 15:56:37.555059 140572798411072 pyconfig.py:559] Config param learning_rate_final_fraction: 0.1
I0805 15:56:37.555086 140572798411072 pyconfig.py:559] Config param learning_rate_schedule_steps: 22
I0805 15:56:37.555112 140572798411072 pyconfig.py:559] Config param load_balance_loss_weight: 0.0
I0805 15:56:37.555139 140572798411072 pyconfig.py:559] Config param load_checkpoint_only_once: False
I0805 15:56:37.555165 140572798411072 pyconfig.py:559] Config param load_from_prefill_dir: False
I0805 15:56:37.555191 140572798411072 pyconfig.py:559] Config param load_full_state_path: 
I0805 15:56:37.555215 140572798411072 pyconfig.py:559] Config param load_parameters_path: 
I0805 15:56:37.555242 140572798411072 pyconfig.py:559] Config param local_checkpoint_directory: 
I0805 15:56:37.555267 140572798411072 pyconfig.py:559] Config param local_checkpoint_period: 0
I0805 15:56:37.555293 140572798411072 pyconfig.py:559] Config param local_rope_max_timescale: -1
I0805 15:56:37.555318 140572798411072 pyconfig.py:559] Config param local_rope_proportion: 1.0
I0805 15:56:37.555344 140572798411072 pyconfig.py:559] Config param log_config: True
I0805 15:56:37.555370 140572798411072 pyconfig.py:559] Config param log_period: 100
I0805 15:56:37.555396 140572798411072 pyconfig.py:559] Config param logical_axis_rules: (('activation_embed_and_logits_batch', ('data', 'stage', 'fsdp', 'fsdp_transpose', 'expert')), ('activation_embed_and_logits_batch_sequence', ('data', 'stage', 'fsdp', 'fsdp_transpose', 'context', 'expert')), ('activation_vocab', ('tensor', 'tensor_transpose', 'tensor_sequence')), ('activation_vocab', ('tensor', 'tensor_transpose')), ('activation_vocab', 'tensor_sequence'), ('vocab', ('tensor', 'tensor_transpose', 'tensor_sequence', 'autoregressive')), ('embed_vocab', ('fsdp', 'fsdp_transpose', 'context', 'expert')), ('activation_batch_attn', ('data', 'fsdp', 'fsdp_transpose', 'expert')), ('activation_heads', ('tensor', 'tensor_transpose', 'tensor_sequence', 'autoregressive')), ('activation_kv_heads', ('tensor', 'tensor_transpose', 'tensor_sequence')), ('activation_length_attn', ('context',)), ('activation_q_length', ('context',)), ('activation_kv_length', ()), ('activation_embed_attn', ('tensor', 'tensor_transpose')), ('activation_kv', ('tensor', 'tensor_transpose', 'tensor_sequence')), ('activation_kv_batch', ('data', 'fsdp', 'fsdp_transpose', 'expert')), ('activation_kv_head_dim', ('tensor', 'tensor_transpose', 'tensor_sequence')), ('heads', ('tensor', 'tensor_transpose', 'tensor_sequence', 'autoregressive')), ('q_heads', ('tensor', 'tensor_transpose', 'tensor_sequence', 'autoregressive')), ('kv_heads', ('tensor', 'tensor_transpose', 'tensor_sequence', 'autoregressive')), ('qkv', ()), ('kv', ()), ('kv_head_dim', ()), ('q_lora', ('fsdp', 'fsdp_transpose', 'context', 'tensor_transpose', 'expert')), ('q_lora', ('fsdp', 'context', 'tensor_transpose', 'expert')), ('q_lora', ('fsdp', 'fsdp_transpose', 'context', 'expert')), ('q_lora', ('fsdp', 'context', 'expert')), ('q_lora_up_proj', ()), ('kv_lora', ('fsdp', 'fsdp_transpose', 'context', 'tensor_transpose', 'expert')), ('kv_lora', ('fsdp', 'context', 'tensor_transpose', 'expert')), ('kv_lora', ('fsdp', 'fsdp_transpose', 'context', 'expert')), ('kv_lora', ('fsdp', 'context', 'expert')), ('kv_lora_up_proj', ()), ('activation_batch_moe', ('data', 'fsdp', 'fsdp_transpose', 'expert')), ('activation_length_moe', ('context',)), ('activation_norm_length_moe', ('tensor_sequence', 'context')), ('activation_embed_moe', ('tensor', 'tensor_transpose')), ('activation_mlp_moe', ('tensor', 'tensor_transpose', 'tensor_sequence')), ('activation_exp', ('expert',)), ('exp', 'expert'), ('mlp_moe', ('fsdp_transpose', 'tensor', 'tensor_sequence', 'autoregressive')), ('embed_moe', ('fsdp', 'fsdp_transpose', 'tensor_transpose', 'context')), ('embed_moe', ('fsdp', 'tensor_transpose', 'context')), ('embed_moe', ('fsdp', 'fsdp_transpose', 'context')), ('embed_moe', ('fsdp', 'context')), ('activation_mlp', ('tensor', 'tensor_transpose', 'tensor_sequence')), ('activation_batch', ('data', 'fsdp', 'fsdp_transpose', 'expert')), ('activation_length', ('context',)), ('activation_norm_length', ('tensor_sequence', 'context')), ('activation_embed', ('tensor', 'tensor_transpose')), ('activation_stage', 'stage'), ('mlp', ('fsdp_transpose', 'tensor', 'tensor_sequence', 'autoregressive')), ('gdn_head', ('fsdp_transpose', 'tensor', 'tensor_sequence', 'autoregressive')), ('embed', ('fsdp', 'fsdp_transpose', 'tensor_transpose', 'context', 'expert')), ('embed', ('fsdp', 'tensor_transpose', 'context', 'expert')), ('embed', ('fsdp', 'fsdp_transpose', 'context', 'expert')), ('embed', ('fsdp', 'context', 'expert')), ('norm', ('tensor', 'tensor_transpose')), ('layers', 'stage'), ('diloco', 'diloco'), ('engram_dim', ('tensor',)), ('dense_layers', ()), ('moe_layers', ()), ('mhc', ()), ('prefill_activation_length', ('context',)), ('prefill_activation_norm_length', ('tensor_sequence', 'context')), ('activation_prefill_kv_batch', ('data', 'fsdp', 'fsdp_transpose', 'expert')), ('decode_batch', ('data', 'fsdp', 'fsdp_transpose', 'expert')), ('decode_length', ()), ('cache_heads', ('autoregressive', 'tensor', 'tensor_transpose', 'tensor_sequence')), ('cache_heads', ('autoregressive', 'tensor', 'tensor_sequence')), ('paged_kv_heads', ('tensor',)), ('cache_batch_prefill', ()), ('cache_batch', ()), ('cache_heads_none', ()), ('cache_kv', ()), ('cache_sequence', ()), ('num_pages', ()), ('tokens_per_page', ()), ('paged_kv_head_dim_size', ()), ('mlp_no_fsdp', ('tensor', 'tensor_sequence', 'autoregressive')), ('embed_tensor_transpose', ('tensor_transpose',)), ('exp_with_fsdp', 'fsdp'))
I0805 15:56:37.555502 140572798411072 pyconfig.py:559] Config param logits_dot_in_fp32: False
I0805 15:56:37.555532 140572798411072 pyconfig.py:559] Config param logits_via_embedding: False
I0805 15:56:37.555560 140572798411072 pyconfig.py:559] Config param lora: {'enable_lora': False, 'lora_rank': 0, 'lora_alpha': 0.0, 'lora_module_path': '', 'lora_restore_path': ''}
I0805 15:56:37.555589 140572798411072 pyconfig.py:559] Config param lora_input_adapters_path: 
I0805 15:56:37.555616 140572798411072 pyconfig.py:559] Config param loss_agg_mode: sequence-mean-token-mean
I0805 15:56:37.555642 140572798411072 pyconfig.py:559] Config param loss_algo: grpo
I0805 15:56:37.555668 140572798411072 pyconfig.py:559] Config param lr_schedule_type: LearningRateScheduleType.COSINE
I0805 15:56:37.555696 140572798411072 pyconfig.py:559] Config param lti_layer_indices: None
I0805 15:56:37.555724 140572798411072 pyconfig.py:559] Config param lti_use_general_linear_map: False
I0805 15:56:37.555751 140572798411072 pyconfig.py:559] Config param managed_mldiagnostics: False
I0805 15:56:37.555778 140572798411072 pyconfig.py:559] Config param managed_mldiagnostics_dir: /root/work/scale-your-amd/runs/20260805-maxtext-cap-fsdp4-tp2/maxtext/cap-fsdp4-tp2/managed-mldiagnostics
I0805 15:56:37.555804 140572798411072 pyconfig.py:559] Config param managed_mldiagnostics_on_demand_profiling: True
I0805 15:56:37.555830 140572798411072 pyconfig.py:559] Config param managed_mldiagnostics_region: 
I0805 15:56:37.555857 140572798411072 pyconfig.py:559] Config param managed_mldiagnostics_run_group: 
I0805 15:56:37.555882 140572798411072 pyconfig.py:559] Config param math_verify_num_procs: None
I0805 15:56:37.555907 140572798411072 pyconfig.py:559] Config param math_verify_timeout: 300
I0805 15:56:37.555932 140572798411072 pyconfig.py:559] Config param matmul_precision: MatmulPrecision.DEFAULT
I0805 15:56:37.555960 140572798411072 pyconfig.py:559] Config param max_checkify: False
I0805 15:56:37.555986 140572798411072 pyconfig.py:559] Config param max_concurrency: 256
I0805 15:56:37.556011 140572798411072 pyconfig.py:559] Config param max_corpus_chars: 10000000
I0805 15:56:37.556037 140572798411072 pyconfig.py:559] Config param max_num_batched_tokens: None
I0805 15:56:37.556063 140572798411072 pyconfig.py:559] Config param max_num_checkpoints_to_keep: None
I0805 15:56:37.556088 140572798411072 pyconfig.py:559] Config param max_num_images_per_example: -1
I0805 15:56:37.556114 140572798411072 pyconfig.py:559] Config param max_num_seqs: None
I0805 15:56:37.556141 140572798411072 pyconfig.py:559] Config param max_position_embeddings: 163840
I0805 15:56:37.556167 140572798411072 pyconfig.py:559] Config param max_prefill_predict_length: 64
I0805 15:56:37.556193 140572798411072 pyconfig.py:559] Config param max_sample_len_for_audio: 10000
I0805 15:56:37.556218 140572798411072 pyconfig.py:559] Config param max_segments_per_seq: 1
I0805 15:56:37.556243 140572798411072 pyconfig.py:559] Config param max_source_positions_for_audio: 1500
I0805 15:56:37.556269 140572798411072 pyconfig.py:559] Config param max_target_length: 8192
I0805 15:56:37.556294 140572798411072 pyconfig.py:559] Config param max_timescale_for_audio: 10000.0
I0805 15:56:37.556321 140572798411072 pyconfig.py:559] Config param megablox: True
I0805 15:56:37.556347 140572798411072 pyconfig.py:559] Config param merge_gating_gmm: False
I0805 15:56:37.556372 140572798411072 pyconfig.py:559] Config param mesh_axes: ['diloco', 'data', 'stage', 'fsdp', 'fsdp_transpose', 'context', 'context_autoregressive', 'tensor', 'tensor_transpose', 'tensor_sequence', 'expert', 'autoregressive']
I0805 15:56:37.556401 140572798411072 pyconfig.py:559] Config param metrics_dir: /root/work/scale-your-amd/runs/20260805-maxtext-cap-fsdp4-tp2/maxtext/cap-fsdp4-tp2/metrics/
I0805 15:56:37.556428 140572798411072 pyconfig.py:559] Config param metrics_file: 
I0805 15:56:37.556454 140572798411072 pyconfig.py:559] Config param mhc_expansion_rate: 1
I0805 15:56:37.556479 140572798411072 pyconfig.py:559] Config param micro_batch_size_to_eval_on: 32
I0805 15:56:37.556504 140572798411072 pyconfig.py:559] Config param micro_batch_size_to_train_on: 32
I0805 15:56:37.556531 140572798411072 pyconfig.py:559] Config param mla_kv: RematLocation.REMAT
I0805 15:56:37.556557 140572798411072 pyconfig.py:559] Config param mla_naive_kvcache: True
I0805 15:56:37.556583 140572798411072 pyconfig.py:559] Config param mla_q: RematLocation.REMAT
I0805 15:56:37.556610 140572798411072 pyconfig.py:559] Config param mlp_activations: ['silu', 'linear']
I0805 15:56:37.556636 140572798411072 pyconfig.py:559] Config param mlp_activations_limit: -1.0
I0805 15:56:37.556663 140572798411072 pyconfig.py:559] Config param mlp_bias: False
I0805 15:56:37.556688 140572798411072 pyconfig.py:559] Config param mlp_dim: 14336
I0805 15:56:37.556714 140572798411072 pyconfig.py:559] Config param mlpwi: RematLocation.REMAT
I0805 15:56:37.556741 140572798411072 pyconfig.py:559] Config param mlpwi_0: RematLocation.REMAT
I0805 15:56:37.556766 140572798411072 pyconfig.py:559] Config param mlpwi_1: RematLocation.REMAT
I0805 15:56:37.556792 140572798411072 pyconfig.py:559] Config param mlpwo: RematLocation.REMAT
I0805 15:56:37.556818 140572798411072 pyconfig.py:559] Config param moba: False
I0805 15:56:37.556843 140572798411072 pyconfig.py:559] Config param moba_chunk_size: 1024
I0805 15:56:37.556869 140572798411072 pyconfig.py:559] Config param moba_topk: 8
I0805 15:56:37.556894 140572798411072 pyconfig.py:559] Config param model_call_mode: 
I0805 15:56:37.556919 140572798411072 pyconfig.py:559] Config param model_name: llama3-8b
I0805 15:56:37.556944 140572798411072 pyconfig.py:559] Config param moe_dispatch_no_expert_sharding: False
I0805 15:56:37.556971 140572798411072 pyconfig.py:559] Config param moe_expert_input_dim: -1
I0805 15:56:37.556996 140572798411072 pyconfig.py:559] Config param moe_fsdp_use_two_stage_all_gather: False
I0805 15:56:37.557022 140572798411072 pyconfig.py:559] Config param moe_mlp_dim: -1
I0805 15:56:37.557048 140572798411072 pyconfig.py:559] Config param moe_mlpwi_0: RematLocation.REMAT
I0805 15:56:37.557075 140572798411072 pyconfig.py:559] Config param moe_mlpwi_1: RematLocation.REMAT
I0805 15:56:37.557101 140572798411072 pyconfig.py:559] Config param moe_mlpwo: RematLocation.REMAT
I0805 15:56:37.557129 140572798411072 pyconfig.py:559] Config param monitor_goodput: False
I0805 15:56:37.557155 140572798411072 pyconfig.py:559] Config param monitor_step_time_deviation: True
I0805 15:56:37.557181 140572798411072 pyconfig.py:559] Config param mrope_section: [24, 20, 20]
I0805 15:56:37.557208 140572798411072 pyconfig.py:559] Config param mscale: 1.0
I0805 15:56:37.557234 140572798411072 pyconfig.py:559] Config param mtc_data_parallelism: 0
I0805 15:56:37.557259 140572798411072 pyconfig.py:559] Config param mtp_eval_target_module: 0
I0805 15:56:37.557285 140572798411072 pyconfig.py:559] Config param mtp_loss_scaling_factor: 0.1
I0805 15:56:37.557311 140572798411072 pyconfig.py:559] Config param mtp_num_layers: 0
I0805 15:56:37.557337 140572798411072 pyconfig.py:559] Config param mu_dtype: float32
I0805 15:56:37.557379 140572798411072 pyconfig.py:559] Config param multi_sampling: False
I0805 15:56:37.557408 140572798411072 pyconfig.py:559] Config param multi_tier_checkpointing_backup_interval_minutes: 0
I0805 15:56:37.557436 140572798411072 pyconfig.py:559] Config param muon_beta: 0.95
I0805 15:56:37.557463 140572798411072 pyconfig.py:559] Config param muon_consistent_rms: None
I0805 15:56:37.557489 140572798411072 pyconfig.py:559] Config param muon_weight_decay: 0.0
I0805 15:56:37.557515 140572798411072 pyconfig.py:559] Config param n_routing_groups: -1
I0805 15:56:37.557541 140572798411072 pyconfig.py:559] Config param n_window_for_audio: 50
I0805 15:56:37.557566 140572798411072 pyconfig.py:559] Config param n_window_infer_for_audio: 800
I0805 15:56:37.557592 140572798411072 pyconfig.py:559] Config param nope_layer_interval: -1
I0805 15:56:37.557617 140572798411072 pyconfig.py:559] Config param norm_topk_prob: False
I0805 15:56:37.557642 140572798411072 pyconfig.py:559] Config param normalization_layer_epsilon: 1e-05
I0805 15:56:37.557669 140572798411072 pyconfig.py:559] Config param normalize_embedding_logits: True
I0805 15:56:37.557696 140572798411072 pyconfig.py:559] Config param num_attention_heads_for_vit: 16
I0805 15:56:37.557722 140572798411072 pyconfig.py:559] Config param num_batches: 4
I0805 15:56:37.557756 140572798411072 pyconfig.py:559] Config param num_channels_for_vit: 3
I0805 15:56:37.557782 140572798411072 pyconfig.py:559] Config param num_conv_layers_for_audio: 3
I0805 15:56:37.557809 140572798411072 pyconfig.py:559] Config param num_decoder_layers: 32
I0805 15:56:37.557834 140572798411072 pyconfig.py:559] Config param num_diloco_replicas: 1
I0805 15:56:37.557859 140572798411072 pyconfig.py:559] Config param num_epoch: 1
I0805 15:56:37.557885 140572798411072 pyconfig.py:559] Config param num_eval_passes: 1
I0805 15:56:37.557911 140572798411072 pyconfig.py:559] Config param num_experts: 1
I0805 15:56:37.557936 140572798411072 pyconfig.py:559] Config param num_experts_per_tok: 1
I0805 15:56:37.557962 140572798411072 pyconfig.py:559] Config param num_generations: 2
I0805 15:56:37.557987 140572798411072 pyconfig.py:559] Config param num_hidden_layers_for_vit: 34
I0805 15:56:37.558013 140572798411072 pyconfig.py:559] Config param num_iterations: 1
I0805 15:56:37.558039 140572798411072 pyconfig.py:559] Config param num_kv_heads: 8
I0805 15:56:37.558064 140572798411072 pyconfig.py:559] Config param num_kv_shared_layers: 0
I0805 15:56:37.558091 140572798411072 pyconfig.py:559] Config param num_layers_per_pipeline_stage: 1
I0805 15:56:37.558116 140572798411072 pyconfig.py:559] Config param num_mel_bins_for_audio: 128
I0805 15:56:37.558141 140572798411072 pyconfig.py:559] Config param num_pipeline_microbatches: -1
I0805 15:56:37.558166 140572798411072 pyconfig.py:559] Config param num_pipeline_repeats: -1
I0805 15:56:37.558191 140572798411072 pyconfig.py:559] Config param num_position_embeddings_for_vit: 1024
I0805 15:56:37.558216 140572798411072 pyconfig.py:559] Config param num_query_heads: 32
I0805 15:56:37.558241 140572798411072 pyconfig.py:559] Config param num_samplers_slices: -1
I0805 15:56:37.558267 140572798411072 pyconfig.py:559] Config param num_slices: 1
I0805 15:56:37.558292 140572798411072 pyconfig.py:559] Config param num_target_devices: 8
I0805 15:56:37.558317 140572798411072 pyconfig.py:559] Config param num_test_batches: 5
I0805 15:56:37.558343 140572798411072 pyconfig.py:559] Config param num_trainer_slices: -1
I0805 15:56:37.558368 140572798411072 pyconfig.py:559] Config param num_vocab_tiling: 1
I0805 15:56:37.558393 140572798411072 pyconfig.py:559] Config param o_groups: 0
I0805 15:56:37.558419 140572798411072 pyconfig.py:559] Config param o_lora_rank: 0
I0805 15:56:37.558444 140572798411072 pyconfig.py:559] Config param off_policy_steps: 0
I0805 15:56:37.558470 140572798411072 pyconfig.py:559] Config param offline_data_dir: None
I0805 15:56:37.558496 140572798411072 pyconfig.py:559] Config param olmo_apply_ngram_filter: True
I0805 15:56:37.558521 140572798411072 pyconfig.py:559] Config param olmo_index_path: 
I0805 15:56:37.558547 140572798411072 pyconfig.py:559] Config param olmo_path_remap_from: 
I0805 15:56:37.558573 140572798411072 pyconfig.py:559] Config param olmo_path_remap_to: 
I0805 15:56:37.558599 140572798411072 pyconfig.py:559] Config param opt_type: OptimizerType.ADAMW
I0805 15:56:37.558627 140572798411072 pyconfig.py:559] Config param optimize_mesh_for_tpu_v6e: False
I0805 15:56:37.558653 140572798411072 pyconfig.py:559] Config param optimizer_memory_host_offload: False
I0805 15:56:37.558679 140572798411072 pyconfig.py:559] Config param original_max_position_embeddings: 4096
I0805 15:56:37.558705 140572798411072 pyconfig.py:559] Config param out_hidden_size_for_vit: 512
I0805 15:56:37.558730 140572798411072 pyconfig.py:559] Config param out_proj: RematLocation.REMAT
I0805 15:56:37.558756 140572798411072 pyconfig.py:559] Config param output_dim_for_audio: 512
I0805 15:56:37.558783 140572798411072 pyconfig.py:559] Config param override_logical_axis_rules: False
I0805 15:56:37.558807 140572798411072 pyconfig.py:559] Config param override_model_config: False
I0805 15:56:37.558832 140572798411072 pyconfig.py:559] Config param packing: True
I0805 15:56:37.558857 140572798411072 pyconfig.py:559] Config param padded_base_moe_mlp_dim: None
I0805 15:56:37.558883 140572798411072 pyconfig.py:559] Config param param_scan_axis: 1
I0805 15:56:37.558908 140572798411072 pyconfig.py:559] Config param parameter_memory_host_offload: False
I0805 15:56:37.558933 140572798411072 pyconfig.py:559] Config param partial_rotary_factor: 1.0
I0805 15:56:37.558958 140572798411072 pyconfig.py:559] Config param patch_size_for_vit: 14
I0805 15:56:37.558983 140572798411072 pyconfig.py:559] Config param penalty_incorrect_answer: -1.0
I0805 15:56:37.559009 140572798411072 pyconfig.py:559] Config param penalty_incorrect_format: -0.5
I0805 15:56:37.559036 140572798411072 pyconfig.py:559] Config param per_device_batch_size: 4.0
I0805 15:56:37.559063 140572798411072 pyconfig.py:559] Config param per_device_batch_size_increment: 2.0
I0805 15:56:37.559090 140572798411072 pyconfig.py:559] Config param per_device_batch_size_start: 4.0
I0805 15:56:37.559117 140572798411072 pyconfig.py:559] Config param pipeline_delay_activation_forwarding: False
I0805 15:56:37.559144 140572798411072 pyconfig.py:559] Config param pipeline_fsdp_ag_once: False
I0805 15:56:37.559169 140572798411072 pyconfig.py:559] Config param pipeline_fsdp_ag_per_repeat: False
I0805 15:56:37.559195 140572798411072 pyconfig.py:559] Config param pipeline_parallel_layers: 32
I0805 15:56:37.559221 140572798411072 pyconfig.py:559] Config param pixel_shuffle_ratio_for_vit: 0.5
I0805 15:56:37.559248 140572798411072 pyconfig.py:559] Config param posemb_type_for_vit: learn
I0805 15:56:37.559278 140572798411072 pyconfig.py:559] Config param position_id_per_seconds: 25
I0805 15:56:37.559305 140572798411072 pyconfig.py:559] Config param prefill_cache_axis_order: 1,2,0,3
I0805 15:56:37.559333 140572798411072 pyconfig.py:559] Config param prefill_cache_dir: 
I0805 15:56:37.559359 140572798411072 pyconfig.py:559] Config param prefill_chunk_size: 256
I0805 15:56:37.559385 140572798411072 pyconfig.py:559] Config param prefill_slice: v5e-16
I0805 15:56:37.559412 140572798411072 pyconfig.py:559] Config param prefix_caching_dram_byte: 100000000000
I0805 15:56:37.559438 140572798411072 pyconfig.py:559] Config param prefix_caching_hbm_byte: 10000000000
I0805 15:56:37.559463 140572798411072 pyconfig.py:559] Config param prefuse_moe_weights: False
I0805 15:56:37.559489 140572798411072 pyconfig.py:559] Config param profile_cleanly: True
I0805 15:56:37.559515 140572798411072 pyconfig.py:559] Config param profile_periodically_period: -1
I0805 15:56:37.559540 140572798411072 pyconfig.py:559] Config param profile_power_events: False
I0805 15:56:37.559566 140572798411072 pyconfig.py:559] Config param profiler: ProfilerType.XPLANE
I0805 15:56:37.559593 140572798411072 pyconfig.py:559] Config param profiler_steps: 5
I0805 15:56:37.559619 140572798411072 pyconfig.py:559] Config param projector_dropout_for_vit: 0.0
I0805 15:56:37.559645 140572798411072 pyconfig.py:559] Config param projector_input_dim_for_vit: 4096
I0805 15:56:37.559671 140572798411072 pyconfig.py:559] Config param projector_output_dim_for_vit: 4096
I0805 15:56:37.559697 140572798411072 pyconfig.py:559] Config param prometheus_port: 0
I0805 15:56:37.559723 140572798411072 pyconfig.py:559] Config param prompt: I love to
I0805 15:56:37.559749 140572798411072 pyconfig.py:559] Config param pure_nnx: False
I0805 15:56:37.559775 140572798411072 pyconfig.py:559] Config param pure_nnx_decoder: False
I0805 15:56:37.559801 140572798411072 pyconfig.py:559] Config param q_lora_rank: 0
I0805 15:56:37.559826 140572798411072 pyconfig.py:559] Config param qk_clip_threshold: 100.0
I0805 15:56:37.559853 140572798411072 pyconfig.py:559] Config param qk_nope_head_dim: 128
I0805 15:56:37.559879 140572798411072 pyconfig.py:559] Config param qk_norm_with_scale: True
I0805 15:56:37.559905 140572798411072 pyconfig.py:559] Config param qk_rope_head_dim: 64
I0805 15:56:37.559930 140572798411072 pyconfig.py:559] Config param qkv_proj: RematLocation.REMAT
I0805 15:56:37.559956 140572798411072 pyconfig.py:559] Config param quant_cfg_path: 
I0805 15:56:37.559982 140572798411072 pyconfig.py:559] Config param quantization: QuantizationType.NONE
I0805 15:56:37.560010 140572798411072 pyconfig.py:559] Config param quantization_local_shard_count: 8
I0805 15:56:37.560035 140572798411072 pyconfig.py:559] Config param quantize_kvcache: False
I0805 15:56:37.560062 140572798411072 pyconfig.py:559] Config param query_proj: RematLocation.REMAT
I0805 15:56:37.560088 140572798411072 pyconfig.py:559] Config param query_wa_proj: RematLocation.REMAT
I0805 15:56:37.560113 140572798411072 pyconfig.py:559] Config param ragged_block_size: 256
I0805 15:56:37.560138 140572798411072 pyconfig.py:559] Config param ragged_buffer_factor: -1.0
I0805 15:56:37.560164 140572798411072 pyconfig.py:559] Config param ragged_gather_cost_estimate_bytes_accessed: -1
I0805 15:56:37.560189 140572798411072 pyconfig.py:559] Config param ragged_gather_cost_estimate_flops: -1
I0805 15:56:37.560214 140572798411072 pyconfig.py:559] Config param ragged_gather_fallback: False
I0805 15:56:37.560240 140572798411072 pyconfig.py:559] Config param ragged_gather_reduce_cost_estimate_bytes_accessed: -1
I0805 15:56:37.560266 140572798411072 pyconfig.py:559] Config param ragged_gather_reduce_cost_estimate_flops: -1
I0805 15:56:37.560291 140572798411072 pyconfig.py:559] Config param ragged_gather_reduce_fallback: False
I0805 15:56:37.560316 140572798411072 pyconfig.py:559] Config param rampup_end_step: 0
I0805 15:56:37.560339 140572798411072 pyconfig.py:559] Config param rampup_samples_per_increment_to_load: None
I0805 15:56:37.560353 140572798411072 pyconfig.py:559] Config param reasoning_end_token: </reasoning>
I0805 15:56:37.560367 140572798411072 pyconfig.py:559] Config param reasoning_start_token: <reasoning>
I0805 15:56:37.560381 140572798411072 pyconfig.py:559] Config param record_internal_nn_metrics: 0
I0805 15:56:37.560395 140572798411072 pyconfig.py:559] Config param remat_policy: minimal_flash
I0805 15:56:37.560410 140572798411072 pyconfig.py:559] Config param remat_policy_for_vit: minimal
I0805 15:56:37.560425 140572798411072 pyconfig.py:559] Config param remove_size_one_mesh_axis_from_type: True
I0805 15:56:37.560439 140572798411072 pyconfig.py:559] Config param replicate_quant_scale: False
I0805 15:56:37.560453 140572798411072 pyconfig.py:559] Config param replicator_backup_interval_minutes: 0
I0805 15:56:37.560467 140572798411072 pyconfig.py:559] Config param report_heartbeat_metric_for_gcp_monitoring: False
I0805 15:56:37.560481 140572798411072 pyconfig.py:559] Config param report_performance_metric_for_gcp_monitoring: False
I0805 15:56:37.560495 140572798411072 pyconfig.py:559] Config param reshape_q: False
I0805 15:56:37.560509 140572798411072 pyconfig.py:559] Config param reshard_chunk_size: None
I0805 15:56:37.560524 140572798411072 pyconfig.py:559] Config param return_log_prob: False
I0805 15:56:37.560538 140572798411072 pyconfig.py:559] Config param reuse_example_batch: 0
I0805 15:56:37.560552 140572798411072 pyconfig.py:559] Config param reward_exact_answer: 5.0
I0805 15:56:37.560567 140572798411072 pyconfig.py:559] Config param reward_exact_format_match: 3.0
I0805 15:56:37.560581 140572798411072 pyconfig.py:559] Config param reward_partial_format_match: 0.5
I0805 15:56:37.560596 140572798411072 pyconfig.py:559] Config param reward_ratio_guess_to_answer_high: 0.5
I0805 15:56:37.560610 140572798411072 pyconfig.py:559] Config param reward_ratio_guess_to_answer_low: 0.25
I0805 15:56:37.560624 140572798411072 pyconfig.py:559] Config param reward_white_space_format_match: 1.5
I0805 15:56:37.560639 140572798411072 pyconfig.py:559] Config param rl: {'num_generations': 2, 'num_iterations': 1, 'grpo_beta': 0.08, 'grpo_epsilon': 0.2, 'loss_algo': 'grpo', 'loss_agg_mode': 'sequence-mean-token-mean', 'use_agentic_rollout': False, 'max_concurrency': 256, 'off_policy_steps': 0, 'system_prompt': '', 'degenerate_group_masking': True, 'epsilon_high': None, 'reshard_chunk_size': None}
I0805 15:56:37.560659 140572798411072 pyconfig.py:559] Config param rollout_data_parallelism: -1
I0805 15:56:37.560675 140572798411072 pyconfig.py:559] Config param rollout_expert_parallelism: 1
I0805 15:56:37.560690 140572798411072 pyconfig.py:559] Config param rollout_micro_batch_size: -1
I0805 15:56:37.560704 140572798411072 pyconfig.py:559] Config param rollout_tensor_parallelism: -1
I0805 15:56:37.560719 140572798411072 pyconfig.py:559] Config param rope_attention_scaling: False
I0805 15:56:37.560733 140572798411072 pyconfig.py:559] Config param rope_factor: 40
I0805 15:56:37.560747 140572798411072 pyconfig.py:559] Config param rope_interleave: True
I0805 15:56:37.560762 140572798411072 pyconfig.py:559] Config param rope_linear_scaling_factor: 1.0
I0805 15:56:37.560776 140572798411072 pyconfig.py:559] Config param rope_max_timescale: 500000
I0805 15:56:37.560791 140572798411072 pyconfig.py:559] Config param rope_min_timescale: 1
I0805 15:56:37.560806 140572798411072 pyconfig.py:559] Config param rope_theta_for_vit: 10000
I0805 15:56:37.560820 140572798411072 pyconfig.py:559] Config param rope_truncate: True
I0805 15:56:37.560834 140572798411072 pyconfig.py:559] Config param rope_type: RopeType.DEFAULT
I0805 15:56:37.560850 140572798411072 pyconfig.py:559] Config param rope_use_scale: True
I0805 15:56:37.560865 140572798411072 pyconfig.py:559] Config param routed_bias: False
I0805 15:56:37.560880 140572798411072 pyconfig.py:559] Config param routed_bias_update_rate: 0.0
I0805 15:56:37.560894 140572798411072 pyconfig.py:559] Config param routed_scaling_factor: 1.0
I0805 15:56:37.560908 140572798411072 pyconfig.py:559] Config param routed_score_func: 
I0805 15:56:37.560923 140572798411072 pyconfig.py:559] Config param run_name: cap-fsdp4-tp2
I0805 15:56:37.560937 140572798411072 pyconfig.py:559] Config param sa_block_kv: 512
I0805 15:56:37.560951 140572798411072 pyconfig.py:559] Config param sa_block_kv_compute: 512
I0805 15:56:37.560966 140572798411072 pyconfig.py:559] Config param sa_block_kv_dkv: 512
I0805 15:56:37.560980 140572798411072 pyconfig.py:559] Config param sa_block_kv_dkv_compute: 512
I0805 15:56:37.560994 140572798411072 pyconfig.py:559] Config param sa_block_kv_dq: 512
I0805 15:56:37.561008 140572798411072 pyconfig.py:559] Config param sa_block_q: 512
I0805 15:56:37.561023 140572798411072 pyconfig.py:559] Config param sa_block_q_dkv: 512
I0805 15:56:37.561037 140572798411072 pyconfig.py:559] Config param sa_block_q_dq: 512
I0805 15:56:37.561052 140572798411072 pyconfig.py:559] Config param sa_k_layout: HEAD_DIM_MINOR
I0805 15:56:37.561066 140572798411072 pyconfig.py:559] Config param sa_q_layout: HEAD_DIM_MINOR
I0805 15:56:37.561080 140572798411072 pyconfig.py:559] Config param sa_use_fused_bwd_kernel: False
I0805 15:56:37.561094 140572798411072 pyconfig.py:559] Config param sa_v_layout: HEAD_DIM_MINOR
I0805 15:56:37.561108 140572798411072 pyconfig.py:559] Config param sampler_devices_fraction: 0.5
I0805 15:56:37.561123 140572798411072 pyconfig.py:559] Config param save_checkpoint_on_completion: True
I0805 15:56:37.561137 140572798411072 pyconfig.py:559] Config param save_config_to_gcs: False
I0805 15:56:37.561151 140572798411072 pyconfig.py:559] Config param save_quantized_params_path: 
I0805 15:56:37.561166 140572798411072 pyconfig.py:559] Config param scale_embedding_for_audio: True
I0805 15:56:37.561180 140572798411072 pyconfig.py:559] Config param scan_layers: True
I0805 15:56:37.561194 140572798411072 pyconfig.py:559] Config param scan_layers_per_stage: False
I0805 15:56:37.561208 140572798411072 pyconfig.py:559] Config param scan_pipeline_iterations: True
I0805 15:56:37.561222 140572798411072 pyconfig.py:559] Config param scan_pipeline_repeats: False
I0805 15:56:37.561235 140572798411072 pyconfig.py:559] Config param set_remat_policy_on_layers_per_stage: False
I0805 15:56:37.561249 140572798411072 pyconfig.py:559] Config param set_remat_policy_on_pipeline_iterations: True
I0805 15:56:37.561264 140572798411072 pyconfig.py:559] Config param sft_train_on_completion_only: False
I0805 15:56:37.561278 140572798411072 pyconfig.py:559] Config param shard_exp_on_fsdp: False
I0805 15:56:37.561297 140572798411072 pyconfig.py:559] Config param shard_mode: ShardMode.AUTO
I0805 15:56:37.561312 140572798411072 pyconfig.py:559] Config param shard_optimizer_over_data: False
I0805 15:56:37.561327 140572798411072 pyconfig.py:559] Config param sharding_strategy: None
I0805 15:56:37.561341 140572798411072 pyconfig.py:559] Config param sharding_tolerance: 0.02
I0805 15:56:37.561356 140572798411072 pyconfig.py:559] Config param shardy: True
I0805 15:56:37.561370 140572798411072 pyconfig.py:559] Config param share_kv_projections: False
I0805 15:56:37.561384 140572798411072 pyconfig.py:559] Config param shared_experts: 0
I0805 15:56:37.561398 140572798411072 pyconfig.py:559] Config param sinkhorn_iterations: 20
I0805 15:56:37.561412 140572798411072 pyconfig.py:559] Config param skip_first_n_steps_for_profiler: 10
I0805 15:56:37.561426 140572798411072 pyconfig.py:559] Config param skip_jax_distributed_system: False
I0805 15:56:37.561440 140572798411072 pyconfig.py:559] Config param skip_step_interval: 128
I0805 15:56:37.561454 140572798411072 pyconfig.py:559] Config param skip_step_on_spikes: False
I0805 15:56:37.561468 140572798411072 pyconfig.py:559] Config param skip_step_scaling_factor: 6.0
I0805 15:56:37.561483 140572798411072 pyconfig.py:559] Config param sliding_window_size: 0
I0805 15:56:37.561497 140572798411072 pyconfig.py:559] Config param solution_end_token: </answer>
I0805 15:56:37.561511 140572798411072 pyconfig.py:559] Config param solution_start_token: <answer>
I0805 15:56:37.561526 140572798411072 pyconfig.py:559] Config param source_checkpoint_layout: orbax
I0805 15:56:37.561540 140572798411072 pyconfig.py:559] Config param sparse_matmul: True
I0805 15:56:37.561555 140572798411072 pyconfig.py:559] Config param spatial_merge_size_for_vit: 2
I0805 15:56:37.561570 140572798411072 pyconfig.py:559] Config param stack_prefill_result_cache: False
I0805 15:56:37.561585 140572798411072 pyconfig.py:559] Config param step_deviation_interval_seconds: 30
I0805 15:56:37.561599 140572798411072 pyconfig.py:559] Config param steps: 22
I0805 15:56:37.561613 140572798411072 pyconfig.py:559] Config param stop_strings: None
I0805 15:56:37.561628 140572798411072 pyconfig.py:559] Config param student_overrides: {}
I0805 15:56:37.561642 140572798411072 pyconfig.py:559] Config param student_params_to_update: None
I0805 15:56:37.561655 140572798411072 pyconfig.py:559] Config param subslice_shape: 
I0805 15:56:37.561669 140572798411072 pyconfig.py:559] Config param swap_space_vllm_gb: 2
I0805 15:56:37.561683 140572798411072 pyconfig.py:559] Config param system_prompt: 
I0805 15:56:37.561697 140572798411072 pyconfig.py:559] Config param target_eval_loss: 0.0
I0805 15:56:37.561712 140572798411072 pyconfig.py:559] Config param teacher_overrides: {}
I0805 15:56:37.561725 140572798411072 pyconfig.py:559] Config param temperature_tuning: False
I0805 15:56:37.561745 140572798411072 pyconfig.py:559] Config param temporal_patch_size_for_vit: 2
I0805 15:56:37.561760 140572798411072 pyconfig.py:559] Config param tensorboard_dir: /root/work/scale-your-amd/runs/20260805-maxtext-cap-fsdp4-tp2/maxtext/cap-fsdp4-tp2/tensorboard/
I0805 15:56:37.561774 140572798411072 pyconfig.py:559] Config param tensors_on_device: None
I0805 15:56:37.561788 140572798411072 pyconfig.py:559] Config param tensors_to_offload: None
I0805 15:56:37.561803 140572798411072 pyconfig.py:559] Config param test_batch_start_index: 0
I0805 15:56:37.561817 140572798411072 pyconfig.py:559] Config param tile_size_for_vit: 336
I0805 15:56:37.561831 140572798411072 pyconfig.py:559] Config param tokenize_eval_data: True
I0805 15:56:37.561845 140572798411072 pyconfig.py:559] Config param tokenize_train_data: True
I0805 15:56:37.561859 140572798411072 pyconfig.py:559] Config param tokenizer_path: /workspace/maxtext/src/maxtext/assets/tokenizers/tokenizer.llama2
I0805 15:56:37.561874 140572798411072 pyconfig.py:559] Config param tokenizer_type: TokenizerType.SENTENCEPIECE
I0805 15:56:37.561890 140572798411072 pyconfig.py:559] Config param topk_routing_group: -1
I0805 15:56:37.561905 140572798411072 pyconfig.py:559] Config param tpu_num_chips_to_profile_per_task: 1
I0805 15:56:37.561919 140572798411072 pyconfig.py:559] Config param tpu_num_sparse_core_tiles_to_trace: 1
I0805 15:56:37.561933 140572798411072 pyconfig.py:559] Config param tpu_num_sparse_cores_to_trace: 2
I0805 15:56:37.561948 140572798411072 pyconfig.py:559] Config param train_data_columns: ['text']
I0805 15:56:37.561963 140572798411072 pyconfig.py:559] Config param train_fraction: 1.0
I0805 15:56:37.561976 140572798411072 pyconfig.py:559] Config param train_image_column: image
I0805 15:56:37.561991 140572798411072 pyconfig.py:559] Config param train_micro_batch_size: -1
I0805 15:56:37.562020 140572798411072 pyconfig.py:559] Config param train_split: train
I0805 15:56:37.562035 140572798411072 pyconfig.py:559] Config param trainable_parameters_mask: []
I0805 15:56:37.562050 140572798411072 pyconfig.py:559] Config param trainable_position_size: -1
I0805 15:56:37.562065 140572798411072 pyconfig.py:559] Config param trainer_devices_fraction: 0.5
I0805 15:56:37.562080 140572798411072 pyconfig.py:559] Config param upload_all_profiler_results: False
I0805 15:56:37.562095 140572798411072 pyconfig.py:559] Config param use_agentic_rollout: False
I0805 15:56:37.562109 140572798411072 pyconfig.py:559] Config param use_audio: False
I0805 15:56:37.562124 140572798411072 pyconfig.py:559] Config param use_audio_in_video: False
I0805 15:56:37.562138 140572798411072 pyconfig.py:559] Config param use_batch_split_schedule: False
I0805 15:56:37.562153 140572798411072 pyconfig.py:559] Config param use_chat_template: False
I0805 15:56:37.562167 140572798411072 pyconfig.py:559] Config param use_chunked_prefill: False
I0805 15:56:37.562182 140572798411072 pyconfig.py:559] Config param use_custom_sort_vjp: True
I0805 15:56:37.562196 140572798411072 pyconfig.py:559] Config param use_double_wide_mlp: False
I0805 15:56:37.562211 140572798411072 pyconfig.py:559] Config param use_dpo: False
I0805 15:56:37.562225 140572798411072 pyconfig.py:559] Config param use_gather_mosaic_kernel: False
I0805 15:56:37.562240 140572798411072 pyconfig.py:559] Config param use_gmm_v2: False
I0805 15:56:37.562255 140572798411072 pyconfig.py:559] Config param use_grpo: True
I0805 15:56:37.562270 140572798411072 pyconfig.py:559] Config param use_indexer: False
I0805 15:56:37.562284 140572798411072 pyconfig.py:559] Config param use_iota_embed: False
I0805 15:56:37.562299 140572798411072 pyconfig.py:559] Config param use_jax_splash: False
I0805 15:56:37.562314 140572798411072 pyconfig.py:559] Config param use_manual_quantization: False
I0805 15:56:37.562328 140572798411072 pyconfig.py:559] Config param use_max_logit_estimate: -1
I0805 15:56:37.562342 140572798411072 pyconfig.py:559] Config param use_mrope: False
I0805 15:56:37.562358 140572798411072 pyconfig.py:559] Config param use_multimodal: False
I0805 15:56:37.562373 140572798411072 pyconfig.py:559] Config param use_pathways: True
I0805 15:56:37.562389 140572798411072 pyconfig.py:559] Config param use_post_attn_norm: False
I0805 15:56:37.562402 140572798411072 pyconfig.py:559] Config param use_post_ffw_norm: False
I0805 15:56:37.562430 140572798411072 pyconfig.py:559] Config param use_qk_clip: False
I0805 15:56:37.562445 140572798411072 pyconfig.py:559] Config param use_qk_norm: False
I0805 15:56:37.562459 140572798411072 pyconfig.py:559] Config param use_qk_norm_in_gdn: True
I0805 15:56:37.562473 140572798411072 pyconfig.py:559] Config param use_qwix_quantization: False
I0805 15:56:37.562487 140572798411072 pyconfig.py:559] Config param use_ragged_attention: False
I0805 15:56:37.562501 140572798411072 pyconfig.py:559] Config param use_ragged_sort: False
I0805 15:56:37.562515 140572798411072 pyconfig.py:559] Config param use_random_routing: False
I0805 15:56:37.562529 140572798411072 pyconfig.py:559] Config param use_replicator_service: False
I0805 15:56:37.562543 140572798411072 pyconfig.py:559] Config param use_ring_of_experts: False
I0805 15:56:37.562558 140572798411072 pyconfig.py:559] Config param use_sft: False
I0805 15:56:37.562573 140572798411072 pyconfig.py:559] Config param use_splash_scheduler: False
I0805 15:56:37.562587 140572798411072 pyconfig.py:559] Config param use_standalone_converter: False
I0805 15:56:37.562602 140572798411072 pyconfig.py:559] Config param use_tokamax_gmm: False
I0805 15:56:37.562616 140572798411072 pyconfig.py:559] Config param use_tokamax_splash: False
I0805 15:56:37.562630 140572798411072 pyconfig.py:559] Config param use_truncation: True
I0805 15:56:37.562644 140572798411072 pyconfig.py:559] Config param use_tunix_gradient_accumulation: False
I0805 15:56:37.562658 140572798411072 pyconfig.py:559] Config param use_untrainable_positional_embedding: False
I0805 15:56:37.562672 140572798411072 pyconfig.py:559] Config param use_vertex_tensorboard: False
I0805 15:56:37.562686 140572798411072 pyconfig.py:559] Config param using_pipeline_parallelism: False
I0805 15:56:37.562706 140572798411072 pyconfig.py:559] Config param v_head_dim: 128
I0805 15:56:37.562721 140572798411072 pyconfig.py:559] Config param v_norm_with_scale: True
I0805 15:56:37.562735 140572798411072 pyconfig.py:559] Config param value_proj: RematLocation.REMAT
I0805 15:56:37.562750 140572798411072 pyconfig.py:559] Config param vertex_tensorboard_project: 
I0805 15:56:37.562765 140572798411072 pyconfig.py:559] Config param vertex_tensorboard_region: 
I0805 15:56:37.562779 140572798411072 pyconfig.py:559] Config param video_path: 
I0805 15:56:37.562793 140572798411072 pyconfig.py:559] Config param video_placeholder: <|video|>
I0805 15:56:37.562807 140572798411072 pyconfig.py:559] Config param vision_output_dim_for_vit: 4096
I0805 15:56:37.562820 140572798411072 pyconfig.py:559] Config param vision_output_length: -1
I0805 15:56:37.562835 140572798411072 pyconfig.py:559] Config param vllm_additional_config: {}
I0805 15:56:37.562849 140572798411072 pyconfig.py:559] Config param vllm_hf_config_path: 
I0805 15:56:37.562863 140572798411072 pyconfig.py:559] Config param vllm_hf_overrides: {}
I0805 15:56:37.562877 140572798411072 pyconfig.py:559] Config param vllm_load_format: dummy
I0805 15:56:37.562891 140572798411072 pyconfig.py:559] Config param vocab_size: 128256
I0805 15:56:37.562905 140572798411072 pyconfig.py:559] Config param vocab_size_per_layer_input: 0
I0805 15:56:37.562920 140572798411072 pyconfig.py:559] Config param warmup_steps_fraction: 0.1
I0805 15:56:37.562935 140572798411072 pyconfig.py:559] Config param weight_dtype: float32
I0805 15:56:37.562957 140572798411072 pyconfig.py:559] Config param weight_quantization_calibration_method: absmax
I0805 15:56:37.562974 140572798411072 pyconfig.py:559] Config param weight_sparsity_m: None
I0805 15:56:37.562988 140572798411072 pyconfig.py:559] Config param weight_sparsity_n: None
I0805 15:56:37.563004 140572798411072 pyconfig.py:559] Config param weight_sparsity_start_step: 50
I0805 15:56:37.563017 140572798411072 pyconfig.py:559] Config param weight_sparsity_update_step: 10
I0805 15:56:37.563032 140572798411072 pyconfig.py:559] Config param wi_tile_dlhs_batch_seq: 512
I0805 15:56:37.563045 140572798411072 pyconfig.py:559] Config param wi_tile_dlhs_embed_dim: 1024
I0805 15:56:37.563060 140572798411072 pyconfig.py:559] Config param wi_tile_dlhs_mlp_dim: 1024
I0805 15:56:37.563074 140572798411072 pyconfig.py:559] Config param wi_tile_drhs_batch_seq: 512
I0805 15:56:37.563087 140572798411072 pyconfig.py:559] Config param wi_tile_drhs_embed_dim: 1024
I0805 15:56:37.563102 140572798411072 pyconfig.py:559] Config param wi_tile_drhs_mlp_dim: 1024
I0805 15:56:37.563116 140572798411072 pyconfig.py:559] Config param wi_tile_fwd_batch_seq: 512
I0805 15:56:37.563130 140572798411072 pyconfig.py:559] Config param wi_tile_fwd_embed_dim: 1024
I0805 15:56:37.563144 140572798411072 pyconfig.py:559] Config param wi_tile_fwd_mlp_dim: 1024
I0805 15:56:37.563158 140572798411072 pyconfig.py:559] Config param wo_tile_dlhs_batch_seq: 512
I0805 15:56:37.563172 140572798411072 pyconfig.py:559] Config param wo_tile_dlhs_embed_dim: 1024
I0805 15:56:37.563187 140572798411072 pyconfig.py:559] Config param wo_tile_dlhs_mlp_dim: 1024
I0805 15:56:37.563200 140572798411072 pyconfig.py:559] Config param wo_tile_drhs_batch_seq: 512
I0805 15:56:37.563215 140572798411072 pyconfig.py:559] Config param wo_tile_drhs_embed_dim: 1024
I0805 15:56:37.563228 140572798411072 pyconfig.py:559] Config param wo_tile_drhs_mlp_dim: 1024
I0805 15:56:37.563243 140572798411072 pyconfig.py:559] Config param wo_tile_fwd_batch_seq: 512
I0805 15:56:37.563257 140572798411072 pyconfig.py:559] Config param wo_tile_fwd_embed_dim: 1024
I0805 15:56:37.563271 140572798411072 pyconfig.py:559] Config param wo_tile_fwd_mlp_dim: 1024
I0805 15:56:37.563286 140572798411072 pyconfig.py:559] Config param write_estimator_result: False
I0805 15:56:37.563300 140572798411072 pyconfig.py:559] Config param wsd_decay_steps_fraction: 0.1
I0805 15:56:37.563314 140572798411072 pyconfig.py:559] Config param wsd_decay_style: WsdDecayStyle.LINEAR
I0805 15:56:37.563331 140572798411072 pyconfig.py:559] Config param xprof_e2e_enable_fw_power_level_event: False
I0805 15:56:37.563346 140572798411072 pyconfig.py:559] Config param xprof_e2e_enable_fw_thermal_event: False
I0805 15:56:37.563359 140572798411072 pyconfig.py:559] Config param xprof_e2e_enable_fw_throttle_event: False
I0805 15:56:37.563374 140572798411072 pyconfig.py:559] Config param xprof_tpu_power_trace_level: 0
I0805 15:56:37.563399 140572798411072 pyconfig.py:559] Config param z_loss_multiplier: 0.0
I0805 15:56:37.563697 140572798411072 max_utils.py:828] System Information: Jax Version: 0.10.0
I0805 15:56:37.563731 140572798411072 max_utils.py:829] System Information: Jaxlib Version: 0.10.0
I0805 15:56:37.563768 140572798411072 max_utils.py:830] System Information: Jax Backend: PJRT C API
rocm 71400
I0805 15:56:37.563791 140572798411072 max_utils.py:833] System Information: Number of devices: 8, jax path /opt/venv/lib/python3.12/site-packages/jax/__init__.py
I0805 15:56:37.563817 140572798411072 max_utils.py:836] System Information: Device 0: 0 (Local id: 0, Process index: 0)
I0805 15:56:37.563838 140572798411072 max_utils.py:836] System Information: Device 1: 1 (Local id: 1, Process index: 0)
I0805 15:56:37.563858 140572798411072 max_utils.py:836] System Information: Device 2: 2 (Local id: 2, Process index: 0)
I0805 15:56:37.563876 140572798411072 max_utils.py:836] System Information: Device 3: 3 (Local id: 3, Process index: 0)
I0805 15:56:37.563894 140572798411072 max_utils.py:836] System Information: Device 4: 4 (Local id: 4, Process index: 0)
I0805 15:56:37.563912 140572798411072 max_utils.py:836] System Information: Device 5: 5 (Local id: 5, Process index: 0)
I0805 15:56:37.563929 140572798411072 max_utils.py:836] System Information: Device 6: 6 (Local id: 6, Process index: 0)
I0805 15:56:37.563947 140572798411072 max_utils.py:836] System Information: Device 7: 7 (Local id: 7, Process index: 0)
I0805 15:56:37.563973 140572798411072 train_utils.py:355] WARNING: 'base_output_directory' might be pointing your local file system
I0805 15:56:37.563997 140572798411072 train_utils.py:366] WARNING: Sequence packing is essentially ignored for synthetic data. Please use a real dataset to use sequence packing.
I0805 15:56:41.522305 140572798411072 maxtext_utils.py:1975] Num_devices: 8, shape (1, 1, 1, 4, 1, 1, 1, 2, 1, 1, 1, 1)
I0805 15:56:41.522858 140572798411072 maxtext_utils.py:1975] Num_devices: 8, shape (1, 1, 1, 4, 1, 1, 1, 2, 1, 1, 1, 1)
I0805 15:56:41.523802 140572798411072 checkpointing.py:995] Setting up checkpoint logger...
I0805 15:56:41.523987 140572798411072 checkpointing.py:386] Checkpointing disabled, not creating checkpoint manager.
I0805 15:56:42.596154 140572798411072 decoders.py:352] WARNING: 'minimal_flash' will be deprecated soon, please use 'minimal_with_context' instead.
I0805 15:56:42.596248 140572798411072 decoders.py:353] WARNING: 'minimal_flash' will be deprecated soon, please use 'minimal_with_context' instead.
/opt/venv/lib/python3.12/site-packages/transformer_engine/jax/flax/transformer.py:732: UserWarning: The dtype argument is deprecated and will be removed in a future release. DotProductAttention will use the dtype of the inputs instead as this module does not have any parameters. Module dtype specified self.dtype=dtype(bfloat16) matches dtype of inputs so behavior is unchanged. Please remove the dtype argument within the next few releases.
  warnings.warn(
I0805 15:56:42.764565 140572798411072 decoders.py:352] WARNING: 'minimal_flash' will be deprecated soon, please use 'minimal_with_context' instead.
I0805 15:56:42.764634 140572798411072 decoders.py:353] WARNING: 'minimal_flash' will be deprecated soon, please use 'minimal_with_context' instead.
I0805 15:56:42.909826 140572798411072 checkpointing.py:983] No existing checkpoints found, not restoring checkpoint.
I0805 15:56:56.848208 140572798411072 decoders.py:352] WARNING: 'minimal_flash' will be deprecated soon, please use 'minimal_with_context' instead.
I0805 15:56:56.848312 140572798411072 decoders.py:353] WARNING: 'minimal_flash' will be deprecated soon, please use 'minimal_with_context' instead.
I0805 15:57:02.626027 140572798411072 max_utils.py:819] Total memory size: 125.1 GB, Output size: 11.2 GB, Temp size: 113.9 GB, Argument size: 11.2 GB, Host temp size: 0.0 GB.
I0805 15:57:02.627408 140572798411072 metric_logger.py:334] number parameters: 8.030 billion
I0805 15:57:02.730750 140572798411072 train.py:680] ====== BARRIER: Synchronizing hosts before training loop ======
I0805 15:57:02.731088 140572798411072 train.py:682] ====== BARRIER PASSED: Starting training loop ======
I0805 15:57:03.141402 140572798411072 decoders.py:352] WARNING: 'minimal_flash' will be deprecated soon, please use 'minimal_with_context' instead.
I0805 15:57:03.141512 140572798411072 decoders.py:353] WARNING: 'minimal_flash' will be deprecated soon, please use 'minimal_with_context' instead.
E0805 15:57:17.617405  176322 rendezvous.cc:108] [id=4] This thread has been waiting for `[7] [rank=7] [run_id=-965444002] Initialize clique: devices=8:[0,1,2,3,4,5,6,7]; local_participants=8; communication_id=1; incarnations=[]` for 10 seconds and may be stuck. All 8 threads joined the rendezvous, however the leader has not marked the rendezvous as completed. Leader can be deadlocked inside the rendezvous callback.
E0805 15:57:17.617455  176304 rendezvous.cc:108] [id=5] This thread has been waiting for `[2] [rank=2] [run_id=-965444002] Initialize clique: devices=8:[0,1,2,3,4,5,6,7]; local_participants=8; communication_id=1; incarnations=[]` for 10 seconds and may be stuck. All 8 threads joined the rendezvous, however the leader has not marked the rendezvous as completed. Leader can be deadlocked inside the rendezvous callback.
E0805 15:57:17.617453  176301 rendezvous.cc:108] [id=6] This thread has been waiting for `[1] [rank=1] [run_id=-965444002] Initialize clique: devices=8:[0,1,2,3,4,5,6,7]; local_participants=8; communication_id=1; incarnations=[]` for 10 seconds and may be stuck. All 8 threads joined the rendezvous, however the leader has not marked the rendezvous as completed. Leader can be deadlocked inside the rendezvous callback.
E0805 15:57:17.617458  176316 rendezvous.cc:108] [id=1] This thread has been waiting for `[5] [rank=5] [run_id=-965444002] Initialize clique: devices=8:[0,1,2,3,4,5,6,7]; local_participants=8; communication_id=1; incarnations=[]` for 10 seconds and may be stuck. All 8 threads joined the rendezvous, however the leader has not marked the rendezvous as completed. Leader can be deadlocked inside the rendezvous callback.
E0805 15:57:17.617408  176319 rendezvous.cc:108] [id=0] This thread has been waiting for `[6] [rank=6] [run_id=-965444002] Initialize clique: devices=8:[0,1,2,3,4,5,6,7]; local_participants=8; communication_id=1; incarnations=[]` for 10 seconds and may be stuck. All 8 threads joined the rendezvous, however the leader has not marked the rendezvous as completed. Leader can be deadlocked inside the rendezvous callback.
E0805 15:57:17.617463  176308 rendezvous.cc:108] [id=2] This thread has been waiting for `[3] [rank=3] [run_id=-965444002] Initialize clique: devices=8:[0,1,2,3,4,5,6,7]; local_participants=8; communication_id=1; incarnations=[]` for 10 seconds and may be stuck. All 8 threads joined the rendezvous, however the leader has not marked the rendezvous as completed. Leader can be deadlocked inside the rendezvous callback.
E0805 15:57:17.617460  176313 rendezvous.cc:108] [id=3] This thread has been waiting for `[4] [rank=4] [run_id=-965444002] Initialize clique: devices=8:[0,1,2,3,4,5,6,7]; local_participants=8; communication_id=1; incarnations=[]` for 10 seconds and may be stuck. All 8 threads joined the rendezvous, however the leader has not marked the rendezvous as completed. Leader can be deadlocked inside the rendezvous callback.
E0805 15:57:21.105343  176308 rendezvous.cc:130] [id=2] This thread is unstuck waiting for `[3] [rank=3] [run_id=-965444002] Initialize clique: devices=8:[0,1,2,3,4,5,6,7]; local_participants=8; communication_id=1; incarnations=[]` after 13.488150386s. All threads joined the rendezvous on time however the leader took long time to complete it. Warning above was a false-positive. Perhaps the timeout is too short.
E0805 15:57:21.105445  176322 rendezvous.cc:130] [id=4] This thread is unstuck waiting for `[7] [rank=7] [run_id=-965444002] Initialize clique: devices=8:[0,1,2,3,4,5,6,7]; local_participants=8; communication_id=1; incarnations=[]` after 13.488249603s. All threads joined the rendezvous on time however the leader took long time to complete it. Warning above was a false-positive. Perhaps the timeout is too short.
E0805 15:57:21.105496  176313 rendezvous.cc:130] [id=3] This thread is unstuck waiting for `[4] [rank=4] [run_id=-965444002] Initialize clique: devices=8:[0,1,2,3,4,5,6,7]; local_participants=8; communication_id=1; incarnations=[]` after 13.48830199s. All threads joined the rendezvous on time however the leader took long time to complete it. Warning above was a false-positive. Perhaps the timeout is too short.
E0805 15:57:21.105498  176301 rendezvous.cc:130] [id=6] This thread is unstuck waiting for `[1] [rank=1] [run_id=-965444002] Initialize clique: devices=8:[0,1,2,3,4,5,6,7]; local_participants=8; communication_id=1; incarnations=[]` after 13.488279449s. All threads joined the rendezvous on time however the leader took long time to complete it. Warning above was a false-positive. Perhaps the timeout is too short.
E0805 15:57:21.105499  176316 rendezvous.cc:130] [id=1] This thread is unstuck waiting for `[5] [rank=5] [run_id=-965444002] Initialize clique: devices=8:[0,1,2,3,4,5,6,7]; local_participants=8; communication_id=1; incarnations=[]` after 13.488358513s. All threads joined the rendezvous on time however the leader took long time to complete it. Warning above was a false-positive. Perhaps the timeout is too short.
E0805 15:57:21.105501  176319 rendezvous.cc:130] [id=0] This thread is unstuck waiting for `[6] [rank=6] [run_id=-965444002] Initialize clique: devices=8:[0,1,2,3,4,5,6,7]; local_participants=8; communication_id=1; incarnations=[]` after 13.48840497s. All threads joined the rendezvous on time however the leader took long time to complete it. Warning above was a false-positive. Perhaps the timeout is too short.
E0805 15:57:21.105503  176304 rendezvous.cc:130] [id=5] This thread is unstuck waiting for `[2] [rank=2] [run_id=-965444002] Initialize clique: devices=8:[0,1,2,3,4,5,6,7]; local_participants=8; communication_id=1; incarnations=[]` after 13.488303787s. All threads joined the rendezvous on time however the leader took long time to complete it. Warning above was a false-positive. Perhaps the timeout is too short.
RCCL version : 2.30.4-HEAD:9e5e408
HIP version  : 7.14.60850-0000000
ROCm version : 7.14.0.0-9999-2b22ab01
Hostname     : dell300x-ccs-aus-f06-01
Librccl path : /opt/rocm/lib/librccl.so.1
[aiter] hipModuleLoad (embedded): hsa/gfx942/fmha_v3_fwd/MI300/fwd_hd128_bf16_causal_rtz.co GetFunction: _ZN5aiter30fmha_fwd_hd128_bf16_causal_rtzE
[aiter] hipModuleGetFunction: _ZN5aiter30fmha_fwd_hd128_bf16_causal_rtzE Success
[aiter] hipModuleLoad (embedded): hsa/gfx942/fmha_v3_fwd/MI300/fwd_hd128_bf16_causal_rtz.co GetFunction: _ZN5aiter30fmha_fwd_hd128_bf16_causal_rtzE
[aiter] hipModuleLoad (embedded): hsa/gfx942/fmha_v3_fwd/MI300/fwd_hd128_bf16_causal_rtz.co GetFunction: _ZN5aiter30fmha_fwd_hd128_bf16_causal_rtzE
[aiter] hipModuleGetFunction: _ZN5aiter30fmha_fwd_hd128_bf16_causal_rtzE Success
[aiter] hipModuleLoad (embedded): hsa/gfx942/fmha_v3_fwd/MI300/fwd_hd128_bf16_causal_rtz.co GetFunction: _ZN5aiter30fmha_fwd_hd128_bf16_causal_rtzE
[aiter] hipModuleGetFunction: _ZN5aiter30fmha_fwd_hd128_bf16_causal_rtzE Success
[aiter] hipModuleLoad (embedded): hsa/gfx942/fmha_v3_fwd/MI300/fwd_hd128_bf16_causal_rtz.co GetFunction: _ZN5aiter30fmha_fwd_hd128_bf16_causal_rtzE
[aiter] hipModuleGetFunction: _ZN5aiter30fmha_fwd_hd128_bf16_causal_rtzE Success
[aiter] hipModuleLoad (embedded): hsa/gfx942/fmha_v3_fwd/MI300/fwd_hd128_bf16_causal_rtz.co GetFunction: _ZN5aiter30fmha_fwd_hd128_bf16_causal_rtzE
[aiter] hipModuleGetFunction: _ZN5aiter30fmha_fwd_hd128_bf16_causal_rtzE Success
[aiter] hipModuleLoad (embedded): hsa/gfx942/fmha_v3_fwd/MI300/fwd_hd128_bf16_causal_rtz.co GetFunction: _ZN5aiter30fmha_fwd_hd128_bf16_causal_rtzE
[aiter] hipModuleGetFunction: _ZN5aiter30fmha_fwd_hd128_bf16_causal_rtzE Success
[aiter] hipModuleGetFunction: _ZN5aiter30fmha_fwd_hd128_bf16_causal_rtzE Success
[aiter] hipModuleLoad (embedded): hsa/gfx942/fmha_v3_fwd/MI300/fwd_hd128_bf16_causal_rtz.co GetFunction: _ZN5aiter30fmha_fwd_hd128_bf16_causal_rtzE
[aiter] hipModuleGetFunction: _ZN5aiter30fmha_fwd_hd128_bf16_causal_rtzE Success
[aiter] hipModuleLoad (embedded): hsa/gfx942/fmha_v3_bwd/bwd_hd128_odo_bf16.co GetFunction: _ZN5aiter23fmha_bwd_hd128_odo_bf16E
[aiter] hipModuleGetFunction: _ZN5aiter23fmha_bwd_hd128_odo_bf16E Success
[aiter] hipModuleLoad (embedded): hsa/gfx942/fmha_v3_bwd/bwd_hd128_bf16_causal_a32_rtz_psskddv.co GetFunction: _ZN5aiter42fmha_bwd_hd128_bf16_causal_a32_rtz_psskddvE
[aiter] hipModuleGetFunction: _ZN5aiter42fmha_bwd_hd128_bf16_causal_a32_rtz_psskddvE Success
[aiter] hipModuleLoad (embedded): hsa/gfx942/fmha_v3_bwd/bwd_hd128_dq_convert_bf16_rtz.co GetFunction: _ZN5aiter34fmha_bwd_hd128_dq_convert_bf16_rtzE
[aiter] hipModuleGetFunction: _ZN5aiter34fmha_bwd_hd128_dq_convert_bf16_rtzE Success
[aiter] hipModuleLoad (embedded): hsa/gfx942/fmha_v3_bwd/bwd_hd128_odo_bf16.co GetFunction: _ZN5aiter23fmha_bwd_hd128_odo_bf16E
[aiter] hipModuleGetFunction: _ZN5aiter23fmha_bwd_hd128_odo_bf16E Success
[aiter] hipModuleLoad (embedded): hsa/gfx942/fmha_v3_bwd/bwd_hd128_bf16_causal_a32_rtz_psskddv.co GetFunction: _ZN5aiter42fmha_bwd_hd128_bf16_causal_a32_rtz_psskddvE
[aiter] hipModuleGetFunction: _ZN5aiter42fmha_bwd_hd128_bf16_causal_a32_rtz_psskddvE Success
[aiter] hipModuleLoad (embedded): hsa/gfx942/fmha_v3_bwd/bwd_hd128_dq_convert_bf16_rtz.co GetFunction: _ZN5aiter34fmha_bwd_hd128_dq_convert_bf16_rtzE
[aiter] hipModuleGetFunction: _ZN5aiter34fmha_bwd_hd128_dq_convert_bf16_rtzE Success
[aiter] hipModuleLoad (embedded): hsa/gfx942/fmha_v3_bwd/bwd_hd128_odo_bf16.co GetFunction: _ZN5aiter23fmha_bwd_hd128_odo_bf16E
[aiter] hipModuleGetFunction: _ZN5aiter23fmha_bwd_hd128_odo_bf16E Success
[aiter] hipModuleLoad (embedded): hsa/gfx942/fmha_v3_bwd/bwd_hd128_bf16_causal_a32_rtz_psskddv.co GetFunction: _ZN5aiter42fmha_bwd_hd128_bf16_causal_a32_rtz_psskddvE
[aiter] hipModuleGetFunction: _ZN5aiter42fmha_bwd_hd128_bf16_causal_a32_rtz_psskddvE Success
[aiter] hipModuleLoad (embedded): hsa/gfx942/fmha_v3_bwd/bwd_hd128_dq_convert_bf16_rtz.co GetFunction: _ZN5aiter34fmha_bwd_hd128_dq_convert_bf16_rtzE
[aiter] hipModuleGetFunction: _ZN5aiter34fmha_bwd_hd128_dq_convert_bf16_rtzE Success
[aiter] hipModuleLoad (embedded): hsa/gfx942/fmha_v3_bwd/bwd_hd128_odo_bf16.co GetFunction: _ZN5aiter23fmha_bwd_hd128_odo_bf16E
[aiter] hipModuleGetFunction: _ZN5aiter23fmha_bwd_hd128_odo_bf16E Success
[aiter] hipModuleLoad (embedded): hsa/gfx942/fmha_v3_bwd/bwd_hd128_bf16_causal_a32_rtz_psskddv.co GetFunction: _ZN5aiter42fmha_bwd_hd128_bf16_causal_a32_rtz_psskddvE
[aiter] hipModuleGetFunction: _ZN5aiter42fmha_bwd_hd128_bf16_causal_a32_rtz_psskddvE Success
[aiter] hipModuleLoad (embedded): hsa/gfx942/fmha_v3_bwd/bwd_hd128_dq_convert_bf16_rtz.co GetFunction: _ZN5aiter34fmha_bwd_hd128_dq_convert_bf16_rtzE
[aiter] hipModuleGetFunction: _ZN5aiter34fmha_bwd_hd128_dq_convert_bf16_rtzE Success
[aiter] hipModuleLoad (embedded): hsa/gfx942/fmha_v3_bwd/bwd_hd128_odo_bf16.co GetFunction: _ZN5aiter23fmha_bwd_hd128_odo_bf16E
[aiter] hipModuleGetFunction: _ZN5aiter23fmha_bwd_hd128_odo_bf16E Success
[aiter] hipModuleLoad (embedded): hsa/gfx942/fmha_v3_bwd/bwd_hd128_bf16_causal_a32_rtz_psskddv.co GetFunction: _ZN5aiter42fmha_bwd_hd128_bf16_causal_a32_rtz_psskddvE
[aiter] hipModuleGetFunction: _ZN5aiter42fmha_bwd_hd128_bf16_causal_a32_rtz_psskddvE Success
[aiter] hipModuleLoad (embedded): hsa/gfx942/fmha_v3_bwd/bwd_hd128_dq_convert_bf16_rtz.co GetFunction: _ZN5aiter34fmha_bwd_hd128_dq_convert_bf16_rtzE
[aiter] hipModuleGetFunction: _ZN5aiter34fmha_bwd_hd128_dq_convert_bf16_rtzE Success
[aiter] hipModuleLoad (embedded): hsa/gfx942/fmha_v3_bwd/bwd_hd128_odo_bf16.co GetFunction: _ZN5aiter23fmha_bwd_hd128_odo_bf16E
[aiter] hipModuleGetFunction: _ZN5aiter23fmha_bwd_hd128_odo_bf16E Success
[aiter] hipModuleLoad (embedded): hsa/gfx942/fmha_v3_bwd/bwd_hd128_bf16_causal_a32_rtz_psskddv.co GetFunction: _ZN5aiter42fmha_bwd_hd128_bf16_causal_a32_rtz_psskddvE
[aiter] hipModuleGetFunction: _ZN5aiter42fmha_bwd_hd128_bf16_causal_a32_rtz_psskddvE Success
[aiter] hipModuleLoad (embedded): hsa/gfx942/fmha_v3_bwd/bwd_hd128_dq_convert_bf16_rtz.co GetFunction: _ZN5aiter34fmha_bwd_hd128_dq_convert_bf16_rtzE
[aiter] hipModuleGetFunction: _ZN5aiter34fmha_bwd_hd128_dq_convert_bf16_rtzE Success
[aiter] hipModuleLoad (embedded): hsa/gfx942/fmha_v3_bwd/bwd_hd128_odo_bf16.co GetFunction: _ZN5aiter23fmha_bwd_hd128_odo_bf16E
[aiter] hipModuleGetFunction: _ZN5aiter23fmha_bwd_hd128_odo_bf16E Success
[aiter] hipModuleLoad (embedded): hsa/gfx942/fmha_v3_bwd/bwd_hd128_bf16_causal_a32_rtz_psskddv.co GetFunction: _ZN5aiter42fmha_bwd_hd128_bf16_causal_a32_rtz_psskddvE
[aiter] hipModuleGetFunction: _ZN5aiter42fmha_bwd_hd128_bf16_causal_a32_rtz_psskddvE Success
[aiter] hipModuleLoad (embedded): hsa/gfx942/fmha_v3_bwd/bwd_hd128_dq_convert_bf16_rtz.co GetFunction: _ZN5aiter34fmha_bwd_hd128_dq_convert_bf16_rtzE
[aiter] hipModuleGetFunction: _ZN5aiter34fmha_bwd_hd128_dq_convert_bf16_rtzE Success
[aiter] hipModuleLoad (embedded): hsa/gfx942/fmha_v3_bwd/bwd_hd128_odo_bf16.co GetFunction: _ZN5aiter23fmha_bwd_hd128_odo_bf16E
[aiter] hipModuleGetFunction: _ZN5aiter23fmha_bwd_hd128_odo_bf16E Success
[aiter] hipModuleLoad (embedded): hsa/gfx942/fmha_v3_bwd/bwd_hd128_bf16_causal_a32_rtz_psskddv.co GetFunction: _ZN5aiter42fmha_bwd_hd128_bf16_causal_a32_rtz_psskddvE
[aiter] hipModuleGetFunction: _ZN5aiter42fmha_bwd_hd128_bf16_causal_a32_rtz_psskddvE Success
[aiter] hipModuleLoad (embedded): hsa/gfx942/fmha_v3_bwd/bwd_hd128_dq_convert_bf16_rtz.co GetFunction: _ZN5aiter34fmha_bwd_hd128_dq_convert_bf16_rtzE
[aiter] hipModuleGetFunction: _ZN5aiter34fmha_bwd_hd128_dq_convert_bf16_rtzE Success
I0805 15:57:38.430652 140572798411072 max_utils.py:778] 
Memstats: After params initialized:
I0805 15:57:38.431042 140572798411072 max_utils.py:784] 	Using (GB) 11.22 / 172.79 (6.493431%) on rocm:0
I0805 15:57:38.431199 140572798411072 max_utils.py:784] 	Using (GB) 11.22 / 172.79 (6.493431%) on rocm:1
I0805 15:57:38.431309 140572798411072 max_utils.py:784] 	Using (GB) 11.22 / 172.79 (6.493431%) on rocm:2
I0805 15:57:38.431406 140572798411072 max_utils.py:784] 	Using (GB) 11.22 / 172.79 (6.493431%) on rocm:3
I0805 15:57:38.431494 140572798411072 max_utils.py:784] 	Using (GB) 11.22 / 172.79 (6.493431%) on rocm:4
I0805 15:57:38.431575 140572798411072 max_utils.py:784] 	Using (GB) 11.22 / 172.79 (6.493431%) on rocm:5
I0805 15:57:38.431658 140572798411072 max_utils.py:784] 	Using (GB) 11.22 / 172.79 (6.493431%) on rocm:6
I0805 15:57:38.431735 140572798411072 max_utils.py:784] 	Using (GB) 11.22 / 172.79 (6.493431%) on rocm:7
I0805 15:57:45.516766 140572798411072 metric_logger.py:207] completed step: 0, seconds: 35.699, TFLOP/s/device: 47.244, Tokens/s/device: 917.888, total_weights: 262144, loss: 12.259, lm_loss: 12.259, perplexity: 210877.609
I0805 15:57:45.521778 140572798411072 metric_logger.py:314] To see full metrics 'tensorboard --logdir=/root/work/scale-your-amd/runs/20260805-maxtext-cap-fsdp4-tp2/maxtext/cap-fsdp4-tp2/tensorboard/'
I0805 15:57:52.097597 140572798411072 metric_logger.py:207] completed step: 1, seconds: 7.083, TFLOP/s/device: 238.123, Tokens/s/device: 4626.414, total_weights: 262144, loss: 12.259, lm_loss: 12.259, perplexity: 210877.609
I0805 15:57:58.690537 140572798411072 metric_logger.py:207] completed step: 2, seconds: 6.581, TFLOP/s/device: 256.283, Tokens/s/device: 4979.222, total_weights: 262144, loss: 11.689, lm_loss: 11.689, perplexity: 119219.844
I0805 15:58:05.290487 140572798411072 metric_logger.py:207] completed step: 3, seconds: 6.593, TFLOP/s/device: 255.814, Tokens/s/device: 4970.119, total_weights: 262144, loss: 10.785, lm_loss: 10.785, perplexity: 48275.223
I0805 15:58:11.899875 140572798411072 metric_logger.py:207] completed step: 4, seconds: 6.600, TFLOP/s/device: 255.546, Tokens/s/device: 4964.919, total_weights: 262144, loss: 9.809, lm_loss: 9.809, perplexity: 18198.934
I0805 15:58:18.510299 140572798411072 metric_logger.py:207] completed step: 5, seconds: 6.609, TFLOP/s/device: 255.178, Tokens/s/device: 4957.760, total_weights: 262144, loss: 8.847, lm_loss: 8.847, perplexity: 6952.755
I0805 15:58:25.129187 140572798411072 metric_logger.py:207] completed step: 6, seconds: 6.610, TFLOP/s/device: 255.145, Tokens/s/device: 4957.121, total_weights: 262144, loss: 7.971, lm_loss: 7.971, perplexity: 2895.025
I0805 15:58:31.750717 140572798411072 metric_logger.py:207] completed step: 7, seconds: 6.619, TFLOP/s/device: 254.820, Tokens/s/device: 4950.799, total_weights: 262144, loss: 7.170, lm_loss: 7.170, perplexity: 1299.781
I0805 15:58:38.376881 140572798411072 metric_logger.py:207] completed step: 8, seconds: 6.622, TFLOP/s/device: 254.710, Tokens/s/device: 4948.662, total_weights: 262144, loss: 6.427, lm_loss: 6.427, perplexity: 618.549
I0805 15:58:45.005702 140572798411072 metric_logger.py:207] completed step: 9, seconds: 6.626, TFLOP/s/device: 254.529, Tokens/s/device: 4945.150, total_weights: 262144, loss: 5.750, lm_loss: 5.750, perplexity: 314.180
I0805 15:58:51.649276 140572798411072 metric_logger.py:207] completed step: 10, seconds: 6.628, TFLOP/s/device: 254.465, Tokens/s/device: 4943.902, total_weights: 262144, loss: 5.139, lm_loss: 5.139, perplexity: 170.550
I0805 15:58:58.293632 140572798411072 metric_logger.py:207] completed step: 11, seconds: 6.644, TFLOP/s/device: 253.861, Tokens/s/device: 4932.181, total_weights: 262144, loss: 4.597, lm_loss: 4.597, perplexity: 99.156
I0805 15:59:04.944808 140572798411072 metric_logger.py:207] completed step: 12, seconds: 6.644, TFLOP/s/device: 253.835, Tokens/s/device: 4931.675, total_weights: 262144, loss: 4.122, lm_loss: 4.122, perplexity: 61.698
I0805 15:59:17.772780 140572798411072 metric_logger.py:207] completed step: 13, seconds: 6.651, TFLOP/s/device: 253.579, Tokens/s/device: 4926.688, total_weights: 262144, loss: 3.713, lm_loss: 3.713, perplexity: 40.972
I0805 15:59:24.396378 140572798411072 metric_logger.py:207] completed step: 14, seconds: 6.651, TFLOP/s/device: 253.581, Tokens/s/device: 4926.734, total_weights: 262144, loss: 3.366, lm_loss: 3.366, perplexity: 28.951
I0805 15:59:31.037745 140572798411072 metric_logger.py:207] completed step: 15, seconds: 6.623, TFLOP/s/device: 254.652, Tokens/s/device: 4947.544, total_weights: 262144, loss: 3.077, lm_loss: 3.077, perplexity: 21.689
I0805 15:59:37.681457 140572798411072 metric_logger.py:207] completed step: 16, seconds: 6.641, TFLOP/s/device: 253.962, Tokens/s/device: 4934.140, total_weights: 262144, loss: 2.840, lm_loss: 2.840, perplexity: 17.120
I0805 15:59:44.329668 140572798411072 metric_logger.py:207] completed step: 17, seconds: 6.644, TFLOP/s/device: 253.859, Tokens/s/device: 4932.127, total_weights: 262144, loss: 2.650, lm_loss: 2.650, perplexity: 14.152
I0805 15:59:50.984193 140572798411072 metric_logger.py:207] completed step: 18, seconds: 6.648, TFLOP/s/device: 253.685, Tokens/s/device: 4928.757, total_weights: 262144, loss: 2.500, lm_loss: 2.500, perplexity: 12.179
I0805 15:59:57.640774 140572798411072 metric_logger.py:207] completed step: 19, seconds: 6.655, TFLOP/s/device: 253.446, Tokens/s/device: 4924.117, total_weights: 262144, loss: 2.381, lm_loss: 2.381, perplexity: 10.816
I0805 16:00:04.294361 140572798411072 metric_logger.py:207] completed step: 20, seconds: 6.656, TFLOP/s/device: 253.382, Tokens/s/device: 4922.859, total_weights: 262144, loss: 2.286, lm_loss: 2.286, perplexity: 9.831
I0805 16:00:04.305743 140572798411072 metric_logger.py:207] completed step: 21, seconds: 6.654, TFLOP/s/device: 253.484, Tokens/s/device: 4924.842, total_weights: 262144, loss: 2.204, lm_loss: 2.204, perplexity: 9.065
Per train step:
 Total TFLOPs: 1686.58 
 split as 87.48% learnable weight flops and 12.52% attention flops
