WARNING: All log messages before absl::InitializeLog() is called are written to STDERR
I0000 00:00:1785945625.386699  178573 port.cc:153] oneDNN custom operations are on. You may see slightly different numerical results due to floating-point round-off errors from different computation orders. To turn them off, set the environment variable `TF_ENABLE_ONEDNN_OPTS=0`.
WARNING: All log messages before absl::InitializeLog() is called are written to STDERR
I0000 00:00:1785945626.379848  178573 port.cc:153] oneDNN custom operations are on. You may see slightly different numerical results due to floating-point round-off errors from different computation orders. To turn them off, set the environment variable `TF_ENABLE_ONEDNN_OPTS=0`.
[transformers] PyTorch was not found. Models won't be available and only tokenizers, configuration and file/data utilities can be used.
[transformers] DeepseekV32Config got `key=rope_scaling` in kwargs but hasn't set it as attribute. For RoPE standardization you need to set `self.rope_parameters` in model's config. 
W0805 16:00:29.739769 139635178758464 pyconfig.py:294] tokenizer_path not found in HF_IDS in maxtext/src/maxtext/utils/globals.py.           Using the default src/maxtext/assets/tokenizers/tokenizer.llama2 instead.           Please pass tokenizer_path in your command if this is not intended.
I0805 16:00:29.739996 139635178758464 max_utils.py:260] Attempting to initialize the jax distributed system for GPU backend...
I0805 16:00:29.740036 139635178758464 max_utils.py:262] Jax distributed system initialized on GPU!
I0805 16:00:31.164133 139635178758464 pyconfig.py:559] Config param abort_on_inf_loss: True
I0805 16:00:31.164275 139635178758464 pyconfig.py:559] Config param abort_on_nan_loss: True
I0805 16:00:31.164322 139635178758464 pyconfig.py:559] Config param act_quantization_calibration_method: absmax
I0805 16:00:31.164356 139635178758464 pyconfig.py:559] Config param activation_dropout_for_audio: 0.0
I0805 16:00:31.164387 139635178758464 pyconfig.py:559] Config param activation_function_for_audio: gelu
I0805 16:00:31.164411 139635178758464 pyconfig.py:559] Config param activations_in_float32: False
I0805 16:00:31.164434 139635178758464 pyconfig.py:559] Config param adam_b1: 0.9
I0805 16:00:31.164465 139635178758464 pyconfig.py:559] Config param adam_b2: 0.95
I0805 16:00:31.164488 139635178758464 pyconfig.py:559] Config param adam_eps: 1e-08
I0805 16:00:31.164514 139635178758464 pyconfig.py:559] Config param adam_eps_root: 0.0
I0805 16:00:31.164537 139635178758464 pyconfig.py:559] Config param adam_weight_decay: 0.1
I0805 16:00:31.164558 139635178758464 pyconfig.py:559] Config param adamw_mask: []
I0805 16:00:31.164580 139635178758464 pyconfig.py:559] Config param add_bos: True
I0805 16:00:31.164600 139635178758464 pyconfig.py:559] Config param add_eos: True
I0805 16:00:31.164620 139635178758464 pyconfig.py:559] Config param allow_split_physical_axes: False
I0805 16:00:31.164641 139635178758464 pyconfig.py:559] Config param ar_cache_axis_order: 1,2,0,3
I0805 16:00:31.164662 139635178758464 pyconfig.py:559] Config param async_checkpointing: True
I0805 16:00:31.164682 139635178758464 pyconfig.py:559] Config param async_scheduling: False
I0805 16:00:31.164703 139635178758464 pyconfig.py:559] Config param attention: cudnn_flash_te
I0805 16:00:31.164723 139635178758464 pyconfig.py:559] Config param attention_bias: False
I0805 16:00:31.164744 139635178758464 pyconfig.py:559] Config param attention_dropout_for_audio: 0.0
I0805 16:00:31.164766 139635178758464 pyconfig.py:559] Config param attention_for_vit: dot_product
I0805 16:00:31.164789 139635178758464 pyconfig.py:559] Config param attention_out: RematLocation.REMAT
I0805 16:00:31.164815 139635178758464 pyconfig.py:559] Config param attention_output_dim: -1
I0805 16:00:31.164837 139635178758464 pyconfig.py:559] Config param attention_sink: False
I0805 16:00:31.164860 139635178758464 pyconfig.py:559] Config param attention_type: global
I0805 16:00:31.164880 139635178758464 pyconfig.py:559] Config param attn_logits_soft_cap: None
I0805 16:00:31.164901 139635178758464 pyconfig.py:559] Config param attn_module_name: None
I0805 16:00:31.164921 139635178758464 pyconfig.py:559] Config param audio_path: 
I0805 16:00:31.164941 139635178758464 pyconfig.py:559] Config param audio_placeholder: <|audio|>
I0805 16:00:31.164961 139635178758464 pyconfig.py:559] Config param autoregressive_decode_assert: 
I0805 16:00:31.164982 139635178758464 pyconfig.py:559] Config param base_config: None
I0805 16:00:31.165002 139635178758464 pyconfig.py:559] Config param base_emb_dim: 4096
I0805 16:00:31.165022 139635178758464 pyconfig.py:559] Config param base_mlp_dim: 14336
I0805 16:00:31.165042 139635178758464 pyconfig.py:559] Config param base_moe_mlp_dim: -1
I0805 16:00:31.165063 139635178758464 pyconfig.py:559] Config param base_num_decoder_layers: 32
I0805 16:00:31.165083 139635178758464 pyconfig.py:559] Config param base_num_kv_heads: 8
I0805 16:00:31.165104 139635178758464 pyconfig.py:559] Config param base_num_query_heads: 32
I0805 16:00:31.165125 139635178758464 pyconfig.py:559] Config param base_output_directory: /root/work/scale-your-amd/runs/20260805-maxtext-cap-fsdp2-tp4/maxtext
I0805 16:00:31.165146 139635178758464 pyconfig.py:559] Config param batch_size: 1
I0805 16:00:31.165167 139635178758464 pyconfig.py:559] Config param batch_split_factor: 1
I0805 16:00:31.165188 139635178758464 pyconfig.py:559] Config param beta_fast: 32
I0805 16:00:31.165208 139635178758464 pyconfig.py:559] Config param beta_slow: 1
I0805 16:00:31.165227 139635178758464 pyconfig.py:559] Config param bwd_quantization_calibration_method: absmax
I0805 16:00:31.165248 139635178758464 pyconfig.py:559] Config param capacity_factor: -1.0
I0805 16:00:31.165269 139635178758464 pyconfig.py:559] Config param cast_logits_to_fp32: True
I0805 16:00:31.165289 139635178758464 pyconfig.py:559] Config param chat_template: 
I0805 16:00:31.165310 139635178758464 pyconfig.py:559] Config param chat_template_path: 
I0805 16:00:31.165332 139635178758464 pyconfig.py:559] Config param check_vma: False
I0805 16:00:31.165352 139635178758464 pyconfig.py:559] Config param checkpoint_conversion_fn: None
I0805 16:00:31.165376 139635178758464 pyconfig.py:559] Config param checkpoint_dir: /root/work/scale-your-amd/runs/20260805-maxtext-cap-fsdp2-tp4/maxtext/cap-fsdp2-tp4/checkpoints/
I0805 16:00:31.165400 139635178758464 pyconfig.py:559] Config param checkpoint_is_quantized: False
I0805 16:00:31.165422 139635178758464 pyconfig.py:559] Config param checkpoint_period: 10000
I0805 16:00:31.165444 139635178758464 pyconfig.py:559] Config param checkpoint_storage_concurrent_gb: 96
I0805 16:00:31.165464 139635178758464 pyconfig.py:559] Config param checkpoint_storage_target_data_file_size_bytes: 2147483648
I0805 16:00:31.165486 139635178758464 pyconfig.py:559] Config param checkpoint_storage_use_ocdbt: True
I0805 16:00:31.165506 139635178758464 pyconfig.py:559] Config param checkpoint_storage_use_zarr3: True
I0805 16:00:31.165525 139635178758464 pyconfig.py:559] Config param checkpoint_todelete_full_path: None
I0805 16:00:31.165545 139635178758464 pyconfig.py:559] Config param checkpoint_todelete_subdir: None
I0805 16:00:31.165565 139635178758464 pyconfig.py:559] Config param chips_per_vm: 4
I0805 16:00:31.165584 139635178758464 pyconfig.py:559] Config param chunk_attn_window_size: 0
I0805 16:00:31.165603 139635178758464 pyconfig.py:559] Config param colocated_python_checkpointing: False
I0805 16:00:31.165623 139635178758464 pyconfig.py:559] Config param colocated_python_data_input: False
I0805 16:00:31.165643 139635178758464 pyconfig.py:559] Config param compile_topology: 
I0805 16:00:31.165663 139635178758464 pyconfig.py:559] Config param compile_topology_num_slices: -1
I0805 16:00:31.165682 139635178758464 pyconfig.py:559] Config param compile_xla_flags: 
I0805 16:00:31.165701 139635178758464 pyconfig.py:559] Config param compiled_trainstep_file: 
I0805 16:00:31.165721 139635178758464 pyconfig.py:559] Config param compress_ratios: []
I0805 16:00:31.165748 139635178758464 pyconfig.py:559] Config param compressed_rope_max_timescale: 160000
I0805 16:00:31.165769 139635178758464 pyconfig.py:559] Config param compute_axis_order: 0,1,2,3
I0805 16:00:31.165788 139635178758464 pyconfig.py:559] Config param constant_bound_config: []
I0805 16:00:31.165808 139635178758464 pyconfig.py:559] Config param context: RematLocation.REMAT
I0805 16:00:31.165829 139635178758464 pyconfig.py:559] Config param context_parallel_load_balance: True
I0805 16:00:31.165849 139635178758464 pyconfig.py:559] Config param context_parallel_reorder_strategy: ReorderStrategy.AUTO
I0805 16:00:31.165871 139635178758464 pyconfig.py:559] Config param context_parallel_size: 1
I0805 16:00:31.165891 139635178758464 pyconfig.py:559] Config param context_parallel_strategy: all_gather
I0805 16:00:31.165910 139635178758464 pyconfig.py:559] Config param context_sharding: context
I0805 16:00:31.165929 139635178758464 pyconfig.py:559] Config param conv_chunksize_for_audio: 500
I0805 16:00:31.165948 139635178758464 pyconfig.py:559] Config param conv_stride_for_vit: 14
I0805 16:00:31.165968 139635178758464 pyconfig.py:559] Config param convert_checkpoint_if_possible: False
I0805 16:00:31.165988 139635178758464 pyconfig.py:559] Config param cost_estimate_flops_bwd: -1
I0805 16:00:31.166008 139635178758464 pyconfig.py:559] Config param cost_estimate_flops_fwd: -1
I0805 16:00:31.166028 139635178758464 pyconfig.py:559] Config param custom_mesh: 
I0805 16:00:31.166047 139635178758464 pyconfig.py:559] Config param custom_mesh_and_rule: CustomRule.DEFAULT
I0805 16:00:31.166068 139635178758464 pyconfig.py:559] Config param d_model_for_audio: 256
I0805 16:00:31.166088 139635178758464 pyconfig.py:559] Config param data_sharding: (('data', 'stage', 'fsdp', 'fsdp_transpose', 'context', 'context_autoregressive', 'tensor', 'tensor_transpose', 'tensor_sequence', 'expert', 'autoregressive'),)
I0805 16:00:31.166114 139635178758464 pyconfig.py:559] Config param data_shuffle_seed: 0
I0805 16:00:31.166135 139635178758464 pyconfig.py:559] Config param data_template_path: 
I0805 16:00:31.166154 139635178758464 pyconfig.py:559] Config param dataset_name: c4/en:3.1.0
I0805 16:00:31.166173 139635178758464 pyconfig.py:559] Config param dataset_path: 
I0805 16:00:31.166194 139635178758464 pyconfig.py:559] Config param dataset_processor_path: 
I0805 16:00:31.166213 139635178758464 pyconfig.py:559] Config param dataset_type: DatasetType.SYNTHETIC
I0805 16:00:31.166236 139635178758464 pyconfig.py:559] Config param dcn_autoregressive_parallelism: 1
I0805 16:00:31.166256 139635178758464 pyconfig.py:559] Config param dcn_context_autoregressive_parallelism: 1
I0805 16:00:31.166276 139635178758464 pyconfig.py:559] Config param dcn_context_parallelism: 1
I0805 16:00:31.166296 139635178758464 pyconfig.py:559] Config param dcn_data_parallelism: -1
I0805 16:00:31.166315 139635178758464 pyconfig.py:559] Config param dcn_diloco_parallelism: 1
I0805 16:00:31.166336 139635178758464 pyconfig.py:559] Config param dcn_expert_parallelism: 1
I0805 16:00:31.166355 139635178758464 pyconfig.py:559] Config param dcn_fsdp_parallelism: 1
I0805 16:00:31.166374 139635178758464 pyconfig.py:559] Config param dcn_fsdp_transpose_parallelism: 1
I0805 16:00:31.166393 139635178758464 pyconfig.py:559] Config param dcn_parallelism: [1, -1, 1, 1, 1, 1, 1, 1, 1, 1, 1, 1]
I0805 16:00:31.166417 139635178758464 pyconfig.py:559] Config param dcn_pipeline_parallelism: 1
I0805 16:00:31.166436 139635178758464 pyconfig.py:559] Config param dcn_sequence_parallelism: 1
I0805 16:00:31.166455 139635178758464 pyconfig.py:559] Config param dcn_tensor_parallelism: 1
I0805 16:00:31.166475 139635178758464 pyconfig.py:559] Config param dcn_tensor_sequence_parallelism: 1
I0805 16:00:31.166494 139635178758464 pyconfig.py:559] Config param dcn_tensor_transpose_parallelism: 1
I0805 16:00:31.166513 139635178758464 pyconfig.py:559] Config param debug: {'rl': False}
I0805 16:00:31.166534 139635178758464 pyconfig.py:559] Config param debug_converter: False
I0805 16:00:31.166554 139635178758464 pyconfig.py:559] Config param debug_sharding: False
I0805 16:00:31.166574 139635178758464 pyconfig.py:559] Config param decode_sampling_nucleus_p: -1
I0805 16:00:31.166593 139635178758464 pyconfig.py:559] Config param decode_sampling_strategy: SamplingStrategy.GREEDY
I0805 16:00:31.166616 139635178758464 pyconfig.py:559] Config param decode_sampling_temperature: 1.0
I0805 16:00:31.166637 139635178758464 pyconfig.py:559] Config param decode_sampling_top_k: 0
I0805 16:00:31.166657 139635178758464 pyconfig.py:559] Config param decoder_block: DecoderBlockType.LLAMA2
I0805 16:00:31.166678 139635178758464 pyconfig.py:559] Config param decoder_layer_input: RematLocation.DEVICE
I0805 16:00:31.166699 139635178758464 pyconfig.py:559] Config param deepstack_visual_indexes_for_vit: []
I0805 16:00:31.166721 139635178758464 pyconfig.py:559] Config param degenerate_group_masking: True
I0805 16:00:31.166742 139635178758464 pyconfig.py:559] Config param dense_init_scale: 1.0
I0805 16:00:31.166764 139635178758464 pyconfig.py:559] Config param diloco_outer_lr: 0.3
I0805 16:00:31.166785 139635178758464 pyconfig.py:559] Config param diloco_outer_momentum: 0.9
I0805 16:00:31.166806 139635178758464 pyconfig.py:559] Config param diloco_sync_period: 36
I0805 16:00:31.166826 139635178758464 pyconfig.py:559] Config param distill_alpha: 0.5
I0805 16:00:31.166847 139635178758464 pyconfig.py:559] Config param distill_alpha_end: None
I0805 16:00:31.166866 139635178758464 pyconfig.py:559] Config param distill_alpha_schedule: constant
I0805 16:00:31.166886 139635178758464 pyconfig.py:559] Config param distill_beta: 0.0
I0805 16:00:31.166906 139635178758464 pyconfig.py:559] Config param distill_beta_end: None
I0805 16:00:31.166926 139635178758464 pyconfig.py:559] Config param distill_beta_schedule: constant
I0805 16:00:31.166945 139635178758464 pyconfig.py:559] Config param distill_feature_loss_type: cosine
I0805 16:00:31.166965 139635178758464 pyconfig.py:559] Config param distill_layer_indices: None
I0805 16:00:31.166985 139635178758464 pyconfig.py:559] Config param distill_student_weights_share_map: {}
I0805 16:00:31.167005 139635178758464 pyconfig.py:559] Config param distill_temperature: 1.0
I0805 16:00:31.167024 139635178758464 pyconfig.py:559] Config param distill_temperature_end: None
I0805 16:00:31.167044 139635178758464 pyconfig.py:559] Config param distill_temperature_schedule: constant
I0805 16:00:31.167063 139635178758464 pyconfig.py:559] Config param distill_weights_copy_map: {}
I0805 16:00:31.167083 139635178758464 pyconfig.py:559] Config param downsample_hidden_size_for_audio: 256
I0805 16:00:31.167103 139635178758464 pyconfig.py:559] Config param dpo: {'algo': 'dpo', 'dpo_beta': 0.1, 'orpo_lambda': 0.1, 'dpo_label_smoothing': 0.0, 'max_prompt_length': None}
I0805 16:00:31.167127 139635178758464 pyconfig.py:559] Config param dq_reduction_steps: 0
I0805 16:00:31.167147 139635178758464 pyconfig.py:559] Config param dropout_rate: 0.0
I0805 16:00:31.167166 139635178758464 pyconfig.py:559] Config param dtype: bfloat16
I0805 16:00:31.167207 139635178758464 pyconfig.py:559] Config param dtype_mm: float32
I0805 16:00:31.167231 139635178758464 pyconfig.py:559] Config param dump_hlo: False
I0805 16:00:31.167251 139635178758464 pyconfig.py:559] Config param dump_hlo_delete_local_after: True
I0805 16:00:31.167272 139635178758464 pyconfig.py:559] Config param dump_hlo_gcs_dir: /root/work/scale-your-amd/runs/20260805-maxtext-cap-fsdp2-tp4/maxtext/cap-fsdp2-tp4/xla_dump
I0805 16:00:31.167292 139635178758464 pyconfig.py:559] Config param dump_hlo_local_dir: /tmp/xla_dump/
I0805 16:00:31.167312 139635178758464 pyconfig.py:559] Config param dump_hlo_local_module_name: jit_train_step
I0805 16:00:31.167332 139635178758464 pyconfig.py:559] Config param dump_hlo_module_name: jit_train_step
I0805 16:00:31.167351 139635178758464 pyconfig.py:559] Config param dump_hlo_upload_all: False
I0805 16:00:31.167372 139635178758464 pyconfig.py:559] Config param dump_hlo_xla_flags: 
I0805 16:00:31.167391 139635178758464 pyconfig.py:559] Config param dump_jaxpr: False
I0805 16:00:31.167410 139635178758464 pyconfig.py:559] Config param dump_jaxpr_delete_local_after: True
I0805 16:00:31.167431 139635178758464 pyconfig.py:559] Config param dump_jaxpr_gcs_dir: /root/work/scale-your-amd/runs/20260805-maxtext-cap-fsdp2-tp4/maxtext/cap-fsdp2-tp4/jaxpr_dump
I0805 16:00:31.167449 139635178758464 pyconfig.py:559] Config param dump_jaxpr_local_dir: /tmp/jaxpr_dump/
I0805 16:00:31.167471 139635178758464 pyconfig.py:559] Config param dump_step: -1
I0805 16:00:31.167492 139635178758464 pyconfig.py:559] Config param elastic_enabled: False
I0805 16:00:31.167512 139635178758464 pyconfig.py:559] Config param elastic_max_retries: 10
I0805 16:00:31.167531 139635178758464 pyconfig.py:559] Config param elastic_min_slice_count: -1
I0805 16:00:31.167551 139635178758464 pyconfig.py:559] Config param elastic_timeout_seconds: 300
I0805 16:00:31.167570 139635178758464 pyconfig.py:559] Config param emb_dim: 4096
I0805 16:00:31.167590 139635178758464 pyconfig.py:559] Config param enable_autocheckpoint: False
I0805 16:00:31.167609 139635178758464 pyconfig.py:559] Config param enable_checkpoint_cloud_logger: False
I0805 16:00:31.167629 139635178758464 pyconfig.py:559] Config param enable_checkpointing: False
I0805 16:00:31.167648 139635178758464 pyconfig.py:559] Config param enable_continuous_checkpointing: False
I0805 16:00:31.167668 139635178758464 pyconfig.py:559] Config param enable_data_shuffling: True
I0805 16:00:31.167687 139635178758464 pyconfig.py:559] Config param enable_diloco: False
I0805 16:00:31.167706 139635178758464 pyconfig.py:559] Config param enable_dp_attention: False
I0805 16:00:31.167726 139635178758464 pyconfig.py:559] Config param enable_dropout: False
I0805 16:00:31.167745 139635178758464 pyconfig.py:559] Config param enable_emergency_checkpoint: False
I0805 16:00:31.167763 139635178758464 pyconfig.py:559] Config param enable_expert_parallel: False
I0805 16:00:31.167784 139635178758464 pyconfig.py:559] Config param enable_gcp_goodput_metrics: True
I0805 16:00:31.167804 139635178758464 pyconfig.py:559] Config param enable_gcp_step_deviation_metrics: True
I0805 16:00:31.167824 139635178758464 pyconfig.py:559] Config param enable_goodput_recording: False
I0805 16:00:31.167843 139635178758464 pyconfig.py:559] Config param enable_jax_profiler: False
I0805 16:00:31.167863 139635178758464 pyconfig.py:559] Config param enable_llm_inference_pool: False
I0805 16:00:31.167884 139635178758464 pyconfig.py:559] Config param enable_mhc_lite: False
I0805 16:00:31.167903 139635178758464 pyconfig.py:559] Config param enable_model_warmup: False
I0805 16:00:31.167922 139635178758464 pyconfig.py:559] Config param enable_multi_tier_checkpointing: False
I0805 16:00:31.167943 139635178758464 pyconfig.py:559] Config param enable_nnx: False
I0805 16:00:31.167963 139635178758464 pyconfig.py:559] Config param enable_orbax_v1: False
I0805 16:00:31.167983 139635178758464 pyconfig.py:559] Config param enable_padding_causal_mask: True
I0805 16:00:31.168002 139635178758464 pyconfig.py:559] Config param enable_pathways_goodput: False
I0805 16:00:31.168020 139635178758464 pyconfig.py:559] Config param enable_prefix_caching: False
I0805 16:00:31.168040 139635178758464 pyconfig.py:559] Config param enable_rampup_batch_size: False
I0805 16:00:31.168061 139635178758464 pyconfig.py:559] Config param enable_single_controller: False
I0805 16:00:31.168081 139635178758464 pyconfig.py:559] Config param enable_single_replica_ckpt_restoring: False
I0805 16:00:31.168101 139635178758464 pyconfig.py:559] Config param enable_tensorboard: True
I0805 16:00:31.168119 139635178758464 pyconfig.py:559] Config param enable_tpu_profiling_options: False
I0805 16:00:31.168138 139635178758464 pyconfig.py:559] Config param enable_tunix_perf_metrics: False
I0805 16:00:31.168159 139635178758464 pyconfig.py:559] Config param encoder_attention_heads_for_audio: 4
I0805 16:00:31.168178 139635178758464 pyconfig.py:559] Config param encoder_ffn_dim_for_audio: 512
I0805 16:00:31.168197 139635178758464 pyconfig.py:559] Config param encoder_layers_for_audio: 2
I0805 16:00:31.168217 139635178758464 pyconfig.py:559] Config param engram: RematLocation.REMAT
I0805 16:00:31.168238 139635178758464 pyconfig.py:559] Config param engram_head_dim: 1280
I0805 16:00:31.168257 139635178758464 pyconfig.py:559] Config param engram_kernel_size: 4
I0805 16:00:31.168277 139635178758464 pyconfig.py:559] Config param engram_layers: []
I0805 16:00:31.168296 139635178758464 pyconfig.py:559] Config param engram_max_ngram_size: 3
I0805 16:00:31.168315 139635178758464 pyconfig.py:559] Config param engram_num_heads: 8
I0805 16:00:31.168334 139635178758464 pyconfig.py:559] Config param engram_seed: 0
I0805 16:00:31.168354 139635178758464 pyconfig.py:559] Config param engram_vocab_bases: []
I0805 16:00:31.168375 139635178758464 pyconfig.py:559] Config param epsilon_high: None
I0805 16:00:31.168394 139635178758464 pyconfig.py:559] Config param eval_batch_size: -1
I0805 16:00:31.168413 139635178758464 pyconfig.py:559] Config param eval_corr_lst: False
I0805 16:00:31.168433 139635178758464 pyconfig.py:559] Config param eval_data_columns: ['text']
I0805 16:00:31.168453 139635178758464 pyconfig.py:559] Config param eval_dataset_name: c4/en:3.1.0
I0805 16:00:31.168473 139635178758464 pyconfig.py:559] Config param eval_image_column: image
I0805 16:00:31.168492 139635178758464 pyconfig.py:559] Config param eval_interval: -1
I0805 16:00:31.168513 139635178758464 pyconfig.py:559] Config param eval_make_lst: False
I0805 16:00:31.168532 139635178758464 pyconfig.py:559] Config param eval_mode: pass
I0805 16:00:31.168551 139635178758464 pyconfig.py:559] Config param eval_per_device_batch_size: 4.0
I0805 16:00:31.168572 139635178758464 pyconfig.py:559] Config param eval_sampling_strategy: greedy
I0805 16:00:31.168592 139635178758464 pyconfig.py:559] Config param eval_split: validation
I0805 16:00:31.168612 139635178758464 pyconfig.py:559] Config param eval_steps: -1
I0805 16:00:31.168631 139635178758464 pyconfig.py:559] Config param expansion_factor_real_data: -1.0
I0805 16:00:31.168650 139635178758464 pyconfig.py:559] Config param expert_balance: False
I0805 16:00:31.168671 139635178758464 pyconfig.py:559] Config param final_logits_soft_cap: None
I0805 16:00:31.168690 139635178758464 pyconfig.py:559] Config param first_num_dense_layers: 0
I0805 16:00:31.168710 139635178758464 pyconfig.py:559] Config param first_num_hash_layers: 0
I0805 16:00:31.168730 139635178758464 pyconfig.py:559] Config param float32_gate_logits: False
I0805 16:00:31.168750 139635178758464 pyconfig.py:559] Config param float32_logits: False
I0805 16:00:31.168769 139635178758464 pyconfig.py:559] Config param float32_qk_product: False
I0805 16:00:31.168788 139635178758464 pyconfig.py:559] Config param float32_weight_sum: True
I0805 16:00:31.168807 139635178758464 pyconfig.py:559] Config param force_q_layout: False
I0805 16:00:31.168828 139635178758464 pyconfig.py:559] Config param force_unroll: False
I0805 16:00:31.168847 139635178758464 pyconfig.py:559] Config param formatting_func_kwargs: {}
I0805 16:00:31.168867 139635178758464 pyconfig.py:559] Config param formatting_func_path: 
I0805 16:00:31.168888 139635178758464 pyconfig.py:559] Config param freeze_audio_encoder_params: True
I0805 16:00:31.168906 139635178758464 pyconfig.py:559] Config param freeze_vision_encoder_params: True
I0805 16:00:31.168926 139635178758464 pyconfig.py:559] Config param fuse_expert_scales: False
I0805 16:00:31.168944 139635178758464 pyconfig.py:559] Config param fused_mlp: False
I0805 16:00:31.168963 139635178758464 pyconfig.py:559] Config param fused_qkv: False
I0805 16:00:31.168982 139635178758464 pyconfig.py:559] Config param gcs_debug_path: 
I0805 16:00:31.169001 139635178758464 pyconfig.py:559] Config param gcs_metrics: False
I0805 16:00:31.169021 139635178758464 pyconfig.py:559] Config param gdn_chunk_size: 64
I0805 16:00:31.169041 139635178758464 pyconfig.py:559] Config param gdn_conv_kernel_dim: 4
I0805 16:00:31.169061 139635178758464 pyconfig.py:559] Config param gdn_key_head_dim: 128
I0805 16:00:31.169080 139635178758464 pyconfig.py:559] Config param gdn_num_key_heads: 16
I0805 16:00:31.169100 139635178758464 pyconfig.py:559] Config param gdn_num_value_heads: 32
I0805 16:00:31.169121 139635178758464 pyconfig.py:559] Config param gdn_value_head_dim: 128
I0805 16:00:31.169140 139635178758464 pyconfig.py:559] Config param generate_padding_batch_eval: False
I0805 16:00:31.169159 139635178758464 pyconfig.py:559] Config param generate_padding_batch_train: False
I0805 16:00:31.169179 139635178758464 pyconfig.py:559] Config param generate_slice: v5e-16
I0805 16:00:31.169199 139635178758464 pyconfig.py:559] Config param generation_configs: {}
I0805 16:00:31.169219 139635178758464 pyconfig.py:559] Config param global_batch_size_to_eval_on: 32
I0805 16:00:31.169238 139635178758464 pyconfig.py:559] Config param global_batch_size_to_load: 32
I0805 16:00:31.169259 139635178758464 pyconfig.py:559] Config param global_batch_size_to_load_eval: 32
I0805 16:00:31.169279 139635178758464 pyconfig.py:559] Config param global_batch_size_to_load_increment: None
I0805 16:00:31.169300 139635178758464 pyconfig.py:559] Config param global_batch_size_to_load_start: None
I0805 16:00:31.169320 139635178758464 pyconfig.py:559] Config param global_batch_size_to_train_on: 32
I0805 16:00:31.169340 139635178758464 pyconfig.py:559] Config param global_head_dim: 0
I0805 16:00:31.169359 139635178758464 pyconfig.py:559] Config param global_num_kv_heads: 0
I0805 16:00:31.169379 139635178758464 pyconfig.py:559] Config param global_parameter_scale: 1
I0805 16:00:31.169399 139635178758464 pyconfig.py:559] Config param global_rampup_samples: 500
I0805 16:00:31.169418 139635178758464 pyconfig.py:559] Config param global_rope_max_timescale: -1
I0805 16:00:31.169439 139635178758464 pyconfig.py:559] Config param global_rope_proportion: 0.25
I0805 16:00:31.169459 139635178758464 pyconfig.py:559] Config param goodput_upload_interval_seconds: 30
I0805 16:00:31.169477 139635178758464 pyconfig.py:559] Config param grad_dtype: float32
I0805 16:00:31.169526 139635178758464 pyconfig.py:559] Config param gradient_accumulation_steps: 1
I0805 16:00:31.169549 139635178758464 pyconfig.py:559] Config param gradient_clipping_threshold: 1.0
I0805 16:00:31.169570 139635178758464 pyconfig.py:559] Config param grain_data_source_max_workers: 16
I0805 16:00:31.169590 139635178758464 pyconfig.py:559] Config param grain_eval_files: 
I0805 16:00:31.169610 139635178758464 pyconfig.py:559] Config param grain_file_type: arrayrecord
I0805 16:00:31.169628 139635178758464 pyconfig.py:559] Config param grain_num_threads: 16
I0805 16:00:31.169649 139635178758464 pyconfig.py:559] Config param grain_num_threads_eval: 16
I0805 16:00:31.169668 139635178758464 pyconfig.py:559] Config param grain_packing_type: first_fit
I0805 16:00:31.169687 139635178758464 pyconfig.py:559] Config param grain_per_worker_buffer_size: 1
I0805 16:00:31.169707 139635178758464 pyconfig.py:559] Config param grain_per_worker_buffer_size_eval: 1
I0805 16:00:31.169731 139635178758464 pyconfig.py:559] Config param grain_prefetch_buffer_size: 500
I0805 16:00:31.169750 139635178758464 pyconfig.py:559] Config param grain_prefetch_buffer_size_eval: 500
I0805 16:00:31.169770 139635178758464 pyconfig.py:559] Config param grain_ram_budget_mb: 1024
I0805 16:00:31.169789 139635178758464 pyconfig.py:559] Config param grain_shuffle_buffer_size: 100
I0805 16:00:31.169808 139635178758464 pyconfig.py:559] Config param grain_train_files: 
I0805 16:00:31.169828 139635178758464 pyconfig.py:559] Config param grain_train_mixture_config_path: 
I0805 16:00:31.169847 139635178758464 pyconfig.py:559] Config param grain_use_elastic_iterator: False
I0805 16:00:31.169867 139635178758464 pyconfig.py:559] Config param grain_worker_count: 1
I0805 16:00:31.169886 139635178758464 pyconfig.py:559] Config param grain_worker_count_eval: 1
I0805 16:00:31.169905 139635178758464 pyconfig.py:559] Config param grpo_beta: 0.08
I0805 16:00:31.169925 139635178758464 pyconfig.py:559] Config param grpo_epsilon: 0.2
I0805 16:00:31.169944 139635178758464 pyconfig.py:559] Config param hardware: gpu
I0805 16:00:31.169964 139635178758464 pyconfig.py:559] Config param hbm_utilization_vllm: 0.72
I0805 16:00:31.169984 139635178758464 pyconfig.py:559] Config param head_dim: 128
I0805 16:00:31.170003 139635178758464 pyconfig.py:559] Config param heartbeat_reporting_interval_in_seconds: 5
I0805 16:00:31.170023 139635178758464 pyconfig.py:559] Config param hf_data_dir: None
I0805 16:00:31.170043 139635178758464 pyconfig.py:559] Config param hf_eval_files: None
I0805 16:00:31.170063 139635178758464 pyconfig.py:559] Config param hf_eval_split: None
I0805 16:00:31.170083 139635178758464 pyconfig.py:559] Config param hf_lora_adapter_path: 
I0805 16:00:31.170103 139635178758464 pyconfig.py:559] Config param hf_name: None
I0805 16:00:31.170123 139635178758464 pyconfig.py:559] Config param hf_path: 
I0805 16:00:31.170142 139635178758464 pyconfig.py:559] Config param hf_train_files: None
I0805 16:00:31.170161 139635178758464 pyconfig.py:559] Config param hidden_size_for_vit: 1408
I0805 16:00:31.170181 139635178758464 pyconfig.py:559] Config param hidden_size_per_layer_input: 0
I0805 16:00:31.170200 139635178758464 pyconfig.py:559] Config param hide_profiler_step_metric: False
I0805 16:00:31.170221 139635178758464 pyconfig.py:559] Config param ici_autoregressive_parallelism: 1
I0805 16:00:31.170240 139635178758464 pyconfig.py:559] Config param ici_context_autoregressive_parallelism: 1
I0805 16:00:31.170260 139635178758464 pyconfig.py:559] Config param ici_context_parallelism: 1
I0805 16:00:31.170279 139635178758464 pyconfig.py:559] Config param ici_data_parallelism: 1
I0805 16:00:31.170299 139635178758464 pyconfig.py:559] Config param ici_diloco_parallelism: 1
I0805 16:00:31.170319 139635178758464 pyconfig.py:559] Config param ici_expert_parallelism: 1
I0805 16:00:31.170338 139635178758464 pyconfig.py:559] Config param ici_fsdp_parallelism: 2
I0805 16:00:31.170358 139635178758464 pyconfig.py:559] Config param ici_fsdp_transpose_parallelism: 1
I0805 16:00:31.170378 139635178758464 pyconfig.py:559] Config param ici_parallelism: [1, 1, 1, 2, 1, 1, 1, 4, 1, 1, 1, 1]
I0805 16:00:31.170399 139635178758464 pyconfig.py:559] Config param ici_pipeline_parallelism: 1
I0805 16:00:31.170420 139635178758464 pyconfig.py:559] Config param ici_sequence_parallelism: 1
I0805 16:00:31.170439 139635178758464 pyconfig.py:559] Config param ici_tensor_parallelism: 4
I0805 16:00:31.170459 139635178758464 pyconfig.py:559] Config param ici_tensor_sequence_parallelism: 1
I0805 16:00:31.170479 139635178758464 pyconfig.py:559] Config param ici_tensor_transpose_parallelism: 1
I0805 16:00:31.170498 139635178758464 pyconfig.py:559] Config param image_path: 
I0805 16:00:31.170518 139635178758464 pyconfig.py:559] Config param image_placeholder: <|image|>
I0805 16:00:31.170539 139635178758464 pyconfig.py:559] Config param image_size_for_vit: 896
I0805 16:00:31.170558 139635178758464 pyconfig.py:559] Config param indexer_head_dim: 128
I0805 16:00:31.170578 139635178758464 pyconfig.py:559] Config param indexer_loss_scaling_factor: 0.0
I0805 16:00:31.170598 139635178758464 pyconfig.py:559] Config param indexer_n_heads: 64
I0805 16:00:31.170618 139635178758464 pyconfig.py:559] Config param indexer_sparse_training: False
I0805 16:00:31.170638 139635178758464 pyconfig.py:559] Config param indexer_topk: 2048
I0805 16:00:31.170658 139635178758464 pyconfig.py:559] Config param inference_benchmark_test: False
I0805 16:00:31.170678 139635178758464 pyconfig.py:559] Config param inference_metadata_file: 
I0805 16:00:31.170697 139635178758464 pyconfig.py:559] Config param inference_microbenchmark_log_file_path: 
I0805 16:00:31.170717 139635178758464 pyconfig.py:559] Config param inference_microbenchmark_loop_iters: 10
I0805 16:00:31.170736 139635178758464 pyconfig.py:559] Config param inference_microbenchmark_num_samples: [1, 2, 3, 4, 5]
I0805 16:00:31.170756 139635178758464 pyconfig.py:559] Config param inference_microbenchmark_prefill_lengths: 64,128,256,512,1024
I0805 16:00:31.170776 139635178758464 pyconfig.py:559] Config param inference_microbenchmark_stages: prefill,generate
I0805 16:00:31.170795 139635178758464 pyconfig.py:559] Config param inference_server: MaxtextInterleavedServer
I0805 16:00:31.170815 139635178758464 pyconfig.py:559] Config param inhomogeneous_layer_cycle_interval: 1
I0805 16:00:31.170834 139635178758464 pyconfig.py:559] Config param init_weights_seed: 0
I0805 16:00:31.170853 139635178758464 pyconfig.py:559] Config param input_data_sharding_logical_axes: ['activation_embed_and_logits_batch', 'activation_norm_length']
I0805 16:00:31.170873 139635178758464 pyconfig.py:559] Config param interleave_moe_layer_step: 1
I0805 16:00:31.170892 139635178758464 pyconfig.py:559] Config param intermediate_size_for_vit: 5632
I0805 16:00:31.170913 139635178758464 pyconfig.py:559] Config param internal_compile: False
I0805 16:00:31.170932 139635178758464 pyconfig.py:559] Config param internal_compile_num_devices: -1
I0805 16:00:31.170951 139635178758464 pyconfig.py:559] Config param jax_cache_dir: ~/jax_cache
I0805 16:00:31.170970 139635178758464 pyconfig.py:559] Config param jax_debug_log_modules: 
I0805 16:00:31.170989 139635178758464 pyconfig.py:559] Config param jax_distributed_heartbeat_timeout_seconds: 100
I0805 16:00:31.171010 139635178758464 pyconfig.py:559] Config param jax_distributed_initialization_timeout: 300
I0805 16:00:31.171029 139635178758464 pyconfig.py:559] Config param jax_profiler_port: 9999
I0805 16:00:31.171048 139635178758464 pyconfig.py:559] Config param key_proj: RematLocation.REMAT
I0805 16:00:31.171069 139635178758464 pyconfig.py:559] Config param kv_cache_buffer: 256
I0805 16:00:31.171089 139635178758464 pyconfig.py:559] Config param kv_lora_rank: 512
I0805 16:00:31.171109 139635178758464 pyconfig.py:559] Config param kv_quant_axis: KvQuantAxis.HEADS_AND_DKV
I0805 16:00:31.171132 139635178758464 pyconfig.py:559] Config param kv_quant_dtype: int8
I0805 16:00:31.171151 139635178758464 pyconfig.py:559] Config param kv_wa_proj: RematLocation.REMAT
I0805 16:00:31.171170 139635178758464 pyconfig.py:559] Config param learn_to_init_mode: False
I0805 16:00:31.171189 139635178758464 pyconfig.py:559] Config param learning_rate: 3e-05
I0805 16:00:31.171211 139635178758464 pyconfig.py:559] Config param learning_rate_final_fraction: 0.1
I0805 16:00:31.171232 139635178758464 pyconfig.py:559] Config param learning_rate_schedule_steps: 22
I0805 16:00:31.171252 139635178758464 pyconfig.py:559] Config param load_balance_loss_weight: 0.0
I0805 16:00:31.171271 139635178758464 pyconfig.py:559] Config param load_checkpoint_only_once: False
I0805 16:00:31.171290 139635178758464 pyconfig.py:559] Config param load_from_prefill_dir: False
I0805 16:00:31.171309 139635178758464 pyconfig.py:559] Config param load_full_state_path: 
I0805 16:00:31.171328 139635178758464 pyconfig.py:559] Config param load_parameters_path: 
I0805 16:00:31.171347 139635178758464 pyconfig.py:559] Config param local_checkpoint_directory: 
I0805 16:00:31.171366 139635178758464 pyconfig.py:559] Config param local_checkpoint_period: 0
I0805 16:00:31.171386 139635178758464 pyconfig.py:559] Config param local_rope_max_timescale: -1
I0805 16:00:31.171407 139635178758464 pyconfig.py:559] Config param local_rope_proportion: 1.0
I0805 16:00:31.171427 139635178758464 pyconfig.py:559] Config param log_config: True
I0805 16:00:31.171446 139635178758464 pyconfig.py:559] Config param log_period: 100
I0805 16:00:31.171465 139635178758464 pyconfig.py:559] Config param logical_axis_rules: (('activation_embed_and_logits_batch', ('data', 'stage', 'fsdp', 'fsdp_transpose', 'expert')), ('activation_embed_and_logits_batch_sequence', ('data', 'stage', 'fsdp', 'fsdp_transpose', 'context', 'expert')), ('activation_vocab', ('tensor', 'tensor_transpose', 'tensor_sequence')), ('activation_vocab', ('tensor', 'tensor_transpose')), ('activation_vocab', 'tensor_sequence'), ('vocab', ('tensor', 'tensor_transpose', 'tensor_sequence', 'autoregressive')), ('embed_vocab', ('fsdp', 'fsdp_transpose', 'context', 'expert')), ('activation_batch_attn', ('data', 'fsdp', 'fsdp_transpose', 'expert')), ('activation_heads', ('tensor', 'tensor_transpose', 'tensor_sequence', 'autoregressive')), ('activation_kv_heads', ('tensor', 'tensor_transpose', 'tensor_sequence')), ('activation_length_attn', ('context',)), ('activation_q_length', ('context',)), ('activation_kv_length', ()), ('activation_embed_attn', ('tensor', 'tensor_transpose')), ('activation_kv', ('tensor', 'tensor_transpose', 'tensor_sequence')), ('activation_kv_batch', ('data', 'fsdp', 'fsdp_transpose', 'expert')), ('activation_kv_head_dim', ('tensor', 'tensor_transpose', 'tensor_sequence')), ('heads', ('tensor', 'tensor_transpose', 'tensor_sequence', 'autoregressive')), ('q_heads', ('tensor', 'tensor_transpose', 'tensor_sequence', 'autoregressive')), ('kv_heads', ('tensor', 'tensor_transpose', 'tensor_sequence', 'autoregressive')), ('qkv', ()), ('kv', ()), ('kv_head_dim', ()), ('q_lora', ('fsdp', 'fsdp_transpose', 'context', 'tensor_transpose', 'expert')), ('q_lora', ('fsdp', 'context', 'tensor_transpose', 'expert')), ('q_lora', ('fsdp', 'fsdp_transpose', 'context', 'expert')), ('q_lora', ('fsdp', 'context', 'expert')), ('q_lora_up_proj', ()), ('kv_lora', ('fsdp', 'fsdp_transpose', 'context', 'tensor_transpose', 'expert')), ('kv_lora', ('fsdp', 'context', 'tensor_transpose', 'expert')), ('kv_lora', ('fsdp', 'fsdp_transpose', 'context', 'expert')), ('kv_lora', ('fsdp', 'context', 'expert')), ('kv_lora_up_proj', ()), ('activation_batch_moe', ('data', 'fsdp', 'fsdp_transpose', 'expert')), ('activation_length_moe', ('context',)), ('activation_norm_length_moe', ('tensor_sequence', 'context')), ('activation_embed_moe', ('tensor', 'tensor_transpose')), ('activation_mlp_moe', ('tensor', 'tensor_transpose', 'tensor_sequence')), ('activation_exp', ('expert',)), ('exp', 'expert'), ('mlp_moe', ('fsdp_transpose', 'tensor', 'tensor_sequence', 'autoregressive')), ('embed_moe', ('fsdp', 'fsdp_transpose', 'tensor_transpose', 'context')), ('embed_moe', ('fsdp', 'tensor_transpose', 'context')), ('embed_moe', ('fsdp', 'fsdp_transpose', 'context')), ('embed_moe', ('fsdp', 'context')), ('activation_mlp', ('tensor', 'tensor_transpose', 'tensor_sequence')), ('activation_batch', ('data', 'fsdp', 'fsdp_transpose', 'expert')), ('activation_length', ('context',)), ('activation_norm_length', ('tensor_sequence', 'context')), ('activation_embed', ('tensor', 'tensor_transpose')), ('activation_stage', 'stage'), ('mlp', ('fsdp_transpose', 'tensor', 'tensor_sequence', 'autoregressive')), ('gdn_head', ('fsdp_transpose', 'tensor', 'tensor_sequence', 'autoregressive')), ('embed', ('fsdp', 'fsdp_transpose', 'tensor_transpose', 'context', 'expert')), ('embed', ('fsdp', 'tensor_transpose', 'context', 'expert')), ('embed', ('fsdp', 'fsdp_transpose', 'context', 'expert')), ('embed', ('fsdp', 'context', 'expert')), ('norm', ('tensor', 'tensor_transpose')), ('layers', 'stage'), ('diloco', 'diloco'), ('engram_dim', ('tensor',)), ('dense_layers', ()), ('moe_layers', ()), ('mhc', ()), ('prefill_activation_length', ('context',)), ('prefill_activation_norm_length', ('tensor_sequence', 'context')), ('activation_prefill_kv_batch', ('data', 'fsdp', 'fsdp_transpose', 'expert')), ('decode_batch', ('data', 'fsdp', 'fsdp_transpose', 'expert')), ('decode_length', ()), ('cache_heads', ('autoregressive', 'tensor', 'tensor_transpose', 'tensor_sequence')), ('cache_heads', ('autoregressive', 'tensor', 'tensor_sequence')), ('paged_kv_heads', ('tensor',)), ('cache_batch_prefill', ()), ('cache_batch', ()), ('cache_heads_none', ()), ('cache_kv', ()), ('cache_sequence', ()), ('num_pages', ()), ('tokens_per_page', ()), ('paged_kv_head_dim_size', ()), ('mlp_no_fsdp', ('tensor', 'tensor_sequence', 'autoregressive')), ('embed_tensor_transpose', ('tensor_transpose',)), ('exp_with_fsdp', 'fsdp'))
I0805 16:00:31.171556 139635178758464 pyconfig.py:559] Config param logits_dot_in_fp32: False
I0805 16:00:31.171578 139635178758464 pyconfig.py:559] Config param logits_via_embedding: False
I0805 16:00:31.171599 139635178758464 pyconfig.py:559] Config param lora: {'enable_lora': False, 'lora_rank': 0, 'lora_alpha': 0.0, 'lora_module_path': '', 'lora_restore_path': ''}
I0805 16:00:31.171623 139635178758464 pyconfig.py:559] Config param lora_input_adapters_path: 
I0805 16:00:31.171644 139635178758464 pyconfig.py:559] Config param loss_agg_mode: sequence-mean-token-mean
I0805 16:00:31.171666 139635178758464 pyconfig.py:559] Config param loss_algo: grpo
I0805 16:00:31.171686 139635178758464 pyconfig.py:559] Config param lr_schedule_type: LearningRateScheduleType.COSINE
I0805 16:00:31.171710 139635178758464 pyconfig.py:559] Config param lti_layer_indices: None
I0805 16:00:31.171731 139635178758464 pyconfig.py:559] Config param lti_use_general_linear_map: False
I0805 16:00:31.171751 139635178758464 pyconfig.py:559] Config param managed_mldiagnostics: False
I0805 16:00:31.171771 139635178758464 pyconfig.py:559] Config param managed_mldiagnostics_dir: /root/work/scale-your-amd/runs/20260805-maxtext-cap-fsdp2-tp4/maxtext/cap-fsdp2-tp4/managed-mldiagnostics
I0805 16:00:31.171791 139635178758464 pyconfig.py:559] Config param managed_mldiagnostics_on_demand_profiling: True
I0805 16:00:31.171812 139635178758464 pyconfig.py:559] Config param managed_mldiagnostics_region: 
I0805 16:00:31.171831 139635178758464 pyconfig.py:559] Config param managed_mldiagnostics_run_group: 
I0805 16:00:31.171851 139635178758464 pyconfig.py:559] Config param math_verify_num_procs: None
I0805 16:00:31.171870 139635178758464 pyconfig.py:559] Config param math_verify_timeout: 300
I0805 16:00:31.171891 139635178758464 pyconfig.py:559] Config param matmul_precision: MatmulPrecision.DEFAULT
I0805 16:00:31.171912 139635178758464 pyconfig.py:559] Config param max_checkify: False
I0805 16:00:31.171932 139635178758464 pyconfig.py:559] Config param max_concurrency: 256
I0805 16:00:31.171951 139635178758464 pyconfig.py:559] Config param max_corpus_chars: 10000000
I0805 16:00:31.171971 139635178758464 pyconfig.py:559] Config param max_num_batched_tokens: None
I0805 16:00:31.171990 139635178758464 pyconfig.py:559] Config param max_num_checkpoints_to_keep: None
I0805 16:00:31.172010 139635178758464 pyconfig.py:559] Config param max_num_images_per_example: -1
I0805 16:00:31.172029 139635178758464 pyconfig.py:559] Config param max_num_seqs: None
I0805 16:00:31.172050 139635178758464 pyconfig.py:559] Config param max_position_embeddings: 163840
I0805 16:00:31.172069 139635178758464 pyconfig.py:559] Config param max_prefill_predict_length: 64
I0805 16:00:31.172088 139635178758464 pyconfig.py:559] Config param max_sample_len_for_audio: 10000
I0805 16:00:31.172107 139635178758464 pyconfig.py:559] Config param max_segments_per_seq: 1
I0805 16:00:31.172128 139635178758464 pyconfig.py:559] Config param max_source_positions_for_audio: 1500
I0805 16:00:31.172148 139635178758464 pyconfig.py:559] Config param max_target_length: 8192
I0805 16:00:31.172167 139635178758464 pyconfig.py:559] Config param max_timescale_for_audio: 10000.0
I0805 16:00:31.172187 139635178758464 pyconfig.py:559] Config param megablox: True
I0805 16:00:31.172207 139635178758464 pyconfig.py:559] Config param merge_gating_gmm: False
I0805 16:00:31.172226 139635178758464 pyconfig.py:559] Config param mesh_axes: ['diloco', 'data', 'stage', 'fsdp', 'fsdp_transpose', 'context', 'context_autoregressive', 'tensor', 'tensor_transpose', 'tensor_sequence', 'expert', 'autoregressive']
I0805 16:00:31.172249 139635178758464 pyconfig.py:559] Config param metrics_dir: /root/work/scale-your-amd/runs/20260805-maxtext-cap-fsdp2-tp4/maxtext/cap-fsdp2-tp4/metrics/
I0805 16:00:31.172270 139635178758464 pyconfig.py:559] Config param metrics_file: 
I0805 16:00:31.172289 139635178758464 pyconfig.py:559] Config param mhc_expansion_rate: 1
I0805 16:00:31.172308 139635178758464 pyconfig.py:559] Config param micro_batch_size_to_eval_on: 32
I0805 16:00:31.172327 139635178758464 pyconfig.py:559] Config param micro_batch_size_to_train_on: 32
I0805 16:00:31.172348 139635178758464 pyconfig.py:559] Config param mla_kv: RematLocation.REMAT
I0805 16:00:31.172368 139635178758464 pyconfig.py:559] Config param mla_naive_kvcache: True
I0805 16:00:31.172387 139635178758464 pyconfig.py:559] Config param mla_q: RematLocation.REMAT
I0805 16:00:31.172408 139635178758464 pyconfig.py:559] Config param mlp_activations: ['silu', 'linear']
I0805 16:00:31.172430 139635178758464 pyconfig.py:559] Config param mlp_activations_limit: -1.0
I0805 16:00:31.172449 139635178758464 pyconfig.py:559] Config param mlp_bias: False
I0805 16:00:31.172470 139635178758464 pyconfig.py:559] Config param mlp_dim: 14336
I0805 16:00:31.172489 139635178758464 pyconfig.py:559] Config param mlpwi: RematLocation.REMAT
I0805 16:00:31.172510 139635178758464 pyconfig.py:559] Config param mlpwi_0: RematLocation.REMAT
I0805 16:00:31.172529 139635178758464 pyconfig.py:559] Config param mlpwi_1: RematLocation.REMAT
I0805 16:00:31.172549 139635178758464 pyconfig.py:559] Config param mlpwo: RematLocation.REMAT
I0805 16:00:31.172569 139635178758464 pyconfig.py:559] Config param moba: False
I0805 16:00:31.172588 139635178758464 pyconfig.py:559] Config param moba_chunk_size: 1024
I0805 16:00:31.172607 139635178758464 pyconfig.py:559] Config param moba_topk: 8
I0805 16:00:31.172628 139635178758464 pyconfig.py:559] Config param model_call_mode: 
I0805 16:00:31.172647 139635178758464 pyconfig.py:559] Config param model_name: llama3-8b
I0805 16:00:31.172667 139635178758464 pyconfig.py:559] Config param moe_dispatch_no_expert_sharding: False
I0805 16:00:31.172686 139635178758464 pyconfig.py:559] Config param moe_expert_input_dim: -1
I0805 16:00:31.172706 139635178758464 pyconfig.py:559] Config param moe_fsdp_use_two_stage_all_gather: False
I0805 16:00:31.172726 139635178758464 pyconfig.py:559] Config param moe_mlp_dim: -1
I0805 16:00:31.172746 139635178758464 pyconfig.py:559] Config param moe_mlpwi_0: RematLocation.REMAT
I0805 16:00:31.172766 139635178758464 pyconfig.py:559] Config param moe_mlpwi_1: RematLocation.REMAT
I0805 16:00:31.172786 139635178758464 pyconfig.py:559] Config param moe_mlpwo: RematLocation.REMAT
I0805 16:00:31.172808 139635178758464 pyconfig.py:559] Config param monitor_goodput: False
I0805 16:00:31.172827 139635178758464 pyconfig.py:559] Config param monitor_step_time_deviation: True
I0805 16:00:31.172846 139635178758464 pyconfig.py:559] Config param mrope_section: [24, 20, 20]
I0805 16:00:31.172866 139635178758464 pyconfig.py:559] Config param mscale: 1.0
I0805 16:00:31.172886 139635178758464 pyconfig.py:559] Config param mtc_data_parallelism: 0
I0805 16:00:31.172905 139635178758464 pyconfig.py:559] Config param mtp_eval_target_module: 0
I0805 16:00:31.172924 139635178758464 pyconfig.py:559] Config param mtp_loss_scaling_factor: 0.1
I0805 16:00:31.172945 139635178758464 pyconfig.py:559] Config param mtp_num_layers: 0
I0805 16:00:31.172965 139635178758464 pyconfig.py:559] Config param mu_dtype: float32
I0805 16:00:31.173002 139635178758464 pyconfig.py:559] Config param multi_sampling: False
I0805 16:00:31.173026 139635178758464 pyconfig.py:559] Config param multi_tier_checkpointing_backup_interval_minutes: 0
I0805 16:00:31.173046 139635178758464 pyconfig.py:559] Config param muon_beta: 0.95
I0805 16:00:31.173068 139635178758464 pyconfig.py:559] Config param muon_consistent_rms: None
I0805 16:00:31.173088 139635178758464 pyconfig.py:559] Config param muon_weight_decay: 0.0
I0805 16:00:31.173108 139635178758464 pyconfig.py:559] Config param n_routing_groups: -1
I0805 16:00:31.173127 139635178758464 pyconfig.py:559] Config param n_window_for_audio: 50
I0805 16:00:31.173146 139635178758464 pyconfig.py:559] Config param n_window_infer_for_audio: 800
I0805 16:00:31.173164 139635178758464 pyconfig.py:559] Config param nope_layer_interval: -1
I0805 16:00:31.173184 139635178758464 pyconfig.py:559] Config param norm_topk_prob: False
I0805 16:00:31.173204 139635178758464 pyconfig.py:559] Config param normalization_layer_epsilon: 1e-05
I0805 16:00:31.173225 139635178758464 pyconfig.py:559] Config param normalize_embedding_logits: True
I0805 16:00:31.173244 139635178758464 pyconfig.py:559] Config param num_attention_heads_for_vit: 16
I0805 16:00:31.173263 139635178758464 pyconfig.py:559] Config param num_batches: 4
I0805 16:00:31.173283 139635178758464 pyconfig.py:559] Config param num_channels_for_vit: 3
I0805 16:00:31.173303 139635178758464 pyconfig.py:559] Config param num_conv_layers_for_audio: 3
I0805 16:00:31.173322 139635178758464 pyconfig.py:559] Config param num_decoder_layers: 32
I0805 16:00:31.173342 139635178758464 pyconfig.py:559] Config param num_diloco_replicas: 1
I0805 16:00:31.173362 139635178758464 pyconfig.py:559] Config param num_epoch: 1
I0805 16:00:31.173382 139635178758464 pyconfig.py:559] Config param num_eval_passes: 1
I0805 16:00:31.173401 139635178758464 pyconfig.py:559] Config param num_experts: 1
I0805 16:00:31.173419 139635178758464 pyconfig.py:559] Config param num_experts_per_tok: 1
I0805 16:00:31.173439 139635178758464 pyconfig.py:559] Config param num_generations: 2
I0805 16:00:31.173458 139635178758464 pyconfig.py:559] Config param num_hidden_layers_for_vit: 34
I0805 16:00:31.173477 139635178758464 pyconfig.py:559] Config param num_iterations: 1
I0805 16:00:31.173496 139635178758464 pyconfig.py:559] Config param num_kv_heads: 8
I0805 16:00:31.173515 139635178758464 pyconfig.py:559] Config param num_kv_shared_layers: 0
I0805 16:00:31.173534 139635178758464 pyconfig.py:559] Config param num_layers_per_pipeline_stage: 1
I0805 16:00:31.173553 139635178758464 pyconfig.py:559] Config param num_mel_bins_for_audio: 128
I0805 16:00:31.173572 139635178758464 pyconfig.py:559] Config param num_pipeline_microbatches: -1
I0805 16:00:31.173591 139635178758464 pyconfig.py:559] Config param num_pipeline_repeats: -1
I0805 16:00:31.173612 139635178758464 pyconfig.py:559] Config param num_position_embeddings_for_vit: 1024
I0805 16:00:31.173632 139635178758464 pyconfig.py:559] Config param num_query_heads: 32
I0805 16:00:31.173650 139635178758464 pyconfig.py:559] Config param num_samplers_slices: -1
I0805 16:00:31.173671 139635178758464 pyconfig.py:559] Config param num_slices: 1
I0805 16:00:31.173689 139635178758464 pyconfig.py:559] Config param num_target_devices: 8
I0805 16:00:31.173709 139635178758464 pyconfig.py:559] Config param num_test_batches: 5
I0805 16:00:31.173734 139635178758464 pyconfig.py:559] Config param num_trainer_slices: -1
I0805 16:00:31.173754 139635178758464 pyconfig.py:559] Config param num_vocab_tiling: 1
I0805 16:00:31.173773 139635178758464 pyconfig.py:559] Config param o_groups: 0
I0805 16:00:31.173793 139635178758464 pyconfig.py:559] Config param o_lora_rank: 0
I0805 16:00:31.173812 139635178758464 pyconfig.py:559] Config param off_policy_steps: 0
I0805 16:00:31.173831 139635178758464 pyconfig.py:559] Config param offline_data_dir: None
I0805 16:00:31.173851 139635178758464 pyconfig.py:559] Config param olmo_apply_ngram_filter: True
I0805 16:00:31.173872 139635178758464 pyconfig.py:559] Config param olmo_index_path: 
I0805 16:00:31.173892 139635178758464 pyconfig.py:559] Config param olmo_path_remap_from: 
I0805 16:00:31.173911 139635178758464 pyconfig.py:559] Config param olmo_path_remap_to: 
I0805 16:00:31.173930 139635178758464 pyconfig.py:559] Config param opt_type: OptimizerType.ADAMW
I0805 16:00:31.173952 139635178758464 pyconfig.py:559] Config param optimize_mesh_for_tpu_v6e: False
I0805 16:00:31.173971 139635178758464 pyconfig.py:559] Config param optimizer_memory_host_offload: False
I0805 16:00:31.173991 139635178758464 pyconfig.py:559] Config param original_max_position_embeddings: 4096
I0805 16:00:31.174010 139635178758464 pyconfig.py:559] Config param out_hidden_size_for_vit: 512
I0805 16:00:31.174028 139635178758464 pyconfig.py:559] Config param out_proj: RematLocation.REMAT
I0805 16:00:31.174049 139635178758464 pyconfig.py:559] Config param output_dim_for_audio: 512
I0805 16:00:31.174069 139635178758464 pyconfig.py:559] Config param override_logical_axis_rules: False
I0805 16:00:31.174088 139635178758464 pyconfig.py:559] Config param override_model_config: False
I0805 16:00:31.174107 139635178758464 pyconfig.py:559] Config param packing: True
I0805 16:00:31.174126 139635178758464 pyconfig.py:559] Config param padded_base_moe_mlp_dim: None
I0805 16:00:31.174144 139635178758464 pyconfig.py:559] Config param param_scan_axis: 1
I0805 16:00:31.174165 139635178758464 pyconfig.py:559] Config param parameter_memory_host_offload: False
I0805 16:00:31.174184 139635178758464 pyconfig.py:559] Config param partial_rotary_factor: 1.0
I0805 16:00:31.174204 139635178758464 pyconfig.py:559] Config param patch_size_for_vit: 14
I0805 16:00:31.174223 139635178758464 pyconfig.py:559] Config param penalty_incorrect_answer: -1.0
I0805 16:00:31.174244 139635178758464 pyconfig.py:559] Config param penalty_incorrect_format: -0.5
I0805 16:00:31.174264 139635178758464 pyconfig.py:559] Config param per_device_batch_size: 4.0
I0805 16:00:31.174285 139635178758464 pyconfig.py:559] Config param per_device_batch_size_increment: 2.0
I0805 16:00:31.174305 139635178758464 pyconfig.py:559] Config param per_device_batch_size_start: 4.0
I0805 16:00:31.174325 139635178758464 pyconfig.py:559] Config param pipeline_delay_activation_forwarding: False
I0805 16:00:31.174344 139635178758464 pyconfig.py:559] Config param pipeline_fsdp_ag_once: False
I0805 16:00:31.174364 139635178758464 pyconfig.py:559] Config param pipeline_fsdp_ag_per_repeat: False
I0805 16:00:31.174383 139635178758464 pyconfig.py:559] Config param pipeline_parallel_layers: 32
I0805 16:00:31.174403 139635178758464 pyconfig.py:559] Config param pixel_shuffle_ratio_for_vit: 0.5
I0805 16:00:31.174422 139635178758464 pyconfig.py:559] Config param posemb_type_for_vit: learn
I0805 16:00:31.174446 139635178758464 pyconfig.py:559] Config param position_id_per_seconds: 25
I0805 16:00:31.174467 139635178758464 pyconfig.py:559] Config param prefill_cache_axis_order: 1,2,0,3
I0805 16:00:31.174488 139635178758464 pyconfig.py:559] Config param prefill_cache_dir: 
I0805 16:00:31.174508 139635178758464 pyconfig.py:559] Config param prefill_chunk_size: 256
I0805 16:00:31.174527 139635178758464 pyconfig.py:559] Config param prefill_slice: v5e-16
I0805 16:00:31.174547 139635178758464 pyconfig.py:559] Config param prefix_caching_dram_byte: 100000000000
I0805 16:00:31.174567 139635178758464 pyconfig.py:559] Config param prefix_caching_hbm_byte: 10000000000
I0805 16:00:31.174588 139635178758464 pyconfig.py:559] Config param prefuse_moe_weights: False
I0805 16:00:31.174607 139635178758464 pyconfig.py:559] Config param profile_cleanly: True
I0805 16:00:31.174628 139635178758464 pyconfig.py:559] Config param profile_periodically_period: -1
I0805 16:00:31.174649 139635178758464 pyconfig.py:559] Config param profile_power_events: False
I0805 16:00:31.174668 139635178758464 pyconfig.py:559] Config param profiler: ProfilerType.XPLANE
I0805 16:00:31.174692 139635178758464 pyconfig.py:559] Config param profiler_steps: 5
I0805 16:00:31.174712 139635178758464 pyconfig.py:559] Config param projector_dropout_for_vit: 0.0
I0805 16:00:31.174732 139635178758464 pyconfig.py:559] Config param projector_input_dim_for_vit: 4096
I0805 16:00:31.174752 139635178758464 pyconfig.py:559] Config param projector_output_dim_for_vit: 4096
I0805 16:00:31.174772 139635178758464 pyconfig.py:559] Config param prometheus_port: 0
I0805 16:00:31.174791 139635178758464 pyconfig.py:559] Config param prompt: I love to
I0805 16:00:31.174811 139635178758464 pyconfig.py:559] Config param pure_nnx: False
I0805 16:00:31.174830 139635178758464 pyconfig.py:559] Config param pure_nnx_decoder: False
I0805 16:00:31.174849 139635178758464 pyconfig.py:559] Config param q_lora_rank: 0
I0805 16:00:31.174869 139635178758464 pyconfig.py:559] Config param qk_clip_threshold: 100.0
I0805 16:00:31.174889 139635178758464 pyconfig.py:559] Config param qk_nope_head_dim: 128
I0805 16:00:31.174909 139635178758464 pyconfig.py:559] Config param qk_norm_with_scale: True
I0805 16:00:31.174930 139635178758464 pyconfig.py:559] Config param qk_rope_head_dim: 64
I0805 16:00:31.174950 139635178758464 pyconfig.py:559] Config param qkv_proj: RematLocation.REMAT
I0805 16:00:31.174970 139635178758464 pyconfig.py:559] Config param quant_cfg_path: 
I0805 16:00:31.174990 139635178758464 pyconfig.py:559] Config param quantization: QuantizationType.NONE
I0805 16:00:31.175011 139635178758464 pyconfig.py:559] Config param quantization_local_shard_count: 8
I0805 16:00:31.175030 139635178758464 pyconfig.py:559] Config param quantize_kvcache: False
I0805 16:00:31.175050 139635178758464 pyconfig.py:559] Config param query_proj: RematLocation.REMAT
I0805 16:00:31.175069 139635178758464 pyconfig.py:559] Config param query_wa_proj: RematLocation.REMAT
I0805 16:00:31.175088 139635178758464 pyconfig.py:559] Config param ragged_block_size: 256
I0805 16:00:31.175107 139635178758464 pyconfig.py:559] Config param ragged_buffer_factor: -1.0
I0805 16:00:31.175128 139635178758464 pyconfig.py:559] Config param ragged_gather_cost_estimate_bytes_accessed: -1
I0805 16:00:31.175147 139635178758464 pyconfig.py:559] Config param ragged_gather_cost_estimate_flops: -1
I0805 16:00:31.175167 139635178758464 pyconfig.py:559] Config param ragged_gather_fallback: False
I0805 16:00:31.175187 139635178758464 pyconfig.py:559] Config param ragged_gather_reduce_cost_estimate_bytes_accessed: -1
I0805 16:00:31.175207 139635178758464 pyconfig.py:559] Config param ragged_gather_reduce_cost_estimate_flops: -1
I0805 16:00:31.175225 139635178758464 pyconfig.py:559] Config param ragged_gather_reduce_fallback: False
I0805 16:00:31.175244 139635178758464 pyconfig.py:559] Config param rampup_end_step: 0
I0805 16:00:31.175263 139635178758464 pyconfig.py:559] Config param rampup_samples_per_increment_to_load: None
I0805 16:00:31.175283 139635178758464 pyconfig.py:559] Config param reasoning_end_token: </reasoning>
I0805 16:00:31.175303 139635178758464 pyconfig.py:559] Config param reasoning_start_token: <reasoning>
I0805 16:00:31.175321 139635178758464 pyconfig.py:559] Config param record_internal_nn_metrics: 0
I0805 16:00:31.175341 139635178758464 pyconfig.py:559] Config param remat_policy: minimal_flash
I0805 16:00:31.175361 139635178758464 pyconfig.py:559] Config param remat_policy_for_vit: minimal
I0805 16:00:31.175381 139635178758464 pyconfig.py:559] Config param remove_size_one_mesh_axis_from_type: True
I0805 16:00:31.175401 139635178758464 pyconfig.py:559] Config param replicate_quant_scale: False
I0805 16:00:31.175420 139635178758464 pyconfig.py:559] Config param replicator_backup_interval_minutes: 0
I0805 16:00:31.175440 139635178758464 pyconfig.py:559] Config param report_heartbeat_metric_for_gcp_monitoring: False
I0805 16:00:31.175460 139635178758464 pyconfig.py:559] Config param report_performance_metric_for_gcp_monitoring: False
I0805 16:00:31.175480 139635178758464 pyconfig.py:559] Config param reshape_q: False
I0805 16:00:31.175500 139635178758464 pyconfig.py:559] Config param reshard_chunk_size: None
I0805 16:00:31.175519 139635178758464 pyconfig.py:559] Config param return_log_prob: False
I0805 16:00:31.175538 139635178758464 pyconfig.py:559] Config param reuse_example_batch: 0
I0805 16:00:31.175557 139635178758464 pyconfig.py:559] Config param reward_exact_answer: 5.0
I0805 16:00:31.175576 139635178758464 pyconfig.py:559] Config param reward_exact_format_match: 3.0
I0805 16:00:31.175598 139635178758464 pyconfig.py:559] Config param reward_partial_format_match: 0.5
I0805 16:00:31.175617 139635178758464 pyconfig.py:559] Config param reward_ratio_guess_to_answer_high: 0.5
I0805 16:00:31.175638 139635178758464 pyconfig.py:559] Config param reward_ratio_guess_to_answer_low: 0.25
I0805 16:00:31.175658 139635178758464 pyconfig.py:559] Config param reward_white_space_format_match: 1.5
I0805 16:00:31.175678 139635178758464 pyconfig.py:559] Config param rl: {'num_generations': 2, 'num_iterations': 1, 'grpo_beta': 0.08, 'grpo_epsilon': 0.2, 'loss_algo': 'grpo', 'loss_agg_mode': 'sequence-mean-token-mean', 'use_agentic_rollout': False, 'max_concurrency': 256, 'off_policy_steps': 0, 'system_prompt': '', 'degenerate_group_masking': True, 'epsilon_high': None, 'reshard_chunk_size': None}
I0805 16:00:31.175708 139635178758464 pyconfig.py:559] Config param rollout_data_parallelism: -1
I0805 16:00:31.175730 139635178758464 pyconfig.py:559] Config param rollout_expert_parallelism: 1
I0805 16:00:31.175749 139635178758464 pyconfig.py:559] Config param rollout_micro_batch_size: -1
I0805 16:00:31.175769 139635178758464 pyconfig.py:559] Config param rollout_tensor_parallelism: -1
I0805 16:00:31.175789 139635178758464 pyconfig.py:559] Config param rope_attention_scaling: False
I0805 16:00:31.175807 139635178758464 pyconfig.py:559] Config param rope_factor: 40
I0805 16:00:31.175827 139635178758464 pyconfig.py:559] Config param rope_interleave: True
I0805 16:00:31.175847 139635178758464 pyconfig.py:559] Config param rope_linear_scaling_factor: 1.0
I0805 16:00:31.175866 139635178758464 pyconfig.py:559] Config param rope_max_timescale: 500000
I0805 16:00:31.175887 139635178758464 pyconfig.py:559] Config param rope_min_timescale: 1
I0805 16:00:31.175908 139635178758464 pyconfig.py:559] Config param rope_theta_for_vit: 10000
I0805 16:00:31.175928 139635178758464 pyconfig.py:559] Config param rope_truncate: True
I0805 16:00:31.175948 139635178758464 pyconfig.py:559] Config param rope_type: RopeType.DEFAULT
I0805 16:00:31.175971 139635178758464 pyconfig.py:559] Config param rope_use_scale: True
I0805 16:00:31.175990 139635178758464 pyconfig.py:559] Config param routed_bias: False
I0805 16:00:31.176010 139635178758464 pyconfig.py:559] Config param routed_bias_update_rate: 0.0
I0805 16:00:31.176028 139635178758464 pyconfig.py:559] Config param routed_scaling_factor: 1.0
I0805 16:00:31.176048 139635178758464 pyconfig.py:559] Config param routed_score_func: 
I0805 16:00:31.176068 139635178758464 pyconfig.py:559] Config param run_name: cap-fsdp2-tp4
I0805 16:00:31.176087 139635178758464 pyconfig.py:559] Config param sa_block_kv: 512
I0805 16:00:31.176106 139635178758464 pyconfig.py:559] Config param sa_block_kv_compute: 512
I0805 16:00:31.176126 139635178758464 pyconfig.py:559] Config param sa_block_kv_dkv: 512
I0805 16:00:31.176144 139635178758464 pyconfig.py:559] Config param sa_block_kv_dkv_compute: 512
I0805 16:00:31.176164 139635178758464 pyconfig.py:559] Config param sa_block_kv_dq: 512
I0805 16:00:31.176185 139635178758464 pyconfig.py:559] Config param sa_block_q: 512
I0805 16:00:31.176204 139635178758464 pyconfig.py:559] Config param sa_block_q_dkv: 512
I0805 16:00:31.176224 139635178758464 pyconfig.py:559] Config param sa_block_q_dq: 512
I0805 16:00:31.176244 139635178758464 pyconfig.py:559] Config param sa_k_layout: HEAD_DIM_MINOR
I0805 16:00:31.176264 139635178758464 pyconfig.py:559] Config param sa_q_layout: HEAD_DIM_MINOR
I0805 16:00:31.176284 139635178758464 pyconfig.py:559] Config param sa_use_fused_bwd_kernel: False
I0805 16:00:31.176303 139635178758464 pyconfig.py:559] Config param sa_v_layout: HEAD_DIM_MINOR
I0805 16:00:31.176322 139635178758464 pyconfig.py:559] Config param sampler_devices_fraction: 0.5
I0805 16:00:31.176343 139635178758464 pyconfig.py:559] Config param save_checkpoint_on_completion: True
I0805 16:00:31.176362 139635178758464 pyconfig.py:559] Config param save_config_to_gcs: False
I0805 16:00:31.176381 139635178758464 pyconfig.py:559] Config param save_quantized_params_path: 
I0805 16:00:31.176400 139635178758464 pyconfig.py:559] Config param scale_embedding_for_audio: True
I0805 16:00:31.176419 139635178758464 pyconfig.py:559] Config param scan_layers: True
I0805 16:00:31.176439 139635178758464 pyconfig.py:559] Config param scan_layers_per_stage: False
I0805 16:00:31.176458 139635178758464 pyconfig.py:559] Config param scan_pipeline_iterations: True
I0805 16:00:31.176478 139635178758464 pyconfig.py:559] Config param scan_pipeline_repeats: False
I0805 16:00:31.176498 139635178758464 pyconfig.py:559] Config param set_remat_policy_on_layers_per_stage: False
I0805 16:00:31.176519 139635178758464 pyconfig.py:559] Config param set_remat_policy_on_pipeline_iterations: True
I0805 16:00:31.176539 139635178758464 pyconfig.py:559] Config param sft_train_on_completion_only: False
I0805 16:00:31.176558 139635178758464 pyconfig.py:559] Config param shard_exp_on_fsdp: False
I0805 16:00:31.176577 139635178758464 pyconfig.py:559] Config param shard_mode: ShardMode.AUTO
I0805 16:00:31.176598 139635178758464 pyconfig.py:559] Config param shard_optimizer_over_data: False
I0805 16:00:31.176617 139635178758464 pyconfig.py:559] Config param sharding_strategy: None
I0805 16:00:31.176638 139635178758464 pyconfig.py:559] Config param sharding_tolerance: 0.02
I0805 16:00:31.176658 139635178758464 pyconfig.py:559] Config param shardy: True
I0805 16:00:31.176677 139635178758464 pyconfig.py:559] Config param share_kv_projections: False
I0805 16:00:31.176695 139635178758464 pyconfig.py:559] Config param shared_experts: 0
I0805 16:00:31.176715 139635178758464 pyconfig.py:559] Config param sinkhorn_iterations: 20
I0805 16:00:31.176734 139635178758464 pyconfig.py:559] Config param skip_first_n_steps_for_profiler: 10
I0805 16:00:31.176753 139635178758464 pyconfig.py:559] Config param skip_jax_distributed_system: False
I0805 16:00:31.176772 139635178758464 pyconfig.py:559] Config param skip_step_interval: 128
I0805 16:00:31.176793 139635178758464 pyconfig.py:559] Config param skip_step_on_spikes: False
I0805 16:00:31.176811 139635178758464 pyconfig.py:559] Config param skip_step_scaling_factor: 6.0
I0805 16:00:31.176832 139635178758464 pyconfig.py:559] Config param sliding_window_size: 0
I0805 16:00:31.176851 139635178758464 pyconfig.py:559] Config param solution_end_token: </answer>
I0805 16:00:31.176871 139635178758464 pyconfig.py:559] Config param solution_start_token: <answer>
I0805 16:00:31.176891 139635178758464 pyconfig.py:559] Config param source_checkpoint_layout: orbax
I0805 16:00:31.176910 139635178758464 pyconfig.py:559] Config param sparse_matmul: True
I0805 16:00:31.176929 139635178758464 pyconfig.py:559] Config param spatial_merge_size_for_vit: 2
I0805 16:00:31.176948 139635178758464 pyconfig.py:559] Config param stack_prefill_result_cache: False
I0805 16:00:31.176968 139635178758464 pyconfig.py:559] Config param step_deviation_interval_seconds: 30
I0805 16:00:31.176987 139635178758464 pyconfig.py:559] Config param steps: 22
I0805 16:00:31.177007 139635178758464 pyconfig.py:559] Config param stop_strings: None
I0805 16:00:31.177027 139635178758464 pyconfig.py:559] Config param student_overrides: {}
I0805 16:00:31.177047 139635178758464 pyconfig.py:559] Config param student_params_to_update: None
I0805 16:00:31.177066 139635178758464 pyconfig.py:559] Config param subslice_shape: 
I0805 16:00:31.177085 139635178758464 pyconfig.py:559] Config param swap_space_vllm_gb: 2
I0805 16:00:31.177104 139635178758464 pyconfig.py:559] Config param system_prompt: 
I0805 16:00:31.177123 139635178758464 pyconfig.py:559] Config param target_eval_loss: 0.0
I0805 16:00:31.177144 139635178758464 pyconfig.py:559] Config param teacher_overrides: {}
I0805 16:00:31.177164 139635178758464 pyconfig.py:559] Config param temperature_tuning: False
I0805 16:00:31.177184 139635178758464 pyconfig.py:559] Config param temporal_patch_size_for_vit: 2
I0805 16:00:31.177203 139635178758464 pyconfig.py:559] Config param tensorboard_dir: /root/work/scale-your-amd/runs/20260805-maxtext-cap-fsdp2-tp4/maxtext/cap-fsdp2-tp4/tensorboard/
I0805 16:00:31.177224 139635178758464 pyconfig.py:559] Config param tensors_on_device: None
I0805 16:00:31.177243 139635178758464 pyconfig.py:559] Config param tensors_to_offload: None
I0805 16:00:31.177263 139635178758464 pyconfig.py:559] Config param test_batch_start_index: 0
I0805 16:00:31.177282 139635178758464 pyconfig.py:559] Config param tile_size_for_vit: 336
I0805 16:00:31.177301 139635178758464 pyconfig.py:559] Config param tokenize_eval_data: True
I0805 16:00:31.177320 139635178758464 pyconfig.py:559] Config param tokenize_train_data: True
I0805 16:00:31.177340 139635178758464 pyconfig.py:559] Config param tokenizer_path: /workspace/maxtext/src/maxtext/assets/tokenizers/tokenizer.llama2
I0805 16:00:31.177359 139635178758464 pyconfig.py:559] Config param tokenizer_type: TokenizerType.SENTENCEPIECE
I0805 16:00:31.177381 139635178758464 pyconfig.py:559] Config param topk_routing_group: -1
I0805 16:00:31.177401 139635178758464 pyconfig.py:559] Config param tpu_num_chips_to_profile_per_task: 1
I0805 16:00:31.177420 139635178758464 pyconfig.py:559] Config param tpu_num_sparse_core_tiles_to_trace: 1
I0805 16:00:31.177440 139635178758464 pyconfig.py:559] Config param tpu_num_sparse_cores_to_trace: 2
I0805 16:00:31.177461 139635178758464 pyconfig.py:559] Config param train_data_columns: ['text']
I0805 16:00:31.177481 139635178758464 pyconfig.py:559] Config param train_fraction: 1.0
I0805 16:00:31.177501 139635178758464 pyconfig.py:559] Config param train_image_column: image
I0805 16:00:31.177521 139635178758464 pyconfig.py:559] Config param train_micro_batch_size: -1
I0805 16:00:31.177540 139635178758464 pyconfig.py:559] Config param train_split: train
I0805 16:00:31.177559 139635178758464 pyconfig.py:559] Config param trainable_parameters_mask: []
I0805 16:00:31.177578 139635178758464 pyconfig.py:559] Config param trainable_position_size: -1
I0805 16:00:31.177599 139635178758464 pyconfig.py:559] Config param trainer_devices_fraction: 0.5
I0805 16:00:31.177619 139635178758464 pyconfig.py:559] Config param upload_all_profiler_results: False
I0805 16:00:31.177638 139635178758464 pyconfig.py:559] Config param use_agentic_rollout: False
I0805 16:00:31.177657 139635178758464 pyconfig.py:559] Config param use_audio: False
I0805 16:00:31.177677 139635178758464 pyconfig.py:559] Config param use_audio_in_video: False
I0805 16:00:31.177696 139635178758464 pyconfig.py:559] Config param use_batch_split_schedule: False
I0805 16:00:31.177716 139635178758464 pyconfig.py:559] Config param use_chat_template: False
I0805 16:00:31.177740 139635178758464 pyconfig.py:559] Config param use_chunked_prefill: False
I0805 16:00:31.177759 139635178758464 pyconfig.py:559] Config param use_custom_sort_vjp: True
I0805 16:00:31.177779 139635178758464 pyconfig.py:559] Config param use_double_wide_mlp: False
I0805 16:00:31.177798 139635178758464 pyconfig.py:559] Config param use_dpo: False
I0805 16:00:31.177817 139635178758464 pyconfig.py:559] Config param use_gather_mosaic_kernel: False
I0805 16:00:31.177837 139635178758464 pyconfig.py:559] Config param use_gmm_v2: False
I0805 16:00:31.177857 139635178758464 pyconfig.py:559] Config param use_grpo: True
I0805 16:00:31.177877 139635178758464 pyconfig.py:559] Config param use_indexer: False
I0805 16:00:31.177897 139635178758464 pyconfig.py:559] Config param use_iota_embed: False
I0805 16:00:31.177916 139635178758464 pyconfig.py:559] Config param use_jax_splash: False
I0805 16:00:31.177935 139635178758464 pyconfig.py:559] Config param use_manual_quantization: False
I0805 16:00:31.177955 139635178758464 pyconfig.py:559] Config param use_max_logit_estimate: -1
I0805 16:00:31.177974 139635178758464 pyconfig.py:559] Config param use_mrope: False
I0805 16:00:31.177993 139635178758464 pyconfig.py:559] Config param use_multimodal: False
I0805 16:00:31.178013 139635178758464 pyconfig.py:559] Config param use_pathways: True
I0805 16:00:31.178032 139635178758464 pyconfig.py:559] Config param use_post_attn_norm: False
I0805 16:00:31.178052 139635178758464 pyconfig.py:559] Config param use_post_ffw_norm: False
I0805 16:00:31.178071 139635178758464 pyconfig.py:559] Config param use_qk_clip: False
I0805 16:00:31.178091 139635178758464 pyconfig.py:559] Config param use_qk_norm: False
I0805 16:00:31.178110 139635178758464 pyconfig.py:559] Config param use_qk_norm_in_gdn: True
I0805 16:00:31.178129 139635178758464 pyconfig.py:559] Config param use_qwix_quantization: False
I0805 16:00:31.178148 139635178758464 pyconfig.py:559] Config param use_ragged_attention: False
I0805 16:00:31.178167 139635178758464 pyconfig.py:559] Config param use_ragged_sort: False
I0805 16:00:31.178186 139635178758464 pyconfig.py:559] Config param use_random_routing: False
I0805 16:00:31.178206 139635178758464 pyconfig.py:559] Config param use_replicator_service: False
I0805 16:00:31.178224 139635178758464 pyconfig.py:559] Config param use_ring_of_experts: False
I0805 16:00:31.178244 139635178758464 pyconfig.py:559] Config param use_sft: False
I0805 16:00:31.178262 139635178758464 pyconfig.py:559] Config param use_splash_scheduler: False
I0805 16:00:31.178282 139635178758464 pyconfig.py:559] Config param use_standalone_converter: False
I0805 16:00:31.178301 139635178758464 pyconfig.py:559] Config param use_tokamax_gmm: False
I0805 16:00:31.178321 139635178758464 pyconfig.py:559] Config param use_tokamax_splash: False
I0805 16:00:31.178340 139635178758464 pyconfig.py:559] Config param use_truncation: True
I0805 16:00:31.178359 139635178758464 pyconfig.py:559] Config param use_tunix_gradient_accumulation: False
I0805 16:00:31.178379 139635178758464 pyconfig.py:559] Config param use_untrainable_positional_embedding: False
I0805 16:00:31.178399 139635178758464 pyconfig.py:559] Config param use_vertex_tensorboard: False
I0805 16:00:31.178418 139635178758464 pyconfig.py:559] Config param using_pipeline_parallelism: False
I0805 16:00:31.178438 139635178758464 pyconfig.py:559] Config param v_head_dim: 128
I0805 16:00:31.178457 139635178758464 pyconfig.py:559] Config param v_norm_with_scale: True
I0805 16:00:31.178478 139635178758464 pyconfig.py:559] Config param value_proj: RematLocation.REMAT
I0805 16:00:31.178498 139635178758464 pyconfig.py:559] Config param vertex_tensorboard_project: 
I0805 16:00:31.178517 139635178758464 pyconfig.py:559] Config param vertex_tensorboard_region: 
I0805 16:00:31.178535 139635178758464 pyconfig.py:559] Config param video_path: 
I0805 16:00:31.178555 139635178758464 pyconfig.py:559] Config param video_placeholder: <|video|>
I0805 16:00:31.178575 139635178758464 pyconfig.py:559] Config param vision_output_dim_for_vit: 4096
I0805 16:00:31.178594 139635178758464 pyconfig.py:559] Config param vision_output_length: -1
I0805 16:00:31.178612 139635178758464 pyconfig.py:559] Config param vllm_additional_config: {}
I0805 16:00:31.178632 139635178758464 pyconfig.py:559] Config param vllm_hf_config_path: 
I0805 16:00:31.178652 139635178758464 pyconfig.py:559] Config param vllm_hf_overrides: {}
I0805 16:00:31.178672 139635178758464 pyconfig.py:559] Config param vllm_load_format: dummy
I0805 16:00:31.178691 139635178758464 pyconfig.py:559] Config param vocab_size: 128256
I0805 16:00:31.178711 139635178758464 pyconfig.py:559] Config param vocab_size_per_layer_input: 0
I0805 16:00:31.178731 139635178758464 pyconfig.py:559] Config param warmup_steps_fraction: 0.1
I0805 16:00:31.178751 139635178758464 pyconfig.py:559] Config param weight_dtype: float32
I0805 16:00:31.178785 139635178758464 pyconfig.py:559] Config param weight_quantization_calibration_method: absmax
I0805 16:00:31.178808 139635178758464 pyconfig.py:559] Config param weight_sparsity_m: None
I0805 16:00:31.178829 139635178758464 pyconfig.py:559] Config param weight_sparsity_n: None
I0805 16:00:31.178848 139635178758464 pyconfig.py:559] Config param weight_sparsity_start_step: 50
I0805 16:00:31.178868 139635178758464 pyconfig.py:559] Config param weight_sparsity_update_step: 10
I0805 16:00:31.178888 139635178758464 pyconfig.py:559] Config param wi_tile_dlhs_batch_seq: 512
I0805 16:00:31.178906 139635178758464 pyconfig.py:559] Config param wi_tile_dlhs_embed_dim: 1024
I0805 16:00:31.178926 139635178758464 pyconfig.py:559] Config param wi_tile_dlhs_mlp_dim: 1024
I0805 16:00:31.178946 139635178758464 pyconfig.py:559] Config param wi_tile_drhs_batch_seq: 512
I0805 16:00:31.178966 139635178758464 pyconfig.py:559] Config param wi_tile_drhs_embed_dim: 1024
I0805 16:00:31.178986 139635178758464 pyconfig.py:559] Config param wi_tile_drhs_mlp_dim: 1024
I0805 16:00:31.179005 139635178758464 pyconfig.py:559] Config param wi_tile_fwd_batch_seq: 512
I0805 16:00:31.179024 139635178758464 pyconfig.py:559] Config param wi_tile_fwd_embed_dim: 1024
I0805 16:00:31.179043 139635178758464 pyconfig.py:559] Config param wi_tile_fwd_mlp_dim: 1024
I0805 16:00:31.179063 139635178758464 pyconfig.py:559] Config param wo_tile_dlhs_batch_seq: 512
I0805 16:00:31.179083 139635178758464 pyconfig.py:559] Config param wo_tile_dlhs_embed_dim: 1024
I0805 16:00:31.179102 139635178758464 pyconfig.py:559] Config param wo_tile_dlhs_mlp_dim: 1024
I0805 16:00:31.179122 139635178758464 pyconfig.py:559] Config param wo_tile_drhs_batch_seq: 512
I0805 16:00:31.179141 139635178758464 pyconfig.py:559] Config param wo_tile_drhs_embed_dim: 1024
I0805 16:00:31.179160 139635178758464 pyconfig.py:559] Config param wo_tile_drhs_mlp_dim: 1024
I0805 16:00:31.179179 139635178758464 pyconfig.py:559] Config param wo_tile_fwd_batch_seq: 512
I0805 16:00:31.179198 139635178758464 pyconfig.py:559] Config param wo_tile_fwd_embed_dim: 1024
I0805 16:00:31.179217 139635178758464 pyconfig.py:559] Config param wo_tile_fwd_mlp_dim: 1024
I0805 16:00:31.179237 139635178758464 pyconfig.py:559] Config param write_estimator_result: False
I0805 16:00:31.179256 139635178758464 pyconfig.py:559] Config param wsd_decay_steps_fraction: 0.1
I0805 16:00:31.179277 139635178758464 pyconfig.py:559] Config param wsd_decay_style: WsdDecayStyle.LINEAR
I0805 16:00:31.179300 139635178758464 pyconfig.py:559] Config param xprof_e2e_enable_fw_power_level_event: False
I0805 16:00:31.179320 139635178758464 pyconfig.py:559] Config param xprof_e2e_enable_fw_thermal_event: False
I0805 16:00:31.179340 139635178758464 pyconfig.py:559] Config param xprof_e2e_enable_fw_throttle_event: False
I0805 16:00:31.179359 139635178758464 pyconfig.py:559] Config param xprof_tpu_power_trace_level: 0
I0805 16:00:31.179380 139635178758464 pyconfig.py:559] Config param z_loss_multiplier: 0.0
I0805 16:00:31.179802 139635178758464 max_utils.py:828] System Information: Jax Version: 0.10.0
I0805 16:00:31.179852 139635178758464 max_utils.py:829] System Information: Jaxlib Version: 0.10.0
I0805 16:00:31.179907 139635178758464 max_utils.py:830] System Information: Jax Backend: PJRT C API
rocm 71400
I0805 16:00:31.179943 139635178758464 max_utils.py:833] System Information: Number of devices: 8, jax path /opt/venv/lib/python3.12/site-packages/jax/__init__.py
I0805 16:00:31.179978 139635178758464 max_utils.py:836] System Information: Device 0: 0 (Local id: 0, Process index: 0)
I0805 16:00:31.180008 139635178758464 max_utils.py:836] System Information: Device 1: 1 (Local id: 1, Process index: 0)
I0805 16:00:31.180034 139635178758464 max_utils.py:836] System Information: Device 2: 2 (Local id: 2, Process index: 0)
I0805 16:00:31.180058 139635178758464 max_utils.py:836] System Information: Device 3: 3 (Local id: 3, Process index: 0)
I0805 16:00:31.180082 139635178758464 max_utils.py:836] System Information: Device 4: 4 (Local id: 4, Process index: 0)
I0805 16:00:31.180105 139635178758464 max_utils.py:836] System Information: Device 5: 5 (Local id: 5, Process index: 0)
I0805 16:00:31.180128 139635178758464 max_utils.py:836] System Information: Device 6: 6 (Local id: 6, Process index: 0)
I0805 16:00:31.180151 139635178758464 max_utils.py:836] System Information: Device 7: 7 (Local id: 7, Process index: 0)
I0805 16:00:31.180185 139635178758464 train_utils.py:355] WARNING: 'base_output_directory' might be pointing your local file system
I0805 16:00:31.180218 139635178758464 train_utils.py:366] WARNING: Sequence packing is essentially ignored for synthetic data. Please use a real dataset to use sequence packing.
I0805 16:00:35.111811 139635178758464 maxtext_utils.py:1975] Num_devices: 8, shape (1, 1, 1, 2, 1, 1, 1, 4, 1, 1, 1, 1)
I0805 16:00:35.112365 139635178758464 maxtext_utils.py:1975] Num_devices: 8, shape (1, 1, 1, 2, 1, 1, 1, 4, 1, 1, 1, 1)
I0805 16:00:35.113317 139635178758464 checkpointing.py:995] Setting up checkpoint logger...
I0805 16:00:35.113497 139635178758464 checkpointing.py:386] Checkpointing disabled, not creating checkpoint manager.
I0805 16:00:36.050518 139635178758464 decoders.py:352] WARNING: 'minimal_flash' will be deprecated soon, please use 'minimal_with_context' instead.
I0805 16:00:36.050613 139635178758464 decoders.py:353] WARNING: 'minimal_flash' will be deprecated soon, please use 'minimal_with_context' instead.
/opt/venv/lib/python3.12/site-packages/transformer_engine/jax/flax/transformer.py:732: UserWarning: The dtype argument is deprecated and will be removed in a future release. DotProductAttention will use the dtype of the inputs instead as this module does not have any parameters. Module dtype specified self.dtype=dtype(bfloat16) matches dtype of inputs so behavior is unchanged. Please remove the dtype argument within the next few releases.
  warnings.warn(
I0805 16:00:36.221812 139635178758464 decoders.py:352] WARNING: 'minimal_flash' will be deprecated soon, please use 'minimal_with_context' instead.
I0805 16:00:36.221885 139635178758464 decoders.py:353] WARNING: 'minimal_flash' will be deprecated soon, please use 'minimal_with_context' instead.
I0805 16:00:36.370221 139635178758464 checkpointing.py:983] No existing checkpoints found, not restoring checkpoint.
I0805 16:00:49.678479 139635178758464 decoders.py:352] WARNING: 'minimal_flash' will be deprecated soon, please use 'minimal_with_context' instead.
I0805 16:00:49.678579 139635178758464 decoders.py:353] WARNING: 'minimal_flash' will be deprecated soon, please use 'minimal_with_context' instead.
I0805 16:00:55.422591 139635178758464 max_utils.py:819] Total memory size: 127.6 GB, Output size: 11.2 GB, Temp size: 116.4 GB, Argument size: 11.2 GB, Host temp size: 0.0 GB.
I0805 16:00:55.424139 139635178758464 metric_logger.py:334] number parameters: 8.030 billion
I0805 16:00:55.524865 139635178758464 train.py:680] ====== BARRIER: Synchronizing hosts before training loop ======
I0805 16:00:55.525092 139635178758464 train.py:682] ====== BARRIER PASSED: Starting training loop ======
I0805 16:00:55.889556 139635178758464 decoders.py:352] WARNING: 'minimal_flash' will be deprecated soon, please use 'minimal_with_context' instead.
I0805 16:00:55.889634 139635178758464 decoders.py:353] WARNING: 'minimal_flash' will be deprecated soon, please use 'minimal_with_context' instead.
E0805 16:01:10.052380  178827 rendezvous.cc:108] [id=6] This thread has been waiting for `[3] [rank=3] [run_id=-720641193] Initialize clique: devices=8:[0,1,2,3,4,5,6,7]; local_participants=8; communication_id=1; incarnations=[]` for 10 seconds and may be stuck. All 8 threads joined the rendezvous, however the leader has not marked the rendezvous as completed. Leader can be deadlocked inside the rendezvous callback.
E0805 16:01:10.052383  178836 rendezvous.cc:108] [id=2] This thread has been waiting for `[6] [rank=6] [run_id=-720641193] Initialize clique: devices=8:[0,1,2,3,4,5,6,7]; local_participants=8; communication_id=1; incarnations=[]` for 10 seconds and may be stuck. All 8 threads joined the rendezvous, however the leader has not marked the rendezvous as completed. Leader can be deadlocked inside the rendezvous callback.
E0805 16:01:10.052431  178839 rendezvous.cc:108] [id=1] This thread has been waiting for `[7] [rank=7] [run_id=-720641193] Initialize clique: devices=8:[0,1,2,3,4,5,6,7]; local_participants=8; communication_id=1; incarnations=[]` for 10 seconds and may be stuck. All 8 threads joined the rendezvous, however the leader has not marked the rendezvous as completed. Leader can be deadlocked inside the rendezvous callback.
E0805 16:01:10.052437  178830 rendezvous.cc:108] [id=5] This thread has been waiting for `[4] [rank=4] [run_id=-720641193] Initialize clique: devices=8:[0,1,2,3,4,5,6,7]; local_participants=8; communication_id=1; incarnations=[]` for 10 seconds and may be stuck. All 8 threads joined the rendezvous, however the leader has not marked the rendezvous as completed. Leader can be deadlocked inside the rendezvous callback.
E0805 16:01:10.052440  178821 rendezvous.cc:108] [id=4] This thread has been waiting for `[1] [rank=1] [run_id=-720641193] Initialize clique: devices=8:[0,1,2,3,4,5,6,7]; local_participants=8; communication_id=1; incarnations=[]` for 10 seconds and may be stuck. All 8 threads joined the rendezvous, however the leader has not marked the rendezvous as completed. Leader can be deadlocked inside the rendezvous callback.
E0805 16:01:10.052434  178824 rendezvous.cc:108] [id=0] This thread has been waiting for `[2] [rank=2] [run_id=-720641193] Initialize clique: devices=8:[0,1,2,3,4,5,6,7]; local_participants=8; communication_id=1; incarnations=[]` for 10 seconds and may be stuck. All 8 threads joined the rendezvous, however the leader has not marked the rendezvous as completed. Leader can be deadlocked inside the rendezvous callback.
E0805 16:01:10.052433  178833 rendezvous.cc:108] [id=3] This thread has been waiting for `[5] [rank=5] [run_id=-720641193] Initialize clique: devices=8:[0,1,2,3,4,5,6,7]; local_participants=8; communication_id=1; incarnations=[]` for 10 seconds and may be stuck. All 8 threads joined the rendezvous, however the leader has not marked the rendezvous as completed. Leader can be deadlocked inside the rendezvous callback.
E0805 16:01:13.322156  178827 rendezvous.cc:130] [id=6] This thread is unstuck waiting for `[3] [rank=3] [run_id=-720641193] Initialize clique: devices=8:[0,1,2,3,4,5,6,7]; local_participants=8; communication_id=1; incarnations=[]` after 13.269970279s. All threads joined the rendezvous on time however the leader took long time to complete it. Warning above was a false-positive. Perhaps the timeout is too short.
E0805 16:01:13.322191  178836 rendezvous.cc:130] [id=2] This thread is unstuck waiting for `[6] [rank=6] [run_id=-720641193] Initialize clique: devices=8:[0,1,2,3,4,5,6,7]; local_participants=8; communication_id=1; incarnations=[]` after 13.270099438s. All threads joined the rendezvous on time however the leader took long time to complete it. Warning above was a false-positive. Perhaps the timeout is too short.
E0805 16:01:13.322195  178833 rendezvous.cc:130] [id=3] This thread is unstuck waiting for `[5] [rank=5] [run_id=-720641193] Initialize clique: devices=8:[0,1,2,3,4,5,6,7]; local_participants=8; communication_id=1; incarnations=[]` after 13.270054913s. All threads joined the rendezvous on time however the leader took long time to complete it. Warning above was a false-positive. Perhaps the timeout is too short.
E0805 16:01:13.322207  178830 rendezvous.cc:130] [id=5] This thread is unstuck waiting for `[4] [rank=4] [run_id=-720641193] Initialize clique: devices=8:[0,1,2,3,4,5,6,7]; local_participants=8; communication_id=1; incarnations=[]` after 13.270054064s. All threads joined the rendezvous on time however the leader took long time to complete it. Warning above was a false-positive. Perhaps the timeout is too short.
E0805 16:01:13.322215  178824 rendezvous.cc:130] [id=0] This thread is unstuck waiting for `[2] [rank=2] [run_id=-720641193] Initialize clique: devices=8:[0,1,2,3,4,5,6,7]; local_participants=8; communication_id=1; incarnations=[]` after 13.270152723s. All threads joined the rendezvous on time however the leader took long time to complete it. Warning above was a false-positive. Perhaps the timeout is too short.
E0805 16:01:13.322209  178821 rendezvous.cc:130] [id=4] This thread is unstuck waiting for `[1] [rank=1] [run_id=-720641193] Initialize clique: devices=8:[0,1,2,3,4,5,6,7]; local_participants=8; communication_id=1; incarnations=[]` after 13.270059928s. All threads joined the rendezvous on time however the leader took long time to complete it. Warning above was a false-positive. Perhaps the timeout is too short.
E0805 16:01:13.322213  178839 rendezvous.cc:130] [id=1] This thread is unstuck waiting for `[7] [rank=7] [run_id=-720641193] Initialize clique: devices=8:[0,1,2,3,4,5,6,7]; local_participants=8; communication_id=1; incarnations=[]` after 13.270122205s. All threads joined the rendezvous on time however the leader took long time to complete it. Warning above was a false-positive. Perhaps the timeout is too short.
RCCL version : 2.30.4-HEAD:9e5e408
HIP version  : 7.14.60850-0000000
ROCm version : 7.14.0.0-9999-2b22ab01
Hostname     : dell300x-ccs-aus-f06-01
Librccl path : /opt/rocm/lib/librccl.so.1
[aiter] hipModuleLoad (embedded): hsa/gfx942/fmha_v3_fwd/MI300/fwd_hd128_bf16_causal_rtz.co GetFunction: _ZN5aiter30fmha_fwd_hd128_bf16_causal_rtzE
[aiter] hipModuleGetFunction: _ZN5aiter30fmha_fwd_hd128_bf16_causal_rtzE Success
[aiter] hipModuleLoad (embedded): hsa/gfx942/fmha_v3_fwd/MI300/fwd_hd128_bf16_causal_rtz.co GetFunction: _ZN5aiter30fmha_fwd_hd128_bf16_causal_rtzE
[aiter] hipModuleGetFunction: _ZN5aiter30fmha_fwd_hd128_bf16_causal_rtzE Success
[aiter] hipModuleLoad (embedded): hsa/gfx942/fmha_v3_fwd/MI300/fwd_hd128_bf16_causal_rtz.co GetFunction: _ZN5aiter30fmha_fwd_hd128_bf16_causal_rtzE
[aiter] hipModuleLoad (embedded): hsa/gfx942/fmha_v3_fwd/MI300/fwd_hd128_bf16_causal_rtz.co GetFunction: _ZN5aiter30fmha_fwd_hd128_bf16_causal_rtzE
[aiter] hipModuleGetFunction: _ZN5aiter30fmha_fwd_hd128_bf16_causal_rtzE Success
[aiter] hipModuleLoad (embedded): hsa/gfx942/fmha_v3_fwd/MI300/fwd_hd128_bf16_causal_rtz.co GetFunction: _ZN5aiter30fmha_fwd_hd128_bf16_causal_rtzE
[aiter] hipModuleGetFunction: _ZN5aiter30fmha_fwd_hd128_bf16_causal_rtzE Success
[aiter] hipModuleGetFunction: _ZN5aiter30fmha_fwd_hd128_bf16_causal_rtzE Success
[aiter] hipModuleLoad (embedded): hsa/gfx942/fmha_v3_fwd/MI300/fwd_hd128_bf16_causal_rtz.co GetFunction: _ZN5aiter30fmha_fwd_hd128_bf16_causal_rtzE
[aiter] hipModuleLoad (embedded): hsa/gfx942/fmha_v3_fwd/MI300/fwd_hd128_bf16_causal_rtz.co GetFunction: _ZN5aiter30fmha_fwd_hd128_bf16_causal_rtzE
[aiter] hipModuleGetFunction: _ZN5aiter30fmha_fwd_hd128_bf16_causal_rtzE Success
[aiter] hipModuleLoad (embedded): hsa/gfx942/fmha_v3_fwd/MI300/fwd_hd128_bf16_causal_rtz.co GetFunction: _ZN5aiter30fmha_fwd_hd128_bf16_causal_rtzE
[aiter] hipModuleGetFunction: _ZN5aiter30fmha_fwd_hd128_bf16_causal_rtzE Success
[aiter] hipModuleGetFunction: _ZN5aiter30fmha_fwd_hd128_bf16_causal_rtzE Success
[aiter] hipModuleLoad (embedded): hsa/gfx942/fmha_v3_bwd/bwd_hd128_odo_bf16.co GetFunction: _ZN5aiter23fmha_bwd_hd128_odo_bf16E
[aiter] hipModuleGetFunction: _ZN5aiter23fmha_bwd_hd128_odo_bf16E Success
[aiter] hipModuleLoad (embedded): hsa/gfx942/fmha_v3_bwd/bwd_hd128_bf16_causal_a32_rtz_psskddv.co GetFunction: _ZN5aiter42fmha_bwd_hd128_bf16_causal_a32_rtz_psskddvE
[aiter] hipModuleGetFunction: _ZN5aiter42fmha_bwd_hd128_bf16_causal_a32_rtz_psskddvE Success
[aiter] hipModuleLoad (embedded): hsa/gfx942/fmha_v3_bwd/bwd_hd128_dq_convert_bf16_rtz.co GetFunction: _ZN5aiter34fmha_bwd_hd128_dq_convert_bf16_rtzE
[aiter] hipModuleGetFunction: _ZN5aiter34fmha_bwd_hd128_dq_convert_bf16_rtzE Success
[aiter] hipModuleLoad (embedded): hsa/gfx942/fmha_v3_bwd/bwd_hd128_odo_bf16.co GetFunction: _ZN5aiter23fmha_bwd_hd128_odo_bf16E
[aiter] hipModuleGetFunction: _ZN5aiter23fmha_bwd_hd128_odo_bf16E Success
[aiter] hipModuleLoad (embedded): hsa/gfx942/fmha_v3_bwd/bwd_hd128_bf16_causal_a32_rtz_psskddv.co GetFunction: _ZN5aiter42fmha_bwd_hd128_bf16_causal_a32_rtz_psskddvE
[aiter] hipModuleGetFunction: _ZN5aiter42fmha_bwd_hd128_bf16_causal_a32_rtz_psskddvE Success
[aiter] hipModuleLoad (embedded): hsa/gfx942/fmha_v3_bwd/bwd_hd128_dq_convert_bf16_rtz.co GetFunction: _ZN5aiter34fmha_bwd_hd128_dq_convert_bf16_rtzE
[aiter] hipModuleGetFunction: _ZN5aiter34fmha_bwd_hd128_dq_convert_bf16_rtzE Success
[aiter] hipModuleLoad (embedded): hsa/gfx942/fmha_v3_bwd/bwd_hd128_odo_bf16.co GetFunction: _ZN5aiter23fmha_bwd_hd128_odo_bf16E
[aiter] hipModuleGetFunction: _ZN5aiter23fmha_bwd_hd128_odo_bf16E Success
[aiter] hipModuleLoad (embedded): hsa/gfx942/fmha_v3_bwd/bwd_hd128_bf16_causal_a32_rtz_psskddv.co GetFunction: _ZN5aiter42fmha_bwd_hd128_bf16_causal_a32_rtz_psskddvE
[aiter] hipModuleGetFunction: _ZN5aiter42fmha_bwd_hd128_bf16_causal_a32_rtz_psskddvE Success
[aiter] hipModuleLoad (embedded): hsa/gfx942/fmha_v3_bwd/bwd_hd128_dq_convert_bf16_rtz.co GetFunction: _ZN5aiter34fmha_bwd_hd128_dq_convert_bf16_rtzE
[aiter] hipModuleGetFunction: _ZN5aiter34fmha_bwd_hd128_dq_convert_bf16_rtzE Success
[aiter] hipModuleLoad (embedded): hsa/gfx942/fmha_v3_bwd/bwd_hd128_odo_bf16.co GetFunction: _ZN5aiter23fmha_bwd_hd128_odo_bf16E
[aiter] hipModuleGetFunction: _ZN5aiter23fmha_bwd_hd128_odo_bf16E Success
[aiter] hipModuleLoad (embedded): hsa/gfx942/fmha_v3_bwd/bwd_hd128_bf16_causal_a32_rtz_psskddv.co GetFunction: _ZN5aiter42fmha_bwd_hd128_bf16_causal_a32_rtz_psskddvE
[aiter] hipModuleGetFunction: _ZN5aiter42fmha_bwd_hd128_bf16_causal_a32_rtz_psskddvE Success
[aiter] hipModuleLoad (embedded): hsa/gfx942/fmha_v3_bwd/bwd_hd128_dq_convert_bf16_rtz.co GetFunction: _ZN5aiter34fmha_bwd_hd128_dq_convert_bf16_rtzE
[aiter] hipModuleGetFunction: _ZN5aiter34fmha_bwd_hd128_dq_convert_bf16_rtzE Success
[aiter] hipModuleLoad (embedded): hsa/gfx942/fmha_v3_bwd/bwd_hd128_odo_bf16.co GetFunction: _ZN5aiter23fmha_bwd_hd128_odo_bf16E
[aiter] hipModuleGetFunction: _ZN5aiter23fmha_bwd_hd128_odo_bf16E Success
[aiter] hipModuleLoad (embedded): hsa/gfx942/fmha_v3_bwd/bwd_hd128_bf16_causal_a32_rtz_psskddv.co GetFunction: _ZN5aiter42fmha_bwd_hd128_bf16_causal_a32_rtz_psskddvE
[aiter] hipModuleGetFunction: _ZN5aiter42fmha_bwd_hd128_bf16_causal_a32_rtz_psskddvE Success
[aiter] hipModuleLoad (embedded): hsa/gfx942/fmha_v3_bwd/bwd_hd128_dq_convert_bf16_rtz.co GetFunction: _ZN5aiter34fmha_bwd_hd128_dq_convert_bf16_rtzE
[aiter] hipModuleGetFunction: _ZN5aiter34fmha_bwd_hd128_dq_convert_bf16_rtzE Success
[aiter] hipModuleLoad (embedded): hsa/gfx942/fmha_v3_bwd/bwd_hd128_odo_bf16.co GetFunction: _ZN5aiter23fmha_bwd_hd128_odo_bf16E
[aiter] hipModuleGetFunction: _ZN5aiter23fmha_bwd_hd128_odo_bf16E Success
[aiter] hipModuleLoad (embedded): hsa/gfx942/fmha_v3_bwd/bwd_hd128_bf16_causal_a32_rtz_psskddv.co GetFunction: _ZN5aiter42fmha_bwd_hd128_bf16_causal_a32_rtz_psskddvE
[aiter] hipModuleGetFunction: _ZN5aiter42fmha_bwd_hd128_bf16_causal_a32_rtz_psskddvE Success
[aiter] hipModuleLoad (embedded): hsa/gfx942/fmha_v3_bwd/bwd_hd128_dq_convert_bf16_rtz.co GetFunction: _ZN5aiter34fmha_bwd_hd128_dq_convert_bf16_rtzE
[aiter] hipModuleGetFunction: _ZN5aiter34fmha_bwd_hd128_dq_convert_bf16_rtzE Success
[aiter] hipModuleLoad (embedded): hsa/gfx942/fmha_v3_bwd/bwd_hd128_odo_bf16.co GetFunction: _ZN5aiter23fmha_bwd_hd128_odo_bf16E
[aiter] hipModuleGetFunction: _ZN5aiter23fmha_bwd_hd128_odo_bf16E Success
[aiter] hipModuleLoad (embedded): hsa/gfx942/fmha_v3_bwd/bwd_hd128_bf16_causal_a32_rtz_psskddv.co GetFunction: _ZN5aiter42fmha_bwd_hd128_bf16_causal_a32_rtz_psskddvE
[aiter] hipModuleGetFunction: _ZN5aiter42fmha_bwd_hd128_bf16_causal_a32_rtz_psskddvE Success
[aiter] hipModuleLoad (embedded): hsa/gfx942/fmha_v3_bwd/bwd_hd128_dq_convert_bf16_rtz.co GetFunction: _ZN5aiter34fmha_bwd_hd128_dq_convert_bf16_rtzE
[aiter] hipModuleGetFunction: _ZN5aiter34fmha_bwd_hd128_dq_convert_bf16_rtzE Success
[aiter] hipModuleLoad (embedded): hsa/gfx942/fmha_v3_bwd/bwd_hd128_odo_bf16.co GetFunction: _ZN5aiter23fmha_bwd_hd128_odo_bf16E
[aiter] hipModuleGetFunction: _ZN5aiter23fmha_bwd_hd128_odo_bf16E Success
[aiter] hipModuleLoad (embedded): hsa/gfx942/fmha_v3_bwd/bwd_hd128_bf16_causal_a32_rtz_psskddv.co GetFunction: _ZN5aiter42fmha_bwd_hd128_bf16_causal_a32_rtz_psskddvE
[aiter] hipModuleGetFunction: _ZN5aiter42fmha_bwd_hd128_bf16_causal_a32_rtz_psskddvE Success
[aiter] hipModuleLoad (embedded): hsa/gfx942/fmha_v3_bwd/bwd_hd128_dq_convert_bf16_rtz.co GetFunction: _ZN5aiter34fmha_bwd_hd128_dq_convert_bf16_rtzE
[aiter] hipModuleGetFunction: _ZN5aiter34fmha_bwd_hd128_dq_convert_bf16_rtzE Success
I0805 16:01:29.105391 139635178758464 max_utils.py:778] 
Memstats: After params initialized:
I0805 16:01:29.105791 139635178758464 max_utils.py:784] 	Using (GB) 11.22 / 172.79 (6.493431%) on rocm:0
I0805 16:01:29.105952 139635178758464 max_utils.py:784] 	Using (GB) 11.22 / 172.79 (6.493431%) on rocm:1
I0805 16:01:29.106062 139635178758464 max_utils.py:784] 	Using (GB) 11.22 / 172.79 (6.493431%) on rocm:2
I0805 16:01:29.106153 139635178758464 max_utils.py:784] 	Using (GB) 11.22 / 172.79 (6.493431%) on rocm:3
I0805 16:01:29.106238 139635178758464 max_utils.py:784] 	Using (GB) 11.22 / 172.79 (6.493431%) on rocm:4
I0805 16:01:29.106316 139635178758464 max_utils.py:784] 	Using (GB) 11.22 / 172.79 (6.493431%) on rocm:5
I0805 16:01:29.106398 139635178758464 max_utils.py:784] 	Using (GB) 11.22 / 172.79 (6.493431%) on rocm:6
I0805 16:01:29.106476 139635178758464 max_utils.py:784] 	Using (GB) 11.22 / 172.79 (6.493431%) on rocm:7
I0805 16:01:36.249002 139635178758464 metric_logger.py:207] completed step: 0, seconds: 33.580, TFLOP/s/device: 50.226, Tokens/s/device: 975.819, total_weights: 262144, loss: 12.259, lm_loss: 12.259, perplexity: 210879.219
I0805 16:01:36.253623 139635178758464 metric_logger.py:314] To see full metrics 'tensorboard --logdir=/root/work/scale-your-amd/runs/20260805-maxtext-cap-fsdp2-tp4/maxtext/cap-fsdp2-tp4/tensorboard/'
I0805 16:01:43.044006 139635178758464 metric_logger.py:207] completed step: 1, seconds: 7.140, TFLOP/s/device: 236.208, Tokens/s/device: 4589.196, total_weights: 262144, loss: 12.259, lm_loss: 12.259, perplexity: 210879.219
I0805 16:01:49.847439 139635178758464 metric_logger.py:207] completed step: 2, seconds: 6.795, TFLOP/s/device: 248.199, Tokens/s/device: 4822.167, total_weights: 262144, loss: 11.689, lm_loss: 11.689, perplexity: 119217.234
I0805 16:01:56.658118 139635178758464 metric_logger.py:207] completed step: 3, seconds: 6.803, TFLOP/s/device: 247.905, Tokens/s/device: 4816.448, total_weights: 262144, loss: 10.785, lm_loss: 10.785, perplexity: 48278.445
I0805 16:02:03.474543 139635178758464 metric_logger.py:207] completed step: 4, seconds: 6.811, TFLOP/s/device: 247.641, Tokens/s/device: 4811.329, total_weights: 262144, loss: 9.809, lm_loss: 9.809, perplexity: 18198.604
I0805 16:02:10.298691 139635178758464 metric_logger.py:207] completed step: 5, seconds: 6.817, TFLOP/s/device: 247.425, Tokens/s/device: 4807.133, total_weights: 262144, loss: 8.847, lm_loss: 8.847, perplexity: 6952.119
I0805 16:02:17.122654 139635178758464 metric_logger.py:207] completed step: 6, seconds: 6.824, TFLOP/s/device: 247.152, Tokens/s/device: 4801.825, total_weights: 262144, loss: 7.970, lm_loss: 7.970, perplexity: 2893.984
I0805 16:02:23.951178 139635178758464 metric_logger.py:207] completed step: 7, seconds: 6.824, TFLOP/s/device: 247.156, Tokens/s/device: 4801.903, total_weights: 262144, loss: 7.170, lm_loss: 7.170, perplexity: 1300.145
I0805 16:02:30.777403 139635178758464 metric_logger.py:207] completed step: 8, seconds: 6.828, TFLOP/s/device: 246.998, Tokens/s/device: 4798.828, total_weights: 262144, loss: 6.428, lm_loss: 6.428, perplexity: 618.817
I0805 16:02:37.621393 139635178758464 metric_logger.py:207] completed step: 9, seconds: 6.826, TFLOP/s/device: 247.080, Tokens/s/device: 4800.421, total_weights: 262144, loss: 5.750, lm_loss: 5.750, perplexity: 314.330
I0805 16:02:44.466180 139635178758464 metric_logger.py:207] completed step: 10, seconds: 6.843, TFLOP/s/device: 246.465, Tokens/s/device: 4788.474, total_weights: 262144, loss: 5.139, lm_loss: 5.139, perplexity: 170.609
I0805 16:02:51.318004 139635178758464 metric_logger.py:207] completed step: 11, seconds: 6.845, TFLOP/s/device: 246.392, Tokens/s/device: 4787.056, total_weights: 262144, loss: 4.598, lm_loss: 4.598, perplexity: 99.236
I0805 16:02:58.166398 139635178758464 metric_logger.py:207] completed step: 12, seconds: 6.852, TFLOP/s/device: 246.146, Tokens/s/device: 4782.288, total_weights: 262144, loss: 4.124, lm_loss: 4.124, perplexity: 61.779
I0805 16:03:11.207473 139635178758464 metric_logger.py:207] completed step: 13, seconds: 6.848, TFLOP/s/device: 246.287, Tokens/s/device: 4785.022, total_weights: 262144, loss: 3.715, lm_loss: 3.715, perplexity: 41.055
I0805 16:03:18.027740 139635178758464 metric_logger.py:207] completed step: 14, seconds: 6.856, TFLOP/s/device: 246.001, Tokens/s/device: 4779.473, total_weights: 262144, loss: 3.368, lm_loss: 3.368, perplexity: 29.025
I0805 16:03:24.869117 139635178758464 metric_logger.py:207] completed step: 15, seconds: 6.819, TFLOP/s/device: 247.319, Tokens/s/device: 4805.071, total_weights: 262144, loss: 3.080, lm_loss: 3.080, perplexity: 21.750
I0805 16:03:31.713518 139635178758464 metric_logger.py:207] completed step: 16, seconds: 6.842, TFLOP/s/device: 246.519, Tokens/s/device: 4789.527, total_weights: 262144, loss: 2.843, lm_loss: 2.843, perplexity: 17.173
I0805 16:03:38.562614 139635178758464 metric_logger.py:207] completed step: 17, seconds: 6.844, TFLOP/s/device: 246.429, Tokens/s/device: 4787.785, total_weights: 262144, loss: 2.653, lm_loss: 2.653, perplexity: 14.201
I0805 16:03:45.408249 139635178758464 metric_logger.py:207] completed step: 18, seconds: 6.849, TFLOP/s/device: 246.244, Tokens/s/device: 4784.189, total_weights: 262144, loss: 2.503, lm_loss: 2.503, perplexity: 12.220
I0805 16:03:52.257612 139635178758464 metric_logger.py:207] completed step: 19, seconds: 6.846, TFLOP/s/device: 246.371, Tokens/s/device: 4786.655, total_weights: 262144, loss: 2.385, lm_loss: 2.385, perplexity: 10.855
I0805 16:03:59.104974 139635178758464 metric_logger.py:207] completed step: 20, seconds: 6.849, TFLOP/s/device: 246.237, Tokens/s/device: 4784.058, total_weights: 262144, loss: 2.289, lm_loss: 2.289, perplexity: 9.866
I0805 16:03:59.117869 139635178758464 metric_logger.py:207] completed step: 21, seconds: 6.847, TFLOP/s/device: 246.319, Tokens/s/device: 4785.646, total_weights: 262144, loss: 2.208, lm_loss: 2.208, perplexity: 9.096
Per train step:
 Total TFLOPs: 1686.58 
 split as 87.48% learnable weight flops and 12.52% attention flops
