WARNING: All log messages before absl::InitializeLog() is called are written to STDERR
I0000 00:00:1785939893.172021  130106 port.cc:153] oneDNN custom operations are on. You may see slightly different numerical results due to floating-point round-off errors from different computation orders. To turn them off, set the environment variable `TF_ENABLE_ONEDNN_OPTS=0`.
WARNING: All log messages before absl::InitializeLog() is called are written to STDERR
I0000 00:00:1785939894.181393  130106 port.cc:153] oneDNN custom operations are on. You may see slightly different numerical results due to floating-point round-off errors from different computation orders. To turn them off, set the environment variable `TF_ENABLE_ONEDNN_OPTS=0`.
[transformers] PyTorch was not found. Models won't be available and only tokenizers, configuration and file/data utilities can be used.
[transformers] DeepseekV32Config got `key=rope_scaling` in kwargs but hasn't set it as attribute. For RoPE standardization you need to set `self.rope_parameters` in model's config. 
I0805 14:24:57.574566 139724427637056 max_utils.py:260] Attempting to initialize the jax distributed system for GPU backend...
I0805 14:24:57.574664 139724427637056 max_utils.py:262] Jax distributed system initialized on GPU!
I0805 14:24:58.931159 139724427637056 pyconfig.py:559] Config param abort_on_inf_loss: True
I0805 14:24:58.931352 139724427637056 pyconfig.py:559] Config param abort_on_nan_loss: True
I0805 14:24:58.931397 139724427637056 pyconfig.py:559] Config param act_quantization_calibration_method: absmax
I0805 14:24:58.931430 139724427637056 pyconfig.py:559] Config param activation_dropout_for_audio: 0.0
I0805 14:24:58.931461 139724427637056 pyconfig.py:559] Config param activation_function_for_audio: gelu
I0805 14:24:58.931485 139724427637056 pyconfig.py:559] Config param activations_in_float32: False
I0805 14:24:58.931508 139724427637056 pyconfig.py:559] Config param adam_b1: 0.9
I0805 14:24:58.931535 139724427637056 pyconfig.py:559] Config param adam_b2: 0.95
I0805 14:24:58.931561 139724427637056 pyconfig.py:559] Config param adam_eps: 1e-08
I0805 14:24:58.931590 139724427637056 pyconfig.py:559] Config param adam_eps_root: 0.0
I0805 14:24:58.931613 139724427637056 pyconfig.py:559] Config param adam_weight_decay: 0.1
I0805 14:24:58.931635 139724427637056 pyconfig.py:559] Config param adamw_mask: []
I0805 14:24:58.931656 139724427637056 pyconfig.py:559] Config param add_bos: True
I0805 14:24:58.931678 139724427637056 pyconfig.py:559] Config param add_eos: True
I0805 14:24:58.931698 139724427637056 pyconfig.py:559] Config param allow_split_physical_axes: False
I0805 14:24:58.931717 139724427637056 pyconfig.py:559] Config param ar_cache_axis_order: 1,2,0,3
I0805 14:24:58.931738 139724427637056 pyconfig.py:559] Config param async_checkpointing: True
I0805 14:24:58.931759 139724427637056 pyconfig.py:559] Config param async_scheduling: False
I0805 14:24:58.931781 139724427637056 pyconfig.py:559] Config param attention: cudnn_flash_te
I0805 14:24:58.931800 139724427637056 pyconfig.py:559] Config param attention_bias: False
I0805 14:24:58.931822 139724427637056 pyconfig.py:559] Config param attention_dropout_for_audio: 0.0
I0805 14:24:58.931842 139724427637056 pyconfig.py:559] Config param attention_for_vit: dot_product
I0805 14:24:58.931864 139724427637056 pyconfig.py:559] Config param attention_out: RematLocation.REMAT
I0805 14:24:58.931893 139724427637056 pyconfig.py:559] Config param attention_output_dim: -1
I0805 14:24:58.931915 139724427637056 pyconfig.py:559] Config param attention_sink: False
I0805 14:24:58.931937 139724427637056 pyconfig.py:559] Config param attention_type: global
I0805 14:24:58.931960 139724427637056 pyconfig.py:559] Config param attn_logits_soft_cap: None
I0805 14:24:58.931982 139724427637056 pyconfig.py:559] Config param attn_module_name: None
I0805 14:24:58.932004 139724427637056 pyconfig.py:559] Config param audio_path: 
I0805 14:24:58.932025 139724427637056 pyconfig.py:559] Config param audio_placeholder: <|audio|>
I0805 14:24:58.932044 139724427637056 pyconfig.py:559] Config param autoregressive_decode_assert: 
I0805 14:24:58.932063 139724427637056 pyconfig.py:559] Config param base_config: None
I0805 14:24:58.932084 139724427637056 pyconfig.py:559] Config param base_emb_dim: 4096
I0805 14:24:58.932104 139724427637056 pyconfig.py:559] Config param base_mlp_dim: 14336
I0805 14:24:58.932124 139724427637056 pyconfig.py:559] Config param base_moe_mlp_dim: 14336
I0805 14:24:58.932144 139724427637056 pyconfig.py:559] Config param base_num_decoder_layers: 32
I0805 14:24:58.932165 139724427637056 pyconfig.py:559] Config param base_num_kv_heads: 8
I0805 14:24:58.932186 139724427637056 pyconfig.py:559] Config param base_num_query_heads: 32
I0805 14:24:58.932208 139724427637056 pyconfig.py:559] Config param base_output_directory: /root/work/scale-your-amd/runs/20260805-maxtext-moe-b1-sharded/maxtext
I0805 14:24:58.932230 139724427637056 pyconfig.py:559] Config param batch_size: 1
I0805 14:24:58.932250 139724427637056 pyconfig.py:559] Config param batch_split_factor: 1
I0805 14:24:58.932274 139724427637056 pyconfig.py:559] Config param beta_fast: 32
I0805 14:24:58.932295 139724427637056 pyconfig.py:559] Config param beta_slow: 1
I0805 14:24:58.932315 139724427637056 pyconfig.py:559] Config param bwd_quantization_calibration_method: absmax
I0805 14:24:58.932337 139724427637056 pyconfig.py:559] Config param capacity_factor: 1.0
I0805 14:24:58.932359 139724427637056 pyconfig.py:559] Config param cast_logits_to_fp32: True
I0805 14:24:58.932379 139724427637056 pyconfig.py:559] Config param chat_template: 
I0805 14:24:58.932398 139724427637056 pyconfig.py:559] Config param chat_template_path: 
I0805 14:24:58.932419 139724427637056 pyconfig.py:559] Config param check_vma: False
I0805 14:24:58.932440 139724427637056 pyconfig.py:559] Config param checkpoint_conversion_fn: None
I0805 14:24:58.932463 139724427637056 pyconfig.py:559] Config param checkpoint_dir: /root/work/scale-your-amd/runs/20260805-maxtext-moe-b1-sharded/maxtext/moe-b1-sharded/checkpoints/
I0805 14:24:58.932489 139724427637056 pyconfig.py:559] Config param checkpoint_is_quantized: False
I0805 14:24:58.932512 139724427637056 pyconfig.py:559] Config param checkpoint_period: 10000
I0805 14:24:58.932536 139724427637056 pyconfig.py:559] Config param checkpoint_storage_concurrent_gb: 96
I0805 14:24:58.932559 139724427637056 pyconfig.py:559] Config param checkpoint_storage_target_data_file_size_bytes: 2147483648
I0805 14:24:58.932581 139724427637056 pyconfig.py:559] Config param checkpoint_storage_use_ocdbt: True
I0805 14:24:58.932603 139724427637056 pyconfig.py:559] Config param checkpoint_storage_use_zarr3: True
I0805 14:24:58.932624 139724427637056 pyconfig.py:559] Config param checkpoint_todelete_full_path: None
I0805 14:24:58.932644 139724427637056 pyconfig.py:559] Config param checkpoint_todelete_subdir: None
I0805 14:24:58.932666 139724427637056 pyconfig.py:559] Config param chips_per_vm: 4
I0805 14:24:58.932685 139724427637056 pyconfig.py:559] Config param chunk_attn_window_size: 0
I0805 14:24:58.932706 139724427637056 pyconfig.py:559] Config param colocated_python_checkpointing: False
I0805 14:24:58.932725 139724427637056 pyconfig.py:559] Config param colocated_python_data_input: False
I0805 14:24:58.932744 139724427637056 pyconfig.py:559] Config param compile_topology: 
I0805 14:24:58.932764 139724427637056 pyconfig.py:559] Config param compile_topology_num_slices: -1
I0805 14:24:58.932784 139724427637056 pyconfig.py:559] Config param compile_xla_flags: 
I0805 14:24:58.932804 139724427637056 pyconfig.py:559] Config param compiled_trainstep_file: 
I0805 14:24:58.932824 139724427637056 pyconfig.py:559] Config param compress_ratios: []
I0805 14:24:58.932844 139724427637056 pyconfig.py:559] Config param compressed_rope_max_timescale: 160000
I0805 14:24:58.932866 139724427637056 pyconfig.py:559] Config param compute_axis_order: 0,1,2,3
I0805 14:24:58.932886 139724427637056 pyconfig.py:559] Config param constant_bound_config: []
I0805 14:24:58.932905 139724427637056 pyconfig.py:559] Config param context: RematLocation.REMAT
I0805 14:24:58.932926 139724427637056 pyconfig.py:559] Config param context_parallel_load_balance: True
I0805 14:24:58.932946 139724427637056 pyconfig.py:559] Config param context_parallel_reorder_strategy: ReorderStrategy.AUTO
I0805 14:24:58.932968 139724427637056 pyconfig.py:559] Config param context_parallel_size: 1
I0805 14:24:58.932989 139724427637056 pyconfig.py:559] Config param context_parallel_strategy: all_gather
I0805 14:24:58.933009 139724427637056 pyconfig.py:559] Config param context_sharding: context
I0805 14:24:58.933028 139724427637056 pyconfig.py:559] Config param conv_chunksize_for_audio: 500
I0805 14:24:58.933049 139724427637056 pyconfig.py:559] Config param conv_stride_for_vit: 14
I0805 14:24:58.933071 139724427637056 pyconfig.py:559] Config param convert_checkpoint_if_possible: False
I0805 14:24:58.933091 139724427637056 pyconfig.py:559] Config param cost_estimate_flops_bwd: -1
I0805 14:24:58.933109 139724427637056 pyconfig.py:559] Config param cost_estimate_flops_fwd: -1
I0805 14:24:58.933129 139724427637056 pyconfig.py:559] Config param custom_mesh: 
I0805 14:24:58.933149 139724427637056 pyconfig.py:559] Config param custom_mesh_and_rule: CustomRule.DEFAULT
I0805 14:24:58.933171 139724427637056 pyconfig.py:559] Config param d_model_for_audio: 256
I0805 14:24:58.933191 139724427637056 pyconfig.py:559] Config param data_sharding: (('data', 'stage', 'fsdp', 'fsdp_transpose', 'context', 'context_autoregressive', 'tensor', 'tensor_transpose', 'tensor_sequence', 'expert', 'autoregressive'),)
I0805 14:24:58.933218 139724427637056 pyconfig.py:559] Config param data_shuffle_seed: 0
I0805 14:24:58.933241 139724427637056 pyconfig.py:559] Config param data_template_path: 
I0805 14:24:58.933261 139724427637056 pyconfig.py:559] Config param dataset_name: c4/en:3.1.0
I0805 14:24:58.933281 139724427637056 pyconfig.py:559] Config param dataset_path: 
I0805 14:24:58.933303 139724427637056 pyconfig.py:559] Config param dataset_processor_path: 
I0805 14:24:58.933323 139724427637056 pyconfig.py:559] Config param dataset_type: DatasetType.SYNTHETIC
I0805 14:24:58.933346 139724427637056 pyconfig.py:559] Config param dcn_autoregressive_parallelism: 1
I0805 14:24:58.933366 139724427637056 pyconfig.py:559] Config param dcn_context_autoregressive_parallelism: 1
I0805 14:24:58.933386 139724427637056 pyconfig.py:559] Config param dcn_context_parallelism: 1
I0805 14:24:58.933406 139724427637056 pyconfig.py:559] Config param dcn_data_parallelism: -1
I0805 14:24:58.933426 139724427637056 pyconfig.py:559] Config param dcn_diloco_parallelism: 1
I0805 14:24:58.933446 139724427637056 pyconfig.py:559] Config param dcn_expert_parallelism: 1
I0805 14:24:58.933466 139724427637056 pyconfig.py:559] Config param dcn_fsdp_parallelism: 1
I0805 14:24:58.933486 139724427637056 pyconfig.py:559] Config param dcn_fsdp_transpose_parallelism: 1
I0805 14:24:58.933507 139724427637056 pyconfig.py:559] Config param dcn_parallelism: [1, -1, 1, 1, 1, 1, 1, 1, 1, 1, 1, 1]
I0805 14:24:58.933528 139724427637056 pyconfig.py:559] Config param dcn_pipeline_parallelism: 1
I0805 14:24:58.933549 139724427637056 pyconfig.py:559] Config param dcn_sequence_parallelism: 1
I0805 14:24:58.933569 139724427637056 pyconfig.py:559] Config param dcn_tensor_parallelism: 1
I0805 14:24:58.933590 139724427637056 pyconfig.py:559] Config param dcn_tensor_sequence_parallelism: 1
I0805 14:24:58.933610 139724427637056 pyconfig.py:559] Config param dcn_tensor_transpose_parallelism: 1
I0805 14:24:58.933629 139724427637056 pyconfig.py:559] Config param debug: {'rl': False}
I0805 14:24:58.933651 139724427637056 pyconfig.py:559] Config param debug_converter: False
I0805 14:24:58.933671 139724427637056 pyconfig.py:559] Config param debug_sharding: False
I0805 14:24:58.933692 139724427637056 pyconfig.py:559] Config param decode_sampling_nucleus_p: -1
I0805 14:24:58.933712 139724427637056 pyconfig.py:559] Config param decode_sampling_strategy: SamplingStrategy.GREEDY
I0805 14:24:58.933741 139724427637056 pyconfig.py:559] Config param decode_sampling_temperature: 1.0
I0805 14:24:58.933762 139724427637056 pyconfig.py:559] Config param decode_sampling_top_k: 0
I0805 14:24:58.933783 139724427637056 pyconfig.py:559] Config param decoder_block: DecoderBlockType.MIXTRAL
I0805 14:24:58.933806 139724427637056 pyconfig.py:559] Config param decoder_layer_input: RematLocation.DEVICE
I0805 14:24:58.933828 139724427637056 pyconfig.py:559] Config param deepstack_visual_indexes_for_vit: []
I0805 14:24:58.933848 139724427637056 pyconfig.py:559] Config param degenerate_group_masking: True
I0805 14:24:58.933871 139724427637056 pyconfig.py:559] Config param dense_init_scale: 1.0
I0805 14:24:58.933892 139724427637056 pyconfig.py:559] Config param diloco_outer_lr: 0.3
I0805 14:24:58.933916 139724427637056 pyconfig.py:559] Config param diloco_outer_momentum: 0.9
I0805 14:24:58.933936 139724427637056 pyconfig.py:559] Config param diloco_sync_period: 36
I0805 14:24:58.933958 139724427637056 pyconfig.py:559] Config param distill_alpha: 0.5
I0805 14:24:58.933980 139724427637056 pyconfig.py:559] Config param distill_alpha_end: None
I0805 14:24:58.934000 139724427637056 pyconfig.py:559] Config param distill_alpha_schedule: constant
I0805 14:24:58.934021 139724427637056 pyconfig.py:559] Config param distill_beta: 0.0
I0805 14:24:58.934042 139724427637056 pyconfig.py:559] Config param distill_beta_end: None
I0805 14:24:58.934063 139724427637056 pyconfig.py:559] Config param distill_beta_schedule: constant
I0805 14:24:58.934084 139724427637056 pyconfig.py:559] Config param distill_feature_loss_type: cosine
I0805 14:24:58.934104 139724427637056 pyconfig.py:559] Config param distill_layer_indices: None
I0805 14:24:58.934125 139724427637056 pyconfig.py:559] Config param distill_student_weights_share_map: {}
I0805 14:24:58.934145 139724427637056 pyconfig.py:559] Config param distill_temperature: 1.0
I0805 14:24:58.934167 139724427637056 pyconfig.py:559] Config param distill_temperature_end: None
I0805 14:24:58.934187 139724427637056 pyconfig.py:559] Config param distill_temperature_schedule: constant
I0805 14:24:58.934207 139724427637056 pyconfig.py:559] Config param distill_weights_copy_map: {}
I0805 14:24:58.934228 139724427637056 pyconfig.py:559] Config param downsample_hidden_size_for_audio: 256
I0805 14:24:58.934248 139724427637056 pyconfig.py:559] Config param dpo: {'algo': 'dpo', 'dpo_beta': 0.1, 'orpo_lambda': 0.1, 'dpo_label_smoothing': 0.0, 'max_prompt_length': None}
I0805 14:24:58.934273 139724427637056 pyconfig.py:559] Config param dq_reduction_steps: 0
I0805 14:24:58.934294 139724427637056 pyconfig.py:559] Config param dropout_rate: 0.0
I0805 14:24:58.934315 139724427637056 pyconfig.py:559] Config param dtype: bfloat16
I0805 14:24:58.934361 139724427637056 pyconfig.py:559] Config param dtype_mm: float32
I0805 14:24:58.934385 139724427637056 pyconfig.py:559] Config param dump_hlo: False
I0805 14:24:58.934406 139724427637056 pyconfig.py:559] Config param dump_hlo_delete_local_after: True
I0805 14:24:58.934427 139724427637056 pyconfig.py:559] Config param dump_hlo_gcs_dir: /root/work/scale-your-amd/runs/20260805-maxtext-moe-b1-sharded/maxtext/moe-b1-sharded/xla_dump
I0805 14:24:58.934448 139724427637056 pyconfig.py:559] Config param dump_hlo_local_dir: /tmp/xla_dump/
I0805 14:24:58.934469 139724427637056 pyconfig.py:559] Config param dump_hlo_local_module_name: jit_train_step
I0805 14:24:58.934489 139724427637056 pyconfig.py:559] Config param dump_hlo_module_name: jit_train_step
I0805 14:24:58.934510 139724427637056 pyconfig.py:559] Config param dump_hlo_upload_all: False
I0805 14:24:58.934530 139724427637056 pyconfig.py:559] Config param dump_hlo_xla_flags: 
I0805 14:24:58.934551 139724427637056 pyconfig.py:559] Config param dump_jaxpr: False
I0805 14:24:58.934571 139724427637056 pyconfig.py:559] Config param dump_jaxpr_delete_local_after: True
I0805 14:24:58.934591 139724427637056 pyconfig.py:559] Config param dump_jaxpr_gcs_dir: /root/work/scale-your-amd/runs/20260805-maxtext-moe-b1-sharded/maxtext/moe-b1-sharded/jaxpr_dump
I0805 14:24:58.934611 139724427637056 pyconfig.py:559] Config param dump_jaxpr_local_dir: /tmp/jaxpr_dump/
I0805 14:24:58.934631 139724427637056 pyconfig.py:559] Config param dump_step: -1
I0805 14:24:58.934651 139724427637056 pyconfig.py:559] Config param elastic_enabled: False
I0805 14:24:58.934673 139724427637056 pyconfig.py:559] Config param elastic_max_retries: 10
I0805 14:24:58.934693 139724427637056 pyconfig.py:559] Config param elastic_min_slice_count: -1
I0805 14:24:58.934714 139724427637056 pyconfig.py:559] Config param elastic_timeout_seconds: 300
I0805 14:24:58.934734 139724427637056 pyconfig.py:559] Config param emb_dim: 4096
I0805 14:24:58.934753 139724427637056 pyconfig.py:559] Config param enable_autocheckpoint: False
I0805 14:24:58.934773 139724427637056 pyconfig.py:559] Config param enable_checkpoint_cloud_logger: False
I0805 14:24:58.934792 139724427637056 pyconfig.py:559] Config param enable_checkpointing: False
I0805 14:24:58.934813 139724427637056 pyconfig.py:559] Config param enable_continuous_checkpointing: False
I0805 14:24:58.934834 139724427637056 pyconfig.py:559] Config param enable_data_shuffling: True
I0805 14:24:58.934853 139724427637056 pyconfig.py:559] Config param enable_diloco: False
I0805 14:24:58.934872 139724427637056 pyconfig.py:559] Config param enable_dp_attention: False
I0805 14:24:58.934892 139724427637056 pyconfig.py:559] Config param enable_dropout: False
I0805 14:24:58.934911 139724427637056 pyconfig.py:559] Config param enable_emergency_checkpoint: False
I0805 14:24:58.934931 139724427637056 pyconfig.py:559] Config param enable_expert_parallel: False
I0805 14:24:58.934950 139724427637056 pyconfig.py:559] Config param enable_gcp_goodput_metrics: True
I0805 14:24:58.934971 139724427637056 pyconfig.py:559] Config param enable_gcp_step_deviation_metrics: True
I0805 14:24:58.934991 139724427637056 pyconfig.py:559] Config param enable_goodput_recording: False
I0805 14:24:58.935011 139724427637056 pyconfig.py:559] Config param enable_jax_profiler: False
I0805 14:24:58.935030 139724427637056 pyconfig.py:559] Config param enable_llm_inference_pool: False
I0805 14:24:58.935050 139724427637056 pyconfig.py:559] Config param enable_mhc_lite: False
I0805 14:24:58.935069 139724427637056 pyconfig.py:559] Config param enable_model_warmup: False
I0805 14:24:58.935089 139724427637056 pyconfig.py:559] Config param enable_multi_tier_checkpointing: False
I0805 14:24:58.935108 139724427637056 pyconfig.py:559] Config param enable_nnx: False
I0805 14:24:58.935129 139724427637056 pyconfig.py:559] Config param enable_orbax_v1: False
I0805 14:24:58.935148 139724427637056 pyconfig.py:559] Config param enable_padding_causal_mask: True
I0805 14:24:58.935169 139724427637056 pyconfig.py:559] Config param enable_pathways_goodput: False
I0805 14:24:58.935189 139724427637056 pyconfig.py:559] Config param enable_prefix_caching: False
I0805 14:24:58.935207 139724427637056 pyconfig.py:559] Config param enable_rampup_batch_size: False
I0805 14:24:58.935228 139724427637056 pyconfig.py:559] Config param enable_single_controller: False
I0805 14:24:58.935247 139724427637056 pyconfig.py:559] Config param enable_single_replica_ckpt_restoring: False
I0805 14:24:58.935267 139724427637056 pyconfig.py:559] Config param enable_tensorboard: True
I0805 14:24:58.935287 139724427637056 pyconfig.py:559] Config param enable_tpu_profiling_options: False
I0805 14:24:58.935307 139724427637056 pyconfig.py:559] Config param enable_tunix_perf_metrics: False
I0805 14:24:58.935327 139724427637056 pyconfig.py:559] Config param encoder_attention_heads_for_audio: 4
I0805 14:24:58.935348 139724427637056 pyconfig.py:559] Config param encoder_ffn_dim_for_audio: 512
I0805 14:24:58.935368 139724427637056 pyconfig.py:559] Config param encoder_layers_for_audio: 2
I0805 14:24:58.935387 139724427637056 pyconfig.py:559] Config param engram: RematLocation.REMAT
I0805 14:24:58.935408 139724427637056 pyconfig.py:559] Config param engram_head_dim: 1280
I0805 14:24:58.935430 139724427637056 pyconfig.py:559] Config param engram_kernel_size: 4
I0805 14:24:58.935449 139724427637056 pyconfig.py:559] Config param engram_layers: []
I0805 14:24:58.935469 139724427637056 pyconfig.py:559] Config param engram_max_ngram_size: 3
I0805 14:24:58.935488 139724427637056 pyconfig.py:559] Config param engram_num_heads: 8
I0805 14:24:58.935508 139724427637056 pyconfig.py:559] Config param engram_seed: 0
I0805 14:24:58.935528 139724427637056 pyconfig.py:559] Config param engram_vocab_bases: []
I0805 14:24:58.935547 139724427637056 pyconfig.py:559] Config param epsilon_high: None
I0805 14:24:58.935568 139724427637056 pyconfig.py:559] Config param eval_batch_size: -1
I0805 14:24:58.935588 139724427637056 pyconfig.py:559] Config param eval_corr_lst: False
I0805 14:24:58.935607 139724427637056 pyconfig.py:559] Config param eval_data_columns: ['text']
I0805 14:24:58.935630 139724427637056 pyconfig.py:559] Config param eval_dataset_name: c4/en:3.1.0
I0805 14:24:58.935650 139724427637056 pyconfig.py:559] Config param eval_image_column: image
I0805 14:24:58.935669 139724427637056 pyconfig.py:559] Config param eval_interval: -1
I0805 14:24:58.935689 139724427637056 pyconfig.py:559] Config param eval_make_lst: False
I0805 14:24:58.935709 139724427637056 pyconfig.py:559] Config param eval_mode: pass
I0805 14:24:58.935730 139724427637056 pyconfig.py:559] Config param eval_per_device_batch_size: 1.0
I0805 14:24:58.935751 139724427637056 pyconfig.py:559] Config param eval_sampling_strategy: greedy
I0805 14:24:58.935772 139724427637056 pyconfig.py:559] Config param eval_split: validation
I0805 14:24:58.935792 139724427637056 pyconfig.py:559] Config param eval_steps: -1
I0805 14:24:58.935812 139724427637056 pyconfig.py:559] Config param expansion_factor_real_data: -1.0
I0805 14:24:58.935831 139724427637056 pyconfig.py:559] Config param expert_balance: False
I0805 14:24:58.935851 139724427637056 pyconfig.py:559] Config param final_logits_soft_cap: None
I0805 14:24:58.935872 139724427637056 pyconfig.py:559] Config param first_num_dense_layers: 0
I0805 14:24:58.935891 139724427637056 pyconfig.py:559] Config param first_num_hash_layers: 0
I0805 14:24:58.935912 139724427637056 pyconfig.py:559] Config param float32_gate_logits: False
I0805 14:24:58.935932 139724427637056 pyconfig.py:559] Config param float32_logits: False
I0805 14:24:58.935952 139724427637056 pyconfig.py:559] Config param float32_qk_product: False
I0805 14:24:58.935972 139724427637056 pyconfig.py:559] Config param float32_weight_sum: True
I0805 14:24:58.935993 139724427637056 pyconfig.py:559] Config param force_q_layout: False
I0805 14:24:58.936013 139724427637056 pyconfig.py:559] Config param force_unroll: False
I0805 14:24:58.936033 139724427637056 pyconfig.py:559] Config param formatting_func_kwargs: {}
I0805 14:24:58.936052 139724427637056 pyconfig.py:559] Config param formatting_func_path: 
I0805 14:24:58.936071 139724427637056 pyconfig.py:559] Config param freeze_audio_encoder_params: True
I0805 14:24:58.936091 139724427637056 pyconfig.py:559] Config param freeze_vision_encoder_params: True
I0805 14:24:58.936111 139724427637056 pyconfig.py:559] Config param fuse_expert_scales: False
I0805 14:24:58.936130 139724427637056 pyconfig.py:559] Config param fused_mlp: False
I0805 14:24:58.936150 139724427637056 pyconfig.py:559] Config param fused_qkv: False
I0805 14:24:58.936170 139724427637056 pyconfig.py:559] Config param gcs_debug_path: 
I0805 14:24:58.936189 139724427637056 pyconfig.py:559] Config param gcs_metrics: False
I0805 14:24:58.936208 139724427637056 pyconfig.py:559] Config param gdn_chunk_size: 64
I0805 14:24:58.936228 139724427637056 pyconfig.py:559] Config param gdn_conv_kernel_dim: 4
I0805 14:24:58.936248 139724427637056 pyconfig.py:559] Config param gdn_key_head_dim: 128
I0805 14:24:58.936267 139724427637056 pyconfig.py:559] Config param gdn_num_key_heads: 16
I0805 14:24:58.936286 139724427637056 pyconfig.py:559] Config param gdn_num_value_heads: 32
I0805 14:24:58.936307 139724427637056 pyconfig.py:559] Config param gdn_value_head_dim: 128
I0805 14:24:58.936326 139724427637056 pyconfig.py:559] Config param generate_padding_batch_eval: False
I0805 14:24:58.936346 139724427637056 pyconfig.py:559] Config param generate_padding_batch_train: False
I0805 14:24:58.936365 139724427637056 pyconfig.py:559] Config param generate_slice: v5e-16
I0805 14:24:58.936384 139724427637056 pyconfig.py:559] Config param generation_configs: {}
I0805 14:24:58.936404 139724427637056 pyconfig.py:559] Config param global_batch_size_to_eval_on: 8
I0805 14:24:58.936424 139724427637056 pyconfig.py:559] Config param global_batch_size_to_load: 8
I0805 14:24:58.936443 139724427637056 pyconfig.py:559] Config param global_batch_size_to_load_eval: 8
I0805 14:24:58.936465 139724427637056 pyconfig.py:559] Config param global_batch_size_to_load_increment: None
I0805 14:24:58.936485 139724427637056 pyconfig.py:559] Config param global_batch_size_to_load_start: None
I0805 14:24:58.936507 139724427637056 pyconfig.py:559] Config param global_batch_size_to_train_on: 8
I0805 14:24:58.936528 139724427637056 pyconfig.py:559] Config param global_head_dim: 0
I0805 14:24:58.936548 139724427637056 pyconfig.py:559] Config param global_num_kv_heads: 0
I0805 14:24:58.936568 139724427637056 pyconfig.py:559] Config param global_parameter_scale: 1
I0805 14:24:58.936588 139724427637056 pyconfig.py:559] Config param global_rampup_samples: 500
I0805 14:24:58.936608 139724427637056 pyconfig.py:559] Config param global_rope_max_timescale: -1
I0805 14:24:58.936628 139724427637056 pyconfig.py:559] Config param global_rope_proportion: 0.25
I0805 14:24:58.936649 139724427637056 pyconfig.py:559] Config param goodput_upload_interval_seconds: 30
I0805 14:24:58.936669 139724427637056 pyconfig.py:559] Config param grad_dtype: float32
I0805 14:24:58.936723 139724427637056 pyconfig.py:559] Config param gradient_accumulation_steps: 1
I0805 14:24:58.936749 139724427637056 pyconfig.py:559] Config param gradient_clipping_threshold: 1.0
I0805 14:24:58.936771 139724427637056 pyconfig.py:559] Config param grain_data_source_max_workers: 16
I0805 14:24:58.936792 139724427637056 pyconfig.py:559] Config param grain_eval_files: 
I0805 14:24:58.936814 139724427637056 pyconfig.py:559] Config param grain_file_type: arrayrecord
I0805 14:24:58.936834 139724427637056 pyconfig.py:559] Config param grain_num_threads: 16
I0805 14:24:58.936854 139724427637056 pyconfig.py:559] Config param grain_num_threads_eval: 16
I0805 14:24:58.936875 139724427637056 pyconfig.py:559] Config param grain_packing_type: first_fit
I0805 14:24:58.936894 139724427637056 pyconfig.py:559] Config param grain_per_worker_buffer_size: 1
I0805 14:24:58.936913 139724427637056 pyconfig.py:559] Config param grain_per_worker_buffer_size_eval: 1
I0805 14:24:58.936934 139724427637056 pyconfig.py:559] Config param grain_prefetch_buffer_size: 500
I0805 14:24:58.936953 139724427637056 pyconfig.py:559] Config param grain_prefetch_buffer_size_eval: 500
I0805 14:24:58.936973 139724427637056 pyconfig.py:559] Config param grain_ram_budget_mb: 1024
I0805 14:24:58.936992 139724427637056 pyconfig.py:559] Config param grain_shuffle_buffer_size: 100
I0805 14:24:58.937011 139724427637056 pyconfig.py:559] Config param grain_train_files: 
I0805 14:24:58.937030 139724427637056 pyconfig.py:559] Config param grain_train_mixture_config_path: 
I0805 14:24:58.937051 139724427637056 pyconfig.py:559] Config param grain_use_elastic_iterator: False
I0805 14:24:58.937071 139724427637056 pyconfig.py:559] Config param grain_worker_count: 1
I0805 14:24:58.937092 139724427637056 pyconfig.py:559] Config param grain_worker_count_eval: 1
I0805 14:24:58.937111 139724427637056 pyconfig.py:559] Config param grpo_beta: 0.08
I0805 14:24:58.937132 139724427637056 pyconfig.py:559] Config param grpo_epsilon: 0.2
I0805 14:24:58.937151 139724427637056 pyconfig.py:559] Config param hardware: gpu
I0805 14:24:58.937172 139724427637056 pyconfig.py:559] Config param hbm_utilization_vllm: 0.72
I0805 14:24:58.937192 139724427637056 pyconfig.py:559] Config param head_dim: 128
I0805 14:24:58.937212 139724427637056 pyconfig.py:559] Config param heartbeat_reporting_interval_in_seconds: 5
I0805 14:24:58.937233 139724427637056 pyconfig.py:559] Config param hf_data_dir: None
I0805 14:24:58.937252 139724427637056 pyconfig.py:559] Config param hf_eval_files: None
I0805 14:24:58.937272 139724427637056 pyconfig.py:559] Config param hf_eval_split: None
I0805 14:24:58.937293 139724427637056 pyconfig.py:559] Config param hf_lora_adapter_path: 
I0805 14:24:58.937313 139724427637056 pyconfig.py:559] Config param hf_name: None
I0805 14:24:58.937333 139724427637056 pyconfig.py:559] Config param hf_path: 
I0805 14:24:58.937354 139724427637056 pyconfig.py:559] Config param hf_train_files: None
I0805 14:24:58.937374 139724427637056 pyconfig.py:559] Config param hidden_size_for_vit: 1408
I0805 14:24:58.937393 139724427637056 pyconfig.py:559] Config param hidden_size_per_layer_input: 0
I0805 14:24:58.937414 139724427637056 pyconfig.py:559] Config param hide_profiler_step_metric: False
I0805 14:24:58.937434 139724427637056 pyconfig.py:559] Config param ici_autoregressive_parallelism: 1
I0805 14:24:58.937454 139724427637056 pyconfig.py:559] Config param ici_context_autoregressive_parallelism: 1
I0805 14:24:58.937474 139724427637056 pyconfig.py:559] Config param ici_context_parallelism: 1
I0805 14:24:58.937494 139724427637056 pyconfig.py:559] Config param ici_data_parallelism: 1
I0805 14:24:58.937515 139724427637056 pyconfig.py:559] Config param ici_diloco_parallelism: 1
I0805 14:24:58.937535 139724427637056 pyconfig.py:559] Config param ici_expert_parallelism: -1
I0805 14:24:58.937554 139724427637056 pyconfig.py:559] Config param ici_fsdp_parallelism: 1
I0805 14:24:58.937575 139724427637056 pyconfig.py:559] Config param ici_fsdp_transpose_parallelism: 1
I0805 14:24:58.937595 139724427637056 pyconfig.py:559] Config param ici_parallelism: [1, 1, 1, 1, 1, 1, 1, 1, 1, 1, -1, 1]
I0805 14:24:58.937617 139724427637056 pyconfig.py:559] Config param ici_pipeline_parallelism: 1
I0805 14:24:58.937637 139724427637056 pyconfig.py:559] Config param ici_sequence_parallelism: 1
I0805 14:24:58.937656 139724427637056 pyconfig.py:559] Config param ici_tensor_parallelism: 1
I0805 14:24:58.937677 139724427637056 pyconfig.py:559] Config param ici_tensor_sequence_parallelism: 1
I0805 14:24:58.937697 139724427637056 pyconfig.py:559] Config param ici_tensor_transpose_parallelism: 1
I0805 14:24:58.937716 139724427637056 pyconfig.py:559] Config param image_path: 
I0805 14:24:58.937739 139724427637056 pyconfig.py:559] Config param image_placeholder: <|image|>
I0805 14:24:58.937760 139724427637056 pyconfig.py:559] Config param image_size_for_vit: 896
I0805 14:24:58.937781 139724427637056 pyconfig.py:559] Config param indexer_head_dim: 128
I0805 14:24:58.937800 139724427637056 pyconfig.py:559] Config param indexer_loss_scaling_factor: 0.0
I0805 14:24:58.937823 139724427637056 pyconfig.py:559] Config param indexer_n_heads: 64
I0805 14:24:58.937842 139724427637056 pyconfig.py:559] Config param indexer_sparse_training: False
I0805 14:24:58.937862 139724427637056 pyconfig.py:559] Config param indexer_topk: 2048
I0805 14:24:58.937883 139724427637056 pyconfig.py:559] Config param inference_benchmark_test: False
I0805 14:24:58.937903 139724427637056 pyconfig.py:559] Config param inference_metadata_file: 
I0805 14:24:58.937922 139724427637056 pyconfig.py:559] Config param inference_microbenchmark_log_file_path: 
I0805 14:24:58.937942 139724427637056 pyconfig.py:559] Config param inference_microbenchmark_loop_iters: 10
I0805 14:24:58.937963 139724427637056 pyconfig.py:559] Config param inference_microbenchmark_num_samples: [1, 2, 3, 4, 5]
I0805 14:24:58.937984 139724427637056 pyconfig.py:559] Config param inference_microbenchmark_prefill_lengths: 64,128,256,512,1024
I0805 14:24:58.938006 139724427637056 pyconfig.py:559] Config param inference_microbenchmark_stages: prefill,generate
I0805 14:24:58.938025 139724427637056 pyconfig.py:559] Config param inference_server: MaxtextInterleavedServer
I0805 14:24:58.938045 139724427637056 pyconfig.py:559] Config param inhomogeneous_layer_cycle_interval: 1
I0805 14:24:58.938066 139724427637056 pyconfig.py:559] Config param init_weights_seed: 0
I0805 14:24:58.938086 139724427637056 pyconfig.py:559] Config param input_data_sharding_logical_axes: ['activation_embed_and_logits_batch', 'activation_norm_length']
I0805 14:24:58.938108 139724427637056 pyconfig.py:559] Config param interleave_moe_layer_step: 1
I0805 14:24:58.938128 139724427637056 pyconfig.py:559] Config param intermediate_size_for_vit: 5632
I0805 14:24:58.938147 139724427637056 pyconfig.py:559] Config param internal_compile: False
I0805 14:24:58.938167 139724427637056 pyconfig.py:559] Config param internal_compile_num_devices: -1
I0805 14:24:58.938187 139724427637056 pyconfig.py:559] Config param jax_cache_dir: ~/jax_cache
I0805 14:24:58.938209 139724427637056 pyconfig.py:559] Config param jax_debug_log_modules: 
I0805 14:24:58.938228 139724427637056 pyconfig.py:559] Config param jax_distributed_heartbeat_timeout_seconds: 100
I0805 14:24:58.938247 139724427637056 pyconfig.py:559] Config param jax_distributed_initialization_timeout: 300
I0805 14:24:58.938267 139724427637056 pyconfig.py:559] Config param jax_profiler_port: 9999
I0805 14:24:58.938287 139724427637056 pyconfig.py:559] Config param key_proj: RematLocation.REMAT
I0805 14:24:58.938309 139724427637056 pyconfig.py:559] Config param kv_cache_buffer: 256
I0805 14:24:58.938329 139724427637056 pyconfig.py:559] Config param kv_lora_rank: 512
I0805 14:24:58.938351 139724427637056 pyconfig.py:559] Config param kv_quant_axis: KvQuantAxis.HEADS_AND_DKV
I0805 14:24:58.938376 139724427637056 pyconfig.py:559] Config param kv_quant_dtype: int8
I0805 14:24:58.938399 139724427637056 pyconfig.py:559] Config param kv_wa_proj: RematLocation.REMAT
I0805 14:24:58.938420 139724427637056 pyconfig.py:559] Config param learn_to_init_mode: False
I0805 14:24:58.938441 139724427637056 pyconfig.py:559] Config param learning_rate: 3e-05
I0805 14:24:58.938463 139724427637056 pyconfig.py:559] Config param learning_rate_final_fraction: 0.1
I0805 14:24:58.938485 139724427637056 pyconfig.py:559] Config param learning_rate_schedule_steps: 16
I0805 14:24:58.938506 139724427637056 pyconfig.py:559] Config param load_balance_loss_weight: 0.0
I0805 14:24:58.938527 139724427637056 pyconfig.py:559] Config param load_checkpoint_only_once: False
I0805 14:24:58.938546 139724427637056 pyconfig.py:559] Config param load_from_prefill_dir: False
I0805 14:24:58.938566 139724427637056 pyconfig.py:559] Config param load_full_state_path: 
I0805 14:24:58.938585 139724427637056 pyconfig.py:559] Config param load_parameters_path: 
I0805 14:24:58.938606 139724427637056 pyconfig.py:559] Config param local_checkpoint_directory: 
I0805 14:24:58.938626 139724427637056 pyconfig.py:559] Config param local_checkpoint_period: 0
I0805 14:24:58.938646 139724427637056 pyconfig.py:559] Config param local_rope_max_timescale: -1
I0805 14:24:58.938666 139724427637056 pyconfig.py:559] Config param local_rope_proportion: 1.0
I0805 14:24:58.938687 139724427637056 pyconfig.py:559] Config param log_config: True
I0805 14:24:58.938706 139724427637056 pyconfig.py:559] Config param log_period: 100
I0805 14:24:58.938727 139724427637056 pyconfig.py:559] Config param logical_axis_rules: (('activation_embed_and_logits_batch', ('data', 'stage', 'fsdp', 'fsdp_transpose', 'expert')), ('activation_embed_and_logits_batch_sequence', ('data', 'stage', 'fsdp', 'fsdp_transpose', 'context', 'expert')), ('activation_vocab', ('tensor', 'tensor_transpose', 'tensor_sequence')), ('activation_vocab', ('tensor', 'tensor_transpose')), ('activation_vocab', 'tensor_sequence'), ('vocab', ('tensor', 'tensor_transpose', 'tensor_sequence', 'autoregressive')), ('embed_vocab', ('fsdp', 'fsdp_transpose', 'context', 'expert')), ('activation_batch_attn', ('data', 'fsdp', 'fsdp_transpose', 'expert')), ('activation_heads', ('tensor', 'tensor_transpose', 'tensor_sequence', 'autoregressive')), ('activation_kv_heads', ('tensor', 'tensor_transpose', 'tensor_sequence')), ('activation_length_attn', ('context',)), ('activation_q_length', ('context',)), ('activation_kv_length', ()), ('activation_embed_attn', ('tensor', 'tensor_transpose')), ('activation_kv', ('tensor', 'tensor_transpose', 'tensor_sequence')), ('activation_kv_batch', ('data', 'fsdp', 'fsdp_transpose', 'expert')), ('activation_kv_head_dim', ('tensor', 'tensor_transpose', 'tensor_sequence')), ('heads', ('tensor', 'tensor_transpose', 'tensor_sequence', 'autoregressive')), ('q_heads', ('tensor', 'tensor_transpose', 'tensor_sequence', 'autoregressive')), ('kv_heads', ('tensor', 'tensor_transpose', 'tensor_sequence', 'autoregressive')), ('qkv', ()), ('kv', ()), ('kv_head_dim', ()), ('q_lora', ('fsdp', 'fsdp_transpose', 'context', 'tensor_transpose', 'expert')), ('q_lora', ('fsdp', 'context', 'tensor_transpose', 'expert')), ('q_lora', ('fsdp', 'fsdp_transpose', 'context', 'expert')), ('q_lora', ('fsdp', 'context', 'expert')), ('q_lora_up_proj', ()), ('kv_lora', ('fsdp', 'fsdp_transpose', 'context', 'tensor_transpose', 'expert')), ('kv_lora', ('fsdp', 'context', 'tensor_transpose', 'expert')), ('kv_lora', ('fsdp', 'fsdp_transpose', 'context', 'expert')), ('kv_lora', ('fsdp', 'context', 'expert')), ('kv_lora_up_proj', ()), ('activation_batch_moe', ('data', 'fsdp', 'fsdp_transpose', 'expert')), ('activation_length_moe', ('context',)), ('activation_norm_length_moe', ('tensor_sequence', 'context')), ('activation_embed_moe', ('tensor', 'tensor_transpose')), ('activation_mlp_moe', ('tensor', 'tensor_transpose', 'tensor_sequence')), ('activation_exp', ('expert',)), ('exp', 'expert'), ('mlp_moe', ('fsdp_transpose', 'tensor', 'tensor_sequence', 'autoregressive')), ('embed_moe', ('fsdp', 'fsdp_transpose', 'tensor_transpose', 'context')), ('embed_moe', ('fsdp', 'tensor_transpose', 'context')), ('embed_moe', ('fsdp', 'fsdp_transpose', 'context')), ('embed_moe', ('fsdp', 'context')), ('activation_mlp', ('tensor', 'tensor_transpose', 'tensor_sequence')), ('activation_batch', ('data', 'fsdp', 'fsdp_transpose', 'expert')), ('activation_length', ('context',)), ('activation_norm_length', ('tensor_sequence', 'context')), ('activation_embed', ('tensor', 'tensor_transpose')), ('activation_stage', 'stage'), ('mlp', ('fsdp_transpose', 'tensor', 'tensor_sequence', 'autoregressive')), ('gdn_head', ('fsdp_transpose', 'tensor', 'tensor_sequence', 'autoregressive')), ('embed', ('fsdp', 'fsdp_transpose', 'tensor_transpose', 'context', 'expert')), ('embed', ('fsdp', 'tensor_transpose', 'context', 'expert')), ('embed', ('fsdp', 'fsdp_transpose', 'context', 'expert')), ('embed', ('fsdp', 'context', 'expert')), ('norm', ('tensor', 'tensor_transpose')), ('layers', 'stage'), ('diloco', 'diloco'), ('engram_dim', ('tensor',)), ('dense_layers', ()), ('moe_layers', ()), ('mhc', ()), ('prefill_activation_length', ('context',)), ('prefill_activation_norm_length', ('tensor_sequence', 'context')), ('activation_prefill_kv_batch', ('data', 'fsdp', 'fsdp_transpose', 'expert')), ('decode_batch', ('data', 'fsdp', 'fsdp_transpose', 'expert')), ('decode_length', ()), ('cache_heads', ('autoregressive', 'tensor', 'tensor_transpose', 'tensor_sequence')), ('cache_heads', ('autoregressive', 'tensor', 'tensor_sequence')), ('paged_kv_heads', ('tensor',)), ('cache_batch_prefill', ()), ('cache_batch', ()), ('cache_heads_none', ()), ('cache_kv', ()), ('cache_sequence', ()), ('num_pages', ()), ('tokens_per_page', ()), ('paged_kv_head_dim_size', ()), ('mlp_no_fsdp', ('tensor', 'tensor_sequence', 'autoregressive')), ('embed_tensor_transpose', ('tensor_transpose',)), ('exp_with_fsdp', 'fsdp'))
I0805 14:24:58.938838 139724427637056 pyconfig.py:559] Config param logits_dot_in_fp32: False
I0805 14:24:58.938862 139724427637056 pyconfig.py:559] Config param logits_via_embedding: False
I0805 14:24:58.938885 139724427637056 pyconfig.py:559] Config param lora: {'enable_lora': False, 'lora_rank': 0, 'lora_alpha': 0.0, 'lora_module_path': '', 'lora_restore_path': ''}
I0805 14:24:58.938909 139724427637056 pyconfig.py:559] Config param lora_input_adapters_path: 
I0805 14:24:58.938931 139724427637056 pyconfig.py:559] Config param loss_agg_mode: sequence-mean-token-mean
I0805 14:24:58.938952 139724427637056 pyconfig.py:559] Config param loss_algo: grpo
I0805 14:24:58.938972 139724427637056 pyconfig.py:559] Config param lr_schedule_type: LearningRateScheduleType.COSINE
I0805 14:24:58.938997 139724427637056 pyconfig.py:559] Config param lti_layer_indices: None
I0805 14:24:58.939017 139724427637056 pyconfig.py:559] Config param lti_use_general_linear_map: False
I0805 14:24:58.939036 139724427637056 pyconfig.py:559] Config param managed_mldiagnostics: False
I0805 14:24:58.939056 139724427637056 pyconfig.py:559] Config param managed_mldiagnostics_dir: /root/work/scale-your-amd/runs/20260805-maxtext-moe-b1-sharded/maxtext/moe-b1-sharded/managed-mldiagnostics
I0805 14:24:58.939077 139724427637056 pyconfig.py:559] Config param managed_mldiagnostics_on_demand_profiling: True
I0805 14:24:58.939098 139724427637056 pyconfig.py:559] Config param managed_mldiagnostics_region: 
I0805 14:24:58.939118 139724427637056 pyconfig.py:559] Config param managed_mldiagnostics_run_group: 
I0805 14:24:58.939139 139724427637056 pyconfig.py:559] Config param math_verify_num_procs: None
I0805 14:24:58.939160 139724427637056 pyconfig.py:559] Config param math_verify_timeout: 300
I0805 14:24:58.939180 139724427637056 pyconfig.py:559] Config param matmul_precision: MatmulPrecision.DEFAULT
I0805 14:24:58.939203 139724427637056 pyconfig.py:559] Config param max_checkify: False
I0805 14:24:58.939224 139724427637056 pyconfig.py:559] Config param max_concurrency: 256
I0805 14:24:58.939243 139724427637056 pyconfig.py:559] Config param max_corpus_chars: 10000000
I0805 14:24:58.939265 139724427637056 pyconfig.py:559] Config param max_num_batched_tokens: None
I0805 14:24:58.939285 139724427637056 pyconfig.py:559] Config param max_num_checkpoints_to_keep: None
I0805 14:24:58.939305 139724427637056 pyconfig.py:559] Config param max_num_images_per_example: -1
I0805 14:24:58.939325 139724427637056 pyconfig.py:559] Config param max_num_seqs: None
I0805 14:24:58.939345 139724427637056 pyconfig.py:559] Config param max_position_embeddings: 163840
I0805 14:24:58.939366 139724427637056 pyconfig.py:559] Config param max_prefill_predict_length: 64
I0805 14:24:58.939386 139724427637056 pyconfig.py:559] Config param max_sample_len_for_audio: 10000
I0805 14:24:58.939407 139724427637056 pyconfig.py:559] Config param max_segments_per_seq: 1
I0805 14:24:58.939427 139724427637056 pyconfig.py:559] Config param max_source_positions_for_audio: 1500
I0805 14:24:58.939448 139724427637056 pyconfig.py:559] Config param max_target_length: 4096
I0805 14:24:58.939468 139724427637056 pyconfig.py:559] Config param max_timescale_for_audio: 10000.0
I0805 14:24:58.939490 139724427637056 pyconfig.py:559] Config param megablox: False
I0805 14:24:58.939511 139724427637056 pyconfig.py:559] Config param merge_gating_gmm: False
I0805 14:24:58.939531 139724427637056 pyconfig.py:559] Config param mesh_axes: ['diloco', 'data', 'stage', 'fsdp', 'fsdp_transpose', 'context', 'context_autoregressive', 'tensor', 'tensor_transpose', 'tensor_sequence', 'expert', 'autoregressive']
I0805 14:24:58.939556 139724427637056 pyconfig.py:559] Config param metrics_dir: /root/work/scale-your-amd/runs/20260805-maxtext-moe-b1-sharded/maxtext/moe-b1-sharded/metrics/
I0805 14:24:58.939578 139724427637056 pyconfig.py:559] Config param metrics_file: 
I0805 14:24:58.939598 139724427637056 pyconfig.py:559] Config param mhc_expansion_rate: 1
I0805 14:24:58.939619 139724427637056 pyconfig.py:559] Config param micro_batch_size_to_eval_on: 8
I0805 14:24:58.939639 139724427637056 pyconfig.py:559] Config param micro_batch_size_to_train_on: 8
I0805 14:24:58.939660 139724427637056 pyconfig.py:559] Config param mla_kv: RematLocation.REMAT
I0805 14:24:58.939683 139724427637056 pyconfig.py:559] Config param mla_naive_kvcache: True
I0805 14:24:58.939704 139724427637056 pyconfig.py:559] Config param mla_q: RematLocation.REMAT
I0805 14:24:58.939726 139724427637056 pyconfig.py:559] Config param mlp_activations: ['silu', 'linear']
I0805 14:24:58.939748 139724427637056 pyconfig.py:559] Config param mlp_activations_limit: -1.0
I0805 14:24:58.939771 139724427637056 pyconfig.py:559] Config param mlp_bias: False
I0805 14:24:58.939792 139724427637056 pyconfig.py:559] Config param mlp_dim: 14336
I0805 14:24:58.939813 139724427637056 pyconfig.py:559] Config param mlpwi: RematLocation.REMAT
I0805 14:24:58.939834 139724427637056 pyconfig.py:559] Config param mlpwi_0: RematLocation.REMAT
I0805 14:24:58.939855 139724427637056 pyconfig.py:559] Config param mlpwi_1: RematLocation.REMAT
I0805 14:24:58.939876 139724427637056 pyconfig.py:559] Config param mlpwo: RematLocation.REMAT
I0805 14:24:58.939896 139724427637056 pyconfig.py:559] Config param moba: False
I0805 14:24:58.939917 139724427637056 pyconfig.py:559] Config param moba_chunk_size: 1024
I0805 14:24:58.939938 139724427637056 pyconfig.py:559] Config param moba_topk: 8
I0805 14:24:58.939958 139724427637056 pyconfig.py:559] Config param model_call_mode: 
I0805 14:24:58.939977 139724427637056 pyconfig.py:559] Config param model_name: mixtral-8x7b
I0805 14:24:58.939996 139724427637056 pyconfig.py:559] Config param moe_dispatch_no_expert_sharding: False
I0805 14:24:58.940018 139724427637056 pyconfig.py:559] Config param moe_expert_input_dim: -1
I0805 14:24:58.940039 139724427637056 pyconfig.py:559] Config param moe_fsdp_use_two_stage_all_gather: False
I0805 14:24:58.940060 139724427637056 pyconfig.py:559] Config param moe_mlp_dim: 14336
I0805 14:24:58.940081 139724427637056 pyconfig.py:559] Config param moe_mlpwi_0: RematLocation.REMAT
I0805 14:24:58.940102 139724427637056 pyconfig.py:559] Config param moe_mlpwi_1: RematLocation.REMAT
I0805 14:24:58.940122 139724427637056 pyconfig.py:559] Config param moe_mlpwo: RematLocation.REMAT
I0805 14:24:58.940143 139724427637056 pyconfig.py:559] Config param monitor_goodput: False
I0805 14:24:58.940164 139724427637056 pyconfig.py:559] Config param monitor_step_time_deviation: True
I0805 14:24:58.940184 139724427637056 pyconfig.py:559] Config param mrope_section: [24, 20, 20]
I0805 14:24:58.940206 139724427637056 pyconfig.py:559] Config param mscale: 1.0
I0805 14:24:58.940227 139724427637056 pyconfig.py:559] Config param mtc_data_parallelism: 0
I0805 14:24:58.940247 139724427637056 pyconfig.py:559] Config param mtp_eval_target_module: 0
I0805 14:24:58.940268 139724427637056 pyconfig.py:559] Config param mtp_loss_scaling_factor: 0.1
I0805 14:24:58.940289 139724427637056 pyconfig.py:559] Config param mtp_num_layers: 0
I0805 14:24:58.940310 139724427637056 pyconfig.py:559] Config param mu_dtype: float32
I0805 14:24:58.940346 139724427637056 pyconfig.py:559] Config param multi_sampling: False
I0805 14:24:58.940371 139724427637056 pyconfig.py:559] Config param multi_tier_checkpointing_backup_interval_minutes: 0
I0805 14:24:58.940393 139724427637056 pyconfig.py:559] Config param muon_beta: 0.95
I0805 14:24:58.940414 139724427637056 pyconfig.py:559] Config param muon_consistent_rms: None
I0805 14:24:58.940434 139724427637056 pyconfig.py:559] Config param muon_weight_decay: 0.0
I0805 14:24:58.940456 139724427637056 pyconfig.py:559] Config param n_routing_groups: -1
I0805 14:24:58.940477 139724427637056 pyconfig.py:559] Config param n_window_for_audio: 50
I0805 14:24:58.940497 139724427637056 pyconfig.py:559] Config param n_window_infer_for_audio: 800
I0805 14:24:58.940518 139724427637056 pyconfig.py:559] Config param nope_layer_interval: -1
I0805 14:24:58.940536 139724427637056 pyconfig.py:559] Config param norm_topk_prob: False
I0805 14:24:58.940557 139724427637056 pyconfig.py:559] Config param normalization_layer_epsilon: 1e-05
I0805 14:24:58.940577 139724427637056 pyconfig.py:559] Config param normalize_embedding_logits: True
I0805 14:24:58.940598 139724427637056 pyconfig.py:559] Config param num_attention_heads_for_vit: 16
I0805 14:24:58.940618 139724427637056 pyconfig.py:559] Config param num_batches: 4
I0805 14:24:58.940638 139724427637056 pyconfig.py:559] Config param num_channels_for_vit: 3
I0805 14:24:58.940657 139724427637056 pyconfig.py:559] Config param num_conv_layers_for_audio: 3
I0805 14:24:58.940677 139724427637056 pyconfig.py:559] Config param num_decoder_layers: 32
I0805 14:24:58.940698 139724427637056 pyconfig.py:559] Config param num_diloco_replicas: 1
I0805 14:24:58.940718 139724427637056 pyconfig.py:559] Config param num_epoch: 1
I0805 14:24:58.940738 139724427637056 pyconfig.py:559] Config param num_eval_passes: 1
I0805 14:24:58.940758 139724427637056 pyconfig.py:559] Config param num_experts: 8
I0805 14:24:58.940779 139724427637056 pyconfig.py:559] Config param num_experts_per_tok: 2
I0805 14:24:58.940800 139724427637056 pyconfig.py:559] Config param num_generations: 2
I0805 14:24:58.940820 139724427637056 pyconfig.py:559] Config param num_hidden_layers_for_vit: 34
I0805 14:24:58.940841 139724427637056 pyconfig.py:559] Config param num_iterations: 1
I0805 14:24:58.940862 139724427637056 pyconfig.py:559] Config param num_kv_heads: 8
I0805 14:24:58.940881 139724427637056 pyconfig.py:559] Config param num_kv_shared_layers: 0
I0805 14:24:58.940901 139724427637056 pyconfig.py:559] Config param num_layers_per_pipeline_stage: 1
I0805 14:24:58.940920 139724427637056 pyconfig.py:559] Config param num_mel_bins_for_audio: 128
I0805 14:24:58.940941 139724427637056 pyconfig.py:559] Config param num_pipeline_microbatches: -1
I0805 14:24:58.940960 139724427637056 pyconfig.py:559] Config param num_pipeline_repeats: -1
I0805 14:24:58.940980 139724427637056 pyconfig.py:559] Config param num_position_embeddings_for_vit: 1024
I0805 14:24:58.941001 139724427637056 pyconfig.py:559] Config param num_query_heads: 32
I0805 14:24:58.941021 139724427637056 pyconfig.py:559] Config param num_samplers_slices: -1
I0805 14:24:58.941041 139724427637056 pyconfig.py:559] Config param num_slices: 1
I0805 14:24:58.941060 139724427637056 pyconfig.py:559] Config param num_target_devices: 8
I0805 14:24:58.941080 139724427637056 pyconfig.py:559] Config param num_test_batches: 5
I0805 14:24:58.941101 139724427637056 pyconfig.py:559] Config param num_trainer_slices: -1
I0805 14:24:58.941120 139724427637056 pyconfig.py:559] Config param num_vocab_tiling: 1
I0805 14:24:58.941140 139724427637056 pyconfig.py:559] Config param o_groups: 0
I0805 14:24:58.941161 139724427637056 pyconfig.py:559] Config param o_lora_rank: 0
I0805 14:24:58.941181 139724427637056 pyconfig.py:559] Config param off_policy_steps: 0
I0805 14:24:58.941202 139724427637056 pyconfig.py:559] Config param offline_data_dir: None
I0805 14:24:58.941222 139724427637056 pyconfig.py:559] Config param olmo_apply_ngram_filter: True
I0805 14:24:58.941243 139724427637056 pyconfig.py:559] Config param olmo_index_path: 
I0805 14:24:58.941264 139724427637056 pyconfig.py:559] Config param olmo_path_remap_from: 
I0805 14:24:58.941285 139724427637056 pyconfig.py:559] Config param olmo_path_remap_to: 
I0805 14:24:58.941306 139724427637056 pyconfig.py:559] Config param opt_type: OptimizerType.ADAMW
I0805 14:24:58.941329 139724427637056 pyconfig.py:559] Config param optimize_mesh_for_tpu_v6e: False
I0805 14:24:58.941349 139724427637056 pyconfig.py:559] Config param optimizer_memory_host_offload: False
I0805 14:24:58.941368 139724427637056 pyconfig.py:559] Config param original_max_position_embeddings: 4096
I0805 14:24:58.941388 139724427637056 pyconfig.py:559] Config param out_hidden_size_for_vit: 512
I0805 14:24:58.941408 139724427637056 pyconfig.py:559] Config param out_proj: RematLocation.REMAT
I0805 14:24:58.941428 139724427637056 pyconfig.py:559] Config param output_dim_for_audio: 512
I0805 14:24:58.941448 139724427637056 pyconfig.py:559] Config param override_logical_axis_rules: False
I0805 14:24:58.941468 139724427637056 pyconfig.py:559] Config param override_model_config: False
I0805 14:24:58.941488 139724427637056 pyconfig.py:559] Config param packing: True
I0805 14:24:58.941508 139724427637056 pyconfig.py:559] Config param padded_base_moe_mlp_dim: None
I0805 14:24:58.941528 139724427637056 pyconfig.py:559] Config param param_scan_axis: 1
I0805 14:24:58.941548 139724427637056 pyconfig.py:559] Config param parameter_memory_host_offload: False
I0805 14:24:58.941568 139724427637056 pyconfig.py:559] Config param partial_rotary_factor: 1.0
I0805 14:24:58.941588 139724427637056 pyconfig.py:559] Config param patch_size_for_vit: 14
I0805 14:24:58.941608 139724427637056 pyconfig.py:559] Config param penalty_incorrect_answer: -1.0
I0805 14:24:58.941628 139724427637056 pyconfig.py:559] Config param penalty_incorrect_format: -0.5
I0805 14:24:58.941649 139724427637056 pyconfig.py:559] Config param per_device_batch_size: 1.0
I0805 14:24:58.941668 139724427637056 pyconfig.py:559] Config param per_device_batch_size_increment: 2.0
I0805 14:24:58.941688 139724427637056 pyconfig.py:559] Config param per_device_batch_size_start: 4.0
I0805 14:24:58.941707 139724427637056 pyconfig.py:559] Config param pipeline_delay_activation_forwarding: False
I0805 14:24:58.941732 139724427637056 pyconfig.py:559] Config param pipeline_fsdp_ag_once: False
I0805 14:24:58.941752 139724427637056 pyconfig.py:559] Config param pipeline_fsdp_ag_per_repeat: False
I0805 14:24:58.941771 139724427637056 pyconfig.py:559] Config param pipeline_parallel_layers: 32
I0805 14:24:58.941791 139724427637056 pyconfig.py:559] Config param pixel_shuffle_ratio_for_vit: 0.5
I0805 14:24:58.941813 139724427637056 pyconfig.py:559] Config param posemb_type_for_vit: learn
I0805 14:24:58.941835 139724427637056 pyconfig.py:559] Config param position_id_per_seconds: 25
I0805 14:24:58.941859 139724427637056 pyconfig.py:559] Config param prefill_cache_axis_order: 1,2,0,3
I0805 14:24:58.941881 139724427637056 pyconfig.py:559] Config param prefill_cache_dir: 
I0805 14:24:58.941903 139724427637056 pyconfig.py:559] Config param prefill_chunk_size: 256
I0805 14:24:58.941923 139724427637056 pyconfig.py:559] Config param prefill_slice: v5e-16
I0805 14:24:58.941944 139724427637056 pyconfig.py:559] Config param prefix_caching_dram_byte: 100000000000
I0805 14:24:58.941965 139724427637056 pyconfig.py:559] Config param prefix_caching_hbm_byte: 10000000000
I0805 14:24:58.941985 139724427637056 pyconfig.py:559] Config param prefuse_moe_weights: False
I0805 14:24:58.942005 139724427637056 pyconfig.py:559] Config param profile_cleanly: True
I0805 14:24:58.942025 139724427637056 pyconfig.py:559] Config param profile_periodically_period: -1
I0805 14:24:58.942046 139724427637056 pyconfig.py:559] Config param profile_power_events: False
I0805 14:24:58.942066 139724427637056 pyconfig.py:559] Config param profiler: ProfilerType.NONE
I0805 14:24:58.942090 139724427637056 pyconfig.py:559] Config param profiler_steps: 5
I0805 14:24:58.942111 139724427637056 pyconfig.py:559] Config param projector_dropout_for_vit: 0.0
I0805 14:24:58.942131 139724427637056 pyconfig.py:559] Config param projector_input_dim_for_vit: 4096
I0805 14:24:58.942151 139724427637056 pyconfig.py:559] Config param projector_output_dim_for_vit: 4096
I0805 14:24:58.942171 139724427637056 pyconfig.py:559] Config param prometheus_port: 0
I0805 14:24:58.942191 139724427637056 pyconfig.py:559] Config param prompt: I love to
I0805 14:24:58.942211 139724427637056 pyconfig.py:559] Config param pure_nnx: False
I0805 14:24:58.942231 139724427637056 pyconfig.py:559] Config param pure_nnx_decoder: False
I0805 14:24:58.942251 139724427637056 pyconfig.py:559] Config param q_lora_rank: 0
I0805 14:24:58.942271 139724427637056 pyconfig.py:559] Config param qk_clip_threshold: 100.0
I0805 14:24:58.942291 139724427637056 pyconfig.py:559] Config param qk_nope_head_dim: 128
I0805 14:24:58.942311 139724427637056 pyconfig.py:559] Config param qk_norm_with_scale: True
I0805 14:24:58.942331 139724427637056 pyconfig.py:559] Config param qk_rope_head_dim: 64
I0805 14:24:58.942351 139724427637056 pyconfig.py:559] Config param qkv_proj: RematLocation.REMAT
I0805 14:24:58.942371 139724427637056 pyconfig.py:559] Config param quant_cfg_path: 
I0805 14:24:58.942391 139724427637056 pyconfig.py:559] Config param quantization: QuantizationType.NONE
I0805 14:24:58.942413 139724427637056 pyconfig.py:559] Config param quantization_local_shard_count: 8
I0805 14:24:58.942433 139724427637056 pyconfig.py:559] Config param quantize_kvcache: False
I0805 14:24:58.942452 139724427637056 pyconfig.py:559] Config param query_proj: RematLocation.REMAT
I0805 14:24:58.942472 139724427637056 pyconfig.py:559] Config param query_wa_proj: RematLocation.REMAT
I0805 14:24:58.942492 139724427637056 pyconfig.py:559] Config param ragged_block_size: 256
I0805 14:24:58.942511 139724427637056 pyconfig.py:559] Config param ragged_buffer_factor: -1.0
I0805 14:24:58.942530 139724427637056 pyconfig.py:559] Config param ragged_gather_cost_estimate_bytes_accessed: -1
I0805 14:24:58.942549 139724427637056 pyconfig.py:559] Config param ragged_gather_cost_estimate_flops: -1
I0805 14:24:58.942569 139724427637056 pyconfig.py:559] Config param ragged_gather_fallback: False
I0805 14:24:58.942589 139724427637056 pyconfig.py:559] Config param ragged_gather_reduce_cost_estimate_bytes_accessed: -1
I0805 14:24:58.942608 139724427637056 pyconfig.py:559] Config param ragged_gather_reduce_cost_estimate_flops: -1
I0805 14:24:58.942627 139724427637056 pyconfig.py:559] Config param ragged_gather_reduce_fallback: False
I0805 14:24:58.942648 139724427637056 pyconfig.py:559] Config param rampup_end_step: 0
I0805 14:24:58.942667 139724427637056 pyconfig.py:559] Config param rampup_samples_per_increment_to_load: None
I0805 14:24:58.942687 139724427637056 pyconfig.py:559] Config param reasoning_end_token: </reasoning>
I0805 14:24:58.942707 139724427637056 pyconfig.py:559] Config param reasoning_start_token: <reasoning>
I0805 14:24:58.942727 139724427637056 pyconfig.py:559] Config param record_internal_nn_metrics: 0
I0805 14:24:58.942746 139724427637056 pyconfig.py:559] Config param remat_policy: save_dot_with_context_except_mlp
I0805 14:24:58.942766 139724427637056 pyconfig.py:559] Config param remat_policy_for_vit: minimal
I0805 14:24:58.942785 139724427637056 pyconfig.py:559] Config param remove_size_one_mesh_axis_from_type: True
I0805 14:24:58.942804 139724427637056 pyconfig.py:559] Config param replicate_quant_scale: False
I0805 14:24:58.942823 139724427637056 pyconfig.py:559] Config param replicator_backup_interval_minutes: 0
I0805 14:24:58.942842 139724427637056 pyconfig.py:559] Config param report_heartbeat_metric_for_gcp_monitoring: False
I0805 14:24:58.942862 139724427637056 pyconfig.py:559] Config param report_performance_metric_for_gcp_monitoring: False
I0805 14:24:58.942880 139724427637056 pyconfig.py:559] Config param reshape_q: False
I0805 14:24:58.942899 139724427637056 pyconfig.py:559] Config param reshard_chunk_size: None
I0805 14:24:58.942919 139724427637056 pyconfig.py:559] Config param return_log_prob: False
I0805 14:24:58.942938 139724427637056 pyconfig.py:559] Config param reuse_example_batch: 0
I0805 14:24:58.942958 139724427637056 pyconfig.py:559] Config param reward_exact_answer: 5.0
I0805 14:24:58.942978 139724427637056 pyconfig.py:559] Config param reward_exact_format_match: 3.0
I0805 14:24:58.942997 139724427637056 pyconfig.py:559] Config param reward_partial_format_match: 0.5
I0805 14:24:58.943017 139724427637056 pyconfig.py:559] Config param reward_ratio_guess_to_answer_high: 0.5
I0805 14:24:58.943037 139724427637056 pyconfig.py:559] Config param reward_ratio_guess_to_answer_low: 0.25
I0805 14:24:58.943056 139724427637056 pyconfig.py:559] Config param reward_white_space_format_match: 1.5
I0805 14:24:58.943076 139724427637056 pyconfig.py:559] Config param rl: {'num_generations': 2, 'num_iterations': 1, 'grpo_beta': 0.08, 'grpo_epsilon': 0.2, 'loss_algo': 'grpo', 'loss_agg_mode': 'sequence-mean-token-mean', 'use_agentic_rollout': False, 'max_concurrency': 256, 'off_policy_steps': 0, 'system_prompt': '', 'degenerate_group_masking': True, 'epsilon_high': None, 'reshard_chunk_size': None}
I0805 14:24:58.943105 139724427637056 pyconfig.py:559] Config param rollout_data_parallelism: -1
I0805 14:24:58.943126 139724427637056 pyconfig.py:559] Config param rollout_expert_parallelism: 1
I0805 14:24:58.943145 139724427637056 pyconfig.py:559] Config param rollout_micro_batch_size: -1
I0805 14:24:58.943164 139724427637056 pyconfig.py:559] Config param rollout_tensor_parallelism: -1
I0805 14:24:58.943184 139724427637056 pyconfig.py:559] Config param rope_attention_scaling: False
I0805 14:24:58.943202 139724427637056 pyconfig.py:559] Config param rope_factor: 40
I0805 14:24:58.943222 139724427637056 pyconfig.py:559] Config param rope_interleave: True
I0805 14:24:58.943242 139724427637056 pyconfig.py:559] Config param rope_linear_scaling_factor: 1.0
I0805 14:24:58.943262 139724427637056 pyconfig.py:559] Config param rope_max_timescale: 1000000
I0805 14:24:58.943282 139724427637056 pyconfig.py:559] Config param rope_min_timescale: 1
I0805 14:24:58.943303 139724427637056 pyconfig.py:559] Config param rope_theta_for_vit: 10000
I0805 14:24:58.943324 139724427637056 pyconfig.py:559] Config param rope_truncate: True
I0805 14:24:58.943343 139724427637056 pyconfig.py:559] Config param rope_type: RopeType.DEFAULT
I0805 14:24:58.943367 139724427637056 pyconfig.py:559] Config param rope_use_scale: True
I0805 14:24:58.943387 139724427637056 pyconfig.py:559] Config param routed_bias: False
I0805 14:24:58.943407 139724427637056 pyconfig.py:559] Config param routed_bias_update_rate: 0.0
I0805 14:24:58.943428 139724427637056 pyconfig.py:559] Config param routed_scaling_factor: 1.0
I0805 14:24:58.943449 139724427637056 pyconfig.py:559] Config param routed_score_func: 
I0805 14:24:58.943469 139724427637056 pyconfig.py:559] Config param run_name: moe-b1-sharded
I0805 14:24:58.943489 139724427637056 pyconfig.py:559] Config param sa_block_kv: 512
I0805 14:24:58.943508 139724427637056 pyconfig.py:559] Config param sa_block_kv_compute: 512
I0805 14:24:58.943528 139724427637056 pyconfig.py:559] Config param sa_block_kv_dkv: 512
I0805 14:24:58.943547 139724427637056 pyconfig.py:559] Config param sa_block_kv_dkv_compute: 512
I0805 14:24:58.943566 139724427637056 pyconfig.py:559] Config param sa_block_kv_dq: 512
I0805 14:24:58.943587 139724427637056 pyconfig.py:559] Config param sa_block_q: 512
I0805 14:24:58.943606 139724427637056 pyconfig.py:559] Config param sa_block_q_dkv: 512
I0805 14:24:58.943625 139724427637056 pyconfig.py:559] Config param sa_block_q_dq: 512
I0805 14:24:58.943645 139724427637056 pyconfig.py:559] Config param sa_k_layout: HEAD_DIM_MINOR
I0805 14:24:58.943664 139724427637056 pyconfig.py:559] Config param sa_q_layout: HEAD_DIM_MINOR
I0805 14:24:58.943684 139724427637056 pyconfig.py:559] Config param sa_use_fused_bwd_kernel: False
I0805 14:24:58.943704 139724427637056 pyconfig.py:559] Config param sa_v_layout: HEAD_DIM_MINOR
I0805 14:24:58.943722 139724427637056 pyconfig.py:559] Config param sampler_devices_fraction: 0.5
I0805 14:24:58.943743 139724427637056 pyconfig.py:559] Config param save_checkpoint_on_completion: True
I0805 14:24:58.943763 139724427637056 pyconfig.py:559] Config param save_config_to_gcs: False
I0805 14:24:58.943783 139724427637056 pyconfig.py:559] Config param save_quantized_params_path: 
I0805 14:24:58.943804 139724427637056 pyconfig.py:559] Config param scale_embedding_for_audio: True
I0805 14:24:58.943824 139724427637056 pyconfig.py:559] Config param scan_layers: True
I0805 14:24:58.943845 139724427637056 pyconfig.py:559] Config param scan_layers_per_stage: False
I0805 14:24:58.943864 139724427637056 pyconfig.py:559] Config param scan_pipeline_iterations: True
I0805 14:24:58.943883 139724427637056 pyconfig.py:559] Config param scan_pipeline_repeats: False
I0805 14:24:58.943902 139724427637056 pyconfig.py:559] Config param set_remat_policy_on_layers_per_stage: False
I0805 14:24:58.943922 139724427637056 pyconfig.py:559] Config param set_remat_policy_on_pipeline_iterations: True
I0805 14:24:58.943942 139724427637056 pyconfig.py:559] Config param sft_train_on_completion_only: False
I0805 14:24:58.943962 139724427637056 pyconfig.py:559] Config param shard_exp_on_fsdp: False
I0805 14:24:58.943982 139724427637056 pyconfig.py:559] Config param shard_mode: ShardMode.AUTO
I0805 14:24:58.944004 139724427637056 pyconfig.py:559] Config param shard_optimizer_over_data: False
I0805 14:24:58.944024 139724427637056 pyconfig.py:559] Config param sharding_strategy: None
I0805 14:24:58.944045 139724427637056 pyconfig.py:559] Config param sharding_tolerance: 0.02
I0805 14:24:58.944066 139724427637056 pyconfig.py:559] Config param shardy: True
I0805 14:24:58.944086 139724427637056 pyconfig.py:559] Config param share_kv_projections: False
I0805 14:24:58.944106 139724427637056 pyconfig.py:559] Config param shared_experts: 0
I0805 14:24:58.944126 139724427637056 pyconfig.py:559] Config param sinkhorn_iterations: 20
I0805 14:24:58.944146 139724427637056 pyconfig.py:559] Config param skip_first_n_steps_for_profiler: 1
I0805 14:24:58.944166 139724427637056 pyconfig.py:559] Config param skip_jax_distributed_system: False
I0805 14:24:58.944186 139724427637056 pyconfig.py:559] Config param skip_step_interval: 128
I0805 14:24:58.944206 139724427637056 pyconfig.py:559] Config param skip_step_on_spikes: False
I0805 14:24:58.944226 139724427637056 pyconfig.py:559] Config param skip_step_scaling_factor: 6.0
I0805 14:24:58.944247 139724427637056 pyconfig.py:559] Config param sliding_window_size: 0
I0805 14:24:58.944266 139724427637056 pyconfig.py:559] Config param solution_end_token: </answer>
I0805 14:24:58.944286 139724427637056 pyconfig.py:559] Config param solution_start_token: <answer>
I0805 14:24:58.944305 139724427637056 pyconfig.py:559] Config param source_checkpoint_layout: orbax
I0805 14:24:58.944325 139724427637056 pyconfig.py:559] Config param sparse_matmul: False
I0805 14:24:58.944345 139724427637056 pyconfig.py:559] Config param spatial_merge_size_for_vit: 2
I0805 14:24:58.944365 139724427637056 pyconfig.py:559] Config param stack_prefill_result_cache: False
I0805 14:24:58.944384 139724427637056 pyconfig.py:559] Config param step_deviation_interval_seconds: 30
I0805 14:24:58.944404 139724427637056 pyconfig.py:559] Config param steps: 16
I0805 14:24:58.944425 139724427637056 pyconfig.py:559] Config param stop_strings: None
I0805 14:24:58.944445 139724427637056 pyconfig.py:559] Config param student_overrides: {}
I0805 14:24:58.944466 139724427637056 pyconfig.py:559] Config param student_params_to_update: None
I0805 14:24:58.944486 139724427637056 pyconfig.py:559] Config param subslice_shape: 
I0805 14:24:58.944506 139724427637056 pyconfig.py:559] Config param swap_space_vllm_gb: 2
I0805 14:24:58.944526 139724427637056 pyconfig.py:559] Config param system_prompt: 
I0805 14:24:58.944545 139724427637056 pyconfig.py:559] Config param target_eval_loss: 0.0
I0805 14:24:58.944565 139724427637056 pyconfig.py:559] Config param teacher_overrides: {}
I0805 14:24:58.944586 139724427637056 pyconfig.py:559] Config param temperature_tuning: False
I0805 14:24:58.944607 139724427637056 pyconfig.py:559] Config param temporal_patch_size_for_vit: 2
I0805 14:24:58.944627 139724427637056 pyconfig.py:559] Config param tensorboard_dir: /root/work/scale-your-amd/runs/20260805-maxtext-moe-b1-sharded/maxtext/moe-b1-sharded/tensorboard/
I0805 14:24:58.944648 139724427637056 pyconfig.py:559] Config param tensors_on_device: None
I0805 14:24:58.944668 139724427637056 pyconfig.py:559] Config param tensors_to_offload: None
I0805 14:24:58.944688 139724427637056 pyconfig.py:559] Config param test_batch_start_index: 0
I0805 14:24:58.944709 139724427637056 pyconfig.py:559] Config param tile_size_for_vit: 336
I0805 14:24:58.944729 139724427637056 pyconfig.py:559] Config param tokenize_eval_data: True
I0805 14:24:58.944749 139724427637056 pyconfig.py:559] Config param tokenize_train_data: True
I0805 14:24:58.944768 139724427637056 pyconfig.py:559] Config param tokenizer_path: mistralai/Mixtral-8x7B-Instruct-v0.1
I0805 14:24:58.944788 139724427637056 pyconfig.py:559] Config param tokenizer_type: TokenizerType.SENTENCEPIECE
I0805 14:24:58.944814 139724427637056 pyconfig.py:559] Config param topk_routing_group: -1
I0805 14:24:58.944834 139724427637056 pyconfig.py:559] Config param tpu_num_chips_to_profile_per_task: 1
I0805 14:24:58.944855 139724427637056 pyconfig.py:559] Config param tpu_num_sparse_core_tiles_to_trace: 1
I0805 14:24:58.944875 139724427637056 pyconfig.py:559] Config param tpu_num_sparse_cores_to_trace: 2
I0805 14:24:58.944896 139724427637056 pyconfig.py:559] Config param train_data_columns: ['text']
I0805 14:24:58.944919 139724427637056 pyconfig.py:559] Config param train_fraction: 1.0
I0805 14:24:58.944941 139724427637056 pyconfig.py:559] Config param train_image_column: image
I0805 14:24:58.944962 139724427637056 pyconfig.py:559] Config param train_micro_batch_size: -1
I0805 14:24:58.944982 139724427637056 pyconfig.py:559] Config param train_split: train
I0805 14:24:58.945003 139724427637056 pyconfig.py:559] Config param trainable_parameters_mask: []
I0805 14:24:58.945025 139724427637056 pyconfig.py:559] Config param trainable_position_size: -1
I0805 14:24:58.945045 139724427637056 pyconfig.py:559] Config param trainer_devices_fraction: 0.5
I0805 14:24:58.945066 139724427637056 pyconfig.py:559] Config param upload_all_profiler_results: False
I0805 14:24:58.945087 139724427637056 pyconfig.py:559] Config param use_agentic_rollout: False
I0805 14:24:58.945107 139724427637056 pyconfig.py:559] Config param use_audio: False
I0805 14:24:58.945127 139724427637056 pyconfig.py:559] Config param use_audio_in_video: False
I0805 14:24:58.945147 139724427637056 pyconfig.py:559] Config param use_batch_split_schedule: False
I0805 14:24:58.945167 139724427637056 pyconfig.py:559] Config param use_chat_template: False
I0805 14:24:58.945187 139724427637056 pyconfig.py:559] Config param use_chunked_prefill: False
I0805 14:24:58.945207 139724427637056 pyconfig.py:559] Config param use_custom_sort_vjp: True
I0805 14:24:58.945228 139724427637056 pyconfig.py:559] Config param use_double_wide_mlp: False
I0805 14:24:58.945248 139724427637056 pyconfig.py:559] Config param use_dpo: False
I0805 14:24:58.945269 139724427637056 pyconfig.py:559] Config param use_gather_mosaic_kernel: False
I0805 14:24:58.945289 139724427637056 pyconfig.py:559] Config param use_gmm_v2: False
I0805 14:24:58.945309 139724427637056 pyconfig.py:559] Config param use_grpo: True
I0805 14:24:58.945329 139724427637056 pyconfig.py:559] Config param use_indexer: False
I0805 14:24:58.945349 139724427637056 pyconfig.py:559] Config param use_iota_embed: False
I0805 14:24:58.945368 139724427637056 pyconfig.py:559] Config param use_jax_splash: False
I0805 14:24:58.945389 139724427637056 pyconfig.py:559] Config param use_manual_quantization: False
I0805 14:24:58.945410 139724427637056 pyconfig.py:559] Config param use_max_logit_estimate: -1
I0805 14:24:58.945430 139724427637056 pyconfig.py:559] Config param use_mrope: False
I0805 14:24:58.945452 139724427637056 pyconfig.py:559] Config param use_multimodal: False
I0805 14:24:58.945473 139724427637056 pyconfig.py:559] Config param use_pathways: True
I0805 14:24:58.945494 139724427637056 pyconfig.py:559] Config param use_post_attn_norm: False
I0805 14:24:58.945514 139724427637056 pyconfig.py:559] Config param use_post_ffw_norm: False
I0805 14:24:58.945534 139724427637056 pyconfig.py:559] Config param use_qk_clip: False
I0805 14:24:58.945554 139724427637056 pyconfig.py:559] Config param use_qk_norm: False
I0805 14:24:58.945574 139724427637056 pyconfig.py:559] Config param use_qk_norm_in_gdn: True
I0805 14:24:58.945594 139724427637056 pyconfig.py:559] Config param use_qwix_quantization: False
I0805 14:24:58.945614 139724427637056 pyconfig.py:559] Config param use_ragged_attention: False
I0805 14:24:58.945635 139724427637056 pyconfig.py:559] Config param use_ragged_sort: False
I0805 14:24:58.945655 139724427637056 pyconfig.py:559] Config param use_random_routing: False
I0805 14:24:58.945676 139724427637056 pyconfig.py:559] Config param use_replicator_service: False
I0805 14:24:58.945695 139724427637056 pyconfig.py:559] Config param use_ring_of_experts: False
I0805 14:24:58.945715 139724427637056 pyconfig.py:559] Config param use_sft: False
I0805 14:24:58.945758 139724427637056 pyconfig.py:559] Config param use_splash_scheduler: False
I0805 14:24:58.945780 139724427637056 pyconfig.py:559] Config param use_standalone_converter: False
I0805 14:24:58.945801 139724427637056 pyconfig.py:559] Config param use_tokamax_gmm: False
I0805 14:24:58.945823 139724427637056 pyconfig.py:559] Config param use_tokamax_splash: False
I0805 14:24:58.945843 139724427637056 pyconfig.py:559] Config param use_truncation: True
I0805 14:24:58.945863 139724427637056 pyconfig.py:559] Config param use_tunix_gradient_accumulation: False
I0805 14:24:58.945883 139724427637056 pyconfig.py:559] Config param use_untrainable_positional_embedding: False
I0805 14:24:58.945903 139724427637056 pyconfig.py:559] Config param use_vertex_tensorboard: False
I0805 14:24:58.945923 139724427637056 pyconfig.py:559] Config param using_pipeline_parallelism: False
I0805 14:24:58.945944 139724427637056 pyconfig.py:559] Config param v_head_dim: 128
I0805 14:24:58.945965 139724427637056 pyconfig.py:559] Config param v_norm_with_scale: True
I0805 14:24:58.945986 139724427637056 pyconfig.py:559] Config param value_proj: RematLocation.REMAT
I0805 14:24:58.946007 139724427637056 pyconfig.py:559] Config param vertex_tensorboard_project: 
I0805 14:24:58.946027 139724427637056 pyconfig.py:559] Config param vertex_tensorboard_region: 
I0805 14:24:58.946047 139724427637056 pyconfig.py:559] Config param video_path: 
I0805 14:24:58.946068 139724427637056 pyconfig.py:559] Config param video_placeholder: <|video|>
I0805 14:24:58.946089 139724427637056 pyconfig.py:559] Config param vision_output_dim_for_vit: 4096
I0805 14:24:58.946110 139724427637056 pyconfig.py:559] Config param vision_output_length: -1
I0805 14:24:58.946130 139724427637056 pyconfig.py:559] Config param vllm_additional_config: {}
I0805 14:24:58.946150 139724427637056 pyconfig.py:559] Config param vllm_hf_config_path: 
I0805 14:24:58.946170 139724427637056 pyconfig.py:559] Config param vllm_hf_overrides: {}
I0805 14:24:58.946191 139724427637056 pyconfig.py:559] Config param vllm_load_format: dummy
I0805 14:24:58.946211 139724427637056 pyconfig.py:559] Config param vocab_size: 32000
I0805 14:24:58.946231 139724427637056 pyconfig.py:559] Config param vocab_size_per_layer_input: 0
I0805 14:24:58.946251 139724427637056 pyconfig.py:559] Config param warmup_steps_fraction: 0.1
I0805 14:24:58.946272 139724427637056 pyconfig.py:559] Config param weight_dtype: float32
I0805 14:24:58.946306 139724427637056 pyconfig.py:559] Config param weight_quantization_calibration_method: absmax
I0805 14:24:58.946331 139724427637056 pyconfig.py:559] Config param weight_sparsity_m: None
I0805 14:24:58.946353 139724427637056 pyconfig.py:559] Config param weight_sparsity_n: None
I0805 14:24:58.946375 139724427637056 pyconfig.py:559] Config param weight_sparsity_start_step: 50
I0805 14:24:58.946395 139724427637056 pyconfig.py:559] Config param weight_sparsity_update_step: 10
I0805 14:24:58.946416 139724427637056 pyconfig.py:559] Config param wi_tile_dlhs_batch_seq: 512
I0805 14:24:58.946437 139724427637056 pyconfig.py:559] Config param wi_tile_dlhs_embed_dim: 1024
I0805 14:24:58.946457 139724427637056 pyconfig.py:559] Config param wi_tile_dlhs_mlp_dim: 1024
I0805 14:24:58.946478 139724427637056 pyconfig.py:559] Config param wi_tile_drhs_batch_seq: 512
I0805 14:24:58.946498 139724427637056 pyconfig.py:559] Config param wi_tile_drhs_embed_dim: 1024
I0805 14:24:58.946519 139724427637056 pyconfig.py:559] Config param wi_tile_drhs_mlp_dim: 1024
I0805 14:24:58.946540 139724427637056 pyconfig.py:559] Config param wi_tile_fwd_batch_seq: 512
I0805 14:24:58.946559 139724427637056 pyconfig.py:559] Config param wi_tile_fwd_embed_dim: 1024
I0805 14:24:58.946580 139724427637056 pyconfig.py:559] Config param wi_tile_fwd_mlp_dim: 1024
I0805 14:24:58.946600 139724427637056 pyconfig.py:559] Config param wo_tile_dlhs_batch_seq: 512
I0805 14:24:58.946620 139724427637056 pyconfig.py:559] Config param wo_tile_dlhs_embed_dim: 1024
I0805 14:24:58.946642 139724427637056 pyconfig.py:559] Config param wo_tile_dlhs_mlp_dim: 1024
I0805 14:24:58.946662 139724427637056 pyconfig.py:559] Config param wo_tile_drhs_batch_seq: 512
I0805 14:24:58.946682 139724427637056 pyconfig.py:559] Config param wo_tile_drhs_embed_dim: 1024
I0805 14:24:58.946702 139724427637056 pyconfig.py:559] Config param wo_tile_drhs_mlp_dim: 1024
I0805 14:24:58.946722 139724427637056 pyconfig.py:559] Config param wo_tile_fwd_batch_seq: 512
I0805 14:24:58.946742 139724427637056 pyconfig.py:559] Config param wo_tile_fwd_embed_dim: 1024
I0805 14:24:58.946763 139724427637056 pyconfig.py:559] Config param wo_tile_fwd_mlp_dim: 1024
I0805 14:24:58.946783 139724427637056 pyconfig.py:559] Config param write_estimator_result: False
I0805 14:24:58.946803 139724427637056 pyconfig.py:559] Config param wsd_decay_steps_fraction: 0.1
I0805 14:24:58.946824 139724427637056 pyconfig.py:559] Config param wsd_decay_style: WsdDecayStyle.LINEAR
I0805 14:24:58.946850 139724427637056 pyconfig.py:559] Config param xprof_e2e_enable_fw_power_level_event: False
I0805 14:24:58.946871 139724427637056 pyconfig.py:559] Config param xprof_e2e_enable_fw_thermal_event: False
I0805 14:24:58.946892 139724427637056 pyconfig.py:559] Config param xprof_e2e_enable_fw_throttle_event: False
I0805 14:24:58.946913 139724427637056 pyconfig.py:559] Config param xprof_tpu_power_trace_level: 0
I0805 14:24:58.946936 139724427637056 pyconfig.py:559] Config param z_loss_multiplier: 0.0
I0805 14:24:58.947404 139724427637056 max_utils.py:828] System Information: Jax Version: 0.10.0
I0805 14:24:58.947455 139724427637056 max_utils.py:829] System Information: Jaxlib Version: 0.10.0
I0805 14:24:58.947511 139724427637056 max_utils.py:830] System Information: Jax Backend: PJRT C API
rocm 71400
I0805 14:24:58.947549 139724427637056 max_utils.py:833] System Information: Number of devices: 8, jax path /opt/venv/lib/python3.12/site-packages/jax/__init__.py
I0805 14:24:58.947585 139724427637056 max_utils.py:836] System Information: Device 0: 0 (Local id: 0, Process index: 0)
I0805 14:24:58.947613 139724427637056 max_utils.py:836] System Information: Device 1: 1 (Local id: 1, Process index: 0)
I0805 14:24:58.947638 139724427637056 max_utils.py:836] System Information: Device 2: 2 (Local id: 2, Process index: 0)
I0805 14:24:58.947662 139724427637056 max_utils.py:836] System Information: Device 3: 3 (Local id: 3, Process index: 0)
I0805 14:24:58.947690 139724427637056 max_utils.py:836] System Information: Device 4: 4 (Local id: 4, Process index: 0)
I0805 14:24:58.947714 139724427637056 max_utils.py:836] System Information: Device 5: 5 (Local id: 5, Process index: 0)
I0805 14:24:58.947739 139724427637056 max_utils.py:836] System Information: Device 6: 6 (Local id: 6, Process index: 0)
I0805 14:24:58.947762 139724427637056 max_utils.py:836] System Information: Device 7: 7 (Local id: 7, Process index: 0)
I0805 14:24:58.947799 139724427637056 train_utils.py:355] WARNING: 'base_output_directory' might be pointing your local file system
I0805 14:24:58.947832 139724427637056 train_utils.py:366] WARNING: Sequence packing is essentially ignored for synthetic data. Please use a real dataset to use sequence packing.
I0805 14:25:03.209862 139724427637056 maxtext_utils.py:1975] Num_devices: 8, shape (1, 1, 1, 1, 1, 1, 1, 1, 1, 1, 8, 1)
I0805 14:25:03.210478 139724427637056 maxtext_utils.py:1975] Num_devices: 8, shape (1, 1, 1, 1, 1, 1, 1, 1, 1, 1, 8, 1)
I0805 14:25:03.211448 139724427637056 checkpointing.py:995] Setting up checkpoint logger...
I0805 14:25:03.211606 139724427637056 checkpointing.py:386] Checkpointing disabled, not creating checkpoint manager.
/opt/venv/lib/python3.12/site-packages/transformer_engine/jax/flax/transformer.py:732: UserWarning: The dtype argument is deprecated and will be removed in a future release. DotProductAttention will use the dtype of the inputs instead as this module does not have any parameters. Module dtype specified self.dtype=dtype(bfloat16) matches dtype of inputs so behavior is unchanged. Please remove the dtype argument within the next few releases.
  warnings.warn(
I0805 14:25:04.377594 139724427637056 moe.py:2053] Applying potential token dropping with a batch expert_capacity of 1024
I0805 14:25:04.441998 139724427637056 moe.py:2053] Applying potential token dropping with a batch expert_capacity of 1024
I0805 14:25:04.560298 139724427637056 moe.py:2053] Applying potential token dropping with a batch expert_capacity of 1024
I0805 14:25:04.621625 139724427637056 moe.py:2053] Applying potential token dropping with a batch expert_capacity of 1024
I0805 14:25:05.075239 139724427637056 checkpointing.py:983] No existing checkpoints found, not restoring checkpoint.
I0805 14:25:17.798972 139724427637056 moe.py:2053] Applying potential token dropping with a batch expert_capacity of 1024
I0805 14:25:17.912365 139724427637056 moe.py:2053] Applying potential token dropping with a batch expert_capacity of 1024
I0805 14:25:25.349035 139724427637056 max_utils.py:819] Total memory size: 96.5 GB, Output size: 65.2 GB, Temp size: 31.3 GB, Argument size: 65.2 GB, Host temp size: 0.0 GB.
I0805 14:25:25.351314 139724427637056 metric_logger.py:334] number parameters: 46.703 billion
I0805 14:25:25.448696 139724427637056 train.py:680] ====== BARRIER: Synchronizing hosts before training loop ======
I0805 14:25:25.449081 139724427637056 train.py:682] ====== BARRIER PASSED: Starting training loop ======
I0805 14:25:25.931898 139724427637056 moe.py:2053] Applying potential token dropping with a batch expert_capacity of 1024
I0805 14:25:25.989841 139724427637056 moe.py:2053] Applying potential token dropping with a batch expert_capacity of 1024
E0805 14:25:41.979531  130378 rendezvous.cc:108] [id=2] This thread has been waiting for `[5] [rank=5] [run_id=-1478625017] Initialize clique: devices=8:[0,1,2,3,4,5,6,7]; local_participants=8; communication_id=0; incarnations=[]` for 10 seconds and may be stuck. All 8 threads joined the rendezvous, however the leader has not marked the rendezvous as completed. Leader can be deadlocked inside the rendezvous callback.
E0805 14:25:41.979542  130381 rendezvous.cc:108] [id=6] This thread has been waiting for `[6] [rank=6] [run_id=-1478625017] Initialize clique: devices=8:[0,1,2,3,4,5,6,7]; local_participants=8; communication_id=0; incarnations=[]` for 10 seconds and may be stuck. All 8 threads joined the rendezvous, however the leader has not marked the rendezvous as completed. Leader can be deadlocked inside the rendezvous callback.
E0805 14:25:41.979540  130372 rendezvous.cc:108] [id=1] This thread has been waiting for `[3] [rank=3] [run_id=-1478625017] Initialize clique: devices=8:[0,1,2,3,4,5,6,7]; local_participants=8; communication_id=0; incarnations=[]` for 10 seconds and may be stuck. All 8 threads joined the rendezvous, however the leader has not marked the rendezvous as completed. Leader can be deadlocked inside the rendezvous callback.
E0805 14:25:41.979566  130384 rendezvous.cc:108] [id=0] This thread has been waiting for `[7] [rank=7] [run_id=-1478625017] Initialize clique: devices=8:[0,1,2,3,4,5,6,7]; local_participants=8; communication_id=0; incarnations=[]` for 10 seconds and may be stuck. All 8 threads joined the rendezvous, however the leader has not marked the rendezvous as completed. Leader can be deadlocked inside the rendezvous callback.
E0805 14:25:41.979600  130375 rendezvous.cc:108] [id=3] This thread has been waiting for `[4] [rank=4] [run_id=-1478625017] Initialize clique: devices=8:[0,1,2,3,4,5,6,7]; local_participants=8; communication_id=0; incarnations=[]` for 10 seconds and may be stuck. All 8 threads joined the rendezvous, however the leader has not marked the rendezvous as completed. Leader can be deadlocked inside the rendezvous callback.
E0805 14:25:41.979596  130369 rendezvous.cc:108] [id=4] This thread has been waiting for `[2] [rank=2] [run_id=-1478625017] Initialize clique: devices=8:[0,1,2,3,4,5,6,7]; local_participants=8; communication_id=0; incarnations=[]` for 10 seconds and may be stuck. All 8 threads joined the rendezvous, however the leader has not marked the rendezvous as completed. Leader can be deadlocked inside the rendezvous callback.
E0805 14:25:41.979594  130366 rendezvous.cc:108] [id=5] This thread has been waiting for `[1] [rank=1] [run_id=-1478625017] Initialize clique: devices=8:[0,1,2,3,4,5,6,7]; local_participants=8; communication_id=0; incarnations=[]` for 10 seconds and may be stuck. All 8 threads joined the rendezvous, however the leader has not marked the rendezvous as completed. Leader can be deadlocked inside the rendezvous callback.
E0805 14:25:46.221931  130381 rendezvous.cc:130] [id=6] This thread is unstuck waiting for `[6] [rank=6] [run_id=-1478625017] Initialize clique: devices=8:[0,1,2,3,4,5,6,7]; local_participants=8; communication_id=0; incarnations=[]` after 14.242588255s. All threads joined the rendezvous on time however the leader took long time to complete it. Warning above was a false-positive. Perhaps the timeout is too short.
E0805 14:25:46.222057  130372 rendezvous.cc:130] [id=1] This thread is unstuck waiting for `[3] [rank=3] [run_id=-1478625017] Initialize clique: devices=8:[0,1,2,3,4,5,6,7]; local_participants=8; communication_id=0; incarnations=[]` after 14.242789874s. All threads joined the rendezvous on time however the leader took long time to complete it. Warning above was a false-positive. Perhaps the timeout is too short.
E0805 14:25:46.222061  130378 rendezvous.cc:130] [id=2] This thread is unstuck waiting for `[5] [rank=5] [run_id=-1478625017] Initialize clique: devices=8:[0,1,2,3,4,5,6,7]; local_participants=8; communication_id=0; incarnations=[]` after 14.242779806s. All threads joined the rendezvous on time however the leader took long time to complete it. Warning above was a false-positive. Perhaps the timeout is too short.
E0805 14:25:46.222110  130369 rendezvous.cc:130] [id=4] This thread is unstuck waiting for `[2] [rank=2] [run_id=-1478625017] Initialize clique: devices=8:[0,1,2,3,4,5,6,7]; local_participants=8; communication_id=0; incarnations=[]` after 14.24278915s. All threads joined the rendezvous on time however the leader took long time to complete it. Warning above was a false-positive. Perhaps the timeout is too short.
E0805 14:25:46.222121  130384 rendezvous.cc:130] [id=0] This thread is unstuck waiting for `[7] [rank=7] [run_id=-1478625017] Initialize clique: devices=8:[0,1,2,3,4,5,6,7]; local_participants=8; communication_id=0; incarnations=[]` after 14.24298301s. All threads joined the rendezvous on time however the leader took long time to complete it. Warning above was a false-positive. Perhaps the timeout is too short.
E0805 14:25:46.222118  130366 rendezvous.cc:130] [id=5] This thread is unstuck waiting for `[1] [rank=1] [run_id=-1478625017] Initialize clique: devices=8:[0,1,2,3,4,5,6,7]; local_participants=8; communication_id=0; incarnations=[]` after 14.242787711s. All threads joined the rendezvous on time however the leader took long time to complete it. Warning above was a false-positive. Perhaps the timeout is too short.
E0805 14:25:46.222112  130375 rendezvous.cc:130] [id=3] This thread is unstuck waiting for `[4] [rank=4] [run_id=-1478625017] Initialize clique: devices=8:[0,1,2,3,4,5,6,7]; local_participants=8; communication_id=0; incarnations=[]` after 14.24279217s. All threads joined the rendezvous on time however the leader took long time to complete it. Warning above was a false-positive. Perhaps the timeout is too short.
RCCL version : 2.30.4-HEAD:9e5e408
HIP version  : 7.14.60850-0000000
ROCm version : 7.14.0.0-9999-2b22ab01
Hostname     : dell300x-ccs-aus-f06-01
Librccl path : /opt/rocm/lib/librccl.so.1
[aiter] hipModuleLoad (embedded): hsa/gfx942/fmha_v3_fwd/MI300/fwd_hd128_bf16_causal_rtz.co GetFunction: _ZN5aiter30fmha_fwd_hd128_bf16_causal_rtzE
[aiter] hipModuleGetFunction: _ZN5aiter30fmha_fwd_hd128_bf16_causal_rtzE Success
[aiter] hipModuleLoad (embedded): hsa/gfx942/fmha_v3_fwd/MI300/fwd_hd128_bf16_causal_rtz.co GetFunction: _ZN5aiter30fmha_fwd_hd128_bf16_causal_rtzE
[aiter] hipModuleGetFunction: _ZN5aiter30fmha_fwd_hd128_bf16_causal_rtzE Success
[aiter] hipModuleLoad (embedded): hsa/gfx942/fmha_v3_fwd/MI300/fwd_hd128_bf16_causal_rtz.co GetFunction: _ZN5aiter30fmha_fwd_hd128_bf16_causal_rtzE
[aiter] hipModuleLoad (embedded): hsa/gfx942/fmha_v3_fwd/MI300/fwd_hd128_bf16_causal_rtz.co GetFunction: _ZN5aiter30fmha_fwd_hd128_bf16_causal_rtzE
[aiter] hipModuleGetFunction: _ZN5aiter30fmha_fwd_hd128_bf16_causal_rtzE Success
[aiter] hipModuleLoad (embedded): hsa/gfx942/fmha_v3_fwd/MI300/fwd_hd128_bf16_causal_rtz.co GetFunction: _ZN5aiter30fmha_fwd_hd128_bf16_causal_rtzE
[aiter] hipModuleGetFunction: _ZN5aiter30fmha_fwd_hd128_bf16_causal_rtzE Success
[aiter] hipModuleGetFunction: _ZN5aiter30fmha_fwd_hd128_bf16_causal_rtzE Success
[aiter] hipModuleLoad (embedded): hsa/gfx942/fmha_v3_fwd/MI300/fwd_hd128_bf16_causal_rtz.co GetFunction: _ZN5aiter30fmha_fwd_hd128_bf16_causal_rtzE
[aiter] hipModuleGetFunction: _ZN5aiter30fmha_fwd_hd128_bf16_causal_rtzE Success
[aiter] hipModuleLoad (embedded): hsa/gfx942/fmha_v3_fwd/MI300/fwd_hd128_bf16_causal_rtz.co GetFunction: _ZN5aiter30fmha_fwd_hd128_bf16_causal_rtzE
[aiter] hipModuleGetFunction: _ZN5aiter30fmha_fwd_hd128_bf16_causal_rtzE Success
[aiter] hipModuleLoad (embedded): hsa/gfx942/fmha_v3_fwd/MI300/fwd_hd128_bf16_causal_rtz.co GetFunction: _ZN5aiter30fmha_fwd_hd128_bf16_causal_rtzE
[aiter] hipModuleGetFunction: _ZN5aiter30fmha_fwd_hd128_bf16_causal_rtzE Success
[aiter] hipModuleLoad (embedded): hsa/gfx942/fmha_v3_bwd/bwd_hd128_odo_bf16.co GetFunction: _ZN5aiter23fmha_bwd_hd128_odo_bf16E
[aiter] hipModuleGetFunction: _ZN5aiter23fmha_bwd_hd128_odo_bf16E Success
[aiter] hipModuleLoad (embedded): hsa/gfx942/fmha_v3_bwd/bwd_hd128_bf16_causal_a32_rtz_psskddv.co GetFunction: _ZN5aiter42fmha_bwd_hd128_bf16_causal_a32_rtz_psskddvE
[aiter] hipModuleGetFunction: _ZN5aiter42fmha_bwd_hd128_bf16_causal_a32_rtz_psskddvE Success
[aiter] hipModuleLoad (embedded): hsa/gfx942/fmha_v3_bwd/bwd_hd128_dq_convert_bf16_rtz.co GetFunction: _ZN5aiter34fmha_bwd_hd128_dq_convert_bf16_rtzE
[aiter] hipModuleGetFunction: _ZN5aiter34fmha_bwd_hd128_dq_convert_bf16_rtzE Success
[aiter] hipModuleLoad (embedded): hsa/gfx942/fmha_v3_bwd/bwd_hd128_odo_bf16.co GetFunction: _ZN5aiter23fmha_bwd_hd128_odo_bf16E
[aiter] hipModuleGetFunction: _ZN5aiter23fmha_bwd_hd128_odo_bf16E Success
[aiter] hipModuleLoad (embedded): hsa/gfx942/fmha_v3_bwd/bwd_hd128_bf16_causal_a32_rtz_psskddv.co GetFunction: _ZN5aiter42fmha_bwd_hd128_bf16_causal_a32_rtz_psskddvE
[aiter] hipModuleGetFunction: _ZN5aiter42fmha_bwd_hd128_bf16_causal_a32_rtz_psskddvE Success
[aiter] hipModuleLoad (embedded): hsa/gfx942/fmha_v3_bwd/bwd_hd128_dq_convert_bf16_rtz.co GetFunction: _ZN5aiter34fmha_bwd_hd128_dq_convert_bf16_rtzE
[aiter] hipModuleGetFunction: _ZN5aiter34fmha_bwd_hd128_dq_convert_bf16_rtzE Success
[aiter] hipModuleLoad (embedded): hsa/gfx942/fmha_v3_bwd/bwd_hd128_odo_bf16.co GetFunction: _ZN5aiter23fmha_bwd_hd128_odo_bf16E
[aiter] hipModuleGetFunction: _ZN5aiter23fmha_bwd_hd128_odo_bf16E Success
[aiter] hipModuleLoad (embedded): hsa/gfx942/fmha_v3_bwd/bwd_hd128_bf16_causal_a32_rtz_psskddv.co GetFunction: _ZN5aiter42fmha_bwd_hd128_bf16_causal_a32_rtz_psskddvE
[aiter] hipModuleGetFunction: _ZN5aiter42fmha_bwd_hd128_bf16_causal_a32_rtz_psskddvE Success
[aiter] hipModuleLoad (embedded): hsa/gfx942/fmha_v3_bwd/bwd_hd128_dq_convert_bf16_rtz.co GetFunction: _ZN5aiter34fmha_bwd_hd128_dq_convert_bf16_rtzE
[aiter] hipModuleGetFunction: _ZN5aiter34fmha_bwd_hd128_dq_convert_bf16_rtzE Success
[aiter] hipModuleLoad (embedded): hsa/gfx942/fmha_v3_bwd/bwd_hd128_odo_bf16.co GetFunction: _ZN5aiter23fmha_bwd_hd128_odo_bf16E
[aiter] hipModuleGetFunction: _ZN5aiter23fmha_bwd_hd128_odo_bf16E Success
[aiter] hipModuleLoad (embedded): hsa/gfx942/fmha_v3_bwd/bwd_hd128_bf16_causal_a32_rtz_psskddv.co GetFunction: _ZN5aiter42fmha_bwd_hd128_bf16_causal_a32_rtz_psskddvE
[aiter] hipModuleGetFunction: _ZN5aiter42fmha_bwd_hd128_bf16_causal_a32_rtz_psskddvE Success
[aiter] hipModuleLoad (embedded): hsa/gfx942/fmha_v3_bwd/bwd_hd128_dq_convert_bf16_rtz.co GetFunction: _ZN5aiter34fmha_bwd_hd128_dq_convert_bf16_rtzE
[aiter] hipModuleGetFunction: _ZN5aiter34fmha_bwd_hd128_dq_convert_bf16_rtzE Success
[aiter] hipModuleLoad (embedded): hsa/gfx942/fmha_v3_bwd/bwd_hd128_odo_bf16.co GetFunction: _ZN5aiter23fmha_bwd_hd128_odo_bf16E
[aiter] hipModuleGetFunction: _ZN5aiter23fmha_bwd_hd128_odo_bf16E Success
[aiter] hipModuleLoad (embedded): hsa/gfx942/fmha_v3_bwd/bwd_hd128_bf16_causal_a32_rtz_psskddv.co GetFunction: _ZN5aiter42fmha_bwd_hd128_bf16_causal_a32_rtz_psskddvE
[aiter] hipModuleGetFunction: _ZN5aiter42fmha_bwd_hd128_bf16_causal_a32_rtz_psskddvE Success
[aiter] hipModuleLoad (embedded): hsa/gfx942/fmha_v3_bwd/bwd_hd128_dq_convert_bf16_rtz.co GetFunction: _ZN5aiter34fmha_bwd_hd128_dq_convert_bf16_rtzE
[aiter] hipModuleGetFunction: _ZN5aiter34fmha_bwd_hd128_dq_convert_bf16_rtzE Success
[aiter] hipModuleLoad (embedded): hsa/gfx942/fmha_v3_bwd/bwd_hd128_odo_bf16.co GetFunction: _ZN5aiter23fmha_bwd_hd128_odo_bf16E
[aiter] hipModuleGetFunction: _ZN5aiter23fmha_bwd_hd128_odo_bf16E Success
[aiter] hipModuleLoad (embedded): hsa/gfx942/fmha_v3_bwd/bwd_hd128_bf16_causal_a32_rtz_psskddv.co GetFunction: _ZN5aiter42fmha_bwd_hd128_bf16_causal_a32_rtz_psskddvE
[aiter] hipModuleGetFunction: _ZN5aiter42fmha_bwd_hd128_bf16_causal_a32_rtz_psskddvE Success
[aiter] hipModuleLoad (embedded): hsa/gfx942/fmha_v3_bwd/bwd_hd128_dq_convert_bf16_rtz.co GetFunction: _ZN5aiter34fmha_bwd_hd128_dq_convert_bf16_rtzE
[aiter] hipModuleGetFunction: _ZN5aiter34fmha_bwd_hd128_dq_convert_bf16_rtzE Success
[aiter] hipModuleLoad (embedded): hsa/gfx942/fmha_v3_bwd/bwd_hd128_odo_bf16.co GetFunction: _ZN5aiter23fmha_bwd_hd128_odo_bf16E
[aiter] hipModuleGetFunction: _ZN5aiter23fmha_bwd_hd128_odo_bf16E Success
[aiter] hipModuleLoad (embedded): hsa/gfx942/fmha_v3_bwd/bwd_hd128_bf16_causal_a32_rtz_psskddv.co GetFunction: _ZN5aiter42fmha_bwd_hd128_bf16_causal_a32_rtz_psskddvE
[aiter] hipModuleGetFunction: _ZN5aiter42fmha_bwd_hd128_bf16_causal_a32_rtz_psskddvE Success
[aiter] hipModuleLoad (embedded): hsa/gfx942/fmha_v3_bwd/bwd_hd128_dq_convert_bf16_rtz.co GetFunction: _ZN5aiter34fmha_bwd_hd128_dq_convert_bf16_rtzE
[aiter] hipModuleGetFunction: _ZN5aiter34fmha_bwd_hd128_dq_convert_bf16_rtzE Success
[aiter] hipModuleLoad (embedded): hsa/gfx942/fmha_v3_bwd/bwd_hd128_odo_bf16.co GetFunction: _ZN5aiter23fmha_bwd_hd128_odo_bf16E
[aiter] hipModuleGetFunction: _ZN5aiter23fmha_bwd_hd128_odo_bf16E Success
[aiter] hipModuleLoad (embedded): hsa/gfx942/fmha_v3_bwd/bwd_hd128_bf16_causal_a32_rtz_psskddv.co GetFunction: _ZN5aiter42fmha_bwd_hd128_bf16_causal_a32_rtz_psskddvE
[aiter] hipModuleGetFunction: _ZN5aiter42fmha_bwd_hd128_bf16_causal_a32_rtz_psskddvE Success
[aiter] hipModuleLoad (embedded): hsa/gfx942/fmha_v3_bwd/bwd_hd128_dq_convert_bf16_rtz.co GetFunction: _ZN5aiter34fmha_bwd_hd128_dq_convert_bf16_rtzE
[aiter] hipModuleGetFunction: _ZN5aiter34fmha_bwd_hd128_dq_convert_bf16_rtzE Success
I0805 14:25:59.128909 139724427637056 max_utils.py:778] 
Memstats: After params initialized:
I0805 14:25:59.129362 139724427637056 max_utils.py:784] 	Using (GB) 65.25 / 172.79 (37.762602%) on rocm:0
I0805 14:25:59.129524 139724427637056 max_utils.py:784] 	Using (GB) 65.25 / 172.79 (37.762602%) on rocm:1
I0805 14:25:59.129641 139724427637056 max_utils.py:784] 	Using (GB) 65.25 / 172.79 (37.762602%) on rocm:2
I0805 14:25:59.129765 139724427637056 max_utils.py:784] 	Using (GB) 65.25 / 172.79 (37.762602%) on rocm:3
I0805 14:25:59.129856 139724427637056 max_utils.py:784] 	Using (GB) 65.25 / 172.79 (37.762602%) on rocm:4
I0805 14:25:59.129941 139724427637056 max_utils.py:784] 	Using (GB) 65.25 / 172.79 (37.762602%) on rocm:5
I0805 14:25:59.130023 139724427637056 max_utils.py:784] 	Using (GB) 65.25 / 172.79 (37.762602%) on rocm:6
I0805 14:25:59.130101 139724427637056 max_utils.py:784] 	Using (GB) 65.25 / 172.79 (37.762602%) on rocm:7
I0805 14:26:01.448154 139724427637056 metric_logger.py:207] completed step: 0, seconds: 33.680, TFLOP/s/device: 9.694, Tokens/s/device: 121.617, total_weights: 32768, loss: 10.876, lm_loss: 10.876, perplexity: 52885.883, moe_lb_loss: 0.000
I0805 14:26:01.452875 139724427637056 metric_logger.py:314] To see full metrics 'tensorboard --logdir=/root/work/scale-your-amd/runs/20260805-maxtext-moe-b1-sharded/maxtext/moe-b1-sharded/tensorboard/'
I0805 14:26:03.299045 139724427637056 metric_logger.py:207] completed step: 1, seconds: 2.314, TFLOP/s/device: 141.088, Tokens/s/device: 1769.960, total_weights: 32768, loss: 10.876, lm_loss: 10.876, perplexity: 52885.883, moe_lb_loss: 0.000
I0805 14:26:05.146219 139724427637056 metric_logger.py:207] completed step: 2, seconds: 1.852, TFLOP/s/device: 176.316, Tokens/s/device: 2211.888, total_weights: 32768, loss: 10.411, lm_loss: 10.411, perplexity: 33206.707, moe_lb_loss: 0.000
I0805 14:26:06.994831 139724427637056 metric_logger.py:207] completed step: 3, seconds: 1.847, TFLOP/s/device: 176.761, Tokens/s/device: 2217.476, total_weights: 32768, loss: 10.177, lm_loss: 10.177, perplexity: 26304.240, moe_lb_loss: 0.000
I0805 14:26:08.843615 139724427637056 metric_logger.py:207] completed step: 4, seconds: 1.849, TFLOP/s/device: 176.619, Tokens/s/device: 2215.690, total_weights: 32768, loss: 9.992, lm_loss: 9.992, perplexity: 21847.344, moe_lb_loss: 0.000
I0805 14:26:10.697824 139724427637056 metric_logger.py:207] completed step: 5, seconds: 1.849, TFLOP/s/device: 176.571, Tokens/s/device: 2215.092, total_weights: 32768, loss: 9.838, lm_loss: 9.838, perplexity: 18734.631, moe_lb_loss: 0.000
I0805 14:26:12.558746 139724427637056 metric_logger.py:207] completed step: 6, seconds: 1.854, TFLOP/s/device: 176.106, Tokens/s/device: 2209.262, total_weights: 32768, loss: 9.706, lm_loss: 9.706, perplexity: 16421.027, moe_lb_loss: 0.000
I0805 14:26:14.422288 139724427637056 metric_logger.py:207] completed step: 7, seconds: 1.861, TFLOP/s/device: 175.412, Tokens/s/device: 2200.556, total_weights: 32768, loss: 9.591, lm_loss: 9.591, perplexity: 14625.974, moe_lb_loss: 0.000
I0805 14:26:16.288882 139724427637056 metric_logger.py:207] completed step: 8, seconds: 1.863, TFLOP/s/device: 175.225, Tokens/s/device: 2198.210, total_weights: 32768, loss: 9.488, lm_loss: 9.488, perplexity: 13204.572, moe_lb_loss: 0.000
I0805 14:26:18.156997 139724427637056 metric_logger.py:207] completed step: 9, seconds: 1.866, TFLOP/s/device: 174.945, Tokens/s/device: 2194.696, total_weights: 32768, loss: 9.398, lm_loss: 9.398, perplexity: 12069.922, moe_lb_loss: 0.000
I0805 14:26:20.026987 139724427637056 metric_logger.py:207] completed step: 10, seconds: 1.868, TFLOP/s/device: 174.754, Tokens/s/device: 2192.301, total_weights: 32768, loss: 9.321, lm_loss: 9.321, perplexity: 11168.816, moe_lb_loss: 0.000
I0805 14:26:21.900216 139724427637056 metric_logger.py:207] completed step: 11, seconds: 1.870, TFLOP/s/device: 174.612, Tokens/s/device: 2190.513, total_weights: 32768, loss: 9.256, lm_loss: 9.256, perplexity: 10464.781, moe_lb_loss: 0.000
I0805 14:26:23.775199 139724427637056 metric_logger.py:207] completed step: 12, seconds: 1.873, TFLOP/s/device: 174.324, Tokens/s/device: 2186.902, total_weights: 32768, loss: 9.203, lm_loss: 9.203, perplexity: 9927.557, moe_lb_loss: 0.000
I0805 14:26:25.649336 139724427637056 metric_logger.py:207] completed step: 13, seconds: 1.875, TFLOP/s/device: 174.130, Tokens/s/device: 2184.465, total_weights: 32768, loss: 9.162, lm_loss: 9.162, perplexity: 9526.110, moe_lb_loss: 0.000
I0805 14:26:27.524890 139724427637056 metric_logger.py:207] completed step: 14, seconds: 1.874, TFLOP/s/device: 174.197, Tokens/s/device: 2185.312, total_weights: 32768, loss: 9.130, lm_loss: 9.130, perplexity: 9226.492, moe_lb_loss: 0.000
I0805 14:26:27.535069 139724427637056 metric_logger.py:207] completed step: 15, seconds: 1.875, TFLOP/s/device: 174.119, Tokens/s/device: 2184.333, total_weights: 32768, loss: 9.104, lm_loss: 9.104, perplexity: 8990.989, moe_lb_loss: 0.000
Per train step:
 Total TFLOPs: 326.50 
 split as 95.96% learnable weight flops and 4.04% attention flops
