WARNING: All log messages before absl::InitializeLog() is called are written to STDERR
I0000 00:00:1785940640.707049  138477 port.cc:153] oneDNN custom operations are on. You may see slightly different numerical results due to floating-point round-off errors from different computation orders. To turn them off, set the environment variable `TF_ENABLE_ONEDNN_OPTS=0`.
WARNING: All log messages before absl::InitializeLog() is called are written to STDERR
I0000 00:00:1785940641.702631  138477 port.cc:153] oneDNN custom operations are on. You may see slightly different numerical results due to floating-point round-off errors from different computation orders. To turn them off, set the environment variable `TF_ENABLE_ONEDNN_OPTS=0`.
[transformers] PyTorch was not found. Models won't be available and only tokenizers, configuration and file/data utilities can be used.
[transformers] DeepseekV32Config got `key=rope_scaling` in kwargs but hasn't set it as attribute. For RoPE standardization you need to set `self.rope_parameters` in model's config. 
I0805 14:37:25.073903 140012859158848 max_utils.py:260] Attempting to initialize the jax distributed system for GPU backend...
I0805 14:37:25.073999 140012859158848 max_utils.py:262] Jax distributed system initialized on GPU!
I0805 14:37:26.345834 140012859158848 pyconfig.py:559] Config param abort_on_inf_loss: True
I0805 14:37:26.346002 140012859158848 pyconfig.py:559] Config param abort_on_nan_loss: True
I0805 14:37:26.346035 140012859158848 pyconfig.py:559] Config param act_quantization_calibration_method: absmax
I0805 14:37:26.346060 140012859158848 pyconfig.py:559] Config param activation_dropout_for_audio: 0.0
I0805 14:37:26.346085 140012859158848 pyconfig.py:559] Config param activation_function_for_audio: gelu
I0805 14:37:26.346103 140012859158848 pyconfig.py:559] Config param activations_in_float32: False
I0805 14:37:26.346120 140012859158848 pyconfig.py:559] Config param adam_b1: 0.9
I0805 14:37:26.346140 140012859158848 pyconfig.py:559] Config param adam_b2: 0.95
I0805 14:37:26.346157 140012859158848 pyconfig.py:559] Config param adam_eps: 1e-08
I0805 14:37:26.346178 140012859158848 pyconfig.py:559] Config param adam_eps_root: 0.0
I0805 14:37:26.346198 140012859158848 pyconfig.py:559] Config param adam_weight_decay: 0.1
I0805 14:37:26.346214 140012859158848 pyconfig.py:559] Config param adamw_mask: []
I0805 14:37:26.346230 140012859158848 pyconfig.py:559] Config param add_bos: True
I0805 14:37:26.346246 140012859158848 pyconfig.py:559] Config param add_eos: True
I0805 14:37:26.346261 140012859158848 pyconfig.py:559] Config param allow_split_physical_axes: False
I0805 14:37:26.346275 140012859158848 pyconfig.py:559] Config param ar_cache_axis_order: 1,2,0,3
I0805 14:37:26.346290 140012859158848 pyconfig.py:559] Config param async_checkpointing: True
I0805 14:37:26.346304 140012859158848 pyconfig.py:559] Config param async_scheduling: False
I0805 14:37:26.346318 140012859158848 pyconfig.py:559] Config param attention: cudnn_flash_te
I0805 14:37:26.346333 140012859158848 pyconfig.py:559] Config param attention_bias: False
I0805 14:37:26.346347 140012859158848 pyconfig.py:559] Config param attention_dropout_for_audio: 0.0
I0805 14:37:26.346361 140012859158848 pyconfig.py:559] Config param attention_for_vit: dot_product
I0805 14:37:26.346375 140012859158848 pyconfig.py:559] Config param attention_out: RematLocation.REMAT
I0805 14:37:26.346399 140012859158848 pyconfig.py:559] Config param attention_output_dim: -1
I0805 14:37:26.346415 140012859158848 pyconfig.py:559] Config param attention_sink: False
I0805 14:37:26.346431 140012859158848 pyconfig.py:559] Config param attention_type: global
I0805 14:37:26.346448 140012859158848 pyconfig.py:559] Config param attn_logits_soft_cap: None
I0805 14:37:26.346464 140012859158848 pyconfig.py:559] Config param attn_module_name: None
I0805 14:37:26.346480 140012859158848 pyconfig.py:559] Config param audio_path: 
I0805 14:37:26.346494 140012859158848 pyconfig.py:559] Config param audio_placeholder: <|audio|>
I0805 14:37:26.346511 140012859158848 pyconfig.py:559] Config param autoregressive_decode_assert: 
I0805 14:37:26.346526 140012859158848 pyconfig.py:559] Config param base_config: None
I0805 14:37:26.346541 140012859158848 pyconfig.py:559] Config param base_emb_dim: 4096
I0805 14:37:26.346555 140012859158848 pyconfig.py:559] Config param base_mlp_dim: 14336
I0805 14:37:26.346570 140012859158848 pyconfig.py:559] Config param base_moe_mlp_dim: 14336
I0805 14:37:26.346585 140012859158848 pyconfig.py:559] Config param base_num_decoder_layers: 32
I0805 14:37:26.346598 140012859158848 pyconfig.py:559] Config param base_num_kv_heads: 8
I0805 14:37:26.346612 140012859158848 pyconfig.py:559] Config param base_num_query_heads: 32
I0805 14:37:26.346626 140012859158848 pyconfig.py:559] Config param base_output_directory: /root/work/scale-your-amd/runs/20260805-maxtext-moe-b4-sharded/maxtext
I0805 14:37:26.346642 140012859158848 pyconfig.py:559] Config param batch_size: 1
I0805 14:37:26.346656 140012859158848 pyconfig.py:559] Config param batch_split_factor: 1
I0805 14:37:26.346670 140012859158848 pyconfig.py:559] Config param beta_fast: 32
I0805 14:37:26.346684 140012859158848 pyconfig.py:559] Config param beta_slow: 1
I0805 14:37:26.346699 140012859158848 pyconfig.py:559] Config param bwd_quantization_calibration_method: absmax
I0805 14:37:26.346714 140012859158848 pyconfig.py:559] Config param capacity_factor: 1.0
I0805 14:37:26.346730 140012859158848 pyconfig.py:559] Config param cast_logits_to_fp32: True
I0805 14:37:26.346746 140012859158848 pyconfig.py:559] Config param chat_template: 
I0805 14:37:26.346761 140012859158848 pyconfig.py:559] Config param chat_template_path: 
I0805 14:37:26.346775 140012859158848 pyconfig.py:559] Config param check_vma: False
I0805 14:37:26.346789 140012859158848 pyconfig.py:559] Config param checkpoint_conversion_fn: None
I0805 14:37:26.346806 140012859158848 pyconfig.py:559] Config param checkpoint_dir: /root/work/scale-your-amd/runs/20260805-maxtext-moe-b4-sharded/maxtext/moe-b4-sharded/checkpoints/
I0805 14:37:26.346826 140012859158848 pyconfig.py:559] Config param checkpoint_is_quantized: False
I0805 14:37:26.346842 140012859158848 pyconfig.py:559] Config param checkpoint_period: 10000
I0805 14:37:26.346857 140012859158848 pyconfig.py:559] Config param checkpoint_storage_concurrent_gb: 96
I0805 14:37:26.346873 140012859158848 pyconfig.py:559] Config param checkpoint_storage_target_data_file_size_bytes: 2147483648
I0805 14:37:26.346889 140012859158848 pyconfig.py:559] Config param checkpoint_storage_use_ocdbt: True
I0805 14:37:26.346904 140012859158848 pyconfig.py:559] Config param checkpoint_storage_use_zarr3: True
I0805 14:37:26.346918 140012859158848 pyconfig.py:559] Config param checkpoint_todelete_full_path: None
I0805 14:37:26.346932 140012859158848 pyconfig.py:559] Config param checkpoint_todelete_subdir: None
I0805 14:37:26.346946 140012859158848 pyconfig.py:559] Config param chips_per_vm: 4
I0805 14:37:26.346959 140012859158848 pyconfig.py:559] Config param chunk_attn_window_size: 0
I0805 14:37:26.346973 140012859158848 pyconfig.py:559] Config param colocated_python_checkpointing: False
I0805 14:37:26.346985 140012859158848 pyconfig.py:559] Config param colocated_python_data_input: False
I0805 14:37:26.346998 140012859158848 pyconfig.py:559] Config param compile_topology: 
I0805 14:37:26.347012 140012859158848 pyconfig.py:559] Config param compile_topology_num_slices: -1
I0805 14:37:26.347025 140012859158848 pyconfig.py:559] Config param compile_xla_flags: 
I0805 14:37:26.347039 140012859158848 pyconfig.py:559] Config param compiled_trainstep_file: 
I0805 14:37:26.347052 140012859158848 pyconfig.py:559] Config param compress_ratios: []
I0805 14:37:26.347066 140012859158848 pyconfig.py:559] Config param compressed_rope_max_timescale: 160000
I0805 14:37:26.347080 140012859158848 pyconfig.py:559] Config param compute_axis_order: 0,1,2,3
I0805 14:37:26.347093 140012859158848 pyconfig.py:559] Config param constant_bound_config: []
I0805 14:37:26.347106 140012859158848 pyconfig.py:559] Config param context: RematLocation.REMAT
I0805 14:37:26.347121 140012859158848 pyconfig.py:559] Config param context_parallel_load_balance: True
I0805 14:37:26.347135 140012859158848 pyconfig.py:559] Config param context_parallel_reorder_strategy: ReorderStrategy.AUTO
I0805 14:37:26.347152 140012859158848 pyconfig.py:559] Config param context_parallel_size: 1
I0805 14:37:26.347166 140012859158848 pyconfig.py:559] Config param context_parallel_strategy: all_gather
I0805 14:37:26.347180 140012859158848 pyconfig.py:559] Config param context_sharding: context
I0805 14:37:26.347194 140012859158848 pyconfig.py:559] Config param conv_chunksize_for_audio: 500
I0805 14:37:26.347208 140012859158848 pyconfig.py:559] Config param conv_stride_for_vit: 14
I0805 14:37:26.347222 140012859158848 pyconfig.py:559] Config param convert_checkpoint_if_possible: False
I0805 14:37:26.347237 140012859158848 pyconfig.py:559] Config param cost_estimate_flops_bwd: -1
I0805 14:37:26.347252 140012859158848 pyconfig.py:559] Config param cost_estimate_flops_fwd: -1
I0805 14:37:26.347266 140012859158848 pyconfig.py:559] Config param custom_mesh: 
I0805 14:37:26.347279 140012859158848 pyconfig.py:559] Config param custom_mesh_and_rule: CustomRule.DEFAULT
I0805 14:37:26.347296 140012859158848 pyconfig.py:559] Config param d_model_for_audio: 256
I0805 14:37:26.347309 140012859158848 pyconfig.py:559] Config param data_sharding: (('data', 'stage', 'fsdp', 'fsdp_transpose', 'context', 'context_autoregressive', 'tensor', 'tensor_transpose', 'tensor_sequence', 'expert', 'autoregressive'),)
I0805 14:37:26.347329 140012859158848 pyconfig.py:559] Config param data_shuffle_seed: 0
I0805 14:37:26.347343 140012859158848 pyconfig.py:559] Config param data_template_path: 
I0805 14:37:26.347357 140012859158848 pyconfig.py:559] Config param dataset_name: c4/en:3.1.0
I0805 14:37:26.347369 140012859158848 pyconfig.py:559] Config param dataset_path: 
I0805 14:37:26.347383 140012859158848 pyconfig.py:559] Config param dataset_processor_path: 
I0805 14:37:26.347396 140012859158848 pyconfig.py:559] Config param dataset_type: DatasetType.SYNTHETIC
I0805 14:37:26.347412 140012859158848 pyconfig.py:559] Config param dcn_autoregressive_parallelism: 1
I0805 14:37:26.347425 140012859158848 pyconfig.py:559] Config param dcn_context_autoregressive_parallelism: 1
I0805 14:37:26.347439 140012859158848 pyconfig.py:559] Config param dcn_context_parallelism: 1
I0805 14:37:26.347452 140012859158848 pyconfig.py:559] Config param dcn_data_parallelism: -1
I0805 14:37:26.347466 140012859158848 pyconfig.py:559] Config param dcn_diloco_parallelism: 1
I0805 14:37:26.347479 140012859158848 pyconfig.py:559] Config param dcn_expert_parallelism: 1
I0805 14:37:26.347492 140012859158848 pyconfig.py:559] Config param dcn_fsdp_parallelism: 1
I0805 14:37:26.347505 140012859158848 pyconfig.py:559] Config param dcn_fsdp_transpose_parallelism: 1
I0805 14:37:26.347519 140012859158848 pyconfig.py:559] Config param dcn_parallelism: [1, -1, 1, 1, 1, 1, 1, 1, 1, 1, 1, 1]
I0805 14:37:26.347536 140012859158848 pyconfig.py:559] Config param dcn_pipeline_parallelism: 1
I0805 14:37:26.347550 140012859158848 pyconfig.py:559] Config param dcn_sequence_parallelism: 1
I0805 14:37:26.347563 140012859158848 pyconfig.py:559] Config param dcn_tensor_parallelism: 1
I0805 14:37:26.347577 140012859158848 pyconfig.py:559] Config param dcn_tensor_sequence_parallelism: 1
I0805 14:37:26.347589 140012859158848 pyconfig.py:559] Config param dcn_tensor_transpose_parallelism: 1
I0805 14:37:26.347603 140012859158848 pyconfig.py:559] Config param debug: {'rl': False}
I0805 14:37:26.347619 140012859158848 pyconfig.py:559] Config param debug_converter: False
I0805 14:37:26.347635 140012859158848 pyconfig.py:559] Config param debug_sharding: False
I0805 14:37:26.347649 140012859158848 pyconfig.py:559] Config param decode_sampling_nucleus_p: -1
I0805 14:37:26.347662 140012859158848 pyconfig.py:559] Config param decode_sampling_strategy: SamplingStrategy.GREEDY
I0805 14:37:26.347679 140012859158848 pyconfig.py:559] Config param decode_sampling_temperature: 1.0
I0805 14:37:26.347692 140012859158848 pyconfig.py:559] Config param decode_sampling_top_k: 0
I0805 14:37:26.347705 140012859158848 pyconfig.py:559] Config param decoder_block: DecoderBlockType.MIXTRAL
I0805 14:37:26.347721 140012859158848 pyconfig.py:559] Config param decoder_layer_input: RematLocation.DEVICE
I0805 14:37:26.347737 140012859158848 pyconfig.py:559] Config param deepstack_visual_indexes_for_vit: []
I0805 14:37:26.347754 140012859158848 pyconfig.py:559] Config param degenerate_group_masking: True
I0805 14:37:26.347769 140012859158848 pyconfig.py:559] Config param dense_init_scale: 1.0
I0805 14:37:26.347784 140012859158848 pyconfig.py:559] Config param diloco_outer_lr: 0.3
I0805 14:37:26.347799 140012859158848 pyconfig.py:559] Config param diloco_outer_momentum: 0.9
I0805 14:37:26.347816 140012859158848 pyconfig.py:559] Config param diloco_sync_period: 36
I0805 14:37:26.347833 140012859158848 pyconfig.py:559] Config param distill_alpha: 0.5
I0805 14:37:26.347848 140012859158848 pyconfig.py:559] Config param distill_alpha_end: None
I0805 14:37:26.347864 140012859158848 pyconfig.py:559] Config param distill_alpha_schedule: constant
I0805 14:37:26.347878 140012859158848 pyconfig.py:559] Config param distill_beta: 0.0
I0805 14:37:26.347891 140012859158848 pyconfig.py:559] Config param distill_beta_end: None
I0805 14:37:26.347904 140012859158848 pyconfig.py:559] Config param distill_beta_schedule: constant
I0805 14:37:26.347918 140012859158848 pyconfig.py:559] Config param distill_feature_loss_type: cosine
I0805 14:37:26.347931 140012859158848 pyconfig.py:559] Config param distill_layer_indices: None
I0805 14:37:26.347944 140012859158848 pyconfig.py:559] Config param distill_student_weights_share_map: {}
I0805 14:37:26.347958 140012859158848 pyconfig.py:559] Config param distill_temperature: 1.0
I0805 14:37:26.347972 140012859158848 pyconfig.py:559] Config param distill_temperature_end: None
I0805 14:37:26.347985 140012859158848 pyconfig.py:559] Config param distill_temperature_schedule: constant
I0805 14:37:26.347998 140012859158848 pyconfig.py:559] Config param distill_weights_copy_map: {}
I0805 14:37:26.348011 140012859158848 pyconfig.py:559] Config param downsample_hidden_size_for_audio: 256
I0805 14:37:26.348024 140012859158848 pyconfig.py:559] Config param dpo: {'algo': 'dpo', 'dpo_beta': 0.1, 'orpo_lambda': 0.1, 'dpo_label_smoothing': 0.0, 'max_prompt_length': None}
I0805 14:37:26.348040 140012859158848 pyconfig.py:559] Config param dq_reduction_steps: 0
I0805 14:37:26.348053 140012859158848 pyconfig.py:559] Config param dropout_rate: 0.0
I0805 14:37:26.348067 140012859158848 pyconfig.py:559] Config param dtype: bfloat16
I0805 14:37:26.348105 140012859158848 pyconfig.py:559] Config param dtype_mm: float32
I0805 14:37:26.348122 140012859158848 pyconfig.py:559] Config param dump_hlo: False
I0805 14:37:26.348136 140012859158848 pyconfig.py:559] Config param dump_hlo_delete_local_after: True
I0805 14:37:26.348150 140012859158848 pyconfig.py:559] Config param dump_hlo_gcs_dir: /root/work/scale-your-amd/runs/20260805-maxtext-moe-b4-sharded/maxtext/moe-b4-sharded/xla_dump
I0805 14:37:26.348164 140012859158848 pyconfig.py:559] Config param dump_hlo_local_dir: /tmp/xla_dump/
I0805 14:37:26.348177 140012859158848 pyconfig.py:559] Config param dump_hlo_local_module_name: jit_train_step
I0805 14:37:26.348191 140012859158848 pyconfig.py:559] Config param dump_hlo_module_name: jit_train_step
I0805 14:37:26.348204 140012859158848 pyconfig.py:559] Config param dump_hlo_upload_all: False
I0805 14:37:26.348218 140012859158848 pyconfig.py:559] Config param dump_hlo_xla_flags: 
I0805 14:37:26.348231 140012859158848 pyconfig.py:559] Config param dump_jaxpr: False
I0805 14:37:26.348245 140012859158848 pyconfig.py:559] Config param dump_jaxpr_delete_local_after: True
I0805 14:37:26.348258 140012859158848 pyconfig.py:559] Config param dump_jaxpr_gcs_dir: /root/work/scale-your-amd/runs/20260805-maxtext-moe-b4-sharded/maxtext/moe-b4-sharded/jaxpr_dump
I0805 14:37:26.348273 140012859158848 pyconfig.py:559] Config param dump_jaxpr_local_dir: /tmp/jaxpr_dump/
I0805 14:37:26.348286 140012859158848 pyconfig.py:559] Config param dump_step: -1
I0805 14:37:26.348300 140012859158848 pyconfig.py:559] Config param elastic_enabled: False
I0805 14:37:26.348313 140012859158848 pyconfig.py:559] Config param elastic_max_retries: 10
I0805 14:37:26.348326 140012859158848 pyconfig.py:559] Config param elastic_min_slice_count: -1
I0805 14:37:26.348339 140012859158848 pyconfig.py:559] Config param elastic_timeout_seconds: 300
I0805 14:37:26.348353 140012859158848 pyconfig.py:559] Config param emb_dim: 4096
I0805 14:37:26.348366 140012859158848 pyconfig.py:559] Config param enable_autocheckpoint: False
I0805 14:37:26.348380 140012859158848 pyconfig.py:559] Config param enable_checkpoint_cloud_logger: False
I0805 14:37:26.348392 140012859158848 pyconfig.py:559] Config param enable_checkpointing: False
I0805 14:37:26.348406 140012859158848 pyconfig.py:559] Config param enable_continuous_checkpointing: False
I0805 14:37:26.348418 140012859158848 pyconfig.py:559] Config param enable_data_shuffling: True
I0805 14:37:26.348432 140012859158848 pyconfig.py:559] Config param enable_diloco: False
I0805 14:37:26.348445 140012859158848 pyconfig.py:559] Config param enable_dp_attention: False
I0805 14:37:26.348459 140012859158848 pyconfig.py:559] Config param enable_dropout: False
I0805 14:37:26.348473 140012859158848 pyconfig.py:559] Config param enable_emergency_checkpoint: False
I0805 14:37:26.348486 140012859158848 pyconfig.py:559] Config param enable_expert_parallel: False
I0805 14:37:26.348499 140012859158848 pyconfig.py:559] Config param enable_gcp_goodput_metrics: True
I0805 14:37:26.348512 140012859158848 pyconfig.py:559] Config param enable_gcp_step_deviation_metrics: True
I0805 14:37:26.348525 140012859158848 pyconfig.py:559] Config param enable_goodput_recording: False
I0805 14:37:26.348539 140012859158848 pyconfig.py:559] Config param enable_jax_profiler: False
I0805 14:37:26.348552 140012859158848 pyconfig.py:559] Config param enable_llm_inference_pool: False
I0805 14:37:26.348565 140012859158848 pyconfig.py:559] Config param enable_mhc_lite: False
I0805 14:37:26.348579 140012859158848 pyconfig.py:559] Config param enable_model_warmup: False
I0805 14:37:26.348592 140012859158848 pyconfig.py:559] Config param enable_multi_tier_checkpointing: False
I0805 14:37:26.348605 140012859158848 pyconfig.py:559] Config param enable_nnx: False
I0805 14:37:26.348618 140012859158848 pyconfig.py:559] Config param enable_orbax_v1: False
I0805 14:37:26.348633 140012859158848 pyconfig.py:559] Config param enable_padding_causal_mask: True
I0805 14:37:26.348645 140012859158848 pyconfig.py:559] Config param enable_pathways_goodput: False
I0805 14:37:26.348659 140012859158848 pyconfig.py:559] Config param enable_prefix_caching: False
I0805 14:37:26.348671 140012859158848 pyconfig.py:559] Config param enable_rampup_batch_size: False
I0805 14:37:26.348685 140012859158848 pyconfig.py:559] Config param enable_single_controller: False
I0805 14:37:26.348697 140012859158848 pyconfig.py:559] Config param enable_single_replica_ckpt_restoring: False
I0805 14:37:26.348711 140012859158848 pyconfig.py:559] Config param enable_tensorboard: True
I0805 14:37:26.348725 140012859158848 pyconfig.py:559] Config param enable_tpu_profiling_options: False
I0805 14:37:26.348738 140012859158848 pyconfig.py:559] Config param enable_tunix_perf_metrics: False
I0805 14:37:26.348751 140012859158848 pyconfig.py:559] Config param encoder_attention_heads_for_audio: 4
I0805 14:37:26.348765 140012859158848 pyconfig.py:559] Config param encoder_ffn_dim_for_audio: 512
I0805 14:37:26.348778 140012859158848 pyconfig.py:559] Config param encoder_layers_for_audio: 2
I0805 14:37:26.348791 140012859158848 pyconfig.py:559] Config param engram: RematLocation.REMAT
I0805 14:37:26.348809 140012859158848 pyconfig.py:559] Config param engram_head_dim: 1280
I0805 14:37:26.348823 140012859158848 pyconfig.py:559] Config param engram_kernel_size: 4
I0805 14:37:26.348836 140012859158848 pyconfig.py:559] Config param engram_layers: []
I0805 14:37:26.348850 140012859158848 pyconfig.py:559] Config param engram_max_ngram_size: 3
I0805 14:37:26.348862 140012859158848 pyconfig.py:559] Config param engram_num_heads: 8
I0805 14:37:26.348875 140012859158848 pyconfig.py:559] Config param engram_seed: 0
I0805 14:37:26.348888 140012859158848 pyconfig.py:559] Config param engram_vocab_bases: []
I0805 14:37:26.348901 140012859158848 pyconfig.py:559] Config param epsilon_high: None
I0805 14:37:26.348914 140012859158848 pyconfig.py:559] Config param eval_batch_size: -1
I0805 14:37:26.348928 140012859158848 pyconfig.py:559] Config param eval_corr_lst: False
I0805 14:37:26.348941 140012859158848 pyconfig.py:559] Config param eval_data_columns: ['text']
I0805 14:37:26.348955 140012859158848 pyconfig.py:559] Config param eval_dataset_name: c4/en:3.1.0
I0805 14:37:26.348969 140012859158848 pyconfig.py:559] Config param eval_image_column: image
I0805 14:37:26.348982 140012859158848 pyconfig.py:559] Config param eval_interval: -1
I0805 14:37:26.348995 140012859158848 pyconfig.py:559] Config param eval_make_lst: False
I0805 14:37:26.349009 140012859158848 pyconfig.py:559] Config param eval_mode: pass
I0805 14:37:26.349022 140012859158848 pyconfig.py:559] Config param eval_per_device_batch_size: 4.0
I0805 14:37:26.349037 140012859158848 pyconfig.py:559] Config param eval_sampling_strategy: greedy
I0805 14:37:26.349051 140012859158848 pyconfig.py:559] Config param eval_split: validation
I0805 14:37:26.349064 140012859158848 pyconfig.py:559] Config param eval_steps: -1
I0805 14:37:26.349077 140012859158848 pyconfig.py:559] Config param expansion_factor_real_data: -1.0
I0805 14:37:26.349092 140012859158848 pyconfig.py:559] Config param expert_balance: False
I0805 14:37:26.349105 140012859158848 pyconfig.py:559] Config param final_logits_soft_cap: None
I0805 14:37:26.349119 140012859158848 pyconfig.py:559] Config param first_num_dense_layers: 0
I0805 14:37:26.349133 140012859158848 pyconfig.py:559] Config param first_num_hash_layers: 0
I0805 14:37:26.349145 140012859158848 pyconfig.py:559] Config param float32_gate_logits: False
I0805 14:37:26.349159 140012859158848 pyconfig.py:559] Config param float32_logits: False
I0805 14:37:26.349171 140012859158848 pyconfig.py:559] Config param float32_qk_product: False
I0805 14:37:26.349184 140012859158848 pyconfig.py:559] Config param float32_weight_sum: True
I0805 14:37:26.349198 140012859158848 pyconfig.py:559] Config param force_q_layout: False
I0805 14:37:26.349211 140012859158848 pyconfig.py:559] Config param force_unroll: False
I0805 14:37:26.349224 140012859158848 pyconfig.py:559] Config param formatting_func_kwargs: {}
I0805 14:37:26.349238 140012859158848 pyconfig.py:559] Config param formatting_func_path: 
I0805 14:37:26.349251 140012859158848 pyconfig.py:559] Config param freeze_audio_encoder_params: True
I0805 14:37:26.349265 140012859158848 pyconfig.py:559] Config param freeze_vision_encoder_params: True
I0805 14:37:26.349278 140012859158848 pyconfig.py:559] Config param fuse_expert_scales: False
I0805 14:37:26.349291 140012859158848 pyconfig.py:559] Config param fused_mlp: False
I0805 14:37:26.349304 140012859158848 pyconfig.py:559] Config param fused_qkv: False
I0805 14:37:26.349318 140012859158848 pyconfig.py:559] Config param gcs_debug_path: 
I0805 14:37:26.349334 140012859158848 pyconfig.py:559] Config param gcs_metrics: False
I0805 14:37:26.349350 140012859158848 pyconfig.py:559] Config param gdn_chunk_size: 64
I0805 14:37:26.349364 140012859158848 pyconfig.py:559] Config param gdn_conv_kernel_dim: 4
I0805 14:37:26.349377 140012859158848 pyconfig.py:559] Config param gdn_key_head_dim: 128
I0805 14:37:26.349391 140012859158848 pyconfig.py:559] Config param gdn_num_key_heads: 16
I0805 14:37:26.349404 140012859158848 pyconfig.py:559] Config param gdn_num_value_heads: 32
I0805 14:37:26.349418 140012859158848 pyconfig.py:559] Config param gdn_value_head_dim: 128
I0805 14:37:26.349435 140012859158848 pyconfig.py:559] Config param generate_padding_batch_eval: False
I0805 14:37:26.349448 140012859158848 pyconfig.py:559] Config param generate_padding_batch_train: False
I0805 14:37:26.349462 140012859158848 pyconfig.py:559] Config param generate_slice: v5e-16
I0805 14:37:26.349475 140012859158848 pyconfig.py:559] Config param generation_configs: {}
I0805 14:37:26.349489 140012859158848 pyconfig.py:559] Config param global_batch_size_to_eval_on: 32
I0805 14:37:26.349502 140012859158848 pyconfig.py:559] Config param global_batch_size_to_load: 32
I0805 14:37:26.349515 140012859158848 pyconfig.py:559] Config param global_batch_size_to_load_eval: 32
I0805 14:37:26.349532 140012859158848 pyconfig.py:559] Config param global_batch_size_to_load_increment: None
I0805 14:37:26.349547 140012859158848 pyconfig.py:559] Config param global_batch_size_to_load_start: None
I0805 14:37:26.349560 140012859158848 pyconfig.py:559] Config param global_batch_size_to_train_on: 32
I0805 14:37:26.349574 140012859158848 pyconfig.py:559] Config param global_head_dim: 0
I0805 14:37:26.349587 140012859158848 pyconfig.py:559] Config param global_num_kv_heads: 0
I0805 14:37:26.349601 140012859158848 pyconfig.py:559] Config param global_parameter_scale: 1
I0805 14:37:26.349614 140012859158848 pyconfig.py:559] Config param global_rampup_samples: 500
I0805 14:37:26.349628 140012859158848 pyconfig.py:559] Config param global_rope_max_timescale: -1
I0805 14:37:26.349641 140012859158848 pyconfig.py:559] Config param global_rope_proportion: 0.25
I0805 14:37:26.349656 140012859158848 pyconfig.py:559] Config param goodput_upload_interval_seconds: 30
I0805 14:37:26.349669 140012859158848 pyconfig.py:559] Config param grad_dtype: float32
I0805 14:37:26.349715 140012859158848 pyconfig.py:559] Config param gradient_accumulation_steps: 1
I0805 14:37:26.349754 140012859158848 pyconfig.py:559] Config param gradient_clipping_threshold: 1.0
I0805 14:37:26.349769 140012859158848 pyconfig.py:559] Config param grain_data_source_max_workers: 16
I0805 14:37:26.349786 140012859158848 pyconfig.py:559] Config param grain_eval_files: 
I0805 14:37:26.349799 140012859158848 pyconfig.py:559] Config param grain_file_type: arrayrecord
I0805 14:37:26.349814 140012859158848 pyconfig.py:559] Config param grain_num_threads: 16
I0805 14:37:26.349828 140012859158848 pyconfig.py:559] Config param grain_num_threads_eval: 16
I0805 14:37:26.349841 140012859158848 pyconfig.py:559] Config param grain_packing_type: first_fit
I0805 14:37:26.349855 140012859158848 pyconfig.py:559] Config param grain_per_worker_buffer_size: 1
I0805 14:37:26.349868 140012859158848 pyconfig.py:559] Config param grain_per_worker_buffer_size_eval: 1
I0805 14:37:26.349882 140012859158848 pyconfig.py:559] Config param grain_prefetch_buffer_size: 500
I0805 14:37:26.349896 140012859158848 pyconfig.py:559] Config param grain_prefetch_buffer_size_eval: 500
I0805 14:37:26.349909 140012859158848 pyconfig.py:559] Config param grain_ram_budget_mb: 1024
I0805 14:37:26.349922 140012859158848 pyconfig.py:559] Config param grain_shuffle_buffer_size: 100
I0805 14:37:26.349935 140012859158848 pyconfig.py:559] Config param grain_train_files: 
I0805 14:37:26.349949 140012859158848 pyconfig.py:559] Config param grain_train_mixture_config_path: 
I0805 14:37:26.349962 140012859158848 pyconfig.py:559] Config param grain_use_elastic_iterator: False
I0805 14:37:26.349976 140012859158848 pyconfig.py:559] Config param grain_worker_count: 1
I0805 14:37:26.349989 140012859158848 pyconfig.py:559] Config param grain_worker_count_eval: 1
I0805 14:37:26.350003 140012859158848 pyconfig.py:559] Config param grpo_beta: 0.08
I0805 14:37:26.350017 140012859158848 pyconfig.py:559] Config param grpo_epsilon: 0.2
I0805 14:37:26.350032 140012859158848 pyconfig.py:559] Config param hardware: gpu
I0805 14:37:26.350046 140012859158848 pyconfig.py:559] Config param hbm_utilization_vllm: 0.72
I0805 14:37:26.350060 140012859158848 pyconfig.py:559] Config param head_dim: 128
I0805 14:37:26.350074 140012859158848 pyconfig.py:559] Config param heartbeat_reporting_interval_in_seconds: 5
I0805 14:37:26.350088 140012859158848 pyconfig.py:559] Config param hf_data_dir: None
I0805 14:37:26.350102 140012859158848 pyconfig.py:559] Config param hf_eval_files: None
I0805 14:37:26.350115 140012859158848 pyconfig.py:559] Config param hf_eval_split: None
I0805 14:37:26.350128 140012859158848 pyconfig.py:559] Config param hf_lora_adapter_path: 
I0805 14:37:26.350142 140012859158848 pyconfig.py:559] Config param hf_name: None
I0805 14:37:26.350156 140012859158848 pyconfig.py:559] Config param hf_path: 
I0805 14:37:26.350169 140012859158848 pyconfig.py:559] Config param hf_train_files: None
I0805 14:37:26.350183 140012859158848 pyconfig.py:559] Config param hidden_size_for_vit: 1408
I0805 14:37:26.350196 140012859158848 pyconfig.py:559] Config param hidden_size_per_layer_input: 0
I0805 14:37:26.350209 140012859158848 pyconfig.py:559] Config param hide_profiler_step_metric: False
I0805 14:37:26.350223 140012859158848 pyconfig.py:559] Config param ici_autoregressive_parallelism: 1
I0805 14:37:26.350237 140012859158848 pyconfig.py:559] Config param ici_context_autoregressive_parallelism: 1
I0805 14:37:26.350250 140012859158848 pyconfig.py:559] Config param ici_context_parallelism: 1
I0805 14:37:26.350264 140012859158848 pyconfig.py:559] Config param ici_data_parallelism: 1
I0805 14:37:26.350278 140012859158848 pyconfig.py:559] Config param ici_diloco_parallelism: 1
I0805 14:37:26.350291 140012859158848 pyconfig.py:559] Config param ici_expert_parallelism: -1
I0805 14:37:26.350305 140012859158848 pyconfig.py:559] Config param ici_fsdp_parallelism: 1
I0805 14:37:26.350318 140012859158848 pyconfig.py:559] Config param ici_fsdp_transpose_parallelism: 1
I0805 14:37:26.350332 140012859158848 pyconfig.py:559] Config param ici_parallelism: [1, 1, 1, 1, 1, 1, 1, 1, 1, 1, -1, 1]
I0805 14:37:26.350347 140012859158848 pyconfig.py:559] Config param ici_pipeline_parallelism: 1
I0805 14:37:26.350361 140012859158848 pyconfig.py:559] Config param ici_sequence_parallelism: 1
I0805 14:37:26.350374 140012859158848 pyconfig.py:559] Config param ici_tensor_parallelism: 1
I0805 14:37:26.350388 140012859158848 pyconfig.py:559] Config param ici_tensor_sequence_parallelism: 1
I0805 14:37:26.350402 140012859158848 pyconfig.py:559] Config param ici_tensor_transpose_parallelism: 1
I0805 14:37:26.350414 140012859158848 pyconfig.py:559] Config param image_path: 
I0805 14:37:26.350428 140012859158848 pyconfig.py:559] Config param image_placeholder: <|image|>
I0805 14:37:26.350442 140012859158848 pyconfig.py:559] Config param image_size_for_vit: 896
I0805 14:37:26.350455 140012859158848 pyconfig.py:559] Config param indexer_head_dim: 128
I0805 14:37:26.350469 140012859158848 pyconfig.py:559] Config param indexer_loss_scaling_factor: 0.0
I0805 14:37:26.350483 140012859158848 pyconfig.py:559] Config param indexer_n_heads: 64
I0805 14:37:26.350497 140012859158848 pyconfig.py:559] Config param indexer_sparse_training: False
I0805 14:37:26.350510 140012859158848 pyconfig.py:559] Config param indexer_topk: 2048
I0805 14:37:26.350523 140012859158848 pyconfig.py:559] Config param inference_benchmark_test: False
I0805 14:37:26.350537 140012859158848 pyconfig.py:559] Config param inference_metadata_file: 
I0805 14:37:26.350551 140012859158848 pyconfig.py:559] Config param inference_microbenchmark_log_file_path: 
I0805 14:37:26.350564 140012859158848 pyconfig.py:559] Config param inference_microbenchmark_loop_iters: 10
I0805 14:37:26.350578 140012859158848 pyconfig.py:559] Config param inference_microbenchmark_num_samples: [1, 2, 3, 4, 5]
I0805 14:37:26.350592 140012859158848 pyconfig.py:559] Config param inference_microbenchmark_prefill_lengths: 64,128,256,512,1024
I0805 14:37:26.350606 140012859158848 pyconfig.py:559] Config param inference_microbenchmark_stages: prefill,generate
I0805 14:37:26.350620 140012859158848 pyconfig.py:559] Config param inference_server: MaxtextInterleavedServer
I0805 14:37:26.350633 140012859158848 pyconfig.py:559] Config param inhomogeneous_layer_cycle_interval: 1
I0805 14:37:26.350646 140012859158848 pyconfig.py:559] Config param init_weights_seed: 0
I0805 14:37:26.350660 140012859158848 pyconfig.py:559] Config param input_data_sharding_logical_axes: ['activation_embed_and_logits_batch', 'activation_norm_length']
I0805 14:37:26.350675 140012859158848 pyconfig.py:559] Config param interleave_moe_layer_step: 1
I0805 14:37:26.350688 140012859158848 pyconfig.py:559] Config param intermediate_size_for_vit: 5632
I0805 14:37:26.350702 140012859158848 pyconfig.py:559] Config param internal_compile: False
I0805 14:37:26.350715 140012859158848 pyconfig.py:559] Config param internal_compile_num_devices: -1
I0805 14:37:26.350729 140012859158848 pyconfig.py:559] Config param jax_cache_dir: ~/jax_cache
I0805 14:37:26.350743 140012859158848 pyconfig.py:559] Config param jax_debug_log_modules: 
I0805 14:37:26.350756 140012859158848 pyconfig.py:559] Config param jax_distributed_heartbeat_timeout_seconds: 100
I0805 14:37:26.350769 140012859158848 pyconfig.py:559] Config param jax_distributed_initialization_timeout: 300
I0805 14:37:26.350783 140012859158848 pyconfig.py:559] Config param jax_profiler_port: 9999
I0805 14:37:26.350796 140012859158848 pyconfig.py:559] Config param key_proj: RematLocation.REMAT
I0805 14:37:26.350810 140012859158848 pyconfig.py:559] Config param kv_cache_buffer: 256
I0805 14:37:26.350823 140012859158848 pyconfig.py:559] Config param kv_lora_rank: 512
I0805 14:37:26.350837 140012859158848 pyconfig.py:559] Config param kv_quant_axis: KvQuantAxis.HEADS_AND_DKV
I0805 14:37:26.350854 140012859158848 pyconfig.py:559] Config param kv_quant_dtype: int8
I0805 14:37:26.350868 140012859158848 pyconfig.py:559] Config param kv_wa_proj: RematLocation.REMAT
I0805 14:37:26.350882 140012859158848 pyconfig.py:559] Config param learn_to_init_mode: False
I0805 14:37:26.350895 140012859158848 pyconfig.py:559] Config param learning_rate: 3e-05
I0805 14:37:26.350909 140012859158848 pyconfig.py:559] Config param learning_rate_final_fraction: 0.1
I0805 14:37:26.350922 140012859158848 pyconfig.py:559] Config param learning_rate_schedule_steps: 16
I0805 14:37:26.350935 140012859158848 pyconfig.py:559] Config param load_balance_loss_weight: 0.0
I0805 14:37:26.350948 140012859158848 pyconfig.py:559] Config param load_checkpoint_only_once: False
I0805 14:37:26.350962 140012859158848 pyconfig.py:559] Config param load_from_prefill_dir: False
I0805 14:37:26.350975 140012859158848 pyconfig.py:559] Config param load_full_state_path: 
I0805 14:37:26.350987 140012859158848 pyconfig.py:559] Config param load_parameters_path: 
I0805 14:37:26.351000 140012859158848 pyconfig.py:559] Config param local_checkpoint_directory: 
I0805 14:37:26.351014 140012859158848 pyconfig.py:559] Config param local_checkpoint_period: 0
I0805 14:37:26.351027 140012859158848 pyconfig.py:559] Config param local_rope_max_timescale: -1
I0805 14:37:26.351039 140012859158848 pyconfig.py:559] Config param local_rope_proportion: 1.0
I0805 14:37:26.351054 140012859158848 pyconfig.py:559] Config param log_config: True
I0805 14:37:26.351067 140012859158848 pyconfig.py:559] Config param log_period: 100
I0805 14:37:26.351081 140012859158848 pyconfig.py:559] Config param logical_axis_rules: (('activation_embed_and_logits_batch', ('data', 'stage', 'fsdp', 'fsdp_transpose', 'expert')), ('activation_embed_and_logits_batch_sequence', ('data', 'stage', 'fsdp', 'fsdp_transpose', 'context', 'expert')), ('activation_vocab', ('tensor', 'tensor_transpose', 'tensor_sequence')), ('activation_vocab', ('tensor', 'tensor_transpose')), ('activation_vocab', 'tensor_sequence'), ('vocab', ('tensor', 'tensor_transpose', 'tensor_sequence', 'autoregressive')), ('embed_vocab', ('fsdp', 'fsdp_transpose', 'context', 'expert')), ('activation_batch_attn', ('data', 'fsdp', 'fsdp_transpose', 'expert')), ('activation_heads', ('tensor', 'tensor_transpose', 'tensor_sequence', 'autoregressive')), ('activation_kv_heads', ('tensor', 'tensor_transpose', 'tensor_sequence')), ('activation_length_attn', ('context',)), ('activation_q_length', ('context',)), ('activation_kv_length', ()), ('activation_embed_attn', ('tensor', 'tensor_transpose')), ('activation_kv', ('tensor', 'tensor_transpose', 'tensor_sequence')), ('activation_kv_batch', ('data', 'fsdp', 'fsdp_transpose', 'expert')), ('activation_kv_head_dim', ('tensor', 'tensor_transpose', 'tensor_sequence')), ('heads', ('tensor', 'tensor_transpose', 'tensor_sequence', 'autoregressive')), ('q_heads', ('tensor', 'tensor_transpose', 'tensor_sequence', 'autoregressive')), ('kv_heads', ('tensor', 'tensor_transpose', 'tensor_sequence', 'autoregressive')), ('qkv', ()), ('kv', ()), ('kv_head_dim', ()), ('q_lora', ('fsdp', 'fsdp_transpose', 'context', 'tensor_transpose', 'expert')), ('q_lora', ('fsdp', 'context', 'tensor_transpose', 'expert')), ('q_lora', ('fsdp', 'fsdp_transpose', 'context', 'expert')), ('q_lora', ('fsdp', 'context', 'expert')), ('q_lora_up_proj', ()), ('kv_lora', ('fsdp', 'fsdp_transpose', 'context', 'tensor_transpose', 'expert')), ('kv_lora', ('fsdp', 'context', 'tensor_transpose', 'expert')), ('kv_lora', ('fsdp', 'fsdp_transpose', 'context', 'expert')), ('kv_lora', ('fsdp', 'context', 'expert')), ('kv_lora_up_proj', ()), ('activation_batch_moe', ('data', 'fsdp', 'fsdp_transpose', 'expert')), ('activation_length_moe', ('context',)), ('activation_norm_length_moe', ('tensor_sequence', 'context')), ('activation_embed_moe', ('tensor', 'tensor_transpose')), ('activation_mlp_moe', ('tensor', 'tensor_transpose', 'tensor_sequence')), ('activation_exp', ('expert',)), ('exp', 'expert'), ('mlp_moe', ('fsdp_transpose', 'tensor', 'tensor_sequence', 'autoregressive')), ('embed_moe', ('fsdp', 'fsdp_transpose', 'tensor_transpose', 'context')), ('embed_moe', ('fsdp', 'tensor_transpose', 'context')), ('embed_moe', ('fsdp', 'fsdp_transpose', 'context')), ('embed_moe', ('fsdp', 'context')), ('activation_mlp', ('tensor', 'tensor_transpose', 'tensor_sequence')), ('activation_batch', ('data', 'fsdp', 'fsdp_transpose', 'expert')), ('activation_length', ('context',)), ('activation_norm_length', ('tensor_sequence', 'context')), ('activation_embed', ('tensor', 'tensor_transpose')), ('activation_stage', 'stage'), ('mlp', ('fsdp_transpose', 'tensor', 'tensor_sequence', 'autoregressive')), ('gdn_head', ('fsdp_transpose', 'tensor', 'tensor_sequence', 'autoregressive')), ('embed', ('fsdp', 'fsdp_transpose', 'tensor_transpose', 'context', 'expert')), ('embed', ('fsdp', 'tensor_transpose', 'context', 'expert')), ('embed', ('fsdp', 'fsdp_transpose', 'context', 'expert')), ('embed', ('fsdp', 'context', 'expert')), ('norm', ('tensor', 'tensor_transpose')), ('layers', 'stage'), ('diloco', 'diloco'), ('engram_dim', ('tensor',)), ('dense_layers', ()), ('moe_layers', ()), ('mhc', ()), ('prefill_activation_length', ('context',)), ('prefill_activation_norm_length', ('tensor_sequence', 'context')), ('activation_prefill_kv_batch', ('data', 'fsdp', 'fsdp_transpose', 'expert')), ('decode_batch', ('data', 'fsdp', 'fsdp_transpose', 'expert')), ('decode_length', ()), ('cache_heads', ('autoregressive', 'tensor', 'tensor_transpose', 'tensor_sequence')), ('cache_heads', ('autoregressive', 'tensor', 'tensor_sequence')), ('paged_kv_heads', ('tensor',)), ('cache_batch_prefill', ()), ('cache_batch', ()), ('cache_heads_none', ()), ('cache_kv', ()), ('cache_sequence', ()), ('num_pages', ()), ('tokens_per_page', ()), ('paged_kv_head_dim_size', ()), ('mlp_no_fsdp', ('tensor', 'tensor_sequence', 'autoregressive')), ('embed_tensor_transpose', ('tensor_transpose',)), ('exp_with_fsdp', 'fsdp'))
I0805 14:37:26.351166 140012859158848 pyconfig.py:559] Config param logits_dot_in_fp32: False
I0805 14:37:26.351182 140012859158848 pyconfig.py:559] Config param logits_via_embedding: False
I0805 14:37:26.351195 140012859158848 pyconfig.py:559] Config param lora: {'enable_lora': False, 'lora_rank': 0, 'lora_alpha': 0.0, 'lora_module_path': '', 'lora_restore_path': ''}
I0805 14:37:26.351211 140012859158848 pyconfig.py:559] Config param lora_input_adapters_path: 
I0805 14:37:26.351226 140012859158848 pyconfig.py:559] Config param loss_agg_mode: sequence-mean-token-mean
I0805 14:37:26.351240 140012859158848 pyconfig.py:559] Config param loss_algo: grpo
I0805 14:37:26.351253 140012859158848 pyconfig.py:559] Config param lr_schedule_type: LearningRateScheduleType.COSINE
I0805 14:37:26.351270 140012859158848 pyconfig.py:559] Config param lti_layer_indices: None
I0805 14:37:26.351284 140012859158848 pyconfig.py:559] Config param lti_use_general_linear_map: False
I0805 14:37:26.351297 140012859158848 pyconfig.py:559] Config param managed_mldiagnostics: False
I0805 14:37:26.351311 140012859158848 pyconfig.py:559] Config param managed_mldiagnostics_dir: /root/work/scale-your-amd/runs/20260805-maxtext-moe-b4-sharded/maxtext/moe-b4-sharded/managed-mldiagnostics
I0805 14:37:26.351325 140012859158848 pyconfig.py:559] Config param managed_mldiagnostics_on_demand_profiling: True
I0805 14:37:26.351338 140012859158848 pyconfig.py:559] Config param managed_mldiagnostics_region: 
I0805 14:37:26.351351 140012859158848 pyconfig.py:559] Config param managed_mldiagnostics_run_group: 
I0805 14:37:26.351365 140012859158848 pyconfig.py:559] Config param math_verify_num_procs: None
I0805 14:37:26.351378 140012859158848 pyconfig.py:559] Config param math_verify_timeout: 300
I0805 14:37:26.351391 140012859158848 pyconfig.py:559] Config param matmul_precision: MatmulPrecision.DEFAULT
I0805 14:37:26.351406 140012859158848 pyconfig.py:559] Config param max_checkify: False
I0805 14:37:26.351420 140012859158848 pyconfig.py:559] Config param max_concurrency: 256
I0805 14:37:26.351433 140012859158848 pyconfig.py:559] Config param max_corpus_chars: 10000000
I0805 14:37:26.351446 140012859158848 pyconfig.py:559] Config param max_num_batched_tokens: None
I0805 14:37:26.351459 140012859158848 pyconfig.py:559] Config param max_num_checkpoints_to_keep: None
I0805 14:37:26.351473 140012859158848 pyconfig.py:559] Config param max_num_images_per_example: -1
I0805 14:37:26.351486 140012859158848 pyconfig.py:559] Config param max_num_seqs: None
I0805 14:37:26.351499 140012859158848 pyconfig.py:559] Config param max_position_embeddings: 163840
I0805 14:37:26.351513 140012859158848 pyconfig.py:559] Config param max_prefill_predict_length: 64
I0805 14:37:26.351526 140012859158848 pyconfig.py:559] Config param max_sample_len_for_audio: 10000
I0805 14:37:26.351539 140012859158848 pyconfig.py:559] Config param max_segments_per_seq: 1
I0805 14:37:26.351552 140012859158848 pyconfig.py:559] Config param max_source_positions_for_audio: 1500
I0805 14:37:26.351566 140012859158848 pyconfig.py:559] Config param max_target_length: 4096
I0805 14:37:26.351578 140012859158848 pyconfig.py:559] Config param max_timescale_for_audio: 10000.0
I0805 14:37:26.351592 140012859158848 pyconfig.py:559] Config param megablox: False
I0805 14:37:26.351605 140012859158848 pyconfig.py:559] Config param merge_gating_gmm: False
I0805 14:37:26.351618 140012859158848 pyconfig.py:559] Config param mesh_axes: ['diloco', 'data', 'stage', 'fsdp', 'fsdp_transpose', 'context', 'context_autoregressive', 'tensor', 'tensor_transpose', 'tensor_sequence', 'expert', 'autoregressive']
I0805 14:37:26.351633 140012859158848 pyconfig.py:559] Config param metrics_dir: /root/work/scale-your-amd/runs/20260805-maxtext-moe-b4-sharded/maxtext/moe-b4-sharded/metrics/
I0805 14:37:26.351646 140012859158848 pyconfig.py:559] Config param metrics_file: 
I0805 14:37:26.351659 140012859158848 pyconfig.py:559] Config param mhc_expansion_rate: 1
I0805 14:37:26.351672 140012859158848 pyconfig.py:559] Config param micro_batch_size_to_eval_on: 32
I0805 14:37:26.351686 140012859158848 pyconfig.py:559] Config param micro_batch_size_to_train_on: 32
I0805 14:37:26.351699 140012859158848 pyconfig.py:559] Config param mla_kv: RematLocation.REMAT
I0805 14:37:26.351712 140012859158848 pyconfig.py:559] Config param mla_naive_kvcache: True
I0805 14:37:26.351725 140012859158848 pyconfig.py:559] Config param mla_q: RematLocation.REMAT
I0805 14:37:26.351739 140012859158848 pyconfig.py:559] Config param mlp_activations: ['silu', 'linear']
I0805 14:37:26.351753 140012859158848 pyconfig.py:559] Config param mlp_activations_limit: -1.0
I0805 14:37:26.351768 140012859158848 pyconfig.py:559] Config param mlp_bias: False
I0805 14:37:26.351782 140012859158848 pyconfig.py:559] Config param mlp_dim: 14336
I0805 14:37:26.351795 140012859158848 pyconfig.py:559] Config param mlpwi: RematLocation.REMAT
I0805 14:37:26.351809 140012859158848 pyconfig.py:559] Config param mlpwi_0: RematLocation.REMAT
I0805 14:37:26.351822 140012859158848 pyconfig.py:559] Config param mlpwi_1: RematLocation.REMAT
I0805 14:37:26.351835 140012859158848 pyconfig.py:559] Config param mlpwo: RematLocation.REMAT
I0805 14:37:26.351848 140012859158848 pyconfig.py:559] Config param moba: False
I0805 14:37:26.351861 140012859158848 pyconfig.py:559] Config param moba_chunk_size: 1024
I0805 14:37:26.351875 140012859158848 pyconfig.py:559] Config param moba_topk: 8
I0805 14:37:26.351888 140012859158848 pyconfig.py:559] Config param model_call_mode: 
I0805 14:37:26.351901 140012859158848 pyconfig.py:559] Config param model_name: mixtral-8x7b
I0805 14:37:26.351913 140012859158848 pyconfig.py:559] Config param moe_dispatch_no_expert_sharding: False
I0805 14:37:26.351927 140012859158848 pyconfig.py:559] Config param moe_expert_input_dim: -1
I0805 14:37:26.351941 140012859158848 pyconfig.py:559] Config param moe_fsdp_use_two_stage_all_gather: False
I0805 14:37:26.351954 140012859158848 pyconfig.py:559] Config param moe_mlp_dim: 14336
I0805 14:37:26.351968 140012859158848 pyconfig.py:559] Config param moe_mlpwi_0: RematLocation.REMAT
I0805 14:37:26.351980 140012859158848 pyconfig.py:559] Config param moe_mlpwi_1: RematLocation.REMAT
I0805 14:37:26.351994 140012859158848 pyconfig.py:559] Config param moe_mlpwo: RematLocation.REMAT
I0805 14:37:26.352007 140012859158848 pyconfig.py:559] Config param monitor_goodput: False
I0805 14:37:26.352021 140012859158848 pyconfig.py:559] Config param monitor_step_time_deviation: True
I0805 14:37:26.352034 140012859158848 pyconfig.py:559] Config param mrope_section: [24, 20, 20]
I0805 14:37:26.352048 140012859158848 pyconfig.py:559] Config param mscale: 1.0
I0805 14:37:26.352061 140012859158848 pyconfig.py:559] Config param mtc_data_parallelism: 0
I0805 14:37:26.352074 140012859158848 pyconfig.py:559] Config param mtp_eval_target_module: 0
I0805 14:37:26.352087 140012859158848 pyconfig.py:559] Config param mtp_loss_scaling_factor: 0.1
I0805 14:37:26.352101 140012859158848 pyconfig.py:559] Config param mtp_num_layers: 0
I0805 14:37:26.352113 140012859158848 pyconfig.py:559] Config param mu_dtype: float32
I0805 14:37:26.352139 140012859158848 pyconfig.py:559] Config param multi_sampling: False
I0805 14:37:26.352155 140012859158848 pyconfig.py:559] Config param multi_tier_checkpointing_backup_interval_minutes: 0
I0805 14:37:26.352169 140012859158848 pyconfig.py:559] Config param muon_beta: 0.95
I0805 14:37:26.352183 140012859158848 pyconfig.py:559] Config param muon_consistent_rms: None
I0805 14:37:26.352196 140012859158848 pyconfig.py:559] Config param muon_weight_decay: 0.0
I0805 14:37:26.352209 140012859158848 pyconfig.py:559] Config param n_routing_groups: -1
I0805 14:37:26.352222 140012859158848 pyconfig.py:559] Config param n_window_for_audio: 50
I0805 14:37:26.352236 140012859158848 pyconfig.py:559] Config param n_window_infer_for_audio: 800
I0805 14:37:26.352248 140012859158848 pyconfig.py:559] Config param nope_layer_interval: -1
I0805 14:37:26.352261 140012859158848 pyconfig.py:559] Config param norm_topk_prob: False
I0805 14:37:26.352274 140012859158848 pyconfig.py:559] Config param normalization_layer_epsilon: 1e-05
I0805 14:37:26.352288 140012859158848 pyconfig.py:559] Config param normalize_embedding_logits: True
I0805 14:37:26.352301 140012859158848 pyconfig.py:559] Config param num_attention_heads_for_vit: 16
I0805 14:37:26.352315 140012859158848 pyconfig.py:559] Config param num_batches: 4
I0805 14:37:26.352328 140012859158848 pyconfig.py:559] Config param num_channels_for_vit: 3
I0805 14:37:26.352340 140012859158848 pyconfig.py:559] Config param num_conv_layers_for_audio: 3
I0805 14:37:26.352353 140012859158848 pyconfig.py:559] Config param num_decoder_layers: 32
I0805 14:37:26.352365 140012859158848 pyconfig.py:559] Config param num_diloco_replicas: 1
I0805 14:37:26.352378 140012859158848 pyconfig.py:559] Config param num_epoch: 1
I0805 14:37:26.352391 140012859158848 pyconfig.py:559] Config param num_eval_passes: 1
I0805 14:37:26.352403 140012859158848 pyconfig.py:559] Config param num_experts: 8
I0805 14:37:26.352417 140012859158848 pyconfig.py:559] Config param num_experts_per_tok: 2
I0805 14:37:26.352430 140012859158848 pyconfig.py:559] Config param num_generations: 2
I0805 14:37:26.352442 140012859158848 pyconfig.py:559] Config param num_hidden_layers_for_vit: 34
I0805 14:37:26.352455 140012859158848 pyconfig.py:559] Config param num_iterations: 1
I0805 14:37:26.352468 140012859158848 pyconfig.py:559] Config param num_kv_heads: 8
I0805 14:37:26.352480 140012859158848 pyconfig.py:559] Config param num_kv_shared_layers: 0
I0805 14:37:26.352493 140012859158848 pyconfig.py:559] Config param num_layers_per_pipeline_stage: 1
I0805 14:37:26.352505 140012859158848 pyconfig.py:559] Config param num_mel_bins_for_audio: 128
I0805 14:37:26.352518 140012859158848 pyconfig.py:559] Config param num_pipeline_microbatches: -1
I0805 14:37:26.352531 140012859158848 pyconfig.py:559] Config param num_pipeline_repeats: -1
I0805 14:37:26.352543 140012859158848 pyconfig.py:559] Config param num_position_embeddings_for_vit: 1024
I0805 14:37:26.352556 140012859158848 pyconfig.py:559] Config param num_query_heads: 32
I0805 14:37:26.352569 140012859158848 pyconfig.py:559] Config param num_samplers_slices: -1
I0805 14:37:26.352581 140012859158848 pyconfig.py:559] Config param num_slices: 1
I0805 14:37:26.352594 140012859158848 pyconfig.py:559] Config param num_target_devices: 8
I0805 14:37:26.352606 140012859158848 pyconfig.py:559] Config param num_test_batches: 5
I0805 14:37:26.352618 140012859158848 pyconfig.py:559] Config param num_trainer_slices: -1
I0805 14:37:26.352632 140012859158848 pyconfig.py:559] Config param num_vocab_tiling: 1
I0805 14:37:26.352645 140012859158848 pyconfig.py:559] Config param o_groups: 0
I0805 14:37:26.352658 140012859158848 pyconfig.py:559] Config param o_lora_rank: 0
I0805 14:37:26.352670 140012859158848 pyconfig.py:559] Config param off_policy_steps: 0
I0805 14:37:26.352683 140012859158848 pyconfig.py:559] Config param offline_data_dir: None
I0805 14:37:26.352696 140012859158848 pyconfig.py:559] Config param olmo_apply_ngram_filter: True
I0805 14:37:26.352709 140012859158848 pyconfig.py:559] Config param olmo_index_path: 
I0805 14:37:26.352722 140012859158848 pyconfig.py:559] Config param olmo_path_remap_from: 
I0805 14:37:26.352734 140012859158848 pyconfig.py:559] Config param olmo_path_remap_to: 
I0805 14:37:26.352747 140012859158848 pyconfig.py:559] Config param opt_type: OptimizerType.ADAMW
I0805 14:37:26.352761 140012859158848 pyconfig.py:559] Config param optimize_mesh_for_tpu_v6e: False
I0805 14:37:26.352774 140012859158848 pyconfig.py:559] Config param optimizer_memory_host_offload: False
I0805 14:37:26.352787 140012859158848 pyconfig.py:559] Config param original_max_position_embeddings: 4096
I0805 14:37:26.352800 140012859158848 pyconfig.py:559] Config param out_hidden_size_for_vit: 512
I0805 14:37:26.352813 140012859158848 pyconfig.py:559] Config param out_proj: RematLocation.REMAT
I0805 14:37:26.352826 140012859158848 pyconfig.py:559] Config param output_dim_for_audio: 512
I0805 14:37:26.352839 140012859158848 pyconfig.py:559] Config param override_logical_axis_rules: False
I0805 14:37:26.352852 140012859158848 pyconfig.py:559] Config param override_model_config: False
I0805 14:37:26.352865 140012859158848 pyconfig.py:559] Config param packing: True
I0805 14:37:26.352879 140012859158848 pyconfig.py:559] Config param padded_base_moe_mlp_dim: None
I0805 14:37:26.352891 140012859158848 pyconfig.py:559] Config param param_scan_axis: 1
I0805 14:37:26.352905 140012859158848 pyconfig.py:559] Config param parameter_memory_host_offload: False
I0805 14:37:26.352917 140012859158848 pyconfig.py:559] Config param partial_rotary_factor: 1.0
I0805 14:37:26.352930 140012859158848 pyconfig.py:559] Config param patch_size_for_vit: 14
I0805 14:37:26.352942 140012859158848 pyconfig.py:559] Config param penalty_incorrect_answer: -1.0
I0805 14:37:26.352955 140012859158848 pyconfig.py:559] Config param penalty_incorrect_format: -0.5
I0805 14:37:26.352967 140012859158848 pyconfig.py:559] Config param per_device_batch_size: 4.0
I0805 14:37:26.352981 140012859158848 pyconfig.py:559] Config param per_device_batch_size_increment: 2.0
I0805 14:37:26.352993 140012859158848 pyconfig.py:559] Config param per_device_batch_size_start: 4.0
I0805 14:37:26.353007 140012859158848 pyconfig.py:559] Config param pipeline_delay_activation_forwarding: False
I0805 14:37:26.353019 140012859158848 pyconfig.py:559] Config param pipeline_fsdp_ag_once: False
I0805 14:37:26.353032 140012859158848 pyconfig.py:559] Config param pipeline_fsdp_ag_per_repeat: False
I0805 14:37:26.353044 140012859158848 pyconfig.py:559] Config param pipeline_parallel_layers: 32
I0805 14:37:26.353056 140012859158848 pyconfig.py:559] Config param pixel_shuffle_ratio_for_vit: 0.5
I0805 14:37:26.353070 140012859158848 pyconfig.py:559] Config param posemb_type_for_vit: learn
I0805 14:37:26.353083 140012859158848 pyconfig.py:559] Config param position_id_per_seconds: 25
I0805 14:37:26.353097 140012859158848 pyconfig.py:559] Config param prefill_cache_axis_order: 1,2,0,3
I0805 14:37:26.353112 140012859158848 pyconfig.py:559] Config param prefill_cache_dir: 
I0805 14:37:26.353126 140012859158848 pyconfig.py:559] Config param prefill_chunk_size: 256
I0805 14:37:26.353139 140012859158848 pyconfig.py:559] Config param prefill_slice: v5e-16
I0805 14:37:26.353152 140012859158848 pyconfig.py:559] Config param prefix_caching_dram_byte: 100000000000
I0805 14:37:26.353166 140012859158848 pyconfig.py:559] Config param prefix_caching_hbm_byte: 10000000000
I0805 14:37:26.353179 140012859158848 pyconfig.py:559] Config param prefuse_moe_weights: False
I0805 14:37:26.353191 140012859158848 pyconfig.py:559] Config param profile_cleanly: True
I0805 14:37:26.353203 140012859158848 pyconfig.py:559] Config param profile_periodically_period: -1
I0805 14:37:26.353216 140012859158848 pyconfig.py:559] Config param profile_power_events: False
I0805 14:37:26.353228 140012859158848 pyconfig.py:559] Config param profiler: ProfilerType.NONE
I0805 14:37:26.353244 140012859158848 pyconfig.py:559] Config param profiler_steps: 5
I0805 14:37:26.353257 140012859158848 pyconfig.py:559] Config param projector_dropout_for_vit: 0.0
I0805 14:37:26.353270 140012859158848 pyconfig.py:559] Config param projector_input_dim_for_vit: 4096
I0805 14:37:26.353283 140012859158848 pyconfig.py:559] Config param projector_output_dim_for_vit: 4096
I0805 14:37:26.353295 140012859158848 pyconfig.py:559] Config param prometheus_port: 0
I0805 14:37:26.353308 140012859158848 pyconfig.py:559] Config param prompt: I love to
I0805 14:37:26.353321 140012859158848 pyconfig.py:559] Config param pure_nnx: False
I0805 14:37:26.353334 140012859158848 pyconfig.py:559] Config param pure_nnx_decoder: False
I0805 14:37:26.353347 140012859158848 pyconfig.py:559] Config param q_lora_rank: 0
I0805 14:37:26.353359 140012859158848 pyconfig.py:559] Config param qk_clip_threshold: 100.0
I0805 14:37:26.353373 140012859158848 pyconfig.py:559] Config param qk_nope_head_dim: 128
I0805 14:37:26.353386 140012859158848 pyconfig.py:559] Config param qk_norm_with_scale: True
I0805 14:37:26.353399 140012859158848 pyconfig.py:559] Config param qk_rope_head_dim: 64
I0805 14:37:26.353413 140012859158848 pyconfig.py:559] Config param qkv_proj: RematLocation.REMAT
I0805 14:37:26.353426 140012859158848 pyconfig.py:559] Config param quant_cfg_path: 
I0805 14:37:26.353439 140012859158848 pyconfig.py:559] Config param quantization: QuantizationType.NONE
I0805 14:37:26.353455 140012859158848 pyconfig.py:559] Config param quantization_local_shard_count: 8
I0805 14:37:26.353468 140012859158848 pyconfig.py:559] Config param quantize_kvcache: False
I0805 14:37:26.353480 140012859158848 pyconfig.py:559] Config param query_proj: RematLocation.REMAT
I0805 14:37:26.353493 140012859158848 pyconfig.py:559] Config param query_wa_proj: RematLocation.REMAT
I0805 14:37:26.353507 140012859158848 pyconfig.py:559] Config param ragged_block_size: 256
I0805 14:37:26.353519 140012859158848 pyconfig.py:559] Config param ragged_buffer_factor: -1.0
I0805 14:37:26.353533 140012859158848 pyconfig.py:559] Config param ragged_gather_cost_estimate_bytes_accessed: -1
I0805 14:37:26.353545 140012859158848 pyconfig.py:559] Config param ragged_gather_cost_estimate_flops: -1
I0805 14:37:26.353557 140012859158848 pyconfig.py:559] Config param ragged_gather_fallback: False
I0805 14:37:26.353570 140012859158848 pyconfig.py:559] Config param ragged_gather_reduce_cost_estimate_bytes_accessed: -1
I0805 14:37:26.353583 140012859158848 pyconfig.py:559] Config param ragged_gather_reduce_cost_estimate_flops: -1
I0805 14:37:26.353595 140012859158848 pyconfig.py:559] Config param ragged_gather_reduce_fallback: False
I0805 14:37:26.353607 140012859158848 pyconfig.py:559] Config param rampup_end_step: 0
I0805 14:37:26.353621 140012859158848 pyconfig.py:559] Config param rampup_samples_per_increment_to_load: None
I0805 14:37:26.353634 140012859158848 pyconfig.py:559] Config param reasoning_end_token: </reasoning>
I0805 14:37:26.353646 140012859158848 pyconfig.py:559] Config param reasoning_start_token: <reasoning>
I0805 14:37:26.353659 140012859158848 pyconfig.py:559] Config param record_internal_nn_metrics: 0
I0805 14:37:26.353672 140012859158848 pyconfig.py:559] Config param remat_policy: save_dot_with_context_except_mlp
I0805 14:37:26.353684 140012859158848 pyconfig.py:559] Config param remat_policy_for_vit: minimal
I0805 14:37:26.353697 140012859158848 pyconfig.py:559] Config param remove_size_one_mesh_axis_from_type: True
I0805 14:37:26.353710 140012859158848 pyconfig.py:559] Config param replicate_quant_scale: False
I0805 14:37:26.353723 140012859158848 pyconfig.py:559] Config param replicator_backup_interval_minutes: 0
I0805 14:37:26.353739 140012859158848 pyconfig.py:559] Config param report_heartbeat_metric_for_gcp_monitoring: False
I0805 14:37:26.353752 140012859158848 pyconfig.py:559] Config param report_performance_metric_for_gcp_monitoring: False
I0805 14:37:26.353765 140012859158848 pyconfig.py:559] Config param reshape_q: False
I0805 14:37:26.353778 140012859158848 pyconfig.py:559] Config param reshard_chunk_size: None
I0805 14:37:26.353791 140012859158848 pyconfig.py:559] Config param return_log_prob: False
I0805 14:37:26.353804 140012859158848 pyconfig.py:559] Config param reuse_example_batch: 0
I0805 14:37:26.353816 140012859158848 pyconfig.py:559] Config param reward_exact_answer: 5.0
I0805 14:37:26.353829 140012859158848 pyconfig.py:559] Config param reward_exact_format_match: 3.0
I0805 14:37:26.353841 140012859158848 pyconfig.py:559] Config param reward_partial_format_match: 0.5
I0805 14:37:26.353854 140012859158848 pyconfig.py:559] Config param reward_ratio_guess_to_answer_high: 0.5
I0805 14:37:26.353868 140012859158848 pyconfig.py:559] Config param reward_ratio_guess_to_answer_low: 0.25
I0805 14:37:26.353880 140012859158848 pyconfig.py:559] Config param reward_white_space_format_match: 1.5
I0805 14:37:26.353893 140012859158848 pyconfig.py:559] Config param rl: {'num_generations': 2, 'num_iterations': 1, 'grpo_beta': 0.08, 'grpo_epsilon': 0.2, 'loss_algo': 'grpo', 'loss_agg_mode': 'sequence-mean-token-mean', 'use_agentic_rollout': False, 'max_concurrency': 256, 'off_policy_steps': 0, 'system_prompt': '', 'degenerate_group_masking': True, 'epsilon_high': None, 'reshard_chunk_size': None}
I0805 14:37:26.353913 140012859158848 pyconfig.py:559] Config param rollout_data_parallelism: -1
I0805 14:37:26.353927 140012859158848 pyconfig.py:559] Config param rollout_expert_parallelism: 1
I0805 14:37:26.353940 140012859158848 pyconfig.py:559] Config param rollout_micro_batch_size: -1
I0805 14:37:26.353953 140012859158848 pyconfig.py:559] Config param rollout_tensor_parallelism: -1
I0805 14:37:26.353965 140012859158848 pyconfig.py:559] Config param rope_attention_scaling: False
I0805 14:37:26.353978 140012859158848 pyconfig.py:559] Config param rope_factor: 40
I0805 14:37:26.353991 140012859158848 pyconfig.py:559] Config param rope_interleave: True
I0805 14:37:26.354003 140012859158848 pyconfig.py:559] Config param rope_linear_scaling_factor: 1.0
I0805 14:37:26.354016 140012859158848 pyconfig.py:559] Config param rope_max_timescale: 1000000
I0805 14:37:26.354029 140012859158848 pyconfig.py:559] Config param rope_min_timescale: 1
I0805 14:37:26.354042 140012859158848 pyconfig.py:559] Config param rope_theta_for_vit: 10000
I0805 14:37:26.354054 140012859158848 pyconfig.py:559] Config param rope_truncate: True
I0805 14:37:26.354067 140012859158848 pyconfig.py:559] Config param rope_type: RopeType.DEFAULT
I0805 14:37:26.354082 140012859158848 pyconfig.py:559] Config param rope_use_scale: True
I0805 14:37:26.354095 140012859158848 pyconfig.py:559] Config param routed_bias: False
I0805 14:37:26.354108 140012859158848 pyconfig.py:559] Config param routed_bias_update_rate: 0.0
I0805 14:37:26.354120 140012859158848 pyconfig.py:559] Config param routed_scaling_factor: 1.0
I0805 14:37:26.354133 140012859158848 pyconfig.py:559] Config param routed_score_func: 
I0805 14:37:26.354145 140012859158848 pyconfig.py:559] Config param run_name: moe-b4-sharded
I0805 14:37:26.354158 140012859158848 pyconfig.py:559] Config param sa_block_kv: 512
I0805 14:37:26.354171 140012859158848 pyconfig.py:559] Config param sa_block_kv_compute: 512
I0805 14:37:26.354183 140012859158848 pyconfig.py:559] Config param sa_block_kv_dkv: 512
I0805 14:37:26.354196 140012859158848 pyconfig.py:559] Config param sa_block_kv_dkv_compute: 512
I0805 14:37:26.354209 140012859158848 pyconfig.py:559] Config param sa_block_kv_dq: 512
I0805 14:37:26.354222 140012859158848 pyconfig.py:559] Config param sa_block_q: 512
I0805 14:37:26.354235 140012859158848 pyconfig.py:559] Config param sa_block_q_dkv: 512
I0805 14:37:26.354248 140012859158848 pyconfig.py:559] Config param sa_block_q_dq: 512
I0805 14:37:26.354261 140012859158848 pyconfig.py:559] Config param sa_k_layout: HEAD_DIM_MINOR
I0805 14:37:26.354274 140012859158848 pyconfig.py:559] Config param sa_q_layout: HEAD_DIM_MINOR
I0805 14:37:26.354287 140012859158848 pyconfig.py:559] Config param sa_use_fused_bwd_kernel: False
I0805 14:37:26.354300 140012859158848 pyconfig.py:559] Config param sa_v_layout: HEAD_DIM_MINOR
I0805 14:37:26.354312 140012859158848 pyconfig.py:559] Config param sampler_devices_fraction: 0.5
I0805 14:37:26.354326 140012859158848 pyconfig.py:559] Config param save_checkpoint_on_completion: True
I0805 14:37:26.354338 140012859158848 pyconfig.py:559] Config param save_config_to_gcs: False
I0805 14:37:26.354350 140012859158848 pyconfig.py:559] Config param save_quantized_params_path: 
I0805 14:37:26.354362 140012859158848 pyconfig.py:559] Config param scale_embedding_for_audio: True
I0805 14:37:26.354375 140012859158848 pyconfig.py:559] Config param scan_layers: True
I0805 14:37:26.354389 140012859158848 pyconfig.py:559] Config param scan_layers_per_stage: False
I0805 14:37:26.354402 140012859158848 pyconfig.py:559] Config param scan_pipeline_iterations: True
I0805 14:37:26.354414 140012859158848 pyconfig.py:559] Config param scan_pipeline_repeats: False
I0805 14:37:26.354427 140012859158848 pyconfig.py:559] Config param set_remat_policy_on_layers_per_stage: False
I0805 14:37:26.354440 140012859158848 pyconfig.py:559] Config param set_remat_policy_on_pipeline_iterations: True
I0805 14:37:26.354456 140012859158848 pyconfig.py:559] Config param sft_train_on_completion_only: False
I0805 14:37:26.354469 140012859158848 pyconfig.py:559] Config param shard_exp_on_fsdp: False
I0805 14:37:26.354482 140012859158848 pyconfig.py:559] Config param shard_mode: ShardMode.AUTO
I0805 14:37:26.354497 140012859158848 pyconfig.py:559] Config param shard_optimizer_over_data: False
I0805 14:37:26.354510 140012859158848 pyconfig.py:559] Config param sharding_strategy: None
I0805 14:37:26.354522 140012859158848 pyconfig.py:559] Config param sharding_tolerance: 0.02
I0805 14:37:26.354535 140012859158848 pyconfig.py:559] Config param shardy: True
I0805 14:37:26.354548 140012859158848 pyconfig.py:559] Config param share_kv_projections: False
I0805 14:37:26.354560 140012859158848 pyconfig.py:559] Config param shared_experts: 0
I0805 14:37:26.354573 140012859158848 pyconfig.py:559] Config param sinkhorn_iterations: 20
I0805 14:37:26.354585 140012859158848 pyconfig.py:559] Config param skip_first_n_steps_for_profiler: 1
I0805 14:37:26.354598 140012859158848 pyconfig.py:559] Config param skip_jax_distributed_system: False
I0805 14:37:26.354610 140012859158848 pyconfig.py:559] Config param skip_step_interval: 128
I0805 14:37:26.354624 140012859158848 pyconfig.py:559] Config param skip_step_on_spikes: False
I0805 14:37:26.354636 140012859158848 pyconfig.py:559] Config param skip_step_scaling_factor: 6.0
I0805 14:37:26.354649 140012859158848 pyconfig.py:559] Config param sliding_window_size: 0
I0805 14:37:26.354662 140012859158848 pyconfig.py:559] Config param solution_end_token: </answer>
I0805 14:37:26.354675 140012859158848 pyconfig.py:559] Config param solution_start_token: <answer>
I0805 14:37:26.354688 140012859158848 pyconfig.py:559] Config param source_checkpoint_layout: orbax
I0805 14:37:26.354701 140012859158848 pyconfig.py:559] Config param sparse_matmul: False
I0805 14:37:26.354714 140012859158848 pyconfig.py:559] Config param spatial_merge_size_for_vit: 2
I0805 14:37:26.354727 140012859158848 pyconfig.py:559] Config param stack_prefill_result_cache: False
I0805 14:37:26.354739 140012859158848 pyconfig.py:559] Config param step_deviation_interval_seconds: 30
I0805 14:37:26.354752 140012859158848 pyconfig.py:559] Config param steps: 16
I0805 14:37:26.354766 140012859158848 pyconfig.py:559] Config param stop_strings: None
I0805 14:37:26.354778 140012859158848 pyconfig.py:559] Config param student_overrides: {}
I0805 14:37:26.354791 140012859158848 pyconfig.py:559] Config param student_params_to_update: None
I0805 14:37:26.354803 140012859158848 pyconfig.py:559] Config param subslice_shape: 
I0805 14:37:26.354816 140012859158848 pyconfig.py:559] Config param swap_space_vllm_gb: 2
I0805 14:37:26.354830 140012859158848 pyconfig.py:559] Config param system_prompt: 
I0805 14:37:26.354842 140012859158848 pyconfig.py:559] Config param target_eval_loss: 0.0
I0805 14:37:26.354855 140012859158848 pyconfig.py:559] Config param teacher_overrides: {}
I0805 14:37:26.354868 140012859158848 pyconfig.py:559] Config param temperature_tuning: False
I0805 14:37:26.354880 140012859158848 pyconfig.py:559] Config param temporal_patch_size_for_vit: 2
I0805 14:37:26.354892 140012859158848 pyconfig.py:559] Config param tensorboard_dir: /root/work/scale-your-amd/runs/20260805-maxtext-moe-b4-sharded/maxtext/moe-b4-sharded/tensorboard/
I0805 14:37:26.354906 140012859158848 pyconfig.py:559] Config param tensors_on_device: None
I0805 14:37:26.354919 140012859158848 pyconfig.py:559] Config param tensors_to_offload: None
I0805 14:37:26.354931 140012859158848 pyconfig.py:559] Config param test_batch_start_index: 0
I0805 14:37:26.354944 140012859158848 pyconfig.py:559] Config param tile_size_for_vit: 336
I0805 14:37:26.354956 140012859158848 pyconfig.py:559] Config param tokenize_eval_data: True
I0805 14:37:26.354969 140012859158848 pyconfig.py:559] Config param tokenize_train_data: True
I0805 14:37:26.354982 140012859158848 pyconfig.py:559] Config param tokenizer_path: mistralai/Mixtral-8x7B-Instruct-v0.1
I0805 14:37:26.354995 140012859158848 pyconfig.py:559] Config param tokenizer_type: TokenizerType.SENTENCEPIECE
I0805 14:37:26.355010 140012859158848 pyconfig.py:559] Config param topk_routing_group: -1
I0805 14:37:26.355025 140012859158848 pyconfig.py:559] Config param tpu_num_chips_to_profile_per_task: 1
I0805 14:37:26.355039 140012859158848 pyconfig.py:559] Config param tpu_num_sparse_core_tiles_to_trace: 1
I0805 14:37:26.355052 140012859158848 pyconfig.py:559] Config param tpu_num_sparse_cores_to_trace: 2
I0805 14:37:26.355066 140012859158848 pyconfig.py:559] Config param train_data_columns: ['text']
I0805 14:37:26.355079 140012859158848 pyconfig.py:559] Config param train_fraction: 1.0
I0805 14:37:26.355093 140012859158848 pyconfig.py:559] Config param train_image_column: image
I0805 14:37:26.355106 140012859158848 pyconfig.py:559] Config param train_micro_batch_size: -1
I0805 14:37:26.355118 140012859158848 pyconfig.py:559] Config param train_split: train
I0805 14:37:26.355131 140012859158848 pyconfig.py:559] Config param trainable_parameters_mask: []
I0805 14:37:26.355144 140012859158848 pyconfig.py:559] Config param trainable_position_size: -1
I0805 14:37:26.355157 140012859158848 pyconfig.py:559] Config param trainer_devices_fraction: 0.5
I0805 14:37:26.355170 140012859158848 pyconfig.py:559] Config param upload_all_profiler_results: False
I0805 14:37:26.355183 140012859158848 pyconfig.py:559] Config param use_agentic_rollout: False
I0805 14:37:26.355196 140012859158848 pyconfig.py:559] Config param use_audio: False
I0805 14:37:26.355208 140012859158848 pyconfig.py:559] Config param use_audio_in_video: False
I0805 14:37:26.355221 140012859158848 pyconfig.py:559] Config param use_batch_split_schedule: False
I0805 14:37:26.355233 140012859158848 pyconfig.py:559] Config param use_chat_template: False
I0805 14:37:26.355246 140012859158848 pyconfig.py:559] Config param use_chunked_prefill: False
I0805 14:37:26.355259 140012859158848 pyconfig.py:559] Config param use_custom_sort_vjp: True
I0805 14:37:26.355272 140012859158848 pyconfig.py:559] Config param use_double_wide_mlp: False
I0805 14:37:26.355284 140012859158848 pyconfig.py:559] Config param use_dpo: False
I0805 14:37:26.355297 140012859158848 pyconfig.py:559] Config param use_gather_mosaic_kernel: False
I0805 14:37:26.355309 140012859158848 pyconfig.py:559] Config param use_gmm_v2: False
I0805 14:37:26.355322 140012859158848 pyconfig.py:559] Config param use_grpo: True
I0805 14:37:26.355334 140012859158848 pyconfig.py:559] Config param use_indexer: False
I0805 14:37:26.355346 140012859158848 pyconfig.py:559] Config param use_iota_embed: False
I0805 14:37:26.355359 140012859158848 pyconfig.py:559] Config param use_jax_splash: False
I0805 14:37:26.355371 140012859158848 pyconfig.py:559] Config param use_manual_quantization: False
I0805 14:37:26.355383 140012859158848 pyconfig.py:559] Config param use_max_logit_estimate: -1
I0805 14:37:26.355396 140012859158848 pyconfig.py:559] Config param use_mrope: False
I0805 14:37:26.355409 140012859158848 pyconfig.py:559] Config param use_multimodal: False
I0805 14:37:26.355422 140012859158848 pyconfig.py:559] Config param use_pathways: True
I0805 14:37:26.355434 140012859158848 pyconfig.py:559] Config param use_post_attn_norm: False
I0805 14:37:26.355448 140012859158848 pyconfig.py:559] Config param use_post_ffw_norm: False
I0805 14:37:26.355460 140012859158848 pyconfig.py:559] Config param use_qk_clip: False
I0805 14:37:26.355473 140012859158848 pyconfig.py:559] Config param use_qk_norm: False
I0805 14:37:26.355485 140012859158848 pyconfig.py:559] Config param use_qk_norm_in_gdn: True
I0805 14:37:26.355497 140012859158848 pyconfig.py:559] Config param use_qwix_quantization: False
I0805 14:37:26.355509 140012859158848 pyconfig.py:559] Config param use_ragged_attention: False
I0805 14:37:26.355522 140012859158848 pyconfig.py:559] Config param use_ragged_sort: False
I0805 14:37:26.355535 140012859158848 pyconfig.py:559] Config param use_random_routing: False
I0805 14:37:26.355547 140012859158848 pyconfig.py:559] Config param use_replicator_service: False
I0805 14:37:26.355559 140012859158848 pyconfig.py:559] Config param use_ring_of_experts: False
I0805 14:37:26.355571 140012859158848 pyconfig.py:559] Config param use_sft: False
I0805 14:37:26.355584 140012859158848 pyconfig.py:559] Config param use_splash_scheduler: False
I0805 14:37:26.355596 140012859158848 pyconfig.py:559] Config param use_standalone_converter: False
I0805 14:37:26.355609 140012859158848 pyconfig.py:559] Config param use_tokamax_gmm: False
I0805 14:37:26.355621 140012859158848 pyconfig.py:559] Config param use_tokamax_splash: False
I0805 14:37:26.355633 140012859158848 pyconfig.py:559] Config param use_truncation: True
I0805 14:37:26.355645 140012859158848 pyconfig.py:559] Config param use_tunix_gradient_accumulation: False
I0805 14:37:26.355658 140012859158848 pyconfig.py:559] Config param use_untrainable_positional_embedding: False
I0805 14:37:26.355669 140012859158848 pyconfig.py:559] Config param use_vertex_tensorboard: False
I0805 14:37:26.355682 140012859158848 pyconfig.py:559] Config param using_pipeline_parallelism: False
I0805 14:37:26.355695 140012859158848 pyconfig.py:559] Config param v_head_dim: 128
I0805 14:37:26.355707 140012859158848 pyconfig.py:559] Config param v_norm_with_scale: True
I0805 14:37:26.355720 140012859158848 pyconfig.py:559] Config param value_proj: RematLocation.REMAT
I0805 14:37:26.355733 140012859158848 pyconfig.py:559] Config param vertex_tensorboard_project: 
I0805 14:37:26.355745 140012859158848 pyconfig.py:559] Config param vertex_tensorboard_region: 
I0805 14:37:26.355757 140012859158848 pyconfig.py:559] Config param video_path: 
I0805 14:37:26.355769 140012859158848 pyconfig.py:559] Config param video_placeholder: <|video|>
I0805 14:37:26.355782 140012859158848 pyconfig.py:559] Config param vision_output_dim_for_vit: 4096
I0805 14:37:26.355795 140012859158848 pyconfig.py:559] Config param vision_output_length: -1
I0805 14:37:26.355807 140012859158848 pyconfig.py:559] Config param vllm_additional_config: {}
I0805 14:37:26.355819 140012859158848 pyconfig.py:559] Config param vllm_hf_config_path: 
I0805 14:37:26.355832 140012859158848 pyconfig.py:559] Config param vllm_hf_overrides: {}
I0805 14:37:26.355845 140012859158848 pyconfig.py:559] Config param vllm_load_format: dummy
I0805 14:37:26.355858 140012859158848 pyconfig.py:559] Config param vocab_size: 32000
I0805 14:37:26.355870 140012859158848 pyconfig.py:559] Config param vocab_size_per_layer_input: 0
I0805 14:37:26.355883 140012859158848 pyconfig.py:559] Config param warmup_steps_fraction: 0.1
I0805 14:37:26.355896 140012859158848 pyconfig.py:559] Config param weight_dtype: float32
I0805 14:37:26.355919 140012859158848 pyconfig.py:559] Config param weight_quantization_calibration_method: absmax
I0805 14:37:26.355936 140012859158848 pyconfig.py:559] Config param weight_sparsity_m: None
I0805 14:37:26.355949 140012859158848 pyconfig.py:559] Config param weight_sparsity_n: None
I0805 14:37:26.355962 140012859158848 pyconfig.py:559] Config param weight_sparsity_start_step: 50
I0805 14:37:26.355974 140012859158848 pyconfig.py:559] Config param weight_sparsity_update_step: 10
I0805 14:37:26.355986 140012859158848 pyconfig.py:559] Config param wi_tile_dlhs_batch_seq: 512
I0805 14:37:26.355998 140012859158848 pyconfig.py:559] Config param wi_tile_dlhs_embed_dim: 1024
I0805 14:37:26.356010 140012859158848 pyconfig.py:559] Config param wi_tile_dlhs_mlp_dim: 1024
I0805 14:37:26.356023 140012859158848 pyconfig.py:559] Config param wi_tile_drhs_batch_seq: 512
I0805 14:37:26.356036 140012859158848 pyconfig.py:559] Config param wi_tile_drhs_embed_dim: 1024
I0805 14:37:26.356048 140012859158848 pyconfig.py:559] Config param wi_tile_drhs_mlp_dim: 1024
I0805 14:37:26.356062 140012859158848 pyconfig.py:559] Config param wi_tile_fwd_batch_seq: 512
I0805 14:37:26.356076 140012859158848 pyconfig.py:559] Config param wi_tile_fwd_embed_dim: 1024
I0805 14:37:26.356088 140012859158848 pyconfig.py:559] Config param wi_tile_fwd_mlp_dim: 1024
I0805 14:37:26.356100 140012859158848 pyconfig.py:559] Config param wo_tile_dlhs_batch_seq: 512
I0805 14:37:26.356112 140012859158848 pyconfig.py:559] Config param wo_tile_dlhs_embed_dim: 1024
I0805 14:37:26.356124 140012859158848 pyconfig.py:559] Config param wo_tile_dlhs_mlp_dim: 1024
I0805 14:37:26.356137 140012859158848 pyconfig.py:559] Config param wo_tile_drhs_batch_seq: 512
I0805 14:37:26.356148 140012859158848 pyconfig.py:559] Config param wo_tile_drhs_embed_dim: 1024
I0805 14:37:26.356160 140012859158848 pyconfig.py:559] Config param wo_tile_drhs_mlp_dim: 1024
I0805 14:37:26.356172 140012859158848 pyconfig.py:559] Config param wo_tile_fwd_batch_seq: 512
I0805 14:37:26.356184 140012859158848 pyconfig.py:559] Config param wo_tile_fwd_embed_dim: 1024
I0805 14:37:26.356196 140012859158848 pyconfig.py:559] Config param wo_tile_fwd_mlp_dim: 1024
I0805 14:37:26.356208 140012859158848 pyconfig.py:559] Config param write_estimator_result: False
I0805 14:37:26.356220 140012859158848 pyconfig.py:559] Config param wsd_decay_steps_fraction: 0.1
I0805 14:37:26.356232 140012859158848 pyconfig.py:559] Config param wsd_decay_style: WsdDecayStyle.LINEAR
I0805 14:37:26.356247 140012859158848 pyconfig.py:559] Config param xprof_e2e_enable_fw_power_level_event: False
I0805 14:37:26.356259 140012859158848 pyconfig.py:559] Config param xprof_e2e_enable_fw_thermal_event: False
I0805 14:37:26.356271 140012859158848 pyconfig.py:559] Config param xprof_e2e_enable_fw_throttle_event: False
I0805 14:37:26.356283 140012859158848 pyconfig.py:559] Config param xprof_tpu_power_trace_level: 0
I0805 14:37:26.356298 140012859158848 pyconfig.py:559] Config param z_loss_multiplier: 0.0
I0805 14:37:26.356628 140012859158848 max_utils.py:828] System Information: Jax Version: 0.10.0
I0805 14:37:26.356663 140012859158848 max_utils.py:829] System Information: Jaxlib Version: 0.10.0
I0805 14:37:26.356706 140012859158848 max_utils.py:830] System Information: Jax Backend: PJRT C API
rocm 71400
I0805 14:37:26.356731 140012859158848 max_utils.py:833] System Information: Number of devices: 8, jax path /opt/venv/lib/python3.12/site-packages/jax/__init__.py
I0805 14:37:26.356756 140012859158848 max_utils.py:836] System Information: Device 0: 0 (Local id: 0, Process index: 0)
I0805 14:37:26.356775 140012859158848 max_utils.py:836] System Information: Device 1: 1 (Local id: 1, Process index: 0)
I0805 14:37:26.356791 140012859158848 max_utils.py:836] System Information: Device 2: 2 (Local id: 2, Process index: 0)
I0805 14:37:26.356806 140012859158848 max_utils.py:836] System Information: Device 3: 3 (Local id: 3, Process index: 0)
I0805 14:37:26.356821 140012859158848 max_utils.py:836] System Information: Device 4: 4 (Local id: 4, Process index: 0)
I0805 14:37:26.356835 140012859158848 max_utils.py:836] System Information: Device 5: 5 (Local id: 5, Process index: 0)
I0805 14:37:26.356849 140012859158848 max_utils.py:836] System Information: Device 6: 6 (Local id: 6, Process index: 0)
I0805 14:37:26.356863 140012859158848 max_utils.py:836] System Information: Device 7: 7 (Local id: 7, Process index: 0)
I0805 14:37:26.356888 140012859158848 train_utils.py:355] WARNING: 'base_output_directory' might be pointing your local file system
I0805 14:37:26.356911 140012859158848 train_utils.py:366] WARNING: Sequence packing is essentially ignored for synthetic data. Please use a real dataset to use sequence packing.
I0805 14:37:30.413179 140012859158848 maxtext_utils.py:1975] Num_devices: 8, shape (1, 1, 1, 1, 1, 1, 1, 1, 1, 1, 8, 1)
I0805 14:37:30.413806 140012859158848 maxtext_utils.py:1975] Num_devices: 8, shape (1, 1, 1, 1, 1, 1, 1, 1, 1, 1, 8, 1)
I0805 14:37:30.414815 140012859158848 checkpointing.py:995] Setting up checkpoint logger...
I0805 14:37:30.415000 140012859158848 checkpointing.py:386] Checkpointing disabled, not creating checkpoint manager.
/opt/venv/lib/python3.12/site-packages/transformer_engine/jax/flax/transformer.py:732: UserWarning: The dtype argument is deprecated and will be removed in a future release. DotProductAttention will use the dtype of the inputs instead as this module does not have any parameters. Module dtype specified self.dtype=dtype(bfloat16) matches dtype of inputs so behavior is unchanged. Please remove the dtype argument within the next few releases.
  warnings.warn(
I0805 14:37:31.370624 140012859158848 moe.py:2053] Applying potential token dropping with a batch expert_capacity of 1024
I0805 14:37:31.482961 140012859158848 moe.py:2053] Applying potential token dropping with a batch expert_capacity of 1024
I0805 14:37:31.689751 140012859158848 moe.py:2053] Applying potential token dropping with a batch expert_capacity of 1024
I0805 14:37:31.796403 140012859158848 moe.py:2053] Applying potential token dropping with a batch expert_capacity of 1024
I0805 14:37:32.324645 140012859158848 checkpointing.py:983] No existing checkpoints found, not restoring checkpoint.
I0805 14:37:44.367004 140012859158848 moe.py:2053] Applying potential token dropping with a batch expert_capacity of 1024
I0805 14:37:44.481325 140012859158848 moe.py:2053] Applying potential token dropping with a batch expert_capacity of 1024
I0805 14:37:52.590869 140012859158848 max_utils.py:819] Total memory size: 115.7 GB, Output size: 65.2 GB, Temp size: 50.5 GB, Argument size: 65.2 GB, Host temp size: 0.0 GB.
I0805 14:37:52.592574 140012859158848 metric_logger.py:334] number parameters: 46.703 billion
I0805 14:37:52.686418 140012859158848 train.py:680] ====== BARRIER: Synchronizing hosts before training loop ======
I0805 14:37:52.687075 140012859158848 train.py:682] ====== BARRIER PASSED: Starting training loop ======
I0805 14:37:53.180062 140012859158848 moe.py:2053] Applying potential token dropping with a batch expert_capacity of 1024
I0805 14:37:53.238164 140012859158848 moe.py:2053] Applying potential token dropping with a batch expert_capacity of 1024
E0805 14:38:09.291218  138762 rendezvous.cc:108] [id=1] This thread has been waiting for `[2] [rank=2] [run_id=1526338317] Initialize clique: devices=8:[0,1,2,3,4,5,6,7]; local_participants=8; communication_id=0; incarnations=[]` for 10 seconds and may be stuck. All 8 threads joined the rendezvous, however the leader has not marked the rendezvous as completed. Leader can be deadlocked inside the rendezvous callback.
E0805 14:38:09.291235  138759 rendezvous.cc:108] [id=4] This thread has been waiting for `[1] [rank=1] [run_id=1526338317] Initialize clique: devices=8:[0,1,2,3,4,5,6,7]; local_participants=8; communication_id=0; incarnations=[]` for 10 seconds and may be stuck. All 8 threads joined the rendezvous, however the leader has not marked the rendezvous as completed. Leader can be deadlocked inside the rendezvous callback.
E0805 14:38:09.291245  138765 rendezvous.cc:108] [id=2] This thread has been waiting for `[3] [rank=3] [run_id=1526338317] Initialize clique: devices=8:[0,1,2,3,4,5,6,7]; local_participants=8; communication_id=0; incarnations=[]` for 10 seconds and may be stuck. All 8 threads joined the rendezvous, however the leader has not marked the rendezvous as completed. Leader can be deadlocked inside the rendezvous callback.
E0805 14:38:09.291263  138777 rendezvous.cc:108] [id=0] This thread has been waiting for `[7] [rank=7] [run_id=1526338317] Initialize clique: devices=8:[0,1,2,3,4,5,6,7]; local_participants=8; communication_id=0; incarnations=[]` for 10 seconds and may be stuck. All 8 threads joined the rendezvous, however the leader has not marked the rendezvous as completed. Leader can be deadlocked inside the rendezvous callback.
E0805 14:38:09.291304  138774 rendezvous.cc:108] [id=6] This thread has been waiting for `[6] [rank=6] [run_id=1526338317] Initialize clique: devices=8:[0,1,2,3,4,5,6,7]; local_participants=8; communication_id=0; incarnations=[]` for 10 seconds and may be stuck. All 8 threads joined the rendezvous, however the leader has not marked the rendezvous as completed. Leader can be deadlocked inside the rendezvous callback.
E0805 14:38:09.291246  138768 rendezvous.cc:108] [id=5] This thread has been waiting for `[4] [rank=4] [run_id=1526338317] Initialize clique: devices=8:[0,1,2,3,4,5,6,7]; local_participants=8; communication_id=0; incarnations=[]` for 10 seconds and may be stuck. All 8 threads joined the rendezvous, however the leader has not marked the rendezvous as completed. Leader can be deadlocked inside the rendezvous callback.
E0805 14:38:09.291305  138771 rendezvous.cc:108] [id=3] This thread has been waiting for `[5] [rank=5] [run_id=1526338317] Initialize clique: devices=8:[0,1,2,3,4,5,6,7]; local_participants=8; communication_id=0; incarnations=[]` for 10 seconds and may be stuck. All 8 threads joined the rendezvous, however the leader has not marked the rendezvous as completed. Leader can be deadlocked inside the rendezvous callback.
E0805 14:38:13.748139  138762 rendezvous.cc:130] [id=1] This thread is unstuck waiting for `[2] [rank=2] [run_id=1526338317] Initialize clique: devices=8:[0,1,2,3,4,5,6,7]; local_participants=8; communication_id=0; incarnations=[]` after 14.457132432s. All threads joined the rendezvous on time however the leader took long time to complete it. Warning above was a false-positive. Perhaps the timeout is too short.
E0805 14:38:13.748167  138774 rendezvous.cc:130] [id=6] This thread is unstuck waiting for `[6] [rank=6] [run_id=1526338317] Initialize clique: devices=8:[0,1,2,3,4,5,6,7]; local_participants=8; communication_id=0; incarnations=[]` after 14.457121437s. All threads joined the rendezvous on time however the leader took long time to complete it. Warning above was a false-positive. Perhaps the timeout is too short.
E0805 14:38:13.748256  138759 rendezvous.cc:130] [id=4] This thread is unstuck waiting for `[1] [rank=1] [run_id=1526338317] Initialize clique: devices=8:[0,1,2,3,4,5,6,7]; local_participants=8; communication_id=0; incarnations=[]` after 14.457229904s. All threads joined the rendezvous on time however the leader took long time to complete it. Warning above was a false-positive. Perhaps the timeout is too short.
E0805 14:38:13.748265  138777 rendezvous.cc:130] [id=0] This thread is unstuck waiting for `[7] [rank=7] [run_id=1526338317] Initialize clique: devices=8:[0,1,2,3,4,5,6,7]; local_participants=8; communication_id=0; incarnations=[]` after 14.457268734s. All threads joined the rendezvous on time however the leader took long time to complete it. Warning above was a false-positive. Perhaps the timeout is too short.
E0805 14:38:13.748269  138765 rendezvous.cc:130] [id=2] This thread is unstuck waiting for `[3] [rank=3] [run_id=1526338317] Initialize clique: devices=8:[0,1,2,3,4,5,6,7]; local_participants=8; communication_id=0; incarnations=[]` after 14.457244057s. All threads joined the rendezvous on time however the leader took long time to complete it. Warning above was a false-positive. Perhaps the timeout is too short.
E0805 14:38:13.748323  138768 rendezvous.cc:130] [id=5] This thread is unstuck waiting for `[4] [rank=4] [run_id=1526338317] Initialize clique: devices=8:[0,1,2,3,4,5,6,7]; local_participants=8; communication_id=0; incarnations=[]` after 14.457280129s. All threads joined the rendezvous on time however the leader took long time to complete it. Warning above was a false-positive. Perhaps the timeout is too short.
E0805 14:38:13.748324  138771 rendezvous.cc:130] [id=3] This thread is unstuck waiting for `[5] [rank=5] [run_id=1526338317] Initialize clique: devices=8:[0,1,2,3,4,5,6,7]; local_participants=8; communication_id=0; incarnations=[]` after 14.457299981s. All threads joined the rendezvous on time however the leader took long time to complete it. Warning above was a false-positive. Perhaps the timeout is too short.
RCCL version : 2.30.4-HEAD:9e5e408
HIP version  : 7.14.60850-0000000
ROCm version : 7.14.0.0-9999-2b22ab01
Hostname     : dell300x-ccs-aus-f06-01
Librccl path : /opt/rocm/lib/librccl.so.1
[aiter] hipModuleLoad (embedded): hsa/gfx942/fmha_v3_fwd/MI300/fwd_hd128_bf16_causal_rtz.co GetFunction: _ZN5aiter30fmha_fwd_hd128_bf16_causal_rtzE
[aiter] hipModuleGetFunction: _ZN5aiter30fmha_fwd_hd128_bf16_causal_rtzE Success
[aiter] hipModuleLoad (embedded): hsa/gfx942/fmha_v3_fwd/MI300/fwd_hd128_bf16_causal_rtz.co GetFunction: _ZN5aiter30fmha_fwd_hd128_bf16_causal_rtzE
[aiter] hipModuleGetFunction: _ZN5aiter30fmha_fwd_hd128_bf16_causal_rtzE Success
[aiter] hipModuleLoad (embedded): hsa/gfx942/fmha_v3_fwd/MI300/fwd_hd128_bf16_causal_rtz.co GetFunction: _ZN5aiter30fmha_fwd_hd128_bf16_causal_rtzE
[aiter] hipModuleGetFunction: _ZN5aiter30fmha_fwd_hd128_bf16_causal_rtzE Success
[aiter] hipModuleLoad (embedded): hsa/gfx942/fmha_v3_fwd/MI300/fwd_hd128_bf16_causal_rtz.co GetFunction: _ZN5aiter30fmha_fwd_hd128_bf16_causal_rtzE
[aiter] hipModuleGetFunction: _ZN5aiter30fmha_fwd_hd128_bf16_causal_rtzE Success
[aiter] hipModuleLoad (embedded): hsa/gfx942/fmha_v3_fwd/MI300/fwd_hd128_bf16_causal_rtz.co GetFunction: _ZN5aiter30fmha_fwd_hd128_bf16_causal_rtzE
[aiter] hipModuleLoad (embedded): hsa/gfx942/fmha_v3_fwd/MI300/fwd_hd128_bf16_causal_rtz.co GetFunction: _ZN5aiter30fmha_fwd_hd128_bf16_causal_rtzE
[aiter] hipModuleGetFunction: _ZN5aiter30fmha_fwd_hd128_bf16_causal_rtzE Success
[aiter] hipModuleLoad (embedded): hsa/gfx942/fmha_v3_fwd/MI300/fwd_hd128_bf16_causal_rtz.co GetFunction: _ZN5aiter30fmha_fwd_hd128_bf16_causal_rtzE
[aiter] hipModuleGetFunction: _ZN5aiter30fmha_fwd_hd128_bf16_causal_rtzE Success
[aiter] hipModuleGetFunction: _ZN5aiter30fmha_fwd_hd128_bf16_causal_rtzE Success
[aiter] hipModuleLoad (embedded): hsa/gfx942/fmha_v3_fwd/MI300/fwd_hd128_bf16_causal_rtz.co GetFunction: _ZN5aiter30fmha_fwd_hd128_bf16_causal_rtzE
[aiter] hipModuleGetFunction: _ZN5aiter30fmha_fwd_hd128_bf16_causal_rtzE Success
[aiter] hipModuleLoad (embedded): hsa/gfx942/fmha_v3_bwd/bwd_hd128_odo_bf16.co GetFunction: _ZN5aiter23fmha_bwd_hd128_odo_bf16E
[aiter] hipModuleGetFunction: _ZN5aiter23fmha_bwd_hd128_odo_bf16E Success
[aiter] hipModuleLoad (embedded): hsa/gfx942/fmha_v3_bwd/bwd_hd128_bf16_causal_a32_rtz_psskddv.co GetFunction: _ZN5aiter42fmha_bwd_hd128_bf16_causal_a32_rtz_psskddvE
[aiter] hipModuleGetFunction: _ZN5aiter42fmha_bwd_hd128_bf16_causal_a32_rtz_psskddvE Success
[aiter] hipModuleLoad (embedded): hsa/gfx942/fmha_v3_bwd/bwd_hd128_dq_convert_bf16_rtz.co GetFunction: _ZN5aiter34fmha_bwd_hd128_dq_convert_bf16_rtzE
[aiter] hipModuleGetFunction: _ZN5aiter34fmha_bwd_hd128_dq_convert_bf16_rtzE Success
[aiter] hipModuleLoad (embedded): hsa/gfx942/fmha_v3_bwd/bwd_hd128_odo_bf16.co GetFunction: _ZN5aiter23fmha_bwd_hd128_odo_bf16E
[aiter] hipModuleGetFunction: _ZN5aiter23fmha_bwd_hd128_odo_bf16E Success
[aiter] hipModuleLoad (embedded): hsa/gfx942/fmha_v3_bwd/bwd_hd128_bf16_causal_a32_rtz_psskddv.co GetFunction: _ZN5aiter42fmha_bwd_hd128_bf16_causal_a32_rtz_psskddvE
[aiter] hipModuleGetFunction: _ZN5aiter42fmha_bwd_hd128_bf16_causal_a32_rtz_psskddvE Success
[aiter] hipModuleLoad (embedded): hsa/gfx942/fmha_v3_bwd/bwd_hd128_dq_convert_bf16_rtz.co GetFunction: _ZN5aiter34fmha_bwd_hd128_dq_convert_bf16_rtzE
[aiter] hipModuleGetFunction: _ZN5aiter34fmha_bwd_hd128_dq_convert_bf16_rtzE Success
[aiter] hipModuleLoad (embedded): hsa/gfx942/fmha_v3_bwd/bwd_hd128_odo_bf16.co GetFunction: _ZN5aiter23fmha_bwd_hd128_odo_bf16E
[aiter] hipModuleGetFunction: _ZN5aiter23fmha_bwd_hd128_odo_bf16E Success
[aiter] hipModuleLoad (embedded): hsa/gfx942/fmha_v3_bwd/bwd_hd128_bf16_causal_a32_rtz_psskddv.co GetFunction: _ZN5aiter42fmha_bwd_hd128_bf16_causal_a32_rtz_psskddvE
[aiter] hipModuleGetFunction: _ZN5aiter42fmha_bwd_hd128_bf16_causal_a32_rtz_psskddvE Success
[aiter] hipModuleLoad (embedded): hsa/gfx942/fmha_v3_bwd/bwd_hd128_dq_convert_bf16_rtz.co GetFunction: _ZN5aiter34fmha_bwd_hd128_dq_convert_bf16_rtzE
[aiter] hipModuleGetFunction: _ZN5aiter34fmha_bwd_hd128_dq_convert_bf16_rtzE Success
[aiter] hipModuleLoad (embedded): hsa/gfx942/fmha_v3_bwd/bwd_hd128_odo_bf16.co GetFunction: _ZN5aiter23fmha_bwd_hd128_odo_bf16E
[aiter] hipModuleGetFunction: _ZN5aiter23fmha_bwd_hd128_odo_bf16E Success
[aiter] hipModuleLoad (embedded): hsa/gfx942/fmha_v3_bwd/bwd_hd128_bf16_causal_a32_rtz_psskddv.co GetFunction: _ZN5aiter42fmha_bwd_hd128_bf16_causal_a32_rtz_psskddvE
[aiter] hipModuleGetFunction: _ZN5aiter42fmha_bwd_hd128_bf16_causal_a32_rtz_psskddvE Success
[aiter] hipModuleLoad (embedded): hsa/gfx942/fmha_v3_bwd/bwd_hd128_dq_convert_bf16_rtz.co GetFunction: _ZN5aiter34fmha_bwd_hd128_dq_convert_bf16_rtzE
[aiter] hipModuleGetFunction: _ZN5aiter34fmha_bwd_hd128_dq_convert_bf16_rtzE Success
[aiter] hipModuleLoad (embedded): hsa/gfx942/fmha_v3_bwd/bwd_hd128_odo_bf16.co GetFunction: _ZN5aiter23fmha_bwd_hd128_odo_bf16E
[aiter] hipModuleGetFunction: _ZN5aiter23fmha_bwd_hd128_odo_bf16E Success
[aiter] hipModuleLoad (embedded): hsa/gfx942/fmha_v3_bwd/bwd_hd128_bf16_causal_a32_rtz_psskddv.co GetFunction: _ZN5aiter42fmha_bwd_hd128_bf16_causal_a32_rtz_psskddvE
[aiter] hipModuleGetFunction: _ZN5aiter42fmha_bwd_hd128_bf16_causal_a32_rtz_psskddvE Success
[aiter] hipModuleLoad (embedded): hsa/gfx942/fmha_v3_bwd/bwd_hd128_dq_convert_bf16_rtz.co GetFunction: _ZN5aiter34fmha_bwd_hd128_dq_convert_bf16_rtzE
[aiter] hipModuleGetFunction: _ZN5aiter34fmha_bwd_hd128_dq_convert_bf16_rtzE Success
[aiter] hipModuleLoad (embedded): hsa/gfx942/fmha_v3_bwd/bwd_hd128_odo_bf16.co GetFunction: _ZN5aiter23fmha_bwd_hd128_odo_bf16E
[aiter] hipModuleGetFunction: _ZN5aiter23fmha_bwd_hd128_odo_bf16E Success
[aiter] hipModuleLoad (embedded): hsa/gfx942/fmha_v3_bwd/bwd_hd128_bf16_causal_a32_rtz_psskddv.co GetFunction: _ZN5aiter42fmha_bwd_hd128_bf16_causal_a32_rtz_psskddvE
[aiter] hipModuleGetFunction: _ZN5aiter42fmha_bwd_hd128_bf16_causal_a32_rtz_psskddvE Success
[aiter] hipModuleLoad (embedded): hsa/gfx942/fmha_v3_bwd/bwd_hd128_dq_convert_bf16_rtz.co GetFunction: _ZN5aiter34fmha_bwd_hd128_dq_convert_bf16_rtzE
[aiter] hipModuleGetFunction: _ZN5aiter34fmha_bwd_hd128_dq_convert_bf16_rtzE Success
[aiter] hipModuleLoad (embedded): hsa/gfx942/fmha_v3_bwd/bwd_hd128_odo_bf16.co GetFunction: _ZN5aiter23fmha_bwd_hd128_odo_bf16E
[aiter] hipModuleGetFunction: _ZN5aiter23fmha_bwd_hd128_odo_bf16E Success
[aiter] hipModuleLoad (embedded): hsa/gfx942/fmha_v3_bwd/bwd_hd128_bf16_causal_a32_rtz_psskddv.co GetFunction: _ZN5aiter42fmha_bwd_hd128_bf16_causal_a32_rtz_psskddvE
[aiter] hipModuleGetFunction: _ZN5aiter42fmha_bwd_hd128_bf16_causal_a32_rtz_psskddvE Success
[aiter] hipModuleLoad (embedded): hsa/gfx942/fmha_v3_bwd/bwd_hd128_dq_convert_bf16_rtz.co GetFunction: _ZN5aiter34fmha_bwd_hd128_dq_convert_bf16_rtzE
[aiter] hipModuleGetFunction: _ZN5aiter34fmha_bwd_hd128_dq_convert_bf16_rtzE Success
[aiter] hipModuleLoad (embedded): hsa/gfx942/fmha_v3_bwd/bwd_hd128_odo_bf16.co GetFunction: _ZN5aiter23fmha_bwd_hd128_odo_bf16E
[aiter] hipModuleGetFunction: _ZN5aiter23fmha_bwd_hd128_odo_bf16E Success
[aiter] hipModuleLoad (embedded): hsa/gfx942/fmha_v3_bwd/bwd_hd128_bf16_causal_a32_rtz_psskddv.co GetFunction: _ZN5aiter42fmha_bwd_hd128_bf16_causal_a32_rtz_psskddvE
[aiter] hipModuleGetFunction: _ZN5aiter42fmha_bwd_hd128_bf16_causal_a32_rtz_psskddvE Success
[aiter] hipModuleLoad (embedded): hsa/gfx942/fmha_v3_bwd/bwd_hd128_dq_convert_bf16_rtz.co GetFunction: _ZN5aiter34fmha_bwd_hd128_dq_convert_bf16_rtzE
[aiter] hipModuleGetFunction: _ZN5aiter34fmha_bwd_hd128_dq_convert_bf16_rtzE Success
I0805 14:38:28.266586 140012859158848 max_utils.py:778] 
Memstats: After params initialized:
I0805 14:38:28.267033 140012859158848 max_utils.py:784] 	Using (GB) 65.25 / 172.79 (37.762602%) on rocm:0
I0805 14:38:28.267194 140012859158848 max_utils.py:784] 	Using (GB) 65.25 / 172.79 (37.762602%) on rocm:1
I0805 14:38:28.267310 140012859158848 max_utils.py:784] 	Using (GB) 65.25 / 172.79 (37.762602%) on rocm:2
I0805 14:38:28.267407 140012859158848 max_utils.py:784] 	Using (GB) 65.25 / 172.79 (37.762602%) on rocm:3
I0805 14:38:28.267498 140012859158848 max_utils.py:784] 	Using (GB) 65.25 / 172.79 (37.762602%) on rocm:4
I0805 14:38:28.267585 140012859158848 max_utils.py:784] 	Using (GB) 65.25 / 172.79 (37.762602%) on rocm:5
I0805 14:38:28.267667 140012859158848 max_utils.py:784] 	Using (GB) 65.25 / 172.79 (37.762602%) on rocm:6
I0805 14:38:28.267750 140012859158848 max_utils.py:784] 	Using (GB) 65.25 / 172.79 (37.762602%) on rocm:7
I0805 14:38:33.221177 140012859158848 metric_logger.py:207] completed step: 0, seconds: 35.579, TFLOP/s/device: 36.707, Tokens/s/device: 460.493, total_weights: 131072, loss: 10.872, lm_loss: 10.872, perplexity: 52683.316, moe_lb_loss: 0.000
I0805 14:38:33.226446 140012859158848 metric_logger.py:314] To see full metrics 'tensorboard --logdir=/root/work/scale-your-amd/runs/20260805-maxtext-moe-b4-sharded/maxtext/moe-b4-sharded/tensorboard/'
I0805 14:38:37.651933 140012859158848 metric_logger.py:207] completed step: 1, seconds: 4.950, TFLOP/s/device: 263.822, Tokens/s/device: 3309.657, total_weights: 131072, loss: 10.872, lm_loss: 10.872, perplexity: 52683.316, moe_lb_loss: 0.000
I0805 14:38:42.087493 140012859158848 metric_logger.py:207] completed step: 2, seconds: 4.431, TFLOP/s/device: 294.747, Tokens/s/device: 3697.614, total_weights: 131072, loss: 10.515, lm_loss: 10.515, perplexity: 36846.008, moe_lb_loss: 0.000
I0805 14:38:46.530265 140012859158848 metric_logger.py:207] completed step: 3, seconds: 4.436, TFLOP/s/device: 294.428, Tokens/s/device: 3693.610, total_weights: 131072, loss: 10.342, lm_loss: 10.342, perplexity: 31021.383, moe_lb_loss: 0.000
I0805 14:38:50.976546 140012859158848 metric_logger.py:207] completed step: 4, seconds: 4.443, TFLOP/s/device: 293.981, Tokens/s/device: 3688.006, total_weights: 131072, loss: 10.213, lm_loss: 10.213, perplexity: 27255.504, moe_lb_loss: 0.000
I0805 14:38:55.433061 140012859158848 metric_logger.py:207] completed step: 5, seconds: 4.447, TFLOP/s/device: 293.715, Tokens/s/device: 3684.673, total_weights: 131072, loss: 10.102, lm_loss: 10.102, perplexity: 24403.221, moe_lb_loss: 0.000
I0805 14:38:59.895110 140012859158848 metric_logger.py:207] completed step: 6, seconds: 4.456, TFLOP/s/device: 293.068, Tokens/s/device: 3676.553, total_weights: 131072, loss: 10.008, lm_loss: 10.008, perplexity: 22194.988, moe_lb_loss: 0.000
I0805 14:39:04.370501 140012859158848 metric_logger.py:207] completed step: 7, seconds: 4.462, TFLOP/s/device: 292.686, Tokens/s/device: 3671.761, total_weights: 131072, loss: 9.927, lm_loss: 9.927, perplexity: 20469.965, moe_lb_loss: 0.000
I0805 14:39:08.850060 140012859158848 metric_logger.py:207] completed step: 8, seconds: 4.475, TFLOP/s/device: 291.852, Tokens/s/device: 3661.290, total_weights: 131072, loss: 9.858, lm_loss: 9.858, perplexity: 19108.967, moe_lb_loss: 0.000
I0805 14:39:13.336743 140012859158848 metric_logger.py:207] completed step: 9, seconds: 4.480, TFLOP/s/device: 291.548, Tokens/s/device: 3657.489, total_weights: 131072, loss: 9.800, lm_loss: 9.800, perplexity: 18031.840, moe_lb_loss: 0.000
I0805 14:39:17.825957 140012859158848 metric_logger.py:207] completed step: 10, seconds: 4.487, TFLOP/s/device: 291.083, Tokens/s/device: 3651.647, total_weights: 131072, loss: 9.752, lm_loss: 9.752, perplexity: 17185.307, moe_lb_loss: 0.000
I0805 14:39:22.322303 140012859158848 metric_logger.py:207] completed step: 11, seconds: 4.489, TFLOP/s/device: 290.933, Tokens/s/device: 3649.770, total_weights: 131072, loss: 9.713, lm_loss: 9.713, perplexity: 16531.883, moe_lb_loss: 0.000
I0805 14:39:26.823971 140012859158848 metric_logger.py:207] completed step: 12, seconds: 4.497, TFLOP/s/device: 290.450, Tokens/s/device: 3643.707, total_weights: 131072, loss: 9.683, lm_loss: 9.683, perplexity: 16036.306, moe_lb_loss: 0.000
I0805 14:39:31.328412 140012859158848 metric_logger.py:207] completed step: 13, seconds: 4.501, TFLOP/s/device: 290.138, Tokens/s/device: 3639.797, total_weights: 131072, loss: 9.659, lm_loss: 9.659, perplexity: 15669.352, moe_lb_loss: 0.000
I0805 14:39:35.835462 140012859158848 metric_logger.py:207] completed step: 14, seconds: 4.505, TFLOP/s/device: 289.928, Tokens/s/device: 3637.154, total_weights: 131072, loss: 9.642, lm_loss: 9.642, perplexity: 15398.024, moe_lb_loss: 0.000
I0805 14:39:35.845422 140012859158848 metric_logger.py:207] completed step: 15, seconds: 4.507, TFLOP/s/device: 289.778, Tokens/s/device: 3635.278, total_weights: 131072, loss: 9.628, lm_loss: 9.628, perplexity: 15184.910, moe_lb_loss: 0.000
Per train step:
 Total TFLOPs: 1306.01 
 split as 95.96% learnable weight flops and 4.04% attention flops
