WARNING: All log messages before absl::InitializeLog() is called are written to STDERR
I0000 00:00:1785942578.826215  151737 port.cc:153] oneDNN custom operations are on. You may see slightly different numerical results due to floating-point round-off errors from different computation orders. To turn them off, set the environment variable `TF_ENABLE_ONEDNN_OPTS=0`.
WARNING: All log messages before absl::InitializeLog() is called are written to STDERR
I0000 00:00:1785942579.787800  151737 port.cc:153] oneDNN custom operations are on. You may see slightly different numerical results due to floating-point round-off errors from different computation orders. To turn them off, set the environment variable `TF_ENABLE_ONEDNN_OPTS=0`.
[transformers] PyTorch was not found. Models won't be available and only tokenizers, configuration and file/data utilities can be used.
[transformers] DeepseekV32Config got `key=rope_scaling` in kwargs but hasn't set it as attribute. For RoPE standardization you need to set `self.rope_parameters` in model's config. 
I0805 15:09:43.076642 139667883532608 max_utils.py:260] Attempting to initialize the jax distributed system for GPU backend...
I0805 15:09:43.076740 139667883532608 max_utils.py:262] Jax distributed system initialized on GPU!
I0805 15:09:44.336293 139667883532608 pyconfig.py:559] Config param abort_on_inf_loss: True
I0805 15:09:44.336476 139667883532608 pyconfig.py:559] Config param abort_on_nan_loss: True
I0805 15:09:44.336543 139667883532608 pyconfig.py:559] Config param act_quantization_calibration_method: absmax
I0805 15:09:44.336598 139667883532608 pyconfig.py:559] Config param activation_dropout_for_audio: 0.0
I0805 15:09:44.336646 139667883532608 pyconfig.py:559] Config param activation_function_for_audio: gelu
I0805 15:09:44.336687 139667883532608 pyconfig.py:559] Config param activations_in_float32: False
I0805 15:09:44.336726 139667883532608 pyconfig.py:559] Config param adam_b1: 0.9
I0805 15:09:44.336771 139667883532608 pyconfig.py:559] Config param adam_b2: 0.95
I0805 15:09:44.336813 139667883532608 pyconfig.py:559] Config param adam_eps: 1e-08
I0805 15:09:44.336857 139667883532608 pyconfig.py:559] Config param adam_eps_root: 0.0
I0805 15:09:44.336896 139667883532608 pyconfig.py:559] Config param adam_weight_decay: 0.1
I0805 15:09:44.336936 139667883532608 pyconfig.py:559] Config param adamw_mask: []
I0805 15:09:44.336975 139667883532608 pyconfig.py:559] Config param add_bos: True
I0805 15:09:44.337013 139667883532608 pyconfig.py:559] Config param add_eos: True
I0805 15:09:44.337049 139667883532608 pyconfig.py:559] Config param allow_split_physical_axes: False
I0805 15:09:44.337086 139667883532608 pyconfig.py:559] Config param ar_cache_axis_order: 1,2,0,3
I0805 15:09:44.337124 139667883532608 pyconfig.py:559] Config param async_checkpointing: True
I0805 15:09:44.337160 139667883532608 pyconfig.py:559] Config param async_scheduling: False
I0805 15:09:44.337197 139667883532608 pyconfig.py:559] Config param attention: cudnn_flash_te
I0805 15:09:44.337232 139667883532608 pyconfig.py:559] Config param attention_bias: False
I0805 15:09:44.337266 139667883532608 pyconfig.py:559] Config param attention_dropout_for_audio: 0.0
I0805 15:09:44.337302 139667883532608 pyconfig.py:559] Config param attention_for_vit: dot_product
I0805 15:09:44.337340 139667883532608 pyconfig.py:559] Config param attention_out: RematLocation.REMAT
I0805 15:09:44.337387 139667883532608 pyconfig.py:559] Config param attention_output_dim: -1
I0805 15:09:44.337424 139667883532608 pyconfig.py:559] Config param attention_sink: False
I0805 15:09:44.337464 139667883532608 pyconfig.py:559] Config param attention_type: global
I0805 15:09:44.337502 139667883532608 pyconfig.py:559] Config param attn_logits_soft_cap: None
I0805 15:09:44.337538 139667883532608 pyconfig.py:559] Config param attn_module_name: None
I0805 15:09:44.337574 139667883532608 pyconfig.py:559] Config param audio_path: 
I0805 15:09:44.337610 139667883532608 pyconfig.py:559] Config param audio_placeholder: <|audio|>
I0805 15:09:44.337647 139667883532608 pyconfig.py:559] Config param autoregressive_decode_assert: 
I0805 15:09:44.337683 139667883532608 pyconfig.py:559] Config param base_config: None
I0805 15:09:44.337718 139667883532608 pyconfig.py:559] Config param base_emb_dim: 2048
I0805 15:09:44.337766 139667883532608 pyconfig.py:559] Config param base_mlp_dim: 768
I0805 15:09:44.337803 139667883532608 pyconfig.py:559] Config param base_moe_mlp_dim: 768
I0805 15:09:44.337838 139667883532608 pyconfig.py:559] Config param base_num_decoder_layers: 48
I0805 15:09:44.337873 139667883532608 pyconfig.py:559] Config param base_num_kv_heads: 4
I0805 15:09:44.337908 139667883532608 pyconfig.py:559] Config param base_num_query_heads: 32
I0805 15:09:44.337943 139667883532608 pyconfig.py:559] Config param base_output_directory: /root/work/scale-your-amd/runs/20260805-maxtext-disp-qwen3-onehot-capacity/maxtext
I0805 15:09:44.337980 139667883532608 pyconfig.py:559] Config param batch_size: 1
I0805 15:09:44.338015 139667883532608 pyconfig.py:559] Config param batch_split_factor: 1
I0805 15:09:44.338050 139667883532608 pyconfig.py:559] Config param beta_fast: 32
I0805 15:09:44.338086 139667883532608 pyconfig.py:559] Config param beta_slow: 1
I0805 15:09:44.338123 139667883532608 pyconfig.py:559] Config param bwd_quantization_calibration_method: absmax
I0805 15:09:44.338159 139667883532608 pyconfig.py:559] Config param capacity_factor: 1.25
I0805 15:09:44.338196 139667883532608 pyconfig.py:559] Config param cast_logits_to_fp32: True
I0805 15:09:44.338232 139667883532608 pyconfig.py:559] Config param chat_template: 
I0805 15:09:44.338267 139667883532608 pyconfig.py:559] Config param chat_template_path: 
I0805 15:09:44.338303 139667883532608 pyconfig.py:559] Config param check_vma: False
I0805 15:09:44.338339 139667883532608 pyconfig.py:559] Config param checkpoint_conversion_fn: None
I0805 15:09:44.338377 139667883532608 pyconfig.py:559] Config param checkpoint_dir: /root/work/scale-your-amd/runs/20260805-maxtext-disp-qwen3-onehot-capacity/maxtext/disp-qwen3-onehot-capacity/checkpoints/
I0805 15:09:44.338419 139667883532608 pyconfig.py:559] Config param checkpoint_is_quantized: False
I0805 15:09:44.338457 139667883532608 pyconfig.py:559] Config param checkpoint_period: 10000
I0805 15:09:44.338494 139667883532608 pyconfig.py:559] Config param checkpoint_storage_concurrent_gb: 96
I0805 15:09:44.338532 139667883532608 pyconfig.py:559] Config param checkpoint_storage_target_data_file_size_bytes: 2147483648
I0805 15:09:44.338569 139667883532608 pyconfig.py:559] Config param checkpoint_storage_use_ocdbt: True
I0805 15:09:44.338607 139667883532608 pyconfig.py:559] Config param checkpoint_storage_use_zarr3: True
I0805 15:09:44.338643 139667883532608 pyconfig.py:559] Config param checkpoint_todelete_full_path: None
I0805 15:09:44.338678 139667883532608 pyconfig.py:559] Config param checkpoint_todelete_subdir: None
I0805 15:09:44.338712 139667883532608 pyconfig.py:559] Config param chips_per_vm: 4
I0805 15:09:44.338747 139667883532608 pyconfig.py:559] Config param chunk_attn_window_size: 0
I0805 15:09:44.338781 139667883532608 pyconfig.py:559] Config param colocated_python_checkpointing: False
I0805 15:09:44.338815 139667883532608 pyconfig.py:559] Config param colocated_python_data_input: False
I0805 15:09:44.338850 139667883532608 pyconfig.py:559] Config param compile_topology: 
I0805 15:09:44.338884 139667883532608 pyconfig.py:559] Config param compile_topology_num_slices: -1
I0805 15:09:44.338918 139667883532608 pyconfig.py:559] Config param compile_xla_flags: 
I0805 15:09:44.338951 139667883532608 pyconfig.py:559] Config param compiled_trainstep_file: 
I0805 15:09:44.338985 139667883532608 pyconfig.py:559] Config param compress_ratios: []
I0805 15:09:44.339020 139667883532608 pyconfig.py:559] Config param compressed_rope_max_timescale: 160000
I0805 15:09:44.339055 139667883532608 pyconfig.py:559] Config param compute_axis_order: 0,1,2,3
I0805 15:09:44.339089 139667883532608 pyconfig.py:559] Config param constant_bound_config: []
I0805 15:09:44.339123 139667883532608 pyconfig.py:559] Config param context: RematLocation.REMAT
I0805 15:09:44.339159 139667883532608 pyconfig.py:559] Config param context_parallel_load_balance: True
I0805 15:09:44.339193 139667883532608 pyconfig.py:559] Config param context_parallel_reorder_strategy: ReorderStrategy.AUTO
I0805 15:09:44.339231 139667883532608 pyconfig.py:559] Config param context_parallel_size: 1
I0805 15:09:44.339266 139667883532608 pyconfig.py:559] Config param context_parallel_strategy: all_gather
I0805 15:09:44.339300 139667883532608 pyconfig.py:559] Config param context_sharding: context
I0805 15:09:44.339335 139667883532608 pyconfig.py:559] Config param conv_chunksize_for_audio: 500
I0805 15:09:44.339370 139667883532608 pyconfig.py:559] Config param conv_stride_for_vit: 14
I0805 15:09:44.339404 139667883532608 pyconfig.py:559] Config param convert_checkpoint_if_possible: False
I0805 15:09:44.339439 139667883532608 pyconfig.py:559] Config param cost_estimate_flops_bwd: -1
I0805 15:09:44.339474 139667883532608 pyconfig.py:559] Config param cost_estimate_flops_fwd: -1
I0805 15:09:44.339508 139667883532608 pyconfig.py:559] Config param custom_mesh: 
I0805 15:09:44.339543 139667883532608 pyconfig.py:559] Config param custom_mesh_and_rule: CustomRule.DEFAULT
I0805 15:09:44.339579 139667883532608 pyconfig.py:559] Config param d_model_for_audio: 256
I0805 15:09:44.339613 139667883532608 pyconfig.py:559] Config param data_sharding: (('data', 'stage', 'fsdp', 'fsdp_transpose', 'context', 'context_autoregressive', 'tensor', 'tensor_transpose', 'tensor_sequence', 'expert', 'autoregressive'),)
I0805 15:09:44.339656 139667883532608 pyconfig.py:559] Config param data_shuffle_seed: 0
I0805 15:09:44.339689 139667883532608 pyconfig.py:559] Config param data_template_path: 
I0805 15:09:44.339723 139667883532608 pyconfig.py:559] Config param dataset_name: c4/en:3.1.0
I0805 15:09:44.339757 139667883532608 pyconfig.py:559] Config param dataset_path: 
I0805 15:09:44.339790 139667883532608 pyconfig.py:559] Config param dataset_processor_path: 
I0805 15:09:44.339824 139667883532608 pyconfig.py:559] Config param dataset_type: DatasetType.SYNTHETIC
I0805 15:09:44.339862 139667883532608 pyconfig.py:559] Config param dcn_autoregressive_parallelism: 1
I0805 15:09:44.339895 139667883532608 pyconfig.py:559] Config param dcn_context_autoregressive_parallelism: 1
I0805 15:09:44.339929 139667883532608 pyconfig.py:559] Config param dcn_context_parallelism: 1
I0805 15:09:44.339963 139667883532608 pyconfig.py:559] Config param dcn_data_parallelism: -1
I0805 15:09:44.339996 139667883532608 pyconfig.py:559] Config param dcn_diloco_parallelism: 1
I0805 15:09:44.340029 139667883532608 pyconfig.py:559] Config param dcn_expert_parallelism: 1
I0805 15:09:44.340063 139667883532608 pyconfig.py:559] Config param dcn_fsdp_parallelism: 1
I0805 15:09:44.340096 139667883532608 pyconfig.py:559] Config param dcn_fsdp_transpose_parallelism: 1
I0805 15:09:44.340130 139667883532608 pyconfig.py:559] Config param dcn_parallelism: [1, -1, 1, 1, 1, 1, 1, 1, 1, 1, 1, 1]
I0805 15:09:44.340167 139667883532608 pyconfig.py:559] Config param dcn_pipeline_parallelism: 1
I0805 15:09:44.340203 139667883532608 pyconfig.py:559] Config param dcn_sequence_parallelism: 1
I0805 15:09:44.340237 139667883532608 pyconfig.py:559] Config param dcn_tensor_parallelism: 1
I0805 15:09:44.340272 139667883532608 pyconfig.py:559] Config param dcn_tensor_sequence_parallelism: 1
I0805 15:09:44.340306 139667883532608 pyconfig.py:559] Config param dcn_tensor_transpose_parallelism: 1
I0805 15:09:44.340341 139667883532608 pyconfig.py:559] Config param debug: {'rl': False}
I0805 15:09:44.340378 139667883532608 pyconfig.py:559] Config param debug_converter: False
I0805 15:09:44.340413 139667883532608 pyconfig.py:559] Config param debug_sharding: False
I0805 15:09:44.340446 139667883532608 pyconfig.py:559] Config param decode_sampling_nucleus_p: -1
I0805 15:09:44.340480 139667883532608 pyconfig.py:559] Config param decode_sampling_strategy: SamplingStrategy.GREEDY
I0805 15:09:44.340518 139667883532608 pyconfig.py:559] Config param decode_sampling_temperature: 1.0
I0805 15:09:44.340556 139667883532608 pyconfig.py:559] Config param decode_sampling_top_k: 0
I0805 15:09:44.340590 139667883532608 pyconfig.py:559] Config param decoder_block: DecoderBlockType.QWEN3_MOE
I0805 15:09:44.340627 139667883532608 pyconfig.py:559] Config param decoder_layer_input: RematLocation.DEVICE
I0805 15:09:44.340663 139667883532608 pyconfig.py:559] Config param deepstack_visual_indexes_for_vit: []
I0805 15:09:44.340699 139667883532608 pyconfig.py:559] Config param degenerate_group_masking: True
I0805 15:09:44.340737 139667883532608 pyconfig.py:559] Config param dense_init_scale: 1.0
I0805 15:09:44.340774 139667883532608 pyconfig.py:559] Config param diloco_outer_lr: 0.3
I0805 15:09:44.340811 139667883532608 pyconfig.py:559] Config param diloco_outer_momentum: 0.9
I0805 15:09:44.340847 139667883532608 pyconfig.py:559] Config param diloco_sync_period: 36
I0805 15:09:44.340882 139667883532608 pyconfig.py:559] Config param distill_alpha: 0.5
I0805 15:09:44.340919 139667883532608 pyconfig.py:559] Config param distill_alpha_end: None
I0805 15:09:44.340954 139667883532608 pyconfig.py:559] Config param distill_alpha_schedule: constant
I0805 15:09:44.340988 139667883532608 pyconfig.py:559] Config param distill_beta: 0.0
I0805 15:09:44.341022 139667883532608 pyconfig.py:559] Config param distill_beta_end: None
I0805 15:09:44.341056 139667883532608 pyconfig.py:559] Config param distill_beta_schedule: constant
I0805 15:09:44.341089 139667883532608 pyconfig.py:559] Config param distill_feature_loss_type: cosine
I0805 15:09:44.341124 139667883532608 pyconfig.py:559] Config param distill_layer_indices: None
I0805 15:09:44.341157 139667883532608 pyconfig.py:559] Config param distill_student_weights_share_map: {}
I0805 15:09:44.341192 139667883532608 pyconfig.py:559] Config param distill_temperature: 1.0
I0805 15:09:44.341226 139667883532608 pyconfig.py:559] Config param distill_temperature_end: None
I0805 15:09:44.341260 139667883532608 pyconfig.py:559] Config param distill_temperature_schedule: constant
I0805 15:09:44.341294 139667883532608 pyconfig.py:559] Config param distill_weights_copy_map: {}
I0805 15:09:44.341328 139667883532608 pyconfig.py:559] Config param downsample_hidden_size_for_audio: 256
I0805 15:09:44.341362 139667883532608 pyconfig.py:559] Config param dpo: {'algo': 'dpo', 'dpo_beta': 0.1, 'orpo_lambda': 0.1, 'dpo_label_smoothing': 0.0, 'max_prompt_length': None}
I0805 15:09:44.341402 139667883532608 pyconfig.py:559] Config param dq_reduction_steps: 0
I0805 15:09:44.341438 139667883532608 pyconfig.py:559] Config param dropout_rate: 0.0
I0805 15:09:44.341473 139667883532608 pyconfig.py:559] Config param dtype: bfloat16
I0805 15:09:44.341536 139667883532608 pyconfig.py:559] Config param dtype_mm: float32
I0805 15:09:44.341574 139667883532608 pyconfig.py:559] Config param dump_hlo: False
I0805 15:09:44.341608 139667883532608 pyconfig.py:559] Config param dump_hlo_delete_local_after: True
I0805 15:09:44.341641 139667883532608 pyconfig.py:559] Config param dump_hlo_gcs_dir: /root/work/scale-your-amd/runs/20260805-maxtext-disp-qwen3-onehot-capacity/maxtext/disp-qwen3-onehot-capacity/xla_dump
I0805 15:09:44.341677 139667883532608 pyconfig.py:559] Config param dump_hlo_local_dir: /tmp/xla_dump/
I0805 15:09:44.341711 139667883532608 pyconfig.py:559] Config param dump_hlo_local_module_name: jit_train_step
I0805 15:09:44.341755 139667883532608 pyconfig.py:559] Config param dump_hlo_module_name: jit_train_step
I0805 15:09:44.341785 139667883532608 pyconfig.py:559] Config param dump_hlo_upload_all: False
I0805 15:09:44.341815 139667883532608 pyconfig.py:559] Config param dump_hlo_xla_flags: 
I0805 15:09:44.341845 139667883532608 pyconfig.py:559] Config param dump_jaxpr: False
I0805 15:09:44.341875 139667883532608 pyconfig.py:559] Config param dump_jaxpr_delete_local_after: True
I0805 15:09:44.341905 139667883532608 pyconfig.py:559] Config param dump_jaxpr_gcs_dir: /root/work/scale-your-amd/runs/20260805-maxtext-disp-qwen3-onehot-capacity/maxtext/disp-qwen3-onehot-capacity/jaxpr_dump
I0805 15:09:44.341934 139667883532608 pyconfig.py:559] Config param dump_jaxpr_local_dir: /tmp/jaxpr_dump/
I0805 15:09:44.341963 139667883532608 pyconfig.py:559] Config param dump_step: -1
I0805 15:09:44.341992 139667883532608 pyconfig.py:559] Config param elastic_enabled: False
I0805 15:09:44.342023 139667883532608 pyconfig.py:559] Config param elastic_max_retries: 10
I0805 15:09:44.342056 139667883532608 pyconfig.py:559] Config param elastic_min_slice_count: -1
I0805 15:09:44.342092 139667883532608 pyconfig.py:559] Config param elastic_timeout_seconds: 300
I0805 15:09:44.342127 139667883532608 pyconfig.py:559] Config param emb_dim: 2048
I0805 15:09:44.342162 139667883532608 pyconfig.py:559] Config param enable_autocheckpoint: False
I0805 15:09:44.342197 139667883532608 pyconfig.py:559] Config param enable_checkpoint_cloud_logger: False
I0805 15:09:44.342231 139667883532608 pyconfig.py:559] Config param enable_checkpointing: False
I0805 15:09:44.342266 139667883532608 pyconfig.py:559] Config param enable_continuous_checkpointing: False
I0805 15:09:44.342300 139667883532608 pyconfig.py:559] Config param enable_data_shuffling: True
I0805 15:09:44.342334 139667883532608 pyconfig.py:559] Config param enable_diloco: False
I0805 15:09:44.342369 139667883532608 pyconfig.py:559] Config param enable_dp_attention: False
I0805 15:09:44.342403 139667883532608 pyconfig.py:559] Config param enable_dropout: False
I0805 15:09:44.342437 139667883532608 pyconfig.py:559] Config param enable_emergency_checkpoint: False
I0805 15:09:44.342471 139667883532608 pyconfig.py:559] Config param enable_expert_parallel: False
I0805 15:09:44.342504 139667883532608 pyconfig.py:559] Config param enable_gcp_goodput_metrics: True
I0805 15:09:44.342539 139667883532608 pyconfig.py:559] Config param enable_gcp_step_deviation_metrics: True
I0805 15:09:44.342572 139667883532608 pyconfig.py:559] Config param enable_goodput_recording: False
I0805 15:09:44.342607 139667883532608 pyconfig.py:559] Config param enable_jax_profiler: False
I0805 15:09:44.342640 139667883532608 pyconfig.py:559] Config param enable_llm_inference_pool: False
I0805 15:09:44.342674 139667883532608 pyconfig.py:559] Config param enable_mhc_lite: False
I0805 15:09:44.342709 139667883532608 pyconfig.py:559] Config param enable_model_warmup: False
I0805 15:09:44.342743 139667883532608 pyconfig.py:559] Config param enable_multi_tier_checkpointing: False
I0805 15:09:44.342777 139667883532608 pyconfig.py:559] Config param enable_nnx: False
I0805 15:09:44.342812 139667883532608 pyconfig.py:559] Config param enable_orbax_v1: False
I0805 15:09:44.342846 139667883532608 pyconfig.py:559] Config param enable_padding_causal_mask: True
I0805 15:09:44.342880 139667883532608 pyconfig.py:559] Config param enable_pathways_goodput: False
I0805 15:09:44.342914 139667883532608 pyconfig.py:559] Config param enable_prefix_caching: False
I0805 15:09:44.342947 139667883532608 pyconfig.py:559] Config param enable_rampup_batch_size: False
I0805 15:09:44.342980 139667883532608 pyconfig.py:559] Config param enable_single_controller: False
I0805 15:09:44.343014 139667883532608 pyconfig.py:559] Config param enable_single_replica_ckpt_restoring: False
I0805 15:09:44.343050 139667883532608 pyconfig.py:559] Config param enable_tensorboard: True
I0805 15:09:44.343084 139667883532608 pyconfig.py:559] Config param enable_tpu_profiling_options: False
I0805 15:09:44.343117 139667883532608 pyconfig.py:559] Config param enable_tunix_perf_metrics: False
I0805 15:09:44.343151 139667883532608 pyconfig.py:559] Config param encoder_attention_heads_for_audio: 4
I0805 15:09:44.343186 139667883532608 pyconfig.py:559] Config param encoder_ffn_dim_for_audio: 512
I0805 15:09:44.343220 139667883532608 pyconfig.py:559] Config param encoder_layers_for_audio: 2
I0805 15:09:44.343255 139667883532608 pyconfig.py:559] Config param engram: RematLocation.REMAT
I0805 15:09:44.343291 139667883532608 pyconfig.py:559] Config param engram_head_dim: 1280
I0805 15:09:44.343325 139667883532608 pyconfig.py:559] Config param engram_kernel_size: 4
I0805 15:09:44.343360 139667883532608 pyconfig.py:559] Config param engram_layers: []
I0805 15:09:44.343395 139667883532608 pyconfig.py:559] Config param engram_max_ngram_size: 3
I0805 15:09:44.343429 139667883532608 pyconfig.py:559] Config param engram_num_heads: 8
I0805 15:09:44.343463 139667883532608 pyconfig.py:559] Config param engram_seed: 0
I0805 15:09:44.343497 139667883532608 pyconfig.py:559] Config param engram_vocab_bases: []
I0805 15:09:44.343532 139667883532608 pyconfig.py:559] Config param epsilon_high: None
I0805 15:09:44.343566 139667883532608 pyconfig.py:559] Config param eval_batch_size: -1
I0805 15:09:44.343600 139667883532608 pyconfig.py:559] Config param eval_corr_lst: False
I0805 15:09:44.343634 139667883532608 pyconfig.py:559] Config param eval_data_columns: ['text']
I0805 15:09:44.343670 139667883532608 pyconfig.py:559] Config param eval_dataset_name: c4/en:3.1.0
I0805 15:09:44.343704 139667883532608 pyconfig.py:559] Config param eval_image_column: image
I0805 15:09:44.343738 139667883532608 pyconfig.py:559] Config param eval_interval: -1
I0805 15:09:44.343771 139667883532608 pyconfig.py:559] Config param eval_make_lst: False
I0805 15:09:44.343805 139667883532608 pyconfig.py:559] Config param eval_mode: pass
I0805 15:09:44.343839 139667883532608 pyconfig.py:559] Config param eval_per_device_batch_size: 2.0
I0805 15:09:44.343874 139667883532608 pyconfig.py:559] Config param eval_sampling_strategy: greedy
I0805 15:09:44.343909 139667883532608 pyconfig.py:559] Config param eval_split: validation
I0805 15:09:44.343942 139667883532608 pyconfig.py:559] Config param eval_steps: -1
I0805 15:09:44.343977 139667883532608 pyconfig.py:559] Config param expansion_factor_real_data: -1.0
I0805 15:09:44.344012 139667883532608 pyconfig.py:559] Config param expert_balance: False
I0805 15:09:44.344046 139667883532608 pyconfig.py:559] Config param final_logits_soft_cap: None
I0805 15:09:44.344080 139667883532608 pyconfig.py:559] Config param first_num_dense_layers: 0
I0805 15:09:44.344114 139667883532608 pyconfig.py:559] Config param first_num_hash_layers: 0
I0805 15:09:44.344148 139667883532608 pyconfig.py:559] Config param float32_gate_logits: False
I0805 15:09:44.344183 139667883532608 pyconfig.py:559] Config param float32_logits: False
I0805 15:09:44.344218 139667883532608 pyconfig.py:559] Config param float32_qk_product: False
I0805 15:09:44.344251 139667883532608 pyconfig.py:559] Config param float32_weight_sum: True
I0805 15:09:44.344285 139667883532608 pyconfig.py:559] Config param force_q_layout: False
I0805 15:09:44.344318 139667883532608 pyconfig.py:559] Config param force_unroll: False
I0805 15:09:44.344352 139667883532608 pyconfig.py:559] Config param formatting_func_kwargs: {}
I0805 15:09:44.344386 139667883532608 pyconfig.py:559] Config param formatting_func_path: 
I0805 15:09:44.344419 139667883532608 pyconfig.py:559] Config param freeze_audio_encoder_params: True
I0805 15:09:44.344453 139667883532608 pyconfig.py:559] Config param freeze_vision_encoder_params: True
I0805 15:09:44.344487 139667883532608 pyconfig.py:559] Config param fuse_expert_scales: False
I0805 15:09:44.344520 139667883532608 pyconfig.py:559] Config param fused_mlp: False
I0805 15:09:44.344554 139667883532608 pyconfig.py:559] Config param fused_qkv: False
I0805 15:09:44.344588 139667883532608 pyconfig.py:559] Config param gcs_debug_path: 
I0805 15:09:44.344622 139667883532608 pyconfig.py:559] Config param gcs_metrics: False
I0805 15:09:44.344656 139667883532608 pyconfig.py:559] Config param gdn_chunk_size: 64
I0805 15:09:44.344689 139667883532608 pyconfig.py:559] Config param gdn_conv_kernel_dim: 4
I0805 15:09:44.344722 139667883532608 pyconfig.py:559] Config param gdn_key_head_dim: 128
I0805 15:09:44.344755 139667883532608 pyconfig.py:559] Config param gdn_num_key_heads: 16
I0805 15:09:44.344789 139667883532608 pyconfig.py:559] Config param gdn_num_value_heads: 32
I0805 15:09:44.344825 139667883532608 pyconfig.py:559] Config param gdn_value_head_dim: 128
I0805 15:09:44.344859 139667883532608 pyconfig.py:559] Config param generate_padding_batch_eval: False
I0805 15:09:44.344892 139667883532608 pyconfig.py:559] Config param generate_padding_batch_train: False
I0805 15:09:44.344926 139667883532608 pyconfig.py:559] Config param generate_slice: v5e-16
I0805 15:09:44.344961 139667883532608 pyconfig.py:559] Config param generation_configs: {}
I0805 15:09:44.344997 139667883532608 pyconfig.py:559] Config param global_batch_size_to_eval_on: 16
I0805 15:09:44.345031 139667883532608 pyconfig.py:559] Config param global_batch_size_to_load: 16
I0805 15:09:44.345065 139667883532608 pyconfig.py:559] Config param global_batch_size_to_load_eval: 16
I0805 15:09:44.345104 139667883532608 pyconfig.py:559] Config param global_batch_size_to_load_increment: None
I0805 15:09:44.345139 139667883532608 pyconfig.py:559] Config param global_batch_size_to_load_start: None
I0805 15:09:44.345176 139667883532608 pyconfig.py:559] Config param global_batch_size_to_train_on: 16
I0805 15:09:44.345210 139667883532608 pyconfig.py:559] Config param global_head_dim: 0
I0805 15:09:44.345245 139667883532608 pyconfig.py:559] Config param global_num_kv_heads: 0
I0805 15:09:44.345279 139667883532608 pyconfig.py:559] Config param global_parameter_scale: 1
I0805 15:09:44.345313 139667883532608 pyconfig.py:559] Config param global_rampup_samples: 500
I0805 15:09:44.345347 139667883532608 pyconfig.py:559] Config param global_rope_max_timescale: -1
I0805 15:09:44.345382 139667883532608 pyconfig.py:559] Config param global_rope_proportion: 0.25
I0805 15:09:44.345418 139667883532608 pyconfig.py:559] Config param goodput_upload_interval_seconds: 30
I0805 15:09:44.345452 139667883532608 pyconfig.py:559] Config param grad_dtype: float32
I0805 15:09:44.345531 139667883532608 pyconfig.py:559] Config param gradient_accumulation_steps: 1
I0805 15:09:44.345572 139667883532608 pyconfig.py:559] Config param gradient_clipping_threshold: 1.0
I0805 15:09:44.345609 139667883532608 pyconfig.py:559] Config param grain_data_source_max_workers: 16
I0805 15:09:44.345643 139667883532608 pyconfig.py:559] Config param grain_eval_files: 
I0805 15:09:44.345679 139667883532608 pyconfig.py:559] Config param grain_file_type: arrayrecord
I0805 15:09:44.345714 139667883532608 pyconfig.py:559] Config param grain_num_threads: 16
I0805 15:09:44.345754 139667883532608 pyconfig.py:559] Config param grain_num_threads_eval: 16
I0805 15:09:44.345789 139667883532608 pyconfig.py:559] Config param grain_packing_type: first_fit
I0805 15:09:44.345824 139667883532608 pyconfig.py:559] Config param grain_per_worker_buffer_size: 1
I0805 15:09:44.345860 139667883532608 pyconfig.py:559] Config param grain_per_worker_buffer_size_eval: 1
I0805 15:09:44.345894 139667883532608 pyconfig.py:559] Config param grain_prefetch_buffer_size: 500
I0805 15:09:44.345928 139667883532608 pyconfig.py:559] Config param grain_prefetch_buffer_size_eval: 500
I0805 15:09:44.345961 139667883532608 pyconfig.py:559] Config param grain_ram_budget_mb: 1024
I0805 15:09:44.345997 139667883532608 pyconfig.py:559] Config param grain_shuffle_buffer_size: 100
I0805 15:09:44.346032 139667883532608 pyconfig.py:559] Config param grain_train_files: 
I0805 15:09:44.346065 139667883532608 pyconfig.py:559] Config param grain_train_mixture_config_path: 
I0805 15:09:44.346100 139667883532608 pyconfig.py:559] Config param grain_use_elastic_iterator: False
I0805 15:09:44.346135 139667883532608 pyconfig.py:559] Config param grain_worker_count: 1
I0805 15:09:44.346170 139667883532608 pyconfig.py:559] Config param grain_worker_count_eval: 1
I0805 15:09:44.346204 139667883532608 pyconfig.py:559] Config param grpo_beta: 0.08
I0805 15:09:44.346240 139667883532608 pyconfig.py:559] Config param grpo_epsilon: 0.2
I0805 15:09:44.346274 139667883532608 pyconfig.py:559] Config param hardware: gpu
I0805 15:09:44.346309 139667883532608 pyconfig.py:559] Config param hbm_utilization_vllm: 0.72
I0805 15:09:44.346345 139667883532608 pyconfig.py:559] Config param head_dim: 128
I0805 15:09:44.346378 139667883532608 pyconfig.py:559] Config param heartbeat_reporting_interval_in_seconds: 5
I0805 15:09:44.346413 139667883532608 pyconfig.py:559] Config param hf_data_dir: None
I0805 15:09:44.346449 139667883532608 pyconfig.py:559] Config param hf_eval_files: None
I0805 15:09:44.346484 139667883532608 pyconfig.py:559] Config param hf_eval_split: None
I0805 15:09:44.346519 139667883532608 pyconfig.py:559] Config param hf_lora_adapter_path: 
I0805 15:09:44.346553 139667883532608 pyconfig.py:559] Config param hf_name: None
I0805 15:09:44.346587 139667883532608 pyconfig.py:559] Config param hf_path: 
I0805 15:09:44.346620 139667883532608 pyconfig.py:559] Config param hf_train_files: None
I0805 15:09:44.346655 139667883532608 pyconfig.py:559] Config param hidden_size_for_vit: 1408
I0805 15:09:44.346690 139667883532608 pyconfig.py:559] Config param hidden_size_per_layer_input: 0
I0805 15:09:44.346725 139667883532608 pyconfig.py:559] Config param hide_profiler_step_metric: False
I0805 15:09:44.346758 139667883532608 pyconfig.py:559] Config param ici_autoregressive_parallelism: 1
I0805 15:09:44.346792 139667883532608 pyconfig.py:559] Config param ici_context_autoregressive_parallelism: 1
I0805 15:09:44.346827 139667883532608 pyconfig.py:559] Config param ici_context_parallelism: 1
I0805 15:09:44.346860 139667883532608 pyconfig.py:559] Config param ici_data_parallelism: 1
I0805 15:09:44.346894 139667883532608 pyconfig.py:559] Config param ici_diloco_parallelism: 1
I0805 15:09:44.346928 139667883532608 pyconfig.py:559] Config param ici_expert_parallelism: -1
I0805 15:09:44.346962 139667883532608 pyconfig.py:559] Config param ici_fsdp_parallelism: 1
I0805 15:09:44.346995 139667883532608 pyconfig.py:559] Config param ici_fsdp_transpose_parallelism: 1
I0805 15:09:44.347028 139667883532608 pyconfig.py:559] Config param ici_parallelism: [1, 1, 1, 1, 1, 1, 1, 1, 1, 1, -1, 1]
I0805 15:09:44.347066 139667883532608 pyconfig.py:559] Config param ici_pipeline_parallelism: 1
I0805 15:09:44.347100 139667883532608 pyconfig.py:559] Config param ici_sequence_parallelism: 1
I0805 15:09:44.347135 139667883532608 pyconfig.py:559] Config param ici_tensor_parallelism: 1
I0805 15:09:44.347169 139667883532608 pyconfig.py:559] Config param ici_tensor_sequence_parallelism: 1
I0805 15:09:44.347203 139667883532608 pyconfig.py:559] Config param ici_tensor_transpose_parallelism: 1
I0805 15:09:44.347237 139667883532608 pyconfig.py:559] Config param image_path: 
I0805 15:09:44.347272 139667883532608 pyconfig.py:559] Config param image_placeholder: <|image|>
I0805 15:09:44.347307 139667883532608 pyconfig.py:559] Config param image_size_for_vit: 896
I0805 15:09:44.347340 139667883532608 pyconfig.py:559] Config param indexer_head_dim: 128
I0805 15:09:44.347374 139667883532608 pyconfig.py:559] Config param indexer_loss_scaling_factor: 0.0
I0805 15:09:44.347410 139667883532608 pyconfig.py:559] Config param indexer_n_heads: 64
I0805 15:09:44.347445 139667883532608 pyconfig.py:559] Config param indexer_sparse_training: False
I0805 15:09:44.347479 139667883532608 pyconfig.py:559] Config param indexer_topk: 2048
I0805 15:09:44.347514 139667883532608 pyconfig.py:559] Config param inference_benchmark_test: False
I0805 15:09:44.347548 139667883532608 pyconfig.py:559] Config param inference_metadata_file: 
I0805 15:09:44.347583 139667883532608 pyconfig.py:559] Config param inference_microbenchmark_log_file_path: 
I0805 15:09:44.347618 139667883532608 pyconfig.py:559] Config param inference_microbenchmark_loop_iters: 10
I0805 15:09:44.347651 139667883532608 pyconfig.py:559] Config param inference_microbenchmark_num_samples: [1, 2, 3, 4, 5]
I0805 15:09:44.347687 139667883532608 pyconfig.py:559] Config param inference_microbenchmark_prefill_lengths: 64,128,256,512,1024
I0805 15:09:44.347722 139667883532608 pyconfig.py:559] Config param inference_microbenchmark_stages: prefill,generate
I0805 15:09:44.347757 139667883532608 pyconfig.py:559] Config param inference_server: MaxtextInterleavedServer
I0805 15:09:44.347791 139667883532608 pyconfig.py:559] Config param inhomogeneous_layer_cycle_interval: 1
I0805 15:09:44.347825 139667883532608 pyconfig.py:559] Config param init_weights_seed: 0
I0805 15:09:44.347859 139667883532608 pyconfig.py:559] Config param input_data_sharding_logical_axes: ['activation_embed_and_logits_batch', 'activation_norm_length']
I0805 15:09:44.347896 139667883532608 pyconfig.py:559] Config param interleave_moe_layer_step: 1
I0805 15:09:44.347930 139667883532608 pyconfig.py:559] Config param intermediate_size_for_vit: 5632
I0805 15:09:44.347964 139667883532608 pyconfig.py:559] Config param internal_compile: False
I0805 15:09:44.347998 139667883532608 pyconfig.py:559] Config param internal_compile_num_devices: -1
I0805 15:09:44.348031 139667883532608 pyconfig.py:559] Config param jax_cache_dir: ~/jax_cache
I0805 15:09:44.348065 139667883532608 pyconfig.py:559] Config param jax_debug_log_modules: 
I0805 15:09:44.348098 139667883532608 pyconfig.py:559] Config param jax_distributed_heartbeat_timeout_seconds: 100
I0805 15:09:44.348132 139667883532608 pyconfig.py:559] Config param jax_distributed_initialization_timeout: 300
I0805 15:09:44.348166 139667883532608 pyconfig.py:559] Config param jax_profiler_port: 9999
I0805 15:09:44.348200 139667883532608 pyconfig.py:559] Config param key_proj: RematLocation.REMAT
I0805 15:09:44.348237 139667883532608 pyconfig.py:559] Config param kv_cache_buffer: 256
I0805 15:09:44.348272 139667883532608 pyconfig.py:559] Config param kv_lora_rank: 512
I0805 15:09:44.348305 139667883532608 pyconfig.py:559] Config param kv_quant_axis: KvQuantAxis.HEADS_AND_DKV
I0805 15:09:44.348342 139667883532608 pyconfig.py:559] Config param kv_quant_dtype: int8
I0805 15:09:44.348376 139667883532608 pyconfig.py:559] Config param kv_wa_proj: RematLocation.REMAT
I0805 15:09:44.348410 139667883532608 pyconfig.py:559] Config param learn_to_init_mode: False
I0805 15:09:44.348445 139667883532608 pyconfig.py:559] Config param learning_rate: 3e-05
I0805 15:09:44.348483 139667883532608 pyconfig.py:559] Config param learning_rate_final_fraction: 0.1
I0805 15:09:44.348518 139667883532608 pyconfig.py:559] Config param learning_rate_schedule_steps: 12
I0805 15:09:44.348553 139667883532608 pyconfig.py:559] Config param load_balance_loss_weight: 0.0
I0805 15:09:44.348587 139667883532608 pyconfig.py:559] Config param load_checkpoint_only_once: False
I0805 15:09:44.348621 139667883532608 pyconfig.py:559] Config param load_from_prefill_dir: False
I0805 15:09:44.348655 139667883532608 pyconfig.py:559] Config param load_full_state_path: 
I0805 15:09:44.348688 139667883532608 pyconfig.py:559] Config param load_parameters_path: 
I0805 15:09:44.348722 139667883532608 pyconfig.py:559] Config param local_checkpoint_directory: 
I0805 15:09:44.348755 139667883532608 pyconfig.py:559] Config param local_checkpoint_period: 0
I0805 15:09:44.348789 139667883532608 pyconfig.py:559] Config param local_rope_max_timescale: -1
I0805 15:09:44.348823 139667883532608 pyconfig.py:559] Config param local_rope_proportion: 1.0
I0805 15:09:44.348858 139667883532608 pyconfig.py:559] Config param log_config: True
I0805 15:09:44.348892 139667883532608 pyconfig.py:559] Config param log_period: 100
I0805 15:09:44.348927 139667883532608 pyconfig.py:559] Config param logical_axis_rules: (('activation_embed_and_logits_batch', ('data', 'stage', 'fsdp', 'fsdp_transpose', 'expert')), ('activation_embed_and_logits_batch_sequence', ('data', 'stage', 'fsdp', 'fsdp_transpose', 'context', 'expert')), ('activation_vocab', ('tensor', 'tensor_transpose', 'tensor_sequence')), ('activation_vocab', ('tensor', 'tensor_transpose')), ('activation_vocab', 'tensor_sequence'), ('vocab', ('tensor', 'tensor_transpose', 'tensor_sequence', 'autoregressive')), ('embed_vocab', ('fsdp', 'fsdp_transpose', 'context', 'expert')), ('activation_batch_attn', ('data', 'fsdp', 'fsdp_transpose', 'expert')), ('activation_heads', ('tensor', 'tensor_transpose', 'tensor_sequence', 'autoregressive')), ('activation_kv_heads', ('tensor', 'tensor_transpose', 'tensor_sequence')), ('activation_length_attn', ('context',)), ('activation_q_length', ('context',)), ('activation_kv_length', ()), ('activation_embed_attn', ('tensor', 'tensor_transpose')), ('activation_kv', ('tensor', 'tensor_transpose', 'tensor_sequence')), ('activation_kv_batch', ('data', 'fsdp', 'fsdp_transpose', 'expert')), ('activation_kv_head_dim', ('tensor', 'tensor_transpose', 'tensor_sequence')), ('heads', ('tensor', 'tensor_transpose', 'tensor_sequence', 'autoregressive')), ('q_heads', ('tensor', 'tensor_transpose', 'tensor_sequence', 'autoregressive')), ('kv_heads', ('tensor', 'tensor_transpose', 'tensor_sequence', 'autoregressive')), ('qkv', ()), ('kv', ()), ('kv_head_dim', ()), ('q_lora', ('fsdp', 'fsdp_transpose', 'context', 'tensor_transpose', 'expert')), ('q_lora', ('fsdp', 'context', 'tensor_transpose', 'expert')), ('q_lora', ('fsdp', 'fsdp_transpose', 'context', 'expert')), ('q_lora', ('fsdp', 'context', 'expert')), ('q_lora_up_proj', ()), ('kv_lora', ('fsdp', 'fsdp_transpose', 'context', 'tensor_transpose', 'expert')), ('kv_lora', ('fsdp', 'context', 'tensor_transpose', 'expert')), ('kv_lora', ('fsdp', 'fsdp_transpose', 'context', 'expert')), ('kv_lora', ('fsdp', 'context', 'expert')), ('kv_lora_up_proj', ()), ('activation_batch_moe', ('data', 'fsdp', 'fsdp_transpose', 'expert')), ('activation_length_moe', ('context',)), ('activation_norm_length_moe', ('tensor_sequence', 'context')), ('activation_embed_moe', ('tensor', 'tensor_transpose')), ('activation_mlp_moe', ('tensor', 'tensor_transpose', 'tensor_sequence')), ('activation_exp', ('expert',)), ('exp', 'expert'), ('mlp_moe', ('fsdp_transpose', 'tensor', 'tensor_sequence', 'autoregressive')), ('embed_moe', ('fsdp', 'fsdp_transpose', 'tensor_transpose', 'context')), ('embed_moe', ('fsdp', 'tensor_transpose', 'context')), ('embed_moe', ('fsdp', 'fsdp_transpose', 'context')), ('embed_moe', ('fsdp', 'context')), ('activation_mlp', ('tensor', 'tensor_transpose', 'tensor_sequence')), ('activation_batch', ('data', 'fsdp', 'fsdp_transpose', 'expert')), ('activation_length', ('context',)), ('activation_norm_length', ('tensor_sequence', 'context')), ('activation_embed', ('tensor', 'tensor_transpose')), ('activation_stage', 'stage'), ('mlp', ('fsdp_transpose', 'tensor', 'tensor_sequence', 'autoregressive')), ('gdn_head', ('fsdp_transpose', 'tensor', 'tensor_sequence', 'autoregressive')), ('embed', ('fsdp', 'fsdp_transpose', 'tensor_transpose', 'context', 'expert')), ('embed', ('fsdp', 'tensor_transpose', 'context', 'expert')), ('embed', ('fsdp', 'fsdp_transpose', 'context', 'expert')), ('embed', ('fsdp', 'context', 'expert')), ('norm', ('tensor', 'tensor_transpose')), ('layers', 'stage'), ('diloco', 'diloco'), ('engram_dim', ('tensor',)), ('dense_layers', ()), ('moe_layers', ()), ('mhc', ()), ('prefill_activation_length', ('context',)), ('prefill_activation_norm_length', ('tensor_sequence', 'context')), ('activation_prefill_kv_batch', ('data', 'fsdp', 'fsdp_transpose', 'expert')), ('decode_batch', ('data', 'fsdp', 'fsdp_transpose', 'expert')), ('decode_length', ()), ('cache_heads', ('autoregressive', 'tensor', 'tensor_transpose', 'tensor_sequence')), ('cache_heads', ('autoregressive', 'tensor', 'tensor_sequence')), ('paged_kv_heads', ('tensor',)), ('cache_batch_prefill', ()), ('cache_batch', ()), ('cache_heads_none', ()), ('cache_kv', ()), ('cache_sequence', ()), ('num_pages', ()), ('tokens_per_page', ()), ('paged_kv_head_dim_size', ()), ('mlp_no_fsdp', ('tensor', 'tensor_sequence', 'autoregressive')), ('embed_tensor_transpose', ('tensor_transpose',)), ('exp_with_fsdp', 'fsdp'))
I0805 15:09:44.349112 139667883532608 pyconfig.py:559] Config param logits_dot_in_fp32: False
I0805 15:09:44.349152 139667883532608 pyconfig.py:559] Config param logits_via_embedding: False
I0805 15:09:44.349188 139667883532608 pyconfig.py:559] Config param lora: {'enable_lora': False, 'lora_rank': 0, 'lora_alpha': 0.0, 'lora_module_path': '', 'lora_restore_path': ''}
I0805 15:09:44.349229 139667883532608 pyconfig.py:559] Config param lora_input_adapters_path: 
I0805 15:09:44.349263 139667883532608 pyconfig.py:559] Config param loss_agg_mode: sequence-mean-token-mean
I0805 15:09:44.349296 139667883532608 pyconfig.py:559] Config param loss_algo: grpo
I0805 15:09:44.349330 139667883532608 pyconfig.py:559] Config param lr_schedule_type: LearningRateScheduleType.COSINE
I0805 15:09:44.349367 139667883532608 pyconfig.py:559] Config param lti_layer_indices: None
I0805 15:09:44.349401 139667883532608 pyconfig.py:559] Config param lti_use_general_linear_map: False
I0805 15:09:44.349436 139667883532608 pyconfig.py:559] Config param managed_mldiagnostics: False
I0805 15:09:44.349469 139667883532608 pyconfig.py:559] Config param managed_mldiagnostics_dir: /root/work/scale-your-amd/runs/20260805-maxtext-disp-qwen3-onehot-capacity/maxtext/disp-qwen3-onehot-capacity/managed-mldiagnostics
I0805 15:09:44.349505 139667883532608 pyconfig.py:559] Config param managed_mldiagnostics_on_demand_profiling: True
I0805 15:09:44.349539 139667883532608 pyconfig.py:559] Config param managed_mldiagnostics_region: 
I0805 15:09:44.349572 139667883532608 pyconfig.py:559] Config param managed_mldiagnostics_run_group: 
I0805 15:09:44.349605 139667883532608 pyconfig.py:559] Config param math_verify_num_procs: None
I0805 15:09:44.349639 139667883532608 pyconfig.py:559] Config param math_verify_timeout: 300
I0805 15:09:44.349672 139667883532608 pyconfig.py:559] Config param matmul_precision: MatmulPrecision.DEFAULT
I0805 15:09:44.349709 139667883532608 pyconfig.py:559] Config param max_checkify: False
I0805 15:09:44.349763 139667883532608 pyconfig.py:559] Config param max_concurrency: 256
I0805 15:09:44.349798 139667883532608 pyconfig.py:559] Config param max_corpus_chars: 10000000
I0805 15:09:44.349831 139667883532608 pyconfig.py:559] Config param max_num_batched_tokens: None
I0805 15:09:44.349865 139667883532608 pyconfig.py:559] Config param max_num_checkpoints_to_keep: None
I0805 15:09:44.349899 139667883532608 pyconfig.py:559] Config param max_num_images_per_example: -1
I0805 15:09:44.349932 139667883532608 pyconfig.py:559] Config param max_num_seqs: None
I0805 15:09:44.349965 139667883532608 pyconfig.py:559] Config param max_position_embeddings: 163840
I0805 15:09:44.349999 139667883532608 pyconfig.py:559] Config param max_prefill_predict_length: 64
I0805 15:09:44.350032 139667883532608 pyconfig.py:559] Config param max_sample_len_for_audio: 10000
I0805 15:09:44.350066 139667883532608 pyconfig.py:559] Config param max_segments_per_seq: 1
I0805 15:09:44.350100 139667883532608 pyconfig.py:559] Config param max_source_positions_for_audio: 1500
I0805 15:09:44.350133 139667883532608 pyconfig.py:559] Config param max_target_length: 2048
I0805 15:09:44.350167 139667883532608 pyconfig.py:559] Config param max_timescale_for_audio: 10000.0
I0805 15:09:44.350202 139667883532608 pyconfig.py:559] Config param megablox: True
I0805 15:09:44.350236 139667883532608 pyconfig.py:559] Config param merge_gating_gmm: False
I0805 15:09:44.350270 139667883532608 pyconfig.py:559] Config param mesh_axes: ['diloco', 'data', 'stage', 'fsdp', 'fsdp_transpose', 'context', 'context_autoregressive', 'tensor', 'tensor_transpose', 'tensor_sequence', 'expert', 'autoregressive']
I0805 15:09:44.350308 139667883532608 pyconfig.py:559] Config param metrics_dir: /root/work/scale-your-amd/runs/20260805-maxtext-disp-qwen3-onehot-capacity/maxtext/disp-qwen3-onehot-capacity/metrics/
I0805 15:09:44.350344 139667883532608 pyconfig.py:559] Config param metrics_file: 
I0805 15:09:44.350379 139667883532608 pyconfig.py:559] Config param mhc_expansion_rate: 1
I0805 15:09:44.350413 139667883532608 pyconfig.py:559] Config param micro_batch_size_to_eval_on: 16
I0805 15:09:44.350448 139667883532608 pyconfig.py:559] Config param micro_batch_size_to_train_on: 16
I0805 15:09:44.350483 139667883532608 pyconfig.py:559] Config param mla_kv: RematLocation.REMAT
I0805 15:09:44.350519 139667883532608 pyconfig.py:559] Config param mla_naive_kvcache: True
I0805 15:09:44.350554 139667883532608 pyconfig.py:559] Config param mla_q: RematLocation.REMAT
I0805 15:09:44.350589 139667883532608 pyconfig.py:559] Config param mlp_activations: ['silu', 'linear']
I0805 15:09:44.350625 139667883532608 pyconfig.py:559] Config param mlp_activations_limit: -1.0
I0805 15:09:44.350659 139667883532608 pyconfig.py:559] Config param mlp_bias: False
I0805 15:09:44.350694 139667883532608 pyconfig.py:559] Config param mlp_dim: 768
I0805 15:09:44.350728 139667883532608 pyconfig.py:559] Config param mlpwi: RematLocation.REMAT
I0805 15:09:44.350764 139667883532608 pyconfig.py:559] Config param mlpwi_0: RematLocation.REMAT
I0805 15:09:44.350799 139667883532608 pyconfig.py:559] Config param mlpwi_1: RematLocation.REMAT
I0805 15:09:44.350834 139667883532608 pyconfig.py:559] Config param mlpwo: RematLocation.REMAT
I0805 15:09:44.350867 139667883532608 pyconfig.py:559] Config param moba: False
I0805 15:09:44.350901 139667883532608 pyconfig.py:559] Config param moba_chunk_size: 1024
I0805 15:09:44.350936 139667883532608 pyconfig.py:559] Config param moba_topk: 8
I0805 15:09:44.350970 139667883532608 pyconfig.py:559] Config param model_call_mode: 
I0805 15:09:44.351004 139667883532608 pyconfig.py:559] Config param model_name: qwen3-30b-a3b
I0805 15:09:44.351037 139667883532608 pyconfig.py:559] Config param moe_dispatch_no_expert_sharding: False
I0805 15:09:44.351072 139667883532608 pyconfig.py:559] Config param moe_expert_input_dim: -1
I0805 15:09:44.351107 139667883532608 pyconfig.py:559] Config param moe_fsdp_use_two_stage_all_gather: False
I0805 15:09:44.351142 139667883532608 pyconfig.py:559] Config param moe_mlp_dim: 768
I0805 15:09:44.351176 139667883532608 pyconfig.py:559] Config param moe_mlpwi_0: RematLocation.REMAT
I0805 15:09:44.351211 139667883532608 pyconfig.py:559] Config param moe_mlpwi_1: RematLocation.REMAT
I0805 15:09:44.351247 139667883532608 pyconfig.py:559] Config param moe_mlpwo: RematLocation.REMAT
I0805 15:09:44.351282 139667883532608 pyconfig.py:559] Config param monitor_goodput: False
I0805 15:09:44.351316 139667883532608 pyconfig.py:559] Config param monitor_step_time_deviation: True
I0805 15:09:44.351352 139667883532608 pyconfig.py:559] Config param mrope_section: [24, 20, 20]
I0805 15:09:44.351388 139667883532608 pyconfig.py:559] Config param mscale: 1.0
I0805 15:09:44.351423 139667883532608 pyconfig.py:559] Config param mtc_data_parallelism: 0
I0805 15:09:44.351458 139667883532608 pyconfig.py:559] Config param mtp_eval_target_module: 0
I0805 15:09:44.351493 139667883532608 pyconfig.py:559] Config param mtp_loss_scaling_factor: 0.1
I0805 15:09:44.351529 139667883532608 pyconfig.py:559] Config param mtp_num_layers: 0
I0805 15:09:44.351562 139667883532608 pyconfig.py:559] Config param mu_dtype: float32
I0805 15:09:44.351627 139667883532608 pyconfig.py:559] Config param multi_sampling: False
I0805 15:09:44.351668 139667883532608 pyconfig.py:559] Config param multi_tier_checkpointing_backup_interval_minutes: 0
I0805 15:09:44.351704 139667883532608 pyconfig.py:559] Config param muon_beta: 0.95
I0805 15:09:44.351742 139667883532608 pyconfig.py:559] Config param muon_consistent_rms: None
I0805 15:09:44.351778 139667883532608 pyconfig.py:559] Config param muon_weight_decay: 0.0
I0805 15:09:44.351813 139667883532608 pyconfig.py:559] Config param n_routing_groups: -1
I0805 15:09:44.351847 139667883532608 pyconfig.py:559] Config param n_window_for_audio: 50
I0805 15:09:44.351880 139667883532608 pyconfig.py:559] Config param n_window_infer_for_audio: 800
I0805 15:09:44.351913 139667883532608 pyconfig.py:559] Config param nope_layer_interval: -1
I0805 15:09:44.351948 139667883532608 pyconfig.py:559] Config param norm_topk_prob: True
I0805 15:09:44.351983 139667883532608 pyconfig.py:559] Config param normalization_layer_epsilon: 1e-06
I0805 15:09:44.352020 139667883532608 pyconfig.py:559] Config param normalize_embedding_logits: True
I0805 15:09:44.352054 139667883532608 pyconfig.py:559] Config param num_attention_heads_for_vit: 16
I0805 15:09:44.352090 139667883532608 pyconfig.py:559] Config param num_batches: 4
I0805 15:09:44.352124 139667883532608 pyconfig.py:559] Config param num_channels_for_vit: 3
I0805 15:09:44.352158 139667883532608 pyconfig.py:559] Config param num_conv_layers_for_audio: 3
I0805 15:09:44.352193 139667883532608 pyconfig.py:559] Config param num_decoder_layers: 48
I0805 15:09:44.352226 139667883532608 pyconfig.py:559] Config param num_diloco_replicas: 1
I0805 15:09:44.352261 139667883532608 pyconfig.py:559] Config param num_epoch: 1
I0805 15:09:44.352295 139667883532608 pyconfig.py:559] Config param num_eval_passes: 1
I0805 15:09:44.352329 139667883532608 pyconfig.py:559] Config param num_experts: 128
I0805 15:09:44.352364 139667883532608 pyconfig.py:559] Config param num_experts_per_tok: 8
I0805 15:09:44.352398 139667883532608 pyconfig.py:559] Config param num_generations: 2
I0805 15:09:44.352433 139667883532608 pyconfig.py:559] Config param num_hidden_layers_for_vit: 34
I0805 15:09:44.352467 139667883532608 pyconfig.py:559] Config param num_iterations: 1
I0805 15:09:44.352502 139667883532608 pyconfig.py:559] Config param num_kv_heads: 4
I0805 15:09:44.352535 139667883532608 pyconfig.py:559] Config param num_kv_shared_layers: 0
I0805 15:09:44.352569 139667883532608 pyconfig.py:559] Config param num_layers_per_pipeline_stage: 1
I0805 15:09:44.352603 139667883532608 pyconfig.py:559] Config param num_mel_bins_for_audio: 128
I0805 15:09:44.352637 139667883532608 pyconfig.py:559] Config param num_pipeline_microbatches: -1
I0805 15:09:44.352671 139667883532608 pyconfig.py:559] Config param num_pipeline_repeats: -1
I0805 15:09:44.352705 139667883532608 pyconfig.py:559] Config param num_position_embeddings_for_vit: 1024
I0805 15:09:44.352740 139667883532608 pyconfig.py:559] Config param num_query_heads: 32
I0805 15:09:44.352775 139667883532608 pyconfig.py:559] Config param num_samplers_slices: -1
I0805 15:09:44.352809 139667883532608 pyconfig.py:559] Config param num_slices: 1
I0805 15:09:44.352843 139667883532608 pyconfig.py:559] Config param num_target_devices: 8
I0805 15:09:44.352876 139667883532608 pyconfig.py:559] Config param num_test_batches: 5
I0805 15:09:44.352910 139667883532608 pyconfig.py:559] Config param num_trainer_slices: -1
I0805 15:09:44.352944 139667883532608 pyconfig.py:559] Config param num_vocab_tiling: 1
I0805 15:09:44.352978 139667883532608 pyconfig.py:559] Config param o_groups: 0
I0805 15:09:44.353013 139667883532608 pyconfig.py:559] Config param o_lora_rank: 0
I0805 15:09:44.353047 139667883532608 pyconfig.py:559] Config param off_policy_steps: 0
I0805 15:09:44.353081 139667883532608 pyconfig.py:559] Config param offline_data_dir: None
I0805 15:09:44.353115 139667883532608 pyconfig.py:559] Config param olmo_apply_ngram_filter: True
I0805 15:09:44.353149 139667883532608 pyconfig.py:559] Config param olmo_index_path: 
I0805 15:09:44.353183 139667883532608 pyconfig.py:559] Config param olmo_path_remap_from: 
I0805 15:09:44.353218 139667883532608 pyconfig.py:559] Config param olmo_path_remap_to: 
I0805 15:09:44.353252 139667883532608 pyconfig.py:559] Config param opt_type: OptimizerType.ADAMW
I0805 15:09:44.353290 139667883532608 pyconfig.py:559] Config param optimize_mesh_for_tpu_v6e: False
I0805 15:09:44.353324 139667883532608 pyconfig.py:559] Config param optimizer_memory_host_offload: False
I0805 15:09:44.353357 139667883532608 pyconfig.py:559] Config param original_max_position_embeddings: 4096
I0805 15:09:44.353392 139667883532608 pyconfig.py:559] Config param out_hidden_size_for_vit: 512
I0805 15:09:44.353426 139667883532608 pyconfig.py:559] Config param out_proj: RematLocation.REMAT
I0805 15:09:44.353461 139667883532608 pyconfig.py:559] Config param output_dim_for_audio: 512
I0805 15:09:44.353495 139667883532608 pyconfig.py:559] Config param override_logical_axis_rules: False
I0805 15:09:44.353530 139667883532608 pyconfig.py:559] Config param override_model_config: False
I0805 15:09:44.353564 139667883532608 pyconfig.py:559] Config param packing: True
I0805 15:09:44.353599 139667883532608 pyconfig.py:559] Config param padded_base_moe_mlp_dim: None
I0805 15:09:44.353634 139667883532608 pyconfig.py:559] Config param param_scan_axis: 1
I0805 15:09:44.353668 139667883532608 pyconfig.py:559] Config param parameter_memory_host_offload: False
I0805 15:09:44.353702 139667883532608 pyconfig.py:559] Config param partial_rotary_factor: 1.0
I0805 15:09:44.353741 139667883532608 pyconfig.py:559] Config param patch_size_for_vit: 14
I0805 15:09:44.353776 139667883532608 pyconfig.py:559] Config param penalty_incorrect_answer: -1.0
I0805 15:09:44.353810 139667883532608 pyconfig.py:559] Config param penalty_incorrect_format: -0.5
I0805 15:09:44.353844 139667883532608 pyconfig.py:559] Config param per_device_batch_size: 2.0
I0805 15:09:44.353879 139667883532608 pyconfig.py:559] Config param per_device_batch_size_increment: 2.0
I0805 15:09:44.353915 139667883532608 pyconfig.py:559] Config param per_device_batch_size_start: 4.0
I0805 15:09:44.353951 139667883532608 pyconfig.py:559] Config param pipeline_delay_activation_forwarding: False
I0805 15:09:44.353986 139667883532608 pyconfig.py:559] Config param pipeline_fsdp_ag_once: False
I0805 15:09:44.354019 139667883532608 pyconfig.py:559] Config param pipeline_fsdp_ag_per_repeat: False
I0805 15:09:44.354053 139667883532608 pyconfig.py:559] Config param pipeline_parallel_layers: 48
I0805 15:09:44.354088 139667883532608 pyconfig.py:559] Config param pixel_shuffle_ratio_for_vit: 0.5
I0805 15:09:44.354123 139667883532608 pyconfig.py:559] Config param posemb_type_for_vit: learn
I0805 15:09:44.354158 139667883532608 pyconfig.py:559] Config param position_id_per_seconds: 25
I0805 15:09:44.354200 139667883532608 pyconfig.py:559] Config param prefill_cache_axis_order: 1,2,0,3
I0805 15:09:44.354237 139667883532608 pyconfig.py:559] Config param prefill_cache_dir: 
I0805 15:09:44.354273 139667883532608 pyconfig.py:559] Config param prefill_chunk_size: 256
I0805 15:09:44.354309 139667883532608 pyconfig.py:559] Config param prefill_slice: v5e-16
I0805 15:09:44.354344 139667883532608 pyconfig.py:559] Config param prefix_caching_dram_byte: 100000000000
I0805 15:09:44.354378 139667883532608 pyconfig.py:559] Config param prefix_caching_hbm_byte: 10000000000
I0805 15:09:44.354413 139667883532608 pyconfig.py:559] Config param prefuse_moe_weights: False
I0805 15:09:44.354447 139667883532608 pyconfig.py:559] Config param profile_cleanly: True
I0805 15:09:44.354482 139667883532608 pyconfig.py:559] Config param profile_periodically_period: -1
I0805 15:09:44.354517 139667883532608 pyconfig.py:559] Config param profile_power_events: False
I0805 15:09:44.354552 139667883532608 pyconfig.py:559] Config param profiler: ProfilerType.NONE
I0805 15:09:44.354590 139667883532608 pyconfig.py:559] Config param profiler_steps: 5
I0805 15:09:44.354625 139667883532608 pyconfig.py:559] Config param projector_dropout_for_vit: 0.0
I0805 15:09:44.354660 139667883532608 pyconfig.py:559] Config param projector_input_dim_for_vit: 4096
I0805 15:09:44.354696 139667883532608 pyconfig.py:559] Config param projector_output_dim_for_vit: 4096
I0805 15:09:44.354731 139667883532608 pyconfig.py:559] Config param prometheus_port: 0
I0805 15:09:44.354766 139667883532608 pyconfig.py:559] Config param prompt: I love to
I0805 15:09:44.354800 139667883532608 pyconfig.py:559] Config param pure_nnx: False
I0805 15:09:44.354833 139667883532608 pyconfig.py:559] Config param pure_nnx_decoder: False
I0805 15:09:44.354868 139667883532608 pyconfig.py:559] Config param q_lora_rank: 0
I0805 15:09:44.354903 139667883532608 pyconfig.py:559] Config param qk_clip_threshold: 100.0
I0805 15:09:44.354939 139667883532608 pyconfig.py:559] Config param qk_nope_head_dim: 128
I0805 15:09:44.354974 139667883532608 pyconfig.py:559] Config param qk_norm_with_scale: True
I0805 15:09:44.355009 139667883532608 pyconfig.py:559] Config param qk_rope_head_dim: 64
I0805 15:09:44.355043 139667883532608 pyconfig.py:559] Config param qkv_proj: RematLocation.REMAT
I0805 15:09:44.355078 139667883532608 pyconfig.py:559] Config param quant_cfg_path: 
I0805 15:09:44.355113 139667883532608 pyconfig.py:559] Config param quantization: QuantizationType.NONE
I0805 15:09:44.355150 139667883532608 pyconfig.py:559] Config param quantization_local_shard_count: 8
I0805 15:09:44.355185 139667883532608 pyconfig.py:559] Config param quantize_kvcache: False
I0805 15:09:44.355219 139667883532608 pyconfig.py:559] Config param query_proj: RematLocation.REMAT
I0805 15:09:44.355253 139667883532608 pyconfig.py:559] Config param query_wa_proj: RematLocation.REMAT
I0805 15:09:44.355288 139667883532608 pyconfig.py:559] Config param ragged_block_size: 256
I0805 15:09:44.355322 139667883532608 pyconfig.py:559] Config param ragged_buffer_factor: -1.0
I0805 15:09:44.355357 139667883532608 pyconfig.py:559] Config param ragged_gather_cost_estimate_bytes_accessed: -1
I0805 15:09:44.355391 139667883532608 pyconfig.py:559] Config param ragged_gather_cost_estimate_flops: -1
I0805 15:09:44.355425 139667883532608 pyconfig.py:559] Config param ragged_gather_fallback: False
I0805 15:09:44.355459 139667883532608 pyconfig.py:559] Config param ragged_gather_reduce_cost_estimate_bytes_accessed: -1
I0805 15:09:44.355492 139667883532608 pyconfig.py:559] Config param ragged_gather_reduce_cost_estimate_flops: -1
I0805 15:09:44.355525 139667883532608 pyconfig.py:559] Config param ragged_gather_reduce_fallback: False
I0805 15:09:44.355560 139667883532608 pyconfig.py:559] Config param rampup_end_step: 0
I0805 15:09:44.355595 139667883532608 pyconfig.py:559] Config param rampup_samples_per_increment_to_load: None
I0805 15:09:44.355629 139667883532608 pyconfig.py:559] Config param reasoning_end_token: </reasoning>
I0805 15:09:44.355664 139667883532608 pyconfig.py:559] Config param reasoning_start_token: <reasoning>
I0805 15:09:44.355698 139667883532608 pyconfig.py:559] Config param record_internal_nn_metrics: 0
I0805 15:09:44.355733 139667883532608 pyconfig.py:559] Config param remat_policy: save_dot_with_context_except_mlp
I0805 15:09:44.355766 139667883532608 pyconfig.py:559] Config param remat_policy_for_vit: minimal
I0805 15:09:44.355800 139667883532608 pyconfig.py:559] Config param remove_size_one_mesh_axis_from_type: True
I0805 15:09:44.355833 139667883532608 pyconfig.py:559] Config param replicate_quant_scale: False
I0805 15:09:44.355867 139667883532608 pyconfig.py:559] Config param replicator_backup_interval_minutes: 0
I0805 15:09:44.355901 139667883532608 pyconfig.py:559] Config param report_heartbeat_metric_for_gcp_monitoring: False
I0805 15:09:44.355935 139667883532608 pyconfig.py:559] Config param report_performance_metric_for_gcp_monitoring: False
I0805 15:09:44.355968 139667883532608 pyconfig.py:559] Config param reshape_q: False
I0805 15:09:44.356002 139667883532608 pyconfig.py:559] Config param reshard_chunk_size: None
I0805 15:09:44.356037 139667883532608 pyconfig.py:559] Config param return_log_prob: False
I0805 15:09:44.356072 139667883532608 pyconfig.py:559] Config param reuse_example_batch: 0
I0805 15:09:44.356106 139667883532608 pyconfig.py:559] Config param reward_exact_answer: 5.0
I0805 15:09:44.356141 139667883532608 pyconfig.py:559] Config param reward_exact_format_match: 3.0
I0805 15:09:44.356174 139667883532608 pyconfig.py:559] Config param reward_partial_format_match: 0.5
I0805 15:09:44.356209 139667883532608 pyconfig.py:559] Config param reward_ratio_guess_to_answer_high: 0.5
I0805 15:09:44.356244 139667883532608 pyconfig.py:559] Config param reward_ratio_guess_to_answer_low: 0.25
I0805 15:09:44.356279 139667883532608 pyconfig.py:559] Config param reward_white_space_format_match: 1.5
I0805 15:09:44.356313 139667883532608 pyconfig.py:559] Config param rl: {'num_generations': 2, 'num_iterations': 1, 'grpo_beta': 0.08, 'grpo_epsilon': 0.2, 'loss_algo': 'grpo', 'loss_agg_mode': 'sequence-mean-token-mean', 'use_agentic_rollout': False, 'max_concurrency': 256, 'off_policy_steps': 0, 'system_prompt': '', 'degenerate_group_masking': True, 'epsilon_high': None, 'reshard_chunk_size': None}
I0805 15:09:44.356362 139667883532608 pyconfig.py:559] Config param rollout_data_parallelism: -1
I0805 15:09:44.356398 139667883532608 pyconfig.py:559] Config param rollout_expert_parallelism: 1
I0805 15:09:44.356431 139667883532608 pyconfig.py:559] Config param rollout_micro_batch_size: -1
I0805 15:09:44.356465 139667883532608 pyconfig.py:559] Config param rollout_tensor_parallelism: -1
I0805 15:09:44.356499 139667883532608 pyconfig.py:559] Config param rope_attention_scaling: False
I0805 15:09:44.356534 139667883532608 pyconfig.py:559] Config param rope_factor: 40
I0805 15:09:44.356568 139667883532608 pyconfig.py:559] Config param rope_interleave: True
I0805 15:09:44.356603 139667883532608 pyconfig.py:559] Config param rope_linear_scaling_factor: 1.0
I0805 15:09:44.356638 139667883532608 pyconfig.py:559] Config param rope_max_timescale: 10000000
I0805 15:09:44.356674 139667883532608 pyconfig.py:559] Config param rope_min_timescale: 1
I0805 15:09:44.356709 139667883532608 pyconfig.py:559] Config param rope_theta_for_vit: 10000
I0805 15:09:44.356744 139667883532608 pyconfig.py:559] Config param rope_truncate: True
I0805 15:09:44.356779 139667883532608 pyconfig.py:559] Config param rope_type: RopeType.DEFAULT
I0805 15:09:44.356816 139667883532608 pyconfig.py:559] Config param rope_use_scale: True
I0805 15:09:44.356852 139667883532608 pyconfig.py:559] Config param routed_bias: False
I0805 15:09:44.356888 139667883532608 pyconfig.py:559] Config param routed_bias_update_rate: 0.0
I0805 15:09:44.356922 139667883532608 pyconfig.py:559] Config param routed_scaling_factor: 1.0
I0805 15:09:44.356956 139667883532608 pyconfig.py:559] Config param routed_score_func: 
I0805 15:09:44.356991 139667883532608 pyconfig.py:559] Config param run_name: disp-qwen3-onehot-capacity
I0805 15:09:44.357024 139667883532608 pyconfig.py:559] Config param sa_block_kv: 512
I0805 15:09:44.357058 139667883532608 pyconfig.py:559] Config param sa_block_kv_compute: 512
I0805 15:09:44.357092 139667883532608 pyconfig.py:559] Config param sa_block_kv_dkv: 512
I0805 15:09:44.357126 139667883532608 pyconfig.py:559] Config param sa_block_kv_dkv_compute: 512
I0805 15:09:44.357160 139667883532608 pyconfig.py:559] Config param sa_block_kv_dq: 512
I0805 15:09:44.357195 139667883532608 pyconfig.py:559] Config param sa_block_q: 512
I0805 15:09:44.357229 139667883532608 pyconfig.py:559] Config param sa_block_q_dkv: 512
I0805 15:09:44.357264 139667883532608 pyconfig.py:559] Config param sa_block_q_dq: 512
I0805 15:09:44.357297 139667883532608 pyconfig.py:559] Config param sa_k_layout: HEAD_DIM_MINOR
I0805 15:09:44.357332 139667883532608 pyconfig.py:559] Config param sa_q_layout: HEAD_DIM_MINOR
I0805 15:09:44.357367 139667883532608 pyconfig.py:559] Config param sa_use_fused_bwd_kernel: False
I0805 15:09:44.357401 139667883532608 pyconfig.py:559] Config param sa_v_layout: HEAD_DIM_MINOR
I0805 15:09:44.357435 139667883532608 pyconfig.py:559] Config param sampler_devices_fraction: 0.5
I0805 15:09:44.357470 139667883532608 pyconfig.py:559] Config param save_checkpoint_on_completion: True
I0805 15:09:44.357505 139667883532608 pyconfig.py:559] Config param save_config_to_gcs: False
I0805 15:09:44.357538 139667883532608 pyconfig.py:559] Config param save_quantized_params_path: 
I0805 15:09:44.357573 139667883532608 pyconfig.py:559] Config param scale_embedding_for_audio: True
I0805 15:09:44.357606 139667883532608 pyconfig.py:559] Config param scan_layers: True
I0805 15:09:44.357641 139667883532608 pyconfig.py:559] Config param scan_layers_per_stage: False
I0805 15:09:44.357676 139667883532608 pyconfig.py:559] Config param scan_pipeline_iterations: True
I0805 15:09:44.357709 139667883532608 pyconfig.py:559] Config param scan_pipeline_repeats: False
I0805 15:09:44.357758 139667883532608 pyconfig.py:559] Config param set_remat_policy_on_layers_per_stage: False
I0805 15:09:44.357790 139667883532608 pyconfig.py:559] Config param set_remat_policy_on_pipeline_iterations: True
I0805 15:09:44.357821 139667883532608 pyconfig.py:559] Config param sft_train_on_completion_only: False
I0805 15:09:44.357851 139667883532608 pyconfig.py:559] Config param shard_exp_on_fsdp: False
I0805 15:09:44.357881 139667883532608 pyconfig.py:559] Config param shard_mode: ShardMode.AUTO
I0805 15:09:44.357914 139667883532608 pyconfig.py:559] Config param shard_optimizer_over_data: False
I0805 15:09:44.357945 139667883532608 pyconfig.py:559] Config param sharding_strategy: None
I0805 15:09:44.357975 139667883532608 pyconfig.py:559] Config param sharding_tolerance: 0.02
I0805 15:09:44.358004 139667883532608 pyconfig.py:559] Config param shardy: True
I0805 15:09:44.358034 139667883532608 pyconfig.py:559] Config param share_kv_projections: False
I0805 15:09:44.358063 139667883532608 pyconfig.py:559] Config param shared_experts: 0
I0805 15:09:44.358094 139667883532608 pyconfig.py:559] Config param sinkhorn_iterations: 20
I0805 15:09:44.358123 139667883532608 pyconfig.py:559] Config param skip_first_n_steps_for_profiler: 1
I0805 15:09:44.358152 139667883532608 pyconfig.py:559] Config param skip_jax_distributed_system: False
I0805 15:09:44.358180 139667883532608 pyconfig.py:559] Config param skip_step_interval: 128
I0805 15:09:44.358209 139667883532608 pyconfig.py:559] Config param skip_step_on_spikes: False
I0805 15:09:44.358239 139667883532608 pyconfig.py:559] Config param skip_step_scaling_factor: 6.0
I0805 15:09:44.358269 139667883532608 pyconfig.py:559] Config param sliding_window_size: 0
I0805 15:09:44.358299 139667883532608 pyconfig.py:559] Config param solution_end_token: </answer>
I0805 15:09:44.358328 139667883532608 pyconfig.py:559] Config param solution_start_token: <answer>
I0805 15:09:44.358361 139667883532608 pyconfig.py:559] Config param source_checkpoint_layout: orbax
I0805 15:09:44.358396 139667883532608 pyconfig.py:559] Config param sparse_matmul: False
I0805 15:09:44.358430 139667883532608 pyconfig.py:559] Config param spatial_merge_size_for_vit: 2
I0805 15:09:44.358464 139667883532608 pyconfig.py:559] Config param stack_prefill_result_cache: False
I0805 15:09:44.358498 139667883532608 pyconfig.py:559] Config param step_deviation_interval_seconds: 30
I0805 15:09:44.358532 139667883532608 pyconfig.py:559] Config param steps: 12
I0805 15:09:44.358567 139667883532608 pyconfig.py:559] Config param stop_strings: None
I0805 15:09:44.358602 139667883532608 pyconfig.py:559] Config param student_overrides: {}
I0805 15:09:44.358637 139667883532608 pyconfig.py:559] Config param student_params_to_update: None
I0805 15:09:44.358672 139667883532608 pyconfig.py:559] Config param subslice_shape: 
I0805 15:09:44.358705 139667883532608 pyconfig.py:559] Config param swap_space_vllm_gb: 2
I0805 15:09:44.358740 139667883532608 pyconfig.py:559] Config param system_prompt: 
I0805 15:09:44.358774 139667883532608 pyconfig.py:559] Config param target_eval_loss: 0.0
I0805 15:09:44.358808 139667883532608 pyconfig.py:559] Config param teacher_overrides: {}
I0805 15:09:44.358842 139667883532608 pyconfig.py:559] Config param temperature_tuning: False
I0805 15:09:44.358876 139667883532608 pyconfig.py:559] Config param temporal_patch_size_for_vit: 2
I0805 15:09:44.358911 139667883532608 pyconfig.py:559] Config param tensorboard_dir: /root/work/scale-your-amd/runs/20260805-maxtext-disp-qwen3-onehot-capacity/maxtext/disp-qwen3-onehot-capacity/tensorboard/
I0805 15:09:44.358947 139667883532608 pyconfig.py:559] Config param tensors_on_device: None
I0805 15:09:44.358981 139667883532608 pyconfig.py:559] Config param tensors_to_offload: None
I0805 15:09:44.359014 139667883532608 pyconfig.py:559] Config param test_batch_start_index: 0
I0805 15:09:44.359048 139667883532608 pyconfig.py:559] Config param tile_size_for_vit: 336
I0805 15:09:44.359082 139667883532608 pyconfig.py:559] Config param tokenize_eval_data: True
I0805 15:09:44.359116 139667883532608 pyconfig.py:559] Config param tokenize_train_data: True
I0805 15:09:44.359150 139667883532608 pyconfig.py:559] Config param tokenizer_path: Qwen/Qwen3-30B-A3B-Thinking-2507
I0805 15:09:44.359185 139667883532608 pyconfig.py:559] Config param tokenizer_type: TokenizerType.SENTENCEPIECE
I0805 15:09:44.359223 139667883532608 pyconfig.py:559] Config param topk_routing_group: -1
I0805 15:09:44.359258 139667883532608 pyconfig.py:559] Config param tpu_num_chips_to_profile_per_task: 1
I0805 15:09:44.359293 139667883532608 pyconfig.py:559] Config param tpu_num_sparse_core_tiles_to_trace: 1
I0805 15:09:44.359327 139667883532608 pyconfig.py:559] Config param tpu_num_sparse_cores_to_trace: 2
I0805 15:09:44.359362 139667883532608 pyconfig.py:559] Config param train_data_columns: ['text']
I0805 15:09:44.359398 139667883532608 pyconfig.py:559] Config param train_fraction: 1.0
I0805 15:09:44.359432 139667883532608 pyconfig.py:559] Config param train_image_column: image
I0805 15:09:44.359466 139667883532608 pyconfig.py:559] Config param train_micro_batch_size: -1
I0805 15:09:44.359500 139667883532608 pyconfig.py:559] Config param train_split: train
I0805 15:09:44.359535 139667883532608 pyconfig.py:559] Config param trainable_parameters_mask: []
I0805 15:09:44.359570 139667883532608 pyconfig.py:559] Config param trainable_position_size: -1
I0805 15:09:44.359604 139667883532608 pyconfig.py:559] Config param trainer_devices_fraction: 0.5
I0805 15:09:44.359639 139667883532608 pyconfig.py:559] Config param upload_all_profiler_results: False
I0805 15:09:44.359673 139667883532608 pyconfig.py:559] Config param use_agentic_rollout: False
I0805 15:09:44.359706 139667883532608 pyconfig.py:559] Config param use_audio: False
I0805 15:09:44.359740 139667883532608 pyconfig.py:559] Config param use_audio_in_video: False
I0805 15:09:44.359774 139667883532608 pyconfig.py:559] Config param use_batch_split_schedule: False
I0805 15:09:44.359808 139667883532608 pyconfig.py:559] Config param use_chat_template: False
I0805 15:09:44.359841 139667883532608 pyconfig.py:559] Config param use_chunked_prefill: False
I0805 15:09:44.359874 139667883532608 pyconfig.py:559] Config param use_custom_sort_vjp: True
I0805 15:09:44.359908 139667883532608 pyconfig.py:559] Config param use_double_wide_mlp: False
I0805 15:09:44.359942 139667883532608 pyconfig.py:559] Config param use_dpo: False
I0805 15:09:44.359976 139667883532608 pyconfig.py:559] Config param use_gather_mosaic_kernel: False
I0805 15:09:44.360009 139667883532608 pyconfig.py:559] Config param use_gmm_v2: False
I0805 15:09:44.360043 139667883532608 pyconfig.py:559] Config param use_grpo: True
I0805 15:09:44.360078 139667883532608 pyconfig.py:559] Config param use_indexer: False
I0805 15:09:44.360113 139667883532608 pyconfig.py:559] Config param use_iota_embed: False
I0805 15:09:44.360147 139667883532608 pyconfig.py:559] Config param use_jax_splash: False
I0805 15:09:44.360182 139667883532608 pyconfig.py:559] Config param use_manual_quantization: False
I0805 15:09:44.360216 139667883532608 pyconfig.py:559] Config param use_max_logit_estimate: -1
I0805 15:09:44.360252 139667883532608 pyconfig.py:559] Config param use_mrope: False
I0805 15:09:44.360287 139667883532608 pyconfig.py:559] Config param use_multimodal: False
I0805 15:09:44.360321 139667883532608 pyconfig.py:559] Config param use_pathways: True
I0805 15:09:44.360355 139667883532608 pyconfig.py:559] Config param use_post_attn_norm: False
I0805 15:09:44.360390 139667883532608 pyconfig.py:559] Config param use_post_ffw_norm: False
I0805 15:09:44.360424 139667883532608 pyconfig.py:559] Config param use_qk_clip: False
I0805 15:09:44.360457 139667883532608 pyconfig.py:559] Config param use_qk_norm: True
I0805 15:09:44.360491 139667883532608 pyconfig.py:559] Config param use_qk_norm_in_gdn: True
I0805 15:09:44.360525 139667883532608 pyconfig.py:559] Config param use_qwix_quantization: False
I0805 15:09:44.360559 139667883532608 pyconfig.py:559] Config param use_ragged_attention: False
I0805 15:09:44.360594 139667883532608 pyconfig.py:559] Config param use_ragged_sort: False
I0805 15:09:44.360626 139667883532608 pyconfig.py:559] Config param use_random_routing: False
I0805 15:09:44.360660 139667883532608 pyconfig.py:559] Config param use_replicator_service: False
I0805 15:09:44.360693 139667883532608 pyconfig.py:559] Config param use_ring_of_experts: False
I0805 15:09:44.360727 139667883532608 pyconfig.py:559] Config param use_sft: False
I0805 15:09:44.360761 139667883532608 pyconfig.py:559] Config param use_splash_scheduler: False
I0805 15:09:44.360795 139667883532608 pyconfig.py:559] Config param use_standalone_converter: False
I0805 15:09:44.360829 139667883532608 pyconfig.py:559] Config param use_tokamax_gmm: False
I0805 15:09:44.360863 139667883532608 pyconfig.py:559] Config param use_tokamax_splash: False
I0805 15:09:44.360896 139667883532608 pyconfig.py:559] Config param use_truncation: True
I0805 15:09:44.360931 139667883532608 pyconfig.py:559] Config param use_tunix_gradient_accumulation: False
I0805 15:09:44.360964 139667883532608 pyconfig.py:559] Config param use_untrainable_positional_embedding: False
I0805 15:09:44.360998 139667883532608 pyconfig.py:559] Config param use_vertex_tensorboard: False
I0805 15:09:44.361030 139667883532608 pyconfig.py:559] Config param using_pipeline_parallelism: False
I0805 15:09:44.361064 139667883532608 pyconfig.py:559] Config param v_head_dim: 128
I0805 15:09:44.361099 139667883532608 pyconfig.py:559] Config param v_norm_with_scale: True
I0805 15:09:44.361132 139667883532608 pyconfig.py:559] Config param value_proj: RematLocation.REMAT
I0805 15:09:44.361167 139667883532608 pyconfig.py:559] Config param vertex_tensorboard_project: 
I0805 15:09:44.361201 139667883532608 pyconfig.py:559] Config param vertex_tensorboard_region: 
I0805 15:09:44.361234 139667883532608 pyconfig.py:559] Config param video_path: 
I0805 15:09:44.361268 139667883532608 pyconfig.py:559] Config param video_placeholder: <|video|>
I0805 15:09:44.361302 139667883532608 pyconfig.py:559] Config param vision_output_dim_for_vit: 4096
I0805 15:09:44.361336 139667883532608 pyconfig.py:559] Config param vision_output_length: -1
I0805 15:09:44.361370 139667883532608 pyconfig.py:559] Config param vllm_additional_config: {}
I0805 15:09:44.361404 139667883532608 pyconfig.py:559] Config param vllm_hf_config_path: 
I0805 15:09:44.361438 139667883532608 pyconfig.py:559] Config param vllm_hf_overrides: {}
I0805 15:09:44.361471 139667883532608 pyconfig.py:559] Config param vllm_load_format: dummy
I0805 15:09:44.361505 139667883532608 pyconfig.py:559] Config param vocab_size: 151936
I0805 15:09:44.361540 139667883532608 pyconfig.py:559] Config param vocab_size_per_layer_input: 0
I0805 15:09:44.361574 139667883532608 pyconfig.py:559] Config param warmup_steps_fraction: 0.1
I0805 15:09:44.361609 139667883532608 pyconfig.py:559] Config param weight_dtype: float32
I0805 15:09:44.361671 139667883532608 pyconfig.py:559] Config param weight_quantization_calibration_method: absmax
I0805 15:09:44.361711 139667883532608 pyconfig.py:559] Config param weight_sparsity_m: None
I0805 15:09:44.361752 139667883532608 pyconfig.py:559] Config param weight_sparsity_n: None
I0805 15:09:44.361787 139667883532608 pyconfig.py:559] Config param weight_sparsity_start_step: 50
I0805 15:09:44.361822 139667883532608 pyconfig.py:559] Config param weight_sparsity_update_step: 10
I0805 15:09:44.361855 139667883532608 pyconfig.py:559] Config param wi_tile_dlhs_batch_seq: 512
I0805 15:09:44.361889 139667883532608 pyconfig.py:559] Config param wi_tile_dlhs_embed_dim: 1024
I0805 15:09:44.361923 139667883532608 pyconfig.py:559] Config param wi_tile_dlhs_mlp_dim: 1024
I0805 15:09:44.361957 139667883532608 pyconfig.py:559] Config param wi_tile_drhs_batch_seq: 512
I0805 15:09:44.361991 139667883532608 pyconfig.py:559] Config param wi_tile_drhs_embed_dim: 1024
I0805 15:09:44.362025 139667883532608 pyconfig.py:559] Config param wi_tile_drhs_mlp_dim: 1024
I0805 15:09:44.362060 139667883532608 pyconfig.py:559] Config param wi_tile_fwd_batch_seq: 512
I0805 15:09:44.362094 139667883532608 pyconfig.py:559] Config param wi_tile_fwd_embed_dim: 1024
I0805 15:09:44.362128 139667883532608 pyconfig.py:559] Config param wi_tile_fwd_mlp_dim: 1024
I0805 15:09:44.362161 139667883532608 pyconfig.py:559] Config param wo_tile_dlhs_batch_seq: 512
I0805 15:09:44.362196 139667883532608 pyconfig.py:559] Config param wo_tile_dlhs_embed_dim: 1024
I0805 15:09:44.362230 139667883532608 pyconfig.py:559] Config param wo_tile_dlhs_mlp_dim: 1024
I0805 15:09:44.362264 139667883532608 pyconfig.py:559] Config param wo_tile_drhs_batch_seq: 512
I0805 15:09:44.362298 139667883532608 pyconfig.py:559] Config param wo_tile_drhs_embed_dim: 1024
I0805 15:09:44.362331 139667883532608 pyconfig.py:559] Config param wo_tile_drhs_mlp_dim: 1024
I0805 15:09:44.362366 139667883532608 pyconfig.py:559] Config param wo_tile_fwd_batch_seq: 512
I0805 15:09:44.362399 139667883532608 pyconfig.py:559] Config param wo_tile_fwd_embed_dim: 1024
I0805 15:09:44.362433 139667883532608 pyconfig.py:559] Config param wo_tile_fwd_mlp_dim: 1024
I0805 15:09:44.362466 139667883532608 pyconfig.py:559] Config param write_estimator_result: False
I0805 15:09:44.362500 139667883532608 pyconfig.py:559] Config param wsd_decay_steps_fraction: 0.1
I0805 15:09:44.362535 139667883532608 pyconfig.py:559] Config param wsd_decay_style: WsdDecayStyle.LINEAR
I0805 15:09:44.362574 139667883532608 pyconfig.py:559] Config param xprof_e2e_enable_fw_power_level_event: False
I0805 15:09:44.362609 139667883532608 pyconfig.py:559] Config param xprof_e2e_enable_fw_thermal_event: False
I0805 15:09:44.362643 139667883532608 pyconfig.py:559] Config param xprof_e2e_enable_fw_throttle_event: False
I0805 15:09:44.362676 139667883532608 pyconfig.py:559] Config param xprof_tpu_power_trace_level: 0
I0805 15:09:44.362713 139667883532608 pyconfig.py:559] Config param z_loss_multiplier: 0.0
I0805 15:09:44.363465 139667883532608 max_utils.py:828] System Information: Jax Version: 0.10.0
I0805 15:09:44.363549 139667883532608 max_utils.py:829] System Information: Jaxlib Version: 0.10.0
I0805 15:09:44.363626 139667883532608 max_utils.py:830] System Information: Jax Backend: PJRT C API
rocm 71400
I0805 15:09:44.363681 139667883532608 max_utils.py:833] System Information: Number of devices: 8, jax path /opt/venv/lib/python3.12/site-packages/jax/__init__.py
I0805 15:09:44.363736 139667883532608 max_utils.py:836] System Information: Device 0: 0 (Local id: 0, Process index: 0)
I0805 15:09:44.363781 139667883532608 max_utils.py:836] System Information: Device 1: 1 (Local id: 1, Process index: 0)
I0805 15:09:44.363824 139667883532608 max_utils.py:836] System Information: Device 2: 2 (Local id: 2, Process index: 0)
I0805 15:09:44.363865 139667883532608 max_utils.py:836] System Information: Device 3: 3 (Local id: 3, Process index: 0)
I0805 15:09:44.363906 139667883532608 max_utils.py:836] System Information: Device 4: 4 (Local id: 4, Process index: 0)
I0805 15:09:44.363947 139667883532608 max_utils.py:836] System Information: Device 5: 5 (Local id: 5, Process index: 0)
I0805 15:09:44.363987 139667883532608 max_utils.py:836] System Information: Device 6: 6 (Local id: 6, Process index: 0)
I0805 15:09:44.364025 139667883532608 max_utils.py:836] System Information: Device 7: 7 (Local id: 7, Process index: 0)
I0805 15:09:44.364079 139667883532608 train_utils.py:355] WARNING: 'base_output_directory' might be pointing your local file system
I0805 15:09:44.364133 139667883532608 train_utils.py:366] WARNING: Sequence packing is essentially ignored for synthetic data. Please use a real dataset to use sequence packing.
I0805 15:09:48.444588 139667883532608 maxtext_utils.py:1975] Num_devices: 8, shape (1, 1, 1, 1, 1, 1, 1, 1, 1, 1, 8, 1)
I0805 15:09:48.445146 139667883532608 maxtext_utils.py:1975] Num_devices: 8, shape (1, 1, 1, 1, 1, 1, 1, 1, 1, 1, 8, 1)
I0805 15:09:48.446110 139667883532608 checkpointing.py:995] Setting up checkpoint logger...
I0805 15:09:48.446291 139667883532608 checkpointing.py:386] Checkpointing disabled, not creating checkpoint manager.
/opt/venv/lib/python3.12/site-packages/transformer_engine/jax/flax/transformer.py:732: UserWarning: The dtype argument is deprecated and will be removed in a future release. DotProductAttention will use the dtype of the inputs instead as this module does not have any parameters. Module dtype specified self.dtype=dtype(bfloat16) matches dtype of inputs so behavior is unchanged. Please remove the dtype argument within the next few releases.
  warnings.warn(
I0805 15:09:49.647895 139667883532608 moe.py:2053] Applying potential token dropping with a batch expert_capacity of 160
I0805 15:09:49.712809 139667883532608 moe.py:2053] Applying potential token dropping with a batch expert_capacity of 160
I0805 15:09:49.836000 139667883532608 moe.py:2053] Applying potential token dropping with a batch expert_capacity of 160
I0805 15:09:50.196248 139667883532608 moe.py:2053] Applying potential token dropping with a batch expert_capacity of 160
I0805 15:09:50.219517 139667883532608 checkpointing.py:983] No existing checkpoints found, not restoring checkpoint.
I0805 15:10:06.222424 139667883532608 moe.py:2053] Applying potential token dropping with a batch expert_capacity of 160
I0805 15:10:06.287115 139667883532608 moe.py:2053] Applying potential token dropping with a batch expert_capacity of 160
I0805 15:10:17.347406 139667883532608 max_utils.py:819] Total memory size: 79.0 GB, Output size: 42.7 GB, Temp size: 36.3 GB, Argument size: 42.7 GB, Host temp size: 0.0 GB.
I0805 15:10:17.349410 139667883532608 metric_logger.py:334] number parameters: 30.532 billion
I0805 15:10:17.456197 139667883532608 train.py:680] ====== BARRIER: Synchronizing hosts before training loop ======
I0805 15:10:17.456635 139667883532608 train.py:682] ====== BARRIER PASSED: Starting training loop ======
I0805 15:10:18.061707 139667883532608 moe.py:2053] Applying potential token dropping with a batch expert_capacity of 160
I0805 15:10:18.164900 139667883532608 moe.py:2053] Applying potential token dropping with a batch expert_capacity of 160
E0805 15:10:39.452922  152006 rendezvous.cc:108] [id=4] This thread has been waiting for `[1] [rank=1] [run_id=-2077567169] Initialize clique: devices=8:[0,1,2,3,4,5,6,7]; local_participants=8; communication_id=0; incarnations=[]` for 10 seconds and may be stuck. All 8 threads joined the rendezvous, however the leader has not marked the rendezvous as completed. Leader can be deadlocked inside the rendezvous callback.
E0805 15:10:39.452970  152024 rendezvous.cc:108] [id=3] This thread has been waiting for `[7] [rank=7] [run_id=-2077567169] Initialize clique: devices=8:[0,1,2,3,4,5,6,7]; local_participants=8; communication_id=0; incarnations=[]` for 10 seconds and may be stuck. All 8 threads joined the rendezvous, however the leader has not marked the rendezvous as completed. Leader can be deadlocked inside the rendezvous callback.
E0805 15:10:39.452931  152021 rendezvous.cc:108] [id=2] This thread has been waiting for `[6] [rank=6] [run_id=-2077567169] Initialize clique: devices=8:[0,1,2,3,4,5,6,7]; local_participants=8; communication_id=0; incarnations=[]` for 10 seconds and may be stuck. All 8 threads joined the rendezvous, however the leader has not marked the rendezvous as completed. Leader can be deadlocked inside the rendezvous callback.
E0805 15:10:39.452974  152009 rendezvous.cc:108] [id=0] This thread has been waiting for `[2] [rank=2] [run_id=-2077567169] Initialize clique: devices=8:[0,1,2,3,4,5,6,7]; local_participants=8; communication_id=0; incarnations=[]` for 10 seconds and may be stuck. All 8 threads joined the rendezvous, however the leader has not marked the rendezvous as completed. Leader can be deadlocked inside the rendezvous callback.
E0805 15:10:39.452976  152018 rendezvous.cc:108] [id=6] This thread has been waiting for `[5] [rank=5] [run_id=-2077567169] Initialize clique: devices=8:[0,1,2,3,4,5,6,7]; local_participants=8; communication_id=0; incarnations=[]` for 10 seconds and may be stuck. All 8 threads joined the rendezvous, however the leader has not marked the rendezvous as completed. Leader can be deadlocked inside the rendezvous callback.
E0805 15:10:39.452972  152012 rendezvous.cc:108] [id=5] This thread has been waiting for `[3] [rank=3] [run_id=-2077567169] Initialize clique: devices=8:[0,1,2,3,4,5,6,7]; local_participants=8; communication_id=0; incarnations=[]` for 10 seconds and may be stuck. All 8 threads joined the rendezvous, however the leader has not marked the rendezvous as completed. Leader can be deadlocked inside the rendezvous callback.
E0805 15:10:39.452919  152015 rendezvous.cc:108] [id=1] This thread has been waiting for `[4] [rank=4] [run_id=-2077567169] Initialize clique: devices=8:[0,1,2,3,4,5,6,7]; local_participants=8; communication_id=0; incarnations=[]` for 10 seconds and may be stuck. All 8 threads joined the rendezvous, however the leader has not marked the rendezvous as completed. Leader can be deadlocked inside the rendezvous callback.
E0805 15:10:42.979615  152024 rendezvous.cc:130] [id=3] This thread is unstuck waiting for `[7] [rank=7] [run_id=-2077567169] Initialize clique: devices=8:[0,1,2,3,4,5,6,7]; local_participants=8; communication_id=0; incarnations=[]` after 13.526906935s. All threads joined the rendezvous on time however the leader took long time to complete it. Warning above was a false-positive. Perhaps the timeout is too short.
E0805 15:10:42.979632  152012 rendezvous.cc:130] [id=5] This thread is unstuck waiting for `[3] [rank=3] [run_id=-2077567169] Initialize clique: devices=8:[0,1,2,3,4,5,6,7]; local_participants=8; communication_id=0; incarnations=[]` after 13.526919546s. All threads joined the rendezvous on time however the leader took long time to complete it. Warning above was a false-positive. Perhaps the timeout is too short.
E0805 15:10:42.979623  152015 rendezvous.cc:130] [id=1] This thread is unstuck waiting for `[4] [rank=4] [run_id=-2077567169] Initialize clique: devices=8:[0,1,2,3,4,5,6,7]; local_participants=8; communication_id=0; incarnations=[]` after 13.526953018s. All threads joined the rendezvous on time however the leader took long time to complete it. Warning above was a false-positive. Perhaps the timeout is too short.
E0805 15:10:42.979722  152006 rendezvous.cc:130] [id=4] This thread is unstuck waiting for `[1] [rank=1] [run_id=-2077567169] Initialize clique: devices=8:[0,1,2,3,4,5,6,7]; local_participants=8; communication_id=0; incarnations=[]` after 13.527009507s. All threads joined the rendezvous on time however the leader took long time to complete it. Warning above was a false-positive. Perhaps the timeout is too short.
E0805 15:10:42.979777  152009 rendezvous.cc:130] [id=0] This thread is unstuck waiting for `[2] [rank=2] [run_id=-2077567169] Initialize clique: devices=8:[0,1,2,3,4,5,6,7]; local_participants=8; communication_id=0; incarnations=[]` after 13.527126608s. All threads joined the rendezvous on time however the leader took long time to complete it. Warning above was a false-positive. Perhaps the timeout is too short.
E0805 15:10:42.979779  152021 rendezvous.cc:130] [id=2] This thread is unstuck waiting for `[6] [rank=6] [run_id=-2077567169] Initialize clique: devices=8:[0,1,2,3,4,5,6,7]; local_participants=8; communication_id=0; incarnations=[]` after 13.527072046s. All threads joined the rendezvous on time however the leader took long time to complete it. Warning above was a false-positive. Perhaps the timeout is too short.
E0805 15:10:42.979781  152018 rendezvous.cc:130] [id=6] This thread is unstuck waiting for `[5] [rank=5] [run_id=-2077567169] Initialize clique: devices=8:[0,1,2,3,4,5,6,7]; local_participants=8; communication_id=0; incarnations=[]` after 13.527066686s. All threads joined the rendezvous on time however the leader took long time to complete it. Warning above was a false-positive. Perhaps the timeout is too short.
RCCL version : 2.30.4-HEAD:9e5e408
HIP version  : 7.14.60850-0000000
ROCm version : 7.14.0.0-9999-2b22ab01
Hostname     : dell300x-ccs-aus-f06-01
Librccl path : /opt/rocm/lib/librccl.so.1
[aiter] hipModuleLoad (embedded): hsa/gfx942/fmha_v3_fwd/MI300/fwd_hd128_bf16_causal_rtz.co GetFunction: _ZN5aiter30fmha_fwd_hd128_bf16_causal_rtzE
[aiter] hipModuleGetFunction: _ZN5aiter30fmha_fwd_hd128_bf16_causal_rtzE Success
[aiter] hipModuleLoad (embedded): hsa/gfx942/fmha_v3_fwd/MI300/fwd_hd128_bf16_causal_rtz.co GetFunction: _ZN5aiter30fmha_fwd_hd128_bf16_causal_rtzE
[aiter] hipModuleGetFunction: _ZN5aiter30fmha_fwd_hd128_bf16_causal_rtzE Success
[aiter] hipModuleLoad (embedded): hsa/gfx942/fmha_v3_fwd/MI300/fwd_hd128_bf16_causal_rtz.co GetFunction: _ZN5aiter30fmha_fwd_hd128_bf16_causal_rtzE
[aiter] hipModuleLoad (embedded): hsa/gfx942/fmha_v3_fwd/MI300/fwd_hd128_bf16_causal_rtz.co GetFunction: _ZN5aiter30fmha_fwd_hd128_bf16_causal_rtzE
[aiter] hipModuleGetFunction: _ZN5aiter30fmha_fwd_hd128_bf16_causal_rtzE Success
[aiter] hipModuleGetFunction: _ZN5aiter30fmha_fwd_hd128_bf16_causal_rtzE Success
[aiter] hipModuleLoad (embedded): hsa/gfx942/fmha_v3_fwd/MI300/fwd_hd128_bf16_causal_rtz.co GetFunction: _ZN5aiter30fmha_fwd_hd128_bf16_causal_rtzE
[aiter] hipModuleLoad (embedded): hsa/gfx942/fmha_v3_fwd/MI300/fwd_hd128_bf16_causal_rtz.co GetFunction: _ZN5aiter30fmha_fwd_hd128_bf16_causal_rtzE
[aiter] hipModuleGetFunction: _ZN5aiter30fmha_fwd_hd128_bf16_causal_rtzE Success
[aiter] hipModuleGetFunction: _ZN5aiter30fmha_fwd_hd128_bf16_causal_rtzE Success
[aiter] hipModuleLoad (embedded): hsa/gfx942/fmha_v3_fwd/MI300/fwd_hd128_bf16_causal_rtz.co GetFunction: _ZN5aiter30fmha_fwd_hd128_bf16_causal_rtzE
[aiter] hipModuleGetFunction: _ZN5aiter30fmha_fwd_hd128_bf16_causal_rtzE Success
[aiter] hipModuleLoad (embedded): hsa/gfx942/fmha_v3_fwd/MI300/fwd_hd128_bf16_causal_rtz.co GetFunction: _ZN5aiter30fmha_fwd_hd128_bf16_causal_rtzE
[aiter] hipModuleGetFunction: _ZN5aiter30fmha_fwd_hd128_bf16_causal_rtzE Success
[aiter] hipModuleLoad (embedded): hsa/gfx942/fmha_v3_bwd/bwd_hd128_odo_bf16.co GetFunction: _ZN5aiter23fmha_bwd_hd128_odo_bf16E
[aiter] hipModuleGetFunction: _ZN5aiter23fmha_bwd_hd128_odo_bf16E Success
[aiter] hipModuleLoad (embedded): hsa/gfx942/fmha_v3_bwd/bwd_hd128_bf16_causal_a32_rtz_psskddv.co GetFunction: _ZN5aiter42fmha_bwd_hd128_bf16_causal_a32_rtz_psskddvE
[aiter] hipModuleGetFunction: _ZN5aiter42fmha_bwd_hd128_bf16_causal_a32_rtz_psskddvE Success
[aiter] hipModuleLoad (embedded): hsa/gfx942/fmha_v3_bwd/bwd_hd128_dq_convert_bf16_rtz.co GetFunction: _ZN5aiter34fmha_bwd_hd128_dq_convert_bf16_rtzE
[aiter] hipModuleGetFunction: _ZN5aiter34fmha_bwd_hd128_dq_convert_bf16_rtzE Success
[aiter] hipModuleLoad (embedded): hsa/gfx942/fmha_v3_bwd/bwd_hd128_odo_bf16.co GetFunction: _ZN5aiter23fmha_bwd_hd128_odo_bf16E
[aiter] hipModuleGetFunction: _ZN5aiter23fmha_bwd_hd128_odo_bf16E Success
[aiter] hipModuleLoad (embedded): hsa/gfx942/fmha_v3_bwd/bwd_hd128_bf16_causal_a32_rtz_psskddv.co GetFunction: _ZN5aiter42fmha_bwd_hd128_bf16_causal_a32_rtz_psskddvE
[aiter] hipModuleGetFunction: _ZN5aiter42fmha_bwd_hd128_bf16_causal_a32_rtz_psskddvE Success
[aiter] hipModuleLoad (embedded): hsa/gfx942/fmha_v3_bwd/bwd_hd128_dq_convert_bf16_rtz.co GetFunction: _ZN5aiter34fmha_bwd_hd128_dq_convert_bf16_rtzE
[aiter] hipModuleGetFunction: _ZN5aiter34fmha_bwd_hd128_dq_convert_bf16_rtzE Success
[aiter] hipModuleLoad (embedded): hsa/gfx942/fmha_v3_bwd/bwd_hd128_odo_bf16.co GetFunction: _ZN5aiter23fmha_bwd_hd128_odo_bf16E
[aiter] hipModuleGetFunction: _ZN5aiter23fmha_bwd_hd128_odo_bf16E Success
[aiter] hipModuleLoad (embedded): hsa/gfx942/fmha_v3_bwd/bwd_hd128_bf16_causal_a32_rtz_psskddv.co GetFunction: _ZN5aiter42fmha_bwd_hd128_bf16_causal_a32_rtz_psskddvE
[aiter] hipModuleGetFunction: _ZN5aiter42fmha_bwd_hd128_bf16_causal_a32_rtz_psskddvE Success
[aiter] hipModuleLoad (embedded): hsa/gfx942/fmha_v3_bwd/bwd_hd128_dq_convert_bf16_rtz.co GetFunction: _ZN5aiter34fmha_bwd_hd128_dq_convert_bf16_rtzE
[aiter] hipModuleGetFunction: _ZN5aiter34fmha_bwd_hd128_dq_convert_bf16_rtzE Success
[aiter] hipModuleLoad (embedded): hsa/gfx942/fmha_v3_bwd/bwd_hd128_odo_bf16.co GetFunction: _ZN5aiter23fmha_bwd_hd128_odo_bf16E
[aiter] hipModuleGetFunction: _ZN5aiter23fmha_bwd_hd128_odo_bf16E Success
[aiter] hipModuleLoad (embedded): hsa/gfx942/fmha_v3_bwd/bwd_hd128_bf16_causal_a32_rtz_psskddv.co GetFunction: _ZN5aiter42fmha_bwd_hd128_bf16_causal_a32_rtz_psskddvE
[aiter] hipModuleGetFunction: _ZN5aiter42fmha_bwd_hd128_bf16_causal_a32_rtz_psskddvE Success
[aiter] hipModuleLoad (embedded): hsa/gfx942/fmha_v3_bwd/bwd_hd128_dq_convert_bf16_rtz.co GetFunction: _ZN5aiter34fmha_bwd_hd128_dq_convert_bf16_rtzE
[aiter] hipModuleGetFunction: _ZN5aiter34fmha_bwd_hd128_dq_convert_bf16_rtzE Success
[aiter] hipModuleLoad (embedded): hsa/gfx942/fmha_v3_bwd/bwd_hd128_odo_bf16.co GetFunction: _ZN5aiter23fmha_bwd_hd128_odo_bf16E
[aiter] hipModuleGetFunction: _ZN5aiter23fmha_bwd_hd128_odo_bf16E Success
[aiter] hipModuleLoad (embedded): hsa/gfx942/fmha_v3_bwd/bwd_hd128_bf16_causal_a32_rtz_psskddv.co GetFunction: _ZN5aiter42fmha_bwd_hd128_bf16_causal_a32_rtz_psskddvE
[aiter] hipModuleGetFunction: _ZN5aiter42fmha_bwd_hd128_bf16_causal_a32_rtz_psskddvE Success
[aiter] hipModuleLoad (embedded): hsa/gfx942/fmha_v3_bwd/bwd_hd128_dq_convert_bf16_rtz.co GetFunction: _ZN5aiter34fmha_bwd_hd128_dq_convert_bf16_rtzE
[aiter] hipModuleGetFunction: _ZN5aiter34fmha_bwd_hd128_dq_convert_bf16_rtzE Success
[aiter] hipModuleLoad (embedded): hsa/gfx942/fmha_v3_bwd/bwd_hd128_odo_bf16.co GetFunction: _ZN5aiter23fmha_bwd_hd128_odo_bf16E
[aiter] hipModuleGetFunction: _ZN5aiter23fmha_bwd_hd128_odo_bf16E Success
[aiter] hipModuleLoad (embedded): hsa/gfx942/fmha_v3_bwd/bwd_hd128_bf16_causal_a32_rtz_psskddv.co GetFunction: _ZN5aiter42fmha_bwd_hd128_bf16_causal_a32_rtz_psskddvE
[aiter] hipModuleGetFunction: _ZN5aiter42fmha_bwd_hd128_bf16_causal_a32_rtz_psskddvE Success
[aiter] hipModuleLoad (embedded): hsa/gfx942/fmha_v3_bwd/bwd_hd128_dq_convert_bf16_rtz.co GetFunction: _ZN5aiter34fmha_bwd_hd128_dq_convert_bf16_rtzE
[aiter] hipModuleGetFunction: _ZN5aiter34fmha_bwd_hd128_dq_convert_bf16_rtzE Success
[aiter] hipModuleLoad (embedded): hsa/gfx942/fmha_v3_bwd/bwd_hd128_odo_bf16.co GetFunction: _ZN5aiter23fmha_bwd_hd128_odo_bf16E
[aiter] hipModuleGetFunction: _ZN5aiter23fmha_bwd_hd128_odo_bf16E Success
[aiter] hipModuleLoad (embedded): hsa/gfx942/fmha_v3_bwd/bwd_hd128_bf16_causal_a32_rtz_psskddv.co GetFunction: _ZN5aiter42fmha_bwd_hd128_bf16_causal_a32_rtz_psskddvE
[aiter] hipModuleGetFunction: _ZN5aiter42fmha_bwd_hd128_bf16_causal_a32_rtz_psskddvE Success
[aiter] hipModuleLoad (embedded): hsa/gfx942/fmha_v3_bwd/bwd_hd128_dq_convert_bf16_rtz.co GetFunction: _ZN5aiter34fmha_bwd_hd128_dq_convert_bf16_rtzE
[aiter] hipModuleGetFunction: _ZN5aiter34fmha_bwd_hd128_dq_convert_bf16_rtzE Success
[aiter] hipModuleLoad (embedded): hsa/gfx942/fmha_v3_bwd/bwd_hd128_odo_bf16.co GetFunction: _ZN5aiter23fmha_bwd_hd128_odo_bf16E
[aiter] hipModuleGetFunction: _ZN5aiter23fmha_bwd_hd128_odo_bf16E Success
[aiter] hipModuleLoad (embedded): hsa/gfx942/fmha_v3_bwd/bwd_hd128_bf16_causal_a32_rtz_psskddv.co GetFunction: _ZN5aiter42fmha_bwd_hd128_bf16_causal_a32_rtz_psskddvE
[aiter] hipModuleGetFunction: _ZN5aiter42fmha_bwd_hd128_bf16_causal_a32_rtz_psskddvE Success
[aiter] hipModuleLoad (embedded): hsa/gfx942/fmha_v3_bwd/bwd_hd128_dq_convert_bf16_rtz.co GetFunction: _ZN5aiter34fmha_bwd_hd128_dq_convert_bf16_rtzE
[aiter] hipModuleGetFunction: _ZN5aiter34fmha_bwd_hd128_dq_convert_bf16_rtzE Success
I0805 15:10:53.370500 139667883532608 max_utils.py:778] 
Memstats: After params initialized:
I0805 15:10:53.370861 139667883532608 max_utils.py:784] 	Using (GB) 42.66 / 172.79 (24.688929%) on rocm:0
I0805 15:10:53.371020 139667883532608 max_utils.py:784] 	Using (GB) 42.66 / 172.79 (24.688929%) on rocm:1
I0805 15:10:53.371134 139667883532608 max_utils.py:784] 	Using (GB) 42.66 / 172.79 (24.688929%) on rocm:2
I0805 15:10:53.371231 139667883532608 max_utils.py:784] 	Using (GB) 42.66 / 172.79 (24.688929%) on rocm:3
I0805 15:10:53.371320 139667883532608 max_utils.py:784] 	Using (GB) 42.66 / 172.79 (24.688929%) on rocm:4
I0805 15:10:53.371403 139667883532608 max_utils.py:784] 	Using (GB) 42.66 / 172.79 (24.688929%) on rocm:5
I0805 15:10:53.371486 139667883532608 max_utils.py:784] 	Using (GB) 42.66 / 172.79 (24.688929%) on rocm:6
I0805 15:10:53.371565 139667883532608 max_utils.py:784] 	Using (GB) 42.66 / 172.79 (24.688929%) on rocm:7
I0805 15:10:55.124138 139667883532608 metric_logger.py:207] completed step: 0, seconds: 35.914, TFLOP/s/device: 2.357, Tokens/s/device: 114.051, total_weights: 32768, loss: 12.419, lm_loss: 12.419, perplexity: 247557.062, moe_lb_loss: 0.000
I0805 15:10:55.128966 139667883532608 metric_logger.py:314] To see full metrics 'tensorboard --logdir=/root/work/scale-your-amd/runs/20260805-maxtext-disp-qwen3-onehot-capacity/maxtext/disp-qwen3-onehot-capacity/tensorboard/'
I0805 15:10:56.386458 139667883532608 metric_logger.py:207] completed step: 1, seconds: 1.750, TFLOP/s/device: 48.360, Tokens/s/device: 2340.114, total_weights: 32768, loss: 12.419, lm_loss: 12.419, perplexity: 247557.062, moe_lb_loss: 0.000
I0805 15:10:57.645837 139667883532608 metric_logger.py:207] completed step: 2, seconds: 1.262, TFLOP/s/device: 67.060, Tokens/s/device: 3244.958, total_weights: 32768, loss: 12.029, lm_loss: 12.029, perplexity: 167592.578, moe_lb_loss: 0.000
I0805 15:10:58.907257 139667883532608 metric_logger.py:207] completed step: 3, seconds: 1.259, TFLOP/s/device: 67.238, Tokens/s/device: 3253.580, total_weights: 32768, loss: 11.845, lm_loss: 11.845, perplexity: 139344.250, moe_lb_loss: 0.000
I0805 15:11:00.169458 139667883532608 metric_logger.py:207] completed step: 4, seconds: 1.262, TFLOP/s/device: 67.096, Tokens/s/device: 3246.717, total_weights: 32768, loss: 11.714, lm_loss: 11.714, perplexity: 122220.148, moe_lb_loss: 0.000
I0805 15:11:01.436408 139667883532608 metric_logger.py:207] completed step: 5, seconds: 1.263, TFLOP/s/device: 67.042, Tokens/s/device: 3244.112, total_weights: 32768, loss: 11.609, lm_loss: 11.609, perplexity: 110056.844, moe_lb_loss: 0.000
I0805 15:11:02.701003 139667883532608 metric_logger.py:207] completed step: 6, seconds: 1.266, TFLOP/s/device: 66.836, Tokens/s/device: 3234.143, total_weights: 32768, loss: 11.526, lm_loss: 11.526, perplexity: 101315.461, moe_lb_loss: 0.000
I0805 15:11:03.969316 139667883532608 metric_logger.py:207] completed step: 7, seconds: 1.265, TFLOP/s/device: 66.931, Tokens/s/device: 3238.723, total_weights: 32768, loss: 11.462, lm_loss: 11.462, perplexity: 95080.633, moe_lb_loss: 0.000
I0805 15:11:05.235555 139667883532608 metric_logger.py:207] completed step: 8, seconds: 1.269, TFLOP/s/device: 66.729, Tokens/s/device: 3228.960, total_weights: 32768, loss: 11.416, lm_loss: 11.416, perplexity: 90736.000, moe_lb_loss: 0.000
I0805 15:11:06.504287 139667883532608 metric_logger.py:207] completed step: 9, seconds: 1.266, TFLOP/s/device: 66.866, Tokens/s/device: 3235.566, total_weights: 32768, loss: 11.383, lm_loss: 11.383, perplexity: 87836.477, moe_lb_loss: 0.000
I0805 15:11:07.772710 139667883532608 metric_logger.py:207] completed step: 10, seconds: 1.269, TFLOP/s/device: 66.712, Tokens/s/device: 3228.128, total_weights: 32768, loss: 11.362, lm_loss: 11.362, perplexity: 85954.484, moe_lb_loss: 0.000
I0805 15:11:07.783682 139667883532608 metric_logger.py:207] completed step: 11, seconds: 1.268, TFLOP/s/device: 66.741, Tokens/s/device: 3229.527, total_weights: 32768, loss: 11.347, lm_loss: 11.347, perplexity: 84706.102, moe_lb_loss: 0.000
Per train step:
 Total TFLOPs: 84.65 
 split as 88.31% learnable weight flops and 11.69% attention flops
