WARNING: All log messages before absl::InitializeLog() is called are written to STDERR
I0000 00:00:1785944348.836300  167877 port.cc:153] oneDNN custom operations are on. You may see slightly different numerical results due to floating-point round-off errors from different computation orders. To turn them off, set the environment variable `TF_ENABLE_ONEDNN_OPTS=0`.
WARNING: All log messages before absl::InitializeLog() is called are written to STDERR
I0000 00:00:1785944349.836732  167877 port.cc:153] oneDNN custom operations are on. You may see slightly different numerical results due to floating-point round-off errors from different computation orders. To turn them off, set the environment variable `TF_ENABLE_ONEDNN_OPTS=0`.
[transformers] PyTorch was not found. Models won't be available and only tokenizers, configuration and file/data utilities can be used.
[transformers] DeepseekV32Config got `key=rope_scaling` in kwargs but hasn't set it as attribute. For RoPE standardization you need to set `self.rope_parameters` in model's config. 
I0805 15:39:13.265799 139725710569792 max_utils.py:260] Attempting to initialize the jax distributed system for GPU backend...
I0805 15:39:13.265899 139725710569792 max_utils.py:262] Jax distributed system initialized on GPU!
I0805 15:39:14.638068 139725710569792 pyconfig.py:559] Config param abort_on_inf_loss: True
I0805 15:39:14.638248 139725710569792 pyconfig.py:559] Config param abort_on_nan_loss: True
I0805 15:39:14.638293 139725710569792 pyconfig.py:559] Config param act_quantization_calibration_method: absmax
I0805 15:39:14.638329 139725710569792 pyconfig.py:559] Config param activation_dropout_for_audio: 0.0
I0805 15:39:14.638360 139725710569792 pyconfig.py:559] Config param activation_function_for_audio: gelu
I0805 15:39:14.638385 139725710569792 pyconfig.py:559] Config param activations_in_float32: False
I0805 15:39:14.638408 139725710569792 pyconfig.py:559] Config param adam_b1: 0.9
I0805 15:39:14.638434 139725710569792 pyconfig.py:559] Config param adam_b2: 0.95
I0805 15:39:14.638460 139725710569792 pyconfig.py:559] Config param adam_eps: 1e-08
I0805 15:39:14.638487 139725710569792 pyconfig.py:559] Config param adam_eps_root: 0.0
I0805 15:39:14.638509 139725710569792 pyconfig.py:559] Config param adam_weight_decay: 0.1
I0805 15:39:14.638532 139725710569792 pyconfig.py:559] Config param adamw_mask: []
I0805 15:39:14.638555 139725710569792 pyconfig.py:559] Config param add_bos: True
I0805 15:39:14.638577 139725710569792 pyconfig.py:559] Config param add_eos: True
I0805 15:39:14.638599 139725710569792 pyconfig.py:559] Config param allow_split_physical_axes: False
I0805 15:39:14.638620 139725710569792 pyconfig.py:559] Config param ar_cache_axis_order: 1,2,0,3
I0805 15:39:14.638642 139725710569792 pyconfig.py:559] Config param async_checkpointing: True
I0805 15:39:14.638662 139725710569792 pyconfig.py:559] Config param async_scheduling: False
I0805 15:39:14.638682 139725710569792 pyconfig.py:559] Config param attention: cudnn_flash_te
I0805 15:39:14.638704 139725710569792 pyconfig.py:559] Config param attention_bias: False
I0805 15:39:14.638725 139725710569792 pyconfig.py:559] Config param attention_dropout_for_audio: 0.0
I0805 15:39:14.638746 139725710569792 pyconfig.py:559] Config param attention_for_vit: dot_product
I0805 15:39:14.638767 139725710569792 pyconfig.py:559] Config param attention_out: RematLocation.REMAT
I0805 15:39:14.638795 139725710569792 pyconfig.py:559] Config param attention_output_dim: -1
I0805 15:39:14.638816 139725710569792 pyconfig.py:559] Config param attention_sink: False
I0805 15:39:14.638839 139725710569792 pyconfig.py:559] Config param attention_type: global
I0805 15:39:14.638861 139725710569792 pyconfig.py:559] Config param attn_logits_soft_cap: None
I0805 15:39:14.638884 139725710569792 pyconfig.py:559] Config param attn_module_name: None
I0805 15:39:14.638906 139725710569792 pyconfig.py:559] Config param audio_path: 
I0805 15:39:14.638928 139725710569792 pyconfig.py:559] Config param audio_placeholder: <|audio|>
I0805 15:39:14.638949 139725710569792 pyconfig.py:559] Config param autoregressive_decode_assert: 
I0805 15:39:14.638970 139725710569792 pyconfig.py:559] Config param base_config: None
I0805 15:39:14.638991 139725710569792 pyconfig.py:559] Config param base_emb_dim: 2048
I0805 15:39:14.639012 139725710569792 pyconfig.py:559] Config param base_mlp_dim: 768
I0805 15:39:14.639032 139725710569792 pyconfig.py:559] Config param base_moe_mlp_dim: 768
I0805 15:39:14.639055 139725710569792 pyconfig.py:559] Config param base_num_decoder_layers: 48
I0805 15:39:14.639075 139725710569792 pyconfig.py:559] Config param base_num_kv_heads: 4
I0805 15:39:14.639096 139725710569792 pyconfig.py:559] Config param base_num_query_heads: 32
I0805 15:39:14.639117 139725710569792 pyconfig.py:559] Config param base_output_directory: /root/work/scale-your-amd/runs/20260805-maxtext-ep-qwen3-ex4/maxtext
I0805 15:39:14.639139 139725710569792 pyconfig.py:559] Config param batch_size: 1
I0805 15:39:14.639160 139725710569792 pyconfig.py:559] Config param batch_split_factor: 1
I0805 15:39:14.639181 139725710569792 pyconfig.py:559] Config param beta_fast: 32
I0805 15:39:14.639203 139725710569792 pyconfig.py:559] Config param beta_slow: 1
I0805 15:39:14.639224 139725710569792 pyconfig.py:559] Config param bwd_quantization_calibration_method: absmax
I0805 15:39:14.639246 139725710569792 pyconfig.py:559] Config param capacity_factor: 1.25
I0805 15:39:14.639268 139725710569792 pyconfig.py:559] Config param cast_logits_to_fp32: True
I0805 15:39:14.639288 139725710569792 pyconfig.py:559] Config param chat_template: 
I0805 15:39:14.639308 139725710569792 pyconfig.py:559] Config param chat_template_path: 
I0805 15:39:14.639330 139725710569792 pyconfig.py:559] Config param check_vma: False
I0805 15:39:14.639352 139725710569792 pyconfig.py:559] Config param checkpoint_conversion_fn: None
I0805 15:39:14.639376 139725710569792 pyconfig.py:559] Config param checkpoint_dir: /root/work/scale-your-amd/runs/20260805-maxtext-ep-qwen3-ex4/maxtext/ep-qwen3-ex4/checkpoints/
I0805 15:39:14.639402 139725710569792 pyconfig.py:559] Config param checkpoint_is_quantized: False
I0805 15:39:14.639425 139725710569792 pyconfig.py:559] Config param checkpoint_period: 10000
I0805 15:39:14.639447 139725710569792 pyconfig.py:559] Config param checkpoint_storage_concurrent_gb: 96
I0805 15:39:14.639470 139725710569792 pyconfig.py:559] Config param checkpoint_storage_target_data_file_size_bytes: 2147483648
I0805 15:39:14.639492 139725710569792 pyconfig.py:559] Config param checkpoint_storage_use_ocdbt: True
I0805 15:39:14.639513 139725710569792 pyconfig.py:559] Config param checkpoint_storage_use_zarr3: True
I0805 15:39:14.639533 139725710569792 pyconfig.py:559] Config param checkpoint_todelete_full_path: None
I0805 15:39:14.639554 139725710569792 pyconfig.py:559] Config param checkpoint_todelete_subdir: None
I0805 15:39:14.639576 139725710569792 pyconfig.py:559] Config param chips_per_vm: 4
I0805 15:39:14.639596 139725710569792 pyconfig.py:559] Config param chunk_attn_window_size: 0
I0805 15:39:14.639616 139725710569792 pyconfig.py:559] Config param colocated_python_checkpointing: False
I0805 15:39:14.639637 139725710569792 pyconfig.py:559] Config param colocated_python_data_input: False
I0805 15:39:14.639657 139725710569792 pyconfig.py:559] Config param compile_topology: 
I0805 15:39:14.639678 139725710569792 pyconfig.py:559] Config param compile_topology_num_slices: -1
I0805 15:39:14.639698 139725710569792 pyconfig.py:559] Config param compile_xla_flags: 
I0805 15:39:14.639718 139725710569792 pyconfig.py:559] Config param compiled_trainstep_file: 
I0805 15:39:14.639738 139725710569792 pyconfig.py:559] Config param compress_ratios: []
I0805 15:39:14.639760 139725710569792 pyconfig.py:559] Config param compressed_rope_max_timescale: 160000
I0805 15:39:14.639782 139725710569792 pyconfig.py:559] Config param compute_axis_order: 0,1,2,3
I0805 15:39:14.639803 139725710569792 pyconfig.py:559] Config param constant_bound_config: []
I0805 15:39:14.639824 139725710569792 pyconfig.py:559] Config param context: RematLocation.REMAT
I0805 15:39:14.639847 139725710569792 pyconfig.py:559] Config param context_parallel_load_balance: True
I0805 15:39:14.639868 139725710569792 pyconfig.py:559] Config param context_parallel_reorder_strategy: ReorderStrategy.AUTO
I0805 15:39:14.639894 139725710569792 pyconfig.py:559] Config param context_parallel_size: 1
I0805 15:39:14.639915 139725710569792 pyconfig.py:559] Config param context_parallel_strategy: all_gather
I0805 15:39:14.639937 139725710569792 pyconfig.py:559] Config param context_sharding: context
I0805 15:39:14.639957 139725710569792 pyconfig.py:559] Config param conv_chunksize_for_audio: 500
I0805 15:39:14.639977 139725710569792 pyconfig.py:559] Config param conv_stride_for_vit: 14
I0805 15:39:14.639998 139725710569792 pyconfig.py:559] Config param convert_checkpoint_if_possible: False
I0805 15:39:14.640019 139725710569792 pyconfig.py:559] Config param cost_estimate_flops_bwd: -1
I0805 15:39:14.640040 139725710569792 pyconfig.py:559] Config param cost_estimate_flops_fwd: -1
I0805 15:39:14.640059 139725710569792 pyconfig.py:559] Config param custom_mesh: 
I0805 15:39:14.640080 139725710569792 pyconfig.py:559] Config param custom_mesh_and_rule: CustomRule.DEFAULT
I0805 15:39:14.640103 139725710569792 pyconfig.py:559] Config param d_model_for_audio: 256
I0805 15:39:14.640123 139725710569792 pyconfig.py:559] Config param data_sharding: (('data', 'stage', 'fsdp', 'fsdp_transpose', 'context', 'context_autoregressive', 'tensor', 'tensor_transpose', 'tensor_sequence', 'expert', 'autoregressive'),)
I0805 15:39:14.640151 139725710569792 pyconfig.py:559] Config param data_shuffle_seed: 0
I0805 15:39:14.640172 139725710569792 pyconfig.py:559] Config param data_template_path: 
I0805 15:39:14.640193 139725710569792 pyconfig.py:559] Config param dataset_name: c4/en:3.1.0
I0805 15:39:14.640214 139725710569792 pyconfig.py:559] Config param dataset_path: 
I0805 15:39:14.640236 139725710569792 pyconfig.py:559] Config param dataset_processor_path: 
I0805 15:39:14.640256 139725710569792 pyconfig.py:559] Config param dataset_type: DatasetType.SYNTHETIC
I0805 15:39:14.640278 139725710569792 pyconfig.py:559] Config param dcn_autoregressive_parallelism: 1
I0805 15:39:14.640299 139725710569792 pyconfig.py:559] Config param dcn_context_autoregressive_parallelism: 1
I0805 15:39:14.640319 139725710569792 pyconfig.py:559] Config param dcn_context_parallelism: 1
I0805 15:39:14.640339 139725710569792 pyconfig.py:559] Config param dcn_data_parallelism: -1
I0805 15:39:14.640360 139725710569792 pyconfig.py:559] Config param dcn_diloco_parallelism: 1
I0805 15:39:14.640381 139725710569792 pyconfig.py:559] Config param dcn_expert_parallelism: 1
I0805 15:39:14.640401 139725710569792 pyconfig.py:559] Config param dcn_fsdp_parallelism: 1
I0805 15:39:14.640421 139725710569792 pyconfig.py:559] Config param dcn_fsdp_transpose_parallelism: 1
I0805 15:39:14.640442 139725710569792 pyconfig.py:559] Config param dcn_parallelism: [1, -1, 1, 1, 1, 1, 1, 1, 1, 1, 1, 1]
I0805 15:39:14.640464 139725710569792 pyconfig.py:559] Config param dcn_pipeline_parallelism: 1
I0805 15:39:14.640485 139725710569792 pyconfig.py:559] Config param dcn_sequence_parallelism: 1
I0805 15:39:14.640506 139725710569792 pyconfig.py:559] Config param dcn_tensor_parallelism: 1
I0805 15:39:14.640526 139725710569792 pyconfig.py:559] Config param dcn_tensor_sequence_parallelism: 1
I0805 15:39:14.640546 139725710569792 pyconfig.py:559] Config param dcn_tensor_transpose_parallelism: 1
I0805 15:39:14.640565 139725710569792 pyconfig.py:559] Config param debug: {'rl': False}
I0805 15:39:14.640588 139725710569792 pyconfig.py:559] Config param debug_converter: False
I0805 15:39:14.640609 139725710569792 pyconfig.py:559] Config param debug_sharding: False
I0805 15:39:14.640630 139725710569792 pyconfig.py:559] Config param decode_sampling_nucleus_p: -1
I0805 15:39:14.640650 139725710569792 pyconfig.py:559] Config param decode_sampling_strategy: SamplingStrategy.GREEDY
I0805 15:39:14.640675 139725710569792 pyconfig.py:559] Config param decode_sampling_temperature: 1.0
I0805 15:39:14.640696 139725710569792 pyconfig.py:559] Config param decode_sampling_top_k: 0
I0805 15:39:14.640717 139725710569792 pyconfig.py:559] Config param decoder_block: DecoderBlockType.QWEN3_MOE
I0805 15:39:14.640738 139725710569792 pyconfig.py:559] Config param decoder_layer_input: RematLocation.DEVICE
I0805 15:39:14.640760 139725710569792 pyconfig.py:559] Config param deepstack_visual_indexes_for_vit: []
I0805 15:39:14.640781 139725710569792 pyconfig.py:559] Config param degenerate_group_masking: True
I0805 15:39:14.640804 139725710569792 pyconfig.py:559] Config param dense_init_scale: 1.0
I0805 15:39:14.640825 139725710569792 pyconfig.py:559] Config param diloco_outer_lr: 0.3
I0805 15:39:14.640848 139725710569792 pyconfig.py:559] Config param diloco_outer_momentum: 0.9
I0805 15:39:14.640870 139725710569792 pyconfig.py:559] Config param diloco_sync_period: 36
I0805 15:39:14.640891 139725710569792 pyconfig.py:559] Config param distill_alpha: 0.5
I0805 15:39:14.640914 139725710569792 pyconfig.py:559] Config param distill_alpha_end: None
I0805 15:39:14.640935 139725710569792 pyconfig.py:559] Config param distill_alpha_schedule: constant
I0805 15:39:14.640955 139725710569792 pyconfig.py:559] Config param distill_beta: 0.0
I0805 15:39:14.640975 139725710569792 pyconfig.py:559] Config param distill_beta_end: None
I0805 15:39:14.640996 139725710569792 pyconfig.py:559] Config param distill_beta_schedule: constant
I0805 15:39:14.641016 139725710569792 pyconfig.py:559] Config param distill_feature_loss_type: cosine
I0805 15:39:14.641036 139725710569792 pyconfig.py:559] Config param distill_layer_indices: None
I0805 15:39:14.641056 139725710569792 pyconfig.py:559] Config param distill_student_weights_share_map: {}
I0805 15:39:14.641077 139725710569792 pyconfig.py:559] Config param distill_temperature: 1.0
I0805 15:39:14.641098 139725710569792 pyconfig.py:559] Config param distill_temperature_end: None
I0805 15:39:14.641118 139725710569792 pyconfig.py:559] Config param distill_temperature_schedule: constant
I0805 15:39:14.641140 139725710569792 pyconfig.py:559] Config param distill_weights_copy_map: {}
I0805 15:39:14.641161 139725710569792 pyconfig.py:559] Config param downsample_hidden_size_for_audio: 256
I0805 15:39:14.641182 139725710569792 pyconfig.py:559] Config param dpo: {'algo': 'dpo', 'dpo_beta': 0.1, 'orpo_lambda': 0.1, 'dpo_label_smoothing': 0.0, 'max_prompt_length': None}
I0805 15:39:14.641206 139725710569792 pyconfig.py:559] Config param dq_reduction_steps: 0
I0805 15:39:14.641226 139725710569792 pyconfig.py:559] Config param dropout_rate: 0.0
I0805 15:39:14.641247 139725710569792 pyconfig.py:559] Config param dtype: bfloat16
I0805 15:39:14.641296 139725710569792 pyconfig.py:559] Config param dtype_mm: float32
I0805 15:39:14.641322 139725710569792 pyconfig.py:559] Config param dump_hlo: False
I0805 15:39:14.641344 139725710569792 pyconfig.py:559] Config param dump_hlo_delete_local_after: True
I0805 15:39:14.641366 139725710569792 pyconfig.py:559] Config param dump_hlo_gcs_dir: /root/work/scale-your-amd/runs/20260805-maxtext-ep-qwen3-ex4/maxtext/ep-qwen3-ex4/xla_dump
I0805 15:39:14.641387 139725710569792 pyconfig.py:559] Config param dump_hlo_local_dir: /tmp/xla_dump/
I0805 15:39:14.641408 139725710569792 pyconfig.py:559] Config param dump_hlo_local_module_name: jit_train_step
I0805 15:39:14.641429 139725710569792 pyconfig.py:559] Config param dump_hlo_module_name: jit_train_step
I0805 15:39:14.641451 139725710569792 pyconfig.py:559] Config param dump_hlo_upload_all: False
I0805 15:39:14.641471 139725710569792 pyconfig.py:559] Config param dump_hlo_xla_flags: 
I0805 15:39:14.641493 139725710569792 pyconfig.py:559] Config param dump_jaxpr: False
I0805 15:39:14.641513 139725710569792 pyconfig.py:559] Config param dump_jaxpr_delete_local_after: True
I0805 15:39:14.641534 139725710569792 pyconfig.py:559] Config param dump_jaxpr_gcs_dir: /root/work/scale-your-amd/runs/20260805-maxtext-ep-qwen3-ex4/maxtext/ep-qwen3-ex4/jaxpr_dump
I0805 15:39:14.641556 139725710569792 pyconfig.py:559] Config param dump_jaxpr_local_dir: /tmp/jaxpr_dump/
I0805 15:39:14.641576 139725710569792 pyconfig.py:559] Config param dump_step: -1
I0805 15:39:14.641597 139725710569792 pyconfig.py:559] Config param elastic_enabled: False
I0805 15:39:14.641619 139725710569792 pyconfig.py:559] Config param elastic_max_retries: 10
I0805 15:39:14.641641 139725710569792 pyconfig.py:559] Config param elastic_min_slice_count: -1
I0805 15:39:14.641662 139725710569792 pyconfig.py:559] Config param elastic_timeout_seconds: 300
I0805 15:39:14.641682 139725710569792 pyconfig.py:559] Config param emb_dim: 2048
I0805 15:39:14.641703 139725710569792 pyconfig.py:559] Config param enable_autocheckpoint: False
I0805 15:39:14.641725 139725710569792 pyconfig.py:559] Config param enable_checkpoint_cloud_logger: False
I0805 15:39:14.641753 139725710569792 pyconfig.py:559] Config param enable_checkpointing: False
I0805 15:39:14.641772 139725710569792 pyconfig.py:559] Config param enable_continuous_checkpointing: False
I0805 15:39:14.641794 139725710569792 pyconfig.py:559] Config param enable_data_shuffling: True
I0805 15:39:14.641816 139725710569792 pyconfig.py:559] Config param enable_diloco: False
I0805 15:39:14.641838 139725710569792 pyconfig.py:559] Config param enable_dp_attention: False
I0805 15:39:14.641859 139725710569792 pyconfig.py:559] Config param enable_dropout: False
I0805 15:39:14.641879 139725710569792 pyconfig.py:559] Config param enable_emergency_checkpoint: False
I0805 15:39:14.641899 139725710569792 pyconfig.py:559] Config param enable_expert_parallel: False
I0805 15:39:14.641919 139725710569792 pyconfig.py:559] Config param enable_gcp_goodput_metrics: True
I0805 15:39:14.641939 139725710569792 pyconfig.py:559] Config param enable_gcp_step_deviation_metrics: True
I0805 15:39:14.641959 139725710569792 pyconfig.py:559] Config param enable_goodput_recording: False
I0805 15:39:14.641980 139725710569792 pyconfig.py:559] Config param enable_jax_profiler: False
I0805 15:39:14.642000 139725710569792 pyconfig.py:559] Config param enable_llm_inference_pool: False
I0805 15:39:14.642020 139725710569792 pyconfig.py:559] Config param enable_mhc_lite: False
I0805 15:39:14.642041 139725710569792 pyconfig.py:559] Config param enable_model_warmup: False
I0805 15:39:14.642061 139725710569792 pyconfig.py:559] Config param enable_multi_tier_checkpointing: False
I0805 15:39:14.642081 139725710569792 pyconfig.py:559] Config param enable_nnx: False
I0805 15:39:14.642104 139725710569792 pyconfig.py:559] Config param enable_orbax_v1: False
I0805 15:39:14.642124 139725710569792 pyconfig.py:559] Config param enable_padding_causal_mask: True
I0805 15:39:14.642145 139725710569792 pyconfig.py:559] Config param enable_pathways_goodput: False
I0805 15:39:14.642165 139725710569792 pyconfig.py:559] Config param enable_prefix_caching: False
I0805 15:39:14.642185 139725710569792 pyconfig.py:559] Config param enable_rampup_batch_size: False
I0805 15:39:14.642205 139725710569792 pyconfig.py:559] Config param enable_single_controller: False
I0805 15:39:14.642225 139725710569792 pyconfig.py:559] Config param enable_single_replica_ckpt_restoring: False
I0805 15:39:14.642246 139725710569792 pyconfig.py:559] Config param enable_tensorboard: True
I0805 15:39:14.642266 139725710569792 pyconfig.py:559] Config param enable_tpu_profiling_options: False
I0805 15:39:14.642286 139725710569792 pyconfig.py:559] Config param enable_tunix_perf_metrics: False
I0805 15:39:14.642306 139725710569792 pyconfig.py:559] Config param encoder_attention_heads_for_audio: 4
I0805 15:39:14.642326 139725710569792 pyconfig.py:559] Config param encoder_ffn_dim_for_audio: 512
I0805 15:39:14.642347 139725710569792 pyconfig.py:559] Config param encoder_layers_for_audio: 2
I0805 15:39:14.642367 139725710569792 pyconfig.py:559] Config param engram: RematLocation.REMAT
I0805 15:39:14.642389 139725710569792 pyconfig.py:559] Config param engram_head_dim: 1280
I0805 15:39:14.642410 139725710569792 pyconfig.py:559] Config param engram_kernel_size: 4
I0805 15:39:14.642431 139725710569792 pyconfig.py:559] Config param engram_layers: []
I0805 15:39:14.642451 139725710569792 pyconfig.py:559] Config param engram_max_ngram_size: 3
I0805 15:39:14.642472 139725710569792 pyconfig.py:559] Config param engram_num_heads: 8
I0805 15:39:14.642492 139725710569792 pyconfig.py:559] Config param engram_seed: 0
I0805 15:39:14.642512 139725710569792 pyconfig.py:559] Config param engram_vocab_bases: []
I0805 15:39:14.642534 139725710569792 pyconfig.py:559] Config param epsilon_high: None
I0805 15:39:14.642554 139725710569792 pyconfig.py:559] Config param eval_batch_size: -1
I0805 15:39:14.642574 139725710569792 pyconfig.py:559] Config param eval_corr_lst: False
I0805 15:39:14.642594 139725710569792 pyconfig.py:559] Config param eval_data_columns: ['text']
I0805 15:39:14.642615 139725710569792 pyconfig.py:559] Config param eval_dataset_name: c4/en:3.1.0
I0805 15:39:14.642637 139725710569792 pyconfig.py:559] Config param eval_image_column: image
I0805 15:39:14.642657 139725710569792 pyconfig.py:559] Config param eval_interval: -1
I0805 15:39:14.642678 139725710569792 pyconfig.py:559] Config param eval_make_lst: False
I0805 15:39:14.642700 139725710569792 pyconfig.py:559] Config param eval_mode: pass
I0805 15:39:14.642721 139725710569792 pyconfig.py:559] Config param eval_per_device_batch_size: 2.0
I0805 15:39:14.642743 139725710569792 pyconfig.py:559] Config param eval_sampling_strategy: greedy
I0805 15:39:14.642764 139725710569792 pyconfig.py:559] Config param eval_split: validation
I0805 15:39:14.642784 139725710569792 pyconfig.py:559] Config param eval_steps: -1
I0805 15:39:14.642805 139725710569792 pyconfig.py:559] Config param expansion_factor_real_data: -1.0
I0805 15:39:14.642826 139725710569792 pyconfig.py:559] Config param expert_balance: False
I0805 15:39:14.642846 139725710569792 pyconfig.py:559] Config param final_logits_soft_cap: None
I0805 15:39:14.642867 139725710569792 pyconfig.py:559] Config param first_num_dense_layers: 0
I0805 15:39:14.642887 139725710569792 pyconfig.py:559] Config param first_num_hash_layers: 0
I0805 15:39:14.642907 139725710569792 pyconfig.py:559] Config param float32_gate_logits: False
I0805 15:39:14.642929 139725710569792 pyconfig.py:559] Config param float32_logits: False
I0805 15:39:14.642950 139725710569792 pyconfig.py:559] Config param float32_qk_product: False
I0805 15:39:14.642970 139725710569792 pyconfig.py:559] Config param float32_weight_sum: True
I0805 15:39:14.642990 139725710569792 pyconfig.py:559] Config param force_q_layout: False
I0805 15:39:14.643010 139725710569792 pyconfig.py:559] Config param force_unroll: False
I0805 15:39:14.643031 139725710569792 pyconfig.py:559] Config param formatting_func_kwargs: {}
I0805 15:39:14.643051 139725710569792 pyconfig.py:559] Config param formatting_func_path: 
I0805 15:39:14.643073 139725710569792 pyconfig.py:559] Config param freeze_audio_encoder_params: True
I0805 15:39:14.643093 139725710569792 pyconfig.py:559] Config param freeze_vision_encoder_params: True
I0805 15:39:14.643113 139725710569792 pyconfig.py:559] Config param fuse_expert_scales: False
I0805 15:39:14.643133 139725710569792 pyconfig.py:559] Config param fused_mlp: False
I0805 15:39:14.643154 139725710569792 pyconfig.py:559] Config param fused_qkv: False
I0805 15:39:14.643176 139725710569792 pyconfig.py:559] Config param gcs_debug_path: 
I0805 15:39:14.643196 139725710569792 pyconfig.py:559] Config param gcs_metrics: False
I0805 15:39:14.643218 139725710569792 pyconfig.py:559] Config param gdn_chunk_size: 64
I0805 15:39:14.643238 139725710569792 pyconfig.py:559] Config param gdn_conv_kernel_dim: 4
I0805 15:39:14.643258 139725710569792 pyconfig.py:559] Config param gdn_key_head_dim: 128
I0805 15:39:14.643278 139725710569792 pyconfig.py:559] Config param gdn_num_key_heads: 16
I0805 15:39:14.643298 139725710569792 pyconfig.py:559] Config param gdn_num_value_heads: 32
I0805 15:39:14.643320 139725710569792 pyconfig.py:559] Config param gdn_value_head_dim: 128
I0805 15:39:14.643341 139725710569792 pyconfig.py:559] Config param generate_padding_batch_eval: False
I0805 15:39:14.643361 139725710569792 pyconfig.py:559] Config param generate_padding_batch_train: False
I0805 15:39:14.643382 139725710569792 pyconfig.py:559] Config param generate_slice: v5e-16
I0805 15:39:14.643403 139725710569792 pyconfig.py:559] Config param generation_configs: {}
I0805 15:39:14.643424 139725710569792 pyconfig.py:559] Config param global_batch_size_to_eval_on: 16
I0805 15:39:14.643444 139725710569792 pyconfig.py:559] Config param global_batch_size_to_load: 16
I0805 15:39:14.643465 139725710569792 pyconfig.py:559] Config param global_batch_size_to_load_eval: 16
I0805 15:39:14.643488 139725710569792 pyconfig.py:559] Config param global_batch_size_to_load_increment: None
I0805 15:39:14.643510 139725710569792 pyconfig.py:559] Config param global_batch_size_to_load_start: None
I0805 15:39:14.643532 139725710569792 pyconfig.py:559] Config param global_batch_size_to_train_on: 16
I0805 15:39:14.643554 139725710569792 pyconfig.py:559] Config param global_head_dim: 0
I0805 15:39:14.643575 139725710569792 pyconfig.py:559] Config param global_num_kv_heads: 0
I0805 15:39:14.643595 139725710569792 pyconfig.py:559] Config param global_parameter_scale: 1
I0805 15:39:14.643615 139725710569792 pyconfig.py:559] Config param global_rampup_samples: 500
I0805 15:39:14.643635 139725710569792 pyconfig.py:559] Config param global_rope_max_timescale: -1
I0805 15:39:14.643656 139725710569792 pyconfig.py:559] Config param global_rope_proportion: 0.25
I0805 15:39:14.643678 139725710569792 pyconfig.py:559] Config param goodput_upload_interval_seconds: 30
I0805 15:39:14.643699 139725710569792 pyconfig.py:559] Config param grad_dtype: float32
I0805 15:39:14.643756 139725710569792 pyconfig.py:559] Config param gradient_accumulation_steps: 1
I0805 15:39:14.643784 139725710569792 pyconfig.py:559] Config param gradient_clipping_threshold: 1.0
I0805 15:39:14.643807 139725710569792 pyconfig.py:559] Config param grain_data_source_max_workers: 16
I0805 15:39:14.643829 139725710569792 pyconfig.py:559] Config param grain_eval_files: 
I0805 15:39:14.643851 139725710569792 pyconfig.py:559] Config param grain_file_type: arrayrecord
I0805 15:39:14.643872 139725710569792 pyconfig.py:559] Config param grain_num_threads: 16
I0805 15:39:14.643893 139725710569792 pyconfig.py:559] Config param grain_num_threads_eval: 16
I0805 15:39:14.643913 139725710569792 pyconfig.py:559] Config param grain_packing_type: first_fit
I0805 15:39:14.643934 139725710569792 pyconfig.py:559] Config param grain_per_worker_buffer_size: 1
I0805 15:39:14.643954 139725710569792 pyconfig.py:559] Config param grain_per_worker_buffer_size_eval: 1
I0805 15:39:14.643975 139725710569792 pyconfig.py:559] Config param grain_prefetch_buffer_size: 500
I0805 15:39:14.643996 139725710569792 pyconfig.py:559] Config param grain_prefetch_buffer_size_eval: 500
I0805 15:39:14.644016 139725710569792 pyconfig.py:559] Config param grain_ram_budget_mb: 1024
I0805 15:39:14.644037 139725710569792 pyconfig.py:559] Config param grain_shuffle_buffer_size: 100
I0805 15:39:14.644057 139725710569792 pyconfig.py:559] Config param grain_train_files: 
I0805 15:39:14.644079 139725710569792 pyconfig.py:559] Config param grain_train_mixture_config_path: 
I0805 15:39:14.644099 139725710569792 pyconfig.py:559] Config param grain_use_elastic_iterator: False
I0805 15:39:14.644121 139725710569792 pyconfig.py:559] Config param grain_worker_count: 1
I0805 15:39:14.644141 139725710569792 pyconfig.py:559] Config param grain_worker_count_eval: 1
I0805 15:39:14.644161 139725710569792 pyconfig.py:559] Config param grpo_beta: 0.08
I0805 15:39:14.644183 139725710569792 pyconfig.py:559] Config param grpo_epsilon: 0.2
I0805 15:39:14.644204 139725710569792 pyconfig.py:559] Config param hardware: gpu
I0805 15:39:14.644226 139725710569792 pyconfig.py:559] Config param hbm_utilization_vllm: 0.72
I0805 15:39:14.644247 139725710569792 pyconfig.py:559] Config param head_dim: 128
I0805 15:39:14.644267 139725710569792 pyconfig.py:559] Config param heartbeat_reporting_interval_in_seconds: 5
I0805 15:39:14.644287 139725710569792 pyconfig.py:559] Config param hf_data_dir: None
I0805 15:39:14.644308 139725710569792 pyconfig.py:559] Config param hf_eval_files: None
I0805 15:39:14.644329 139725710569792 pyconfig.py:559] Config param hf_eval_split: None
I0805 15:39:14.644349 139725710569792 pyconfig.py:559] Config param hf_lora_adapter_path: 
I0805 15:39:14.644370 139725710569792 pyconfig.py:559] Config param hf_name: None
I0805 15:39:14.644392 139725710569792 pyconfig.py:559] Config param hf_path: 
I0805 15:39:14.644413 139725710569792 pyconfig.py:559] Config param hf_train_files: None
I0805 15:39:14.644434 139725710569792 pyconfig.py:559] Config param hidden_size_for_vit: 1408
I0805 15:39:14.644455 139725710569792 pyconfig.py:559] Config param hidden_size_per_layer_input: 0
I0805 15:39:14.644476 139725710569792 pyconfig.py:559] Config param hide_profiler_step_metric: False
I0805 15:39:14.644496 139725710569792 pyconfig.py:559] Config param ici_autoregressive_parallelism: 1
I0805 15:39:14.644517 139725710569792 pyconfig.py:559] Config param ici_context_autoregressive_parallelism: 1
I0805 15:39:14.644537 139725710569792 pyconfig.py:559] Config param ici_context_parallelism: 1
I0805 15:39:14.644557 139725710569792 pyconfig.py:559] Config param ici_data_parallelism: 1
I0805 15:39:14.644579 139725710569792 pyconfig.py:559] Config param ici_diloco_parallelism: 1
I0805 15:39:14.644599 139725710569792 pyconfig.py:559] Config param ici_expert_parallelism: 4
I0805 15:39:14.644619 139725710569792 pyconfig.py:559] Config param ici_fsdp_parallelism: 2
I0805 15:39:14.644640 139725710569792 pyconfig.py:559] Config param ici_fsdp_transpose_parallelism: 1
I0805 15:39:14.644662 139725710569792 pyconfig.py:559] Config param ici_parallelism: [1, 1, 1, 2, 1, 1, 1, 1, 1, 1, 4, 1]
I0805 15:39:14.644684 139725710569792 pyconfig.py:559] Config param ici_pipeline_parallelism: 1
I0805 15:39:14.644706 139725710569792 pyconfig.py:559] Config param ici_sequence_parallelism: 1
I0805 15:39:14.644726 139725710569792 pyconfig.py:559] Config param ici_tensor_parallelism: 1
I0805 15:39:14.644747 139725710569792 pyconfig.py:559] Config param ici_tensor_sequence_parallelism: 1
I0805 15:39:14.644767 139725710569792 pyconfig.py:559] Config param ici_tensor_transpose_parallelism: 1
I0805 15:39:14.644788 139725710569792 pyconfig.py:559] Config param image_path: 
I0805 15:39:14.644808 139725710569792 pyconfig.py:559] Config param image_placeholder: <|image|>
I0805 15:39:14.644829 139725710569792 pyconfig.py:559] Config param image_size_for_vit: 896
I0805 15:39:14.644849 139725710569792 pyconfig.py:559] Config param indexer_head_dim: 128
I0805 15:39:14.644870 139725710569792 pyconfig.py:559] Config param indexer_loss_scaling_factor: 0.0
I0805 15:39:14.644891 139725710569792 pyconfig.py:559] Config param indexer_n_heads: 64
I0805 15:39:14.644913 139725710569792 pyconfig.py:559] Config param indexer_sparse_training: False
I0805 15:39:14.644933 139725710569792 pyconfig.py:559] Config param indexer_topk: 2048
I0805 15:39:14.644954 139725710569792 pyconfig.py:559] Config param inference_benchmark_test: False
I0805 15:39:14.644975 139725710569792 pyconfig.py:559] Config param inference_metadata_file: 
I0805 15:39:14.644996 139725710569792 pyconfig.py:559] Config param inference_microbenchmark_log_file_path: 
I0805 15:39:14.645018 139725710569792 pyconfig.py:559] Config param inference_microbenchmark_loop_iters: 10
I0805 15:39:14.645039 139725710569792 pyconfig.py:559] Config param inference_microbenchmark_num_samples: [1, 2, 3, 4, 5]
I0805 15:39:14.645061 139725710569792 pyconfig.py:559] Config param inference_microbenchmark_prefill_lengths: 64,128,256,512,1024
I0805 15:39:14.645083 139725710569792 pyconfig.py:559] Config param inference_microbenchmark_stages: prefill,generate
I0805 15:39:14.645104 139725710569792 pyconfig.py:559] Config param inference_server: MaxtextInterleavedServer
I0805 15:39:14.645125 139725710569792 pyconfig.py:559] Config param inhomogeneous_layer_cycle_interval: 1
I0805 15:39:14.645146 139725710569792 pyconfig.py:559] Config param init_weights_seed: 0
I0805 15:39:14.645168 139725710569792 pyconfig.py:559] Config param input_data_sharding_logical_axes: ['activation_embed_and_logits_batch', 'activation_norm_length']
I0805 15:39:14.645191 139725710569792 pyconfig.py:559] Config param interleave_moe_layer_step: 1
I0805 15:39:14.645211 139725710569792 pyconfig.py:559] Config param intermediate_size_for_vit: 5632
I0805 15:39:14.645232 139725710569792 pyconfig.py:559] Config param internal_compile: False
I0805 15:39:14.645252 139725710569792 pyconfig.py:559] Config param internal_compile_num_devices: -1
I0805 15:39:14.645274 139725710569792 pyconfig.py:559] Config param jax_cache_dir: ~/jax_cache
I0805 15:39:14.645295 139725710569792 pyconfig.py:559] Config param jax_debug_log_modules: 
I0805 15:39:14.645315 139725710569792 pyconfig.py:559] Config param jax_distributed_heartbeat_timeout_seconds: 100
I0805 15:39:14.645336 139725710569792 pyconfig.py:559] Config param jax_distributed_initialization_timeout: 300
I0805 15:39:14.645356 139725710569792 pyconfig.py:559] Config param jax_profiler_port: 9999
I0805 15:39:14.645377 139725710569792 pyconfig.py:559] Config param key_proj: RematLocation.REMAT
I0805 15:39:14.645398 139725710569792 pyconfig.py:559] Config param kv_cache_buffer: 256
I0805 15:39:14.645419 139725710569792 pyconfig.py:559] Config param kv_lora_rank: 512
I0805 15:39:14.645441 139725710569792 pyconfig.py:559] Config param kv_quant_axis: KvQuantAxis.HEADS_AND_DKV
I0805 15:39:14.645467 139725710569792 pyconfig.py:559] Config param kv_quant_dtype: int8
I0805 15:39:14.645488 139725710569792 pyconfig.py:559] Config param kv_wa_proj: RematLocation.REMAT
I0805 15:39:14.645510 139725710569792 pyconfig.py:559] Config param learn_to_init_mode: False
I0805 15:39:14.645530 139725710569792 pyconfig.py:559] Config param learning_rate: 3e-05
I0805 15:39:14.645553 139725710569792 pyconfig.py:559] Config param learning_rate_final_fraction: 0.1
I0805 15:39:14.645574 139725710569792 pyconfig.py:559] Config param learning_rate_schedule_steps: 14
I0805 15:39:14.645596 139725710569792 pyconfig.py:559] Config param load_balance_loss_weight: 0.0
I0805 15:39:14.645616 139725710569792 pyconfig.py:559] Config param load_checkpoint_only_once: False
I0805 15:39:14.645637 139725710569792 pyconfig.py:559] Config param load_from_prefill_dir: False
I0805 15:39:14.645658 139725710569792 pyconfig.py:559] Config param load_full_state_path: 
I0805 15:39:14.645678 139725710569792 pyconfig.py:559] Config param load_parameters_path: 
I0805 15:39:14.645698 139725710569792 pyconfig.py:559] Config param local_checkpoint_directory: 
I0805 15:39:14.645719 139725710569792 pyconfig.py:559] Config param local_checkpoint_period: 0
I0805 15:39:14.645745 139725710569792 pyconfig.py:559] Config param local_rope_max_timescale: -1
I0805 15:39:14.645766 139725710569792 pyconfig.py:559] Config param local_rope_proportion: 1.0
I0805 15:39:14.645788 139725710569792 pyconfig.py:559] Config param log_config: True
I0805 15:39:14.645809 139725710569792 pyconfig.py:559] Config param log_period: 100
I0805 15:39:14.645830 139725710569792 pyconfig.py:559] Config param logical_axis_rules: (('activation_embed_and_logits_batch', ('data', 'stage', 'fsdp', 'fsdp_transpose', 'expert')), ('activation_embed_and_logits_batch_sequence', ('data', 'stage', 'fsdp', 'fsdp_transpose', 'context', 'expert')), ('activation_vocab', ('tensor', 'tensor_transpose', 'tensor_sequence')), ('activation_vocab', ('tensor', 'tensor_transpose')), ('activation_vocab', 'tensor_sequence'), ('vocab', ('tensor', 'tensor_transpose', 'tensor_sequence', 'autoregressive')), ('embed_vocab', ('fsdp', 'fsdp_transpose', 'context', 'expert')), ('activation_batch_attn', ('data', 'fsdp', 'fsdp_transpose', 'expert')), ('activation_heads', ('tensor', 'tensor_transpose', 'tensor_sequence', 'autoregressive')), ('activation_kv_heads', ('tensor', 'tensor_transpose', 'tensor_sequence')), ('activation_length_attn', ('context',)), ('activation_q_length', ('context',)), ('activation_kv_length', ()), ('activation_embed_attn', ('tensor', 'tensor_transpose')), ('activation_kv', ('tensor', 'tensor_transpose', 'tensor_sequence')), ('activation_kv_batch', ('data', 'fsdp', 'fsdp_transpose', 'expert')), ('activation_kv_head_dim', ('tensor', 'tensor_transpose', 'tensor_sequence')), ('heads', ('tensor', 'tensor_transpose', 'tensor_sequence', 'autoregressive')), ('q_heads', ('tensor', 'tensor_transpose', 'tensor_sequence', 'autoregressive')), ('kv_heads', ('tensor', 'tensor_transpose', 'tensor_sequence', 'autoregressive')), ('qkv', ()), ('kv', ()), ('kv_head_dim', ()), ('q_lora', ('fsdp', 'fsdp_transpose', 'context', 'tensor_transpose', 'expert')), ('q_lora', ('fsdp', 'context', 'tensor_transpose', 'expert')), ('q_lora', ('fsdp', 'fsdp_transpose', 'context', 'expert')), ('q_lora', ('fsdp', 'context', 'expert')), ('q_lora_up_proj', ()), ('kv_lora', ('fsdp', 'fsdp_transpose', 'context', 'tensor_transpose', 'expert')), ('kv_lora', ('fsdp', 'context', 'tensor_transpose', 'expert')), ('kv_lora', ('fsdp', 'fsdp_transpose', 'context', 'expert')), ('kv_lora', ('fsdp', 'context', 'expert')), ('kv_lora_up_proj', ()), ('activation_batch_moe', ('data', 'fsdp', 'fsdp_transpose', 'expert')), ('activation_length_moe', ('context',)), ('activation_norm_length_moe', ('tensor_sequence', 'context')), ('activation_embed_moe', ('tensor', 'tensor_transpose')), ('activation_mlp_moe', ('tensor', 'tensor_transpose', 'tensor_sequence')), ('activation_exp', ('expert',)), ('exp', 'expert'), ('mlp_moe', ('fsdp_transpose', 'tensor', 'tensor_sequence', 'autoregressive')), ('embed_moe', ('fsdp', 'fsdp_transpose', 'tensor_transpose', 'context')), ('embed_moe', ('fsdp', 'tensor_transpose', 'context')), ('embed_moe', ('fsdp', 'fsdp_transpose', 'context')), ('embed_moe', ('fsdp', 'context')), ('activation_mlp', ('tensor', 'tensor_transpose', 'tensor_sequence')), ('activation_batch', ('data', 'fsdp', 'fsdp_transpose', 'expert')), ('activation_length', ('context',)), ('activation_norm_length', ('tensor_sequence', 'context')), ('activation_embed', ('tensor', 'tensor_transpose')), ('activation_stage', 'stage'), ('mlp', ('fsdp_transpose', 'tensor', 'tensor_sequence', 'autoregressive')), ('gdn_head', ('fsdp_transpose', 'tensor', 'tensor_sequence', 'autoregressive')), ('embed', ('fsdp', 'fsdp_transpose', 'tensor_transpose', 'context', 'expert')), ('embed', ('fsdp', 'tensor_transpose', 'context', 'expert')), ('embed', ('fsdp', 'fsdp_transpose', 'context', 'expert')), ('embed', ('fsdp', 'context', 'expert')), ('norm', ('tensor', 'tensor_transpose')), ('layers', 'stage'), ('diloco', 'diloco'), ('engram_dim', ('tensor',)), ('dense_layers', ()), ('moe_layers', ()), ('mhc', ()), ('prefill_activation_length', ('context',)), ('prefill_activation_norm_length', ('tensor_sequence', 'context')), ('activation_prefill_kv_batch', ('data', 'fsdp', 'fsdp_transpose', 'expert')), ('decode_batch', ('data', 'fsdp', 'fsdp_transpose', 'expert')), ('decode_length', ()), ('cache_heads', ('autoregressive', 'tensor', 'tensor_transpose', 'tensor_sequence')), ('cache_heads', ('autoregressive', 'tensor', 'tensor_sequence')), ('paged_kv_heads', ('tensor',)), ('cache_batch_prefill', ()), ('cache_batch', ()), ('cache_heads_none', ()), ('cache_kv', ()), ('cache_sequence', ()), ('num_pages', ()), ('tokens_per_page', ()), ('paged_kv_head_dim_size', ()), ('mlp_no_fsdp', ('tensor', 'tensor_sequence', 'autoregressive')), ('embed_tensor_transpose', ('tensor_transpose',)), ('exp_with_fsdp', 'fsdp'))
I0805 15:39:14.645933 139725710569792 pyconfig.py:559] Config param logits_dot_in_fp32: False
I0805 15:39:14.645957 139725710569792 pyconfig.py:559] Config param logits_via_embedding: False
I0805 15:39:14.645981 139725710569792 pyconfig.py:559] Config param lora: {'enable_lora': False, 'lora_rank': 0, 'lora_alpha': 0.0, 'lora_module_path': '', 'lora_restore_path': ''}
I0805 15:39:14.646005 139725710569792 pyconfig.py:559] Config param lora_input_adapters_path: 
I0805 15:39:14.646028 139725710569792 pyconfig.py:559] Config param loss_agg_mode: sequence-mean-token-mean
I0805 15:39:14.646050 139725710569792 pyconfig.py:559] Config param loss_algo: grpo
I0805 15:39:14.646070 139725710569792 pyconfig.py:559] Config param lr_schedule_type: LearningRateScheduleType.COSINE
I0805 15:39:14.646095 139725710569792 pyconfig.py:559] Config param lti_layer_indices: None
I0805 15:39:14.646117 139725710569792 pyconfig.py:559] Config param lti_use_general_linear_map: False
I0805 15:39:14.646138 139725710569792 pyconfig.py:559] Config param managed_mldiagnostics: False
I0805 15:39:14.646159 139725710569792 pyconfig.py:559] Config param managed_mldiagnostics_dir: /root/work/scale-your-amd/runs/20260805-maxtext-ep-qwen3-ex4/maxtext/ep-qwen3-ex4/managed-mldiagnostics
I0805 15:39:14.646181 139725710569792 pyconfig.py:559] Config param managed_mldiagnostics_on_demand_profiling: True
I0805 15:39:14.646202 139725710569792 pyconfig.py:559] Config param managed_mldiagnostics_region: 
I0805 15:39:14.646222 139725710569792 pyconfig.py:559] Config param managed_mldiagnostics_run_group: 
I0805 15:39:14.646244 139725710569792 pyconfig.py:559] Config param math_verify_num_procs: None
I0805 15:39:14.646265 139725710569792 pyconfig.py:559] Config param math_verify_timeout: 300
I0805 15:39:14.646287 139725710569792 pyconfig.py:559] Config param matmul_precision: MatmulPrecision.DEFAULT
I0805 15:39:14.646312 139725710569792 pyconfig.py:559] Config param max_checkify: False
I0805 15:39:14.646333 139725710569792 pyconfig.py:559] Config param max_concurrency: 256
I0805 15:39:14.646354 139725710569792 pyconfig.py:559] Config param max_corpus_chars: 10000000
I0805 15:39:14.646375 139725710569792 pyconfig.py:559] Config param max_num_batched_tokens: None
I0805 15:39:14.646396 139725710569792 pyconfig.py:559] Config param max_num_checkpoints_to_keep: None
I0805 15:39:14.646416 139725710569792 pyconfig.py:559] Config param max_num_images_per_example: -1
I0805 15:39:14.646438 139725710569792 pyconfig.py:559] Config param max_num_seqs: None
I0805 15:39:14.646459 139725710569792 pyconfig.py:559] Config param max_position_embeddings: 163840
I0805 15:39:14.646480 139725710569792 pyconfig.py:559] Config param max_prefill_predict_length: 64
I0805 15:39:14.646501 139725710569792 pyconfig.py:559] Config param max_sample_len_for_audio: 10000
I0805 15:39:14.646522 139725710569792 pyconfig.py:559] Config param max_segments_per_seq: 1
I0805 15:39:14.646543 139725710569792 pyconfig.py:559] Config param max_source_positions_for_audio: 1500
I0805 15:39:14.646565 139725710569792 pyconfig.py:559] Config param max_target_length: 2048
I0805 15:39:14.646586 139725710569792 pyconfig.py:559] Config param max_timescale_for_audio: 10000.0
I0805 15:39:14.646608 139725710569792 pyconfig.py:559] Config param megablox: True
I0805 15:39:14.646630 139725710569792 pyconfig.py:559] Config param merge_gating_gmm: False
I0805 15:39:14.646651 139725710569792 pyconfig.py:559] Config param mesh_axes: ['diloco', 'data', 'stage', 'fsdp', 'fsdp_transpose', 'context', 'context_autoregressive', 'tensor', 'tensor_transpose', 'tensor_sequence', 'expert', 'autoregressive']
I0805 15:39:14.646676 139725710569792 pyconfig.py:559] Config param metrics_dir: /root/work/scale-your-amd/runs/20260805-maxtext-ep-qwen3-ex4/maxtext/ep-qwen3-ex4/metrics/
I0805 15:39:14.646697 139725710569792 pyconfig.py:559] Config param metrics_file: 
I0805 15:39:14.646720 139725710569792 pyconfig.py:559] Config param mhc_expansion_rate: 1
I0805 15:39:14.646740 139725710569792 pyconfig.py:559] Config param micro_batch_size_to_eval_on: 16
I0805 15:39:14.646762 139725710569792 pyconfig.py:559] Config param micro_batch_size_to_train_on: 16
I0805 15:39:14.646783 139725710569792 pyconfig.py:559] Config param mla_kv: RematLocation.REMAT
I0805 15:39:14.646806 139725710569792 pyconfig.py:559] Config param mla_naive_kvcache: True
I0805 15:39:14.646826 139725710569792 pyconfig.py:559] Config param mla_q: RematLocation.REMAT
I0805 15:39:14.646848 139725710569792 pyconfig.py:559] Config param mlp_activations: ['silu', 'linear']
I0805 15:39:14.646871 139725710569792 pyconfig.py:559] Config param mlp_activations_limit: -1.0
I0805 15:39:14.646894 139725710569792 pyconfig.py:559] Config param mlp_bias: False
I0805 15:39:14.646915 139725710569792 pyconfig.py:559] Config param mlp_dim: 768
I0805 15:39:14.646937 139725710569792 pyconfig.py:559] Config param mlpwi: RematLocation.REMAT
I0805 15:39:14.646959 139725710569792 pyconfig.py:559] Config param mlpwi_0: RematLocation.REMAT
I0805 15:39:14.646981 139725710569792 pyconfig.py:559] Config param mlpwi_1: RematLocation.REMAT
I0805 15:39:14.647002 139725710569792 pyconfig.py:559] Config param mlpwo: RematLocation.REMAT
I0805 15:39:14.647024 139725710569792 pyconfig.py:559] Config param moba: False
I0805 15:39:14.647045 139725710569792 pyconfig.py:559] Config param moba_chunk_size: 1024
I0805 15:39:14.647065 139725710569792 pyconfig.py:559] Config param moba_topk: 8
I0805 15:39:14.647086 139725710569792 pyconfig.py:559] Config param model_call_mode: 
I0805 15:39:14.647108 139725710569792 pyconfig.py:559] Config param model_name: qwen3-30b-a3b
I0805 15:39:14.647129 139725710569792 pyconfig.py:559] Config param moe_dispatch_no_expert_sharding: False
I0805 15:39:14.647149 139725710569792 pyconfig.py:559] Config param moe_expert_input_dim: -1
I0805 15:39:14.647171 139725710569792 pyconfig.py:559] Config param moe_fsdp_use_two_stage_all_gather: False
I0805 15:39:14.647192 139725710569792 pyconfig.py:559] Config param moe_mlp_dim: 768
I0805 15:39:14.647212 139725710569792 pyconfig.py:559] Config param moe_mlpwi_0: RematLocation.REMAT
I0805 15:39:14.647233 139725710569792 pyconfig.py:559] Config param moe_mlpwi_1: RematLocation.REMAT
I0805 15:39:14.647255 139725710569792 pyconfig.py:559] Config param moe_mlpwo: RematLocation.REMAT
I0805 15:39:14.647276 139725710569792 pyconfig.py:559] Config param monitor_goodput: False
I0805 15:39:14.647298 139725710569792 pyconfig.py:559] Config param monitor_step_time_deviation: True
I0805 15:39:14.647319 139725710569792 pyconfig.py:559] Config param mrope_section: [24, 20, 20]
I0805 15:39:14.647341 139725710569792 pyconfig.py:559] Config param mscale: 1.0
I0805 15:39:14.647362 139725710569792 pyconfig.py:559] Config param mtc_data_parallelism: 0
I0805 15:39:14.647383 139725710569792 pyconfig.py:559] Config param mtp_eval_target_module: 0
I0805 15:39:14.647404 139725710569792 pyconfig.py:559] Config param mtp_loss_scaling_factor: 0.1
I0805 15:39:14.647427 139725710569792 pyconfig.py:559] Config param mtp_num_layers: 0
I0805 15:39:14.647448 139725710569792 pyconfig.py:559] Config param mu_dtype: float32
I0805 15:39:14.647487 139725710569792 pyconfig.py:559] Config param multi_sampling: False
I0805 15:39:14.647513 139725710569792 pyconfig.py:559] Config param multi_tier_checkpointing_backup_interval_minutes: 0
I0805 15:39:14.647535 139725710569792 pyconfig.py:559] Config param muon_beta: 0.95
I0805 15:39:14.647558 139725710569792 pyconfig.py:559] Config param muon_consistent_rms: None
I0805 15:39:14.647579 139725710569792 pyconfig.py:559] Config param muon_weight_decay: 0.0
I0805 15:39:14.647601 139725710569792 pyconfig.py:559] Config param n_routing_groups: -1
I0805 15:39:14.647622 139725710569792 pyconfig.py:559] Config param n_window_for_audio: 50
I0805 15:39:14.647644 139725710569792 pyconfig.py:559] Config param n_window_infer_for_audio: 800
I0805 15:39:14.647665 139725710569792 pyconfig.py:559] Config param nope_layer_interval: -1
I0805 15:39:14.647686 139725710569792 pyconfig.py:559] Config param norm_topk_prob: True
I0805 15:39:14.647707 139725710569792 pyconfig.py:559] Config param normalization_layer_epsilon: 1e-06
I0805 15:39:14.647730 139725710569792 pyconfig.py:559] Config param normalize_embedding_logits: True
I0805 15:39:14.647751 139725710569792 pyconfig.py:559] Config param num_attention_heads_for_vit: 16
I0805 15:39:14.647773 139725710569792 pyconfig.py:559] Config param num_batches: 4
I0805 15:39:14.647793 139725710569792 pyconfig.py:559] Config param num_channels_for_vit: 3
I0805 15:39:14.647813 139725710569792 pyconfig.py:559] Config param num_conv_layers_for_audio: 3
I0805 15:39:14.647834 139725710569792 pyconfig.py:559] Config param num_decoder_layers: 48
I0805 15:39:14.647854 139725710569792 pyconfig.py:559] Config param num_diloco_replicas: 1
I0805 15:39:14.647875 139725710569792 pyconfig.py:559] Config param num_epoch: 1
I0805 15:39:14.647895 139725710569792 pyconfig.py:559] Config param num_eval_passes: 1
I0805 15:39:14.647916 139725710569792 pyconfig.py:559] Config param num_experts: 128
I0805 15:39:14.647937 139725710569792 pyconfig.py:559] Config param num_experts_per_tok: 8
I0805 15:39:14.647958 139725710569792 pyconfig.py:559] Config param num_generations: 2
I0805 15:39:14.647979 139725710569792 pyconfig.py:559] Config param num_hidden_layers_for_vit: 34
I0805 15:39:14.648000 139725710569792 pyconfig.py:559] Config param num_iterations: 1
I0805 15:39:14.648020 139725710569792 pyconfig.py:559] Config param num_kv_heads: 4
I0805 15:39:14.648040 139725710569792 pyconfig.py:559] Config param num_kv_shared_layers: 0
I0805 15:39:14.648060 139725710569792 pyconfig.py:559] Config param num_layers_per_pipeline_stage: 1
I0805 15:39:14.648080 139725710569792 pyconfig.py:559] Config param num_mel_bins_for_audio: 128
I0805 15:39:14.648101 139725710569792 pyconfig.py:559] Config param num_pipeline_microbatches: -1
I0805 15:39:14.648122 139725710569792 pyconfig.py:559] Config param num_pipeline_repeats: -1
I0805 15:39:14.648142 139725710569792 pyconfig.py:559] Config param num_position_embeddings_for_vit: 1024
I0805 15:39:14.648163 139725710569792 pyconfig.py:559] Config param num_query_heads: 32
I0805 15:39:14.648183 139725710569792 pyconfig.py:559] Config param num_samplers_slices: -1
I0805 15:39:14.648204 139725710569792 pyconfig.py:559] Config param num_slices: 1
I0805 15:39:14.648224 139725710569792 pyconfig.py:559] Config param num_target_devices: 8
I0805 15:39:14.648244 139725710569792 pyconfig.py:559] Config param num_test_batches: 5
I0805 15:39:14.648264 139725710569792 pyconfig.py:559] Config param num_trainer_slices: -1
I0805 15:39:14.648285 139725710569792 pyconfig.py:559] Config param num_vocab_tiling: 1
I0805 15:39:14.648306 139725710569792 pyconfig.py:559] Config param o_groups: 0
I0805 15:39:14.648327 139725710569792 pyconfig.py:559] Config param o_lora_rank: 0
I0805 15:39:14.648347 139725710569792 pyconfig.py:559] Config param off_policy_steps: 0
I0805 15:39:14.648369 139725710569792 pyconfig.py:559] Config param offline_data_dir: None
I0805 15:39:14.648390 139725710569792 pyconfig.py:559] Config param olmo_apply_ngram_filter: True
I0805 15:39:14.648411 139725710569792 pyconfig.py:559] Config param olmo_index_path: 
I0805 15:39:14.648433 139725710569792 pyconfig.py:559] Config param olmo_path_remap_from: 
I0805 15:39:14.648455 139725710569792 pyconfig.py:559] Config param olmo_path_remap_to: 
I0805 15:39:14.648475 139725710569792 pyconfig.py:559] Config param opt_type: OptimizerType.ADAMW
I0805 15:39:14.648497 139725710569792 pyconfig.py:559] Config param optimize_mesh_for_tpu_v6e: False
I0805 15:39:14.648517 139725710569792 pyconfig.py:559] Config param optimizer_memory_host_offload: False
I0805 15:39:14.648537 139725710569792 pyconfig.py:559] Config param original_max_position_embeddings: 4096
I0805 15:39:14.648556 139725710569792 pyconfig.py:559] Config param out_hidden_size_for_vit: 512
I0805 15:39:14.648575 139725710569792 pyconfig.py:559] Config param out_proj: RematLocation.REMAT
I0805 15:39:14.648594 139725710569792 pyconfig.py:559] Config param output_dim_for_audio: 512
I0805 15:39:14.648614 139725710569792 pyconfig.py:559] Config param override_logical_axis_rules: False
I0805 15:39:14.648633 139725710569792 pyconfig.py:559] Config param override_model_config: False
I0805 15:39:14.648653 139725710569792 pyconfig.py:559] Config param packing: True
I0805 15:39:14.648673 139725710569792 pyconfig.py:559] Config param padded_base_moe_mlp_dim: None
I0805 15:39:14.648700 139725710569792 pyconfig.py:559] Config param param_scan_axis: 1
I0805 15:39:14.648719 139725710569792 pyconfig.py:559] Config param parameter_memory_host_offload: False
I0805 15:39:14.648740 139725710569792 pyconfig.py:559] Config param partial_rotary_factor: 1.0
I0805 15:39:14.648760 139725710569792 pyconfig.py:559] Config param patch_size_for_vit: 14
I0805 15:39:14.648780 139725710569792 pyconfig.py:559] Config param penalty_incorrect_answer: -1.0
I0805 15:39:14.648799 139725710569792 pyconfig.py:559] Config param penalty_incorrect_format: -0.5
I0805 15:39:14.648820 139725710569792 pyconfig.py:559] Config param per_device_batch_size: 2.0
I0805 15:39:14.648841 139725710569792 pyconfig.py:559] Config param per_device_batch_size_increment: 2.0
I0805 15:39:14.648863 139725710569792 pyconfig.py:559] Config param per_device_batch_size_start: 4.0
I0805 15:39:14.648884 139725710569792 pyconfig.py:559] Config param pipeline_delay_activation_forwarding: False
I0805 15:39:14.648905 139725710569792 pyconfig.py:559] Config param pipeline_fsdp_ag_once: False
I0805 15:39:14.648925 139725710569792 pyconfig.py:559] Config param pipeline_fsdp_ag_per_repeat: False
I0805 15:39:14.648946 139725710569792 pyconfig.py:559] Config param pipeline_parallel_layers: 48
I0805 15:39:14.648966 139725710569792 pyconfig.py:559] Config param pixel_shuffle_ratio_for_vit: 0.5
I0805 15:39:14.648988 139725710569792 pyconfig.py:559] Config param posemb_type_for_vit: learn
I0805 15:39:14.649009 139725710569792 pyconfig.py:559] Config param position_id_per_seconds: 25
I0805 15:39:14.649034 139725710569792 pyconfig.py:559] Config param prefill_cache_axis_order: 1,2,0,3
I0805 15:39:14.649056 139725710569792 pyconfig.py:559] Config param prefill_cache_dir: 
I0805 15:39:14.649079 139725710569792 pyconfig.py:559] Config param prefill_chunk_size: 256
I0805 15:39:14.649100 139725710569792 pyconfig.py:559] Config param prefill_slice: v5e-16
I0805 15:39:14.649121 139725710569792 pyconfig.py:559] Config param prefix_caching_dram_byte: 100000000000
I0805 15:39:14.649142 139725710569792 pyconfig.py:559] Config param prefix_caching_hbm_byte: 10000000000
I0805 15:39:14.649162 139725710569792 pyconfig.py:559] Config param prefuse_moe_weights: False
I0805 15:39:14.649182 139725710569792 pyconfig.py:559] Config param profile_cleanly: True
I0805 15:39:14.649202 139725710569792 pyconfig.py:559] Config param profile_periodically_period: -1
I0805 15:39:14.649224 139725710569792 pyconfig.py:559] Config param profile_power_events: False
I0805 15:39:14.649244 139725710569792 pyconfig.py:559] Config param profiler: ProfilerType.XPLANE
I0805 15:39:14.649269 139725710569792 pyconfig.py:559] Config param profiler_steps: 5
I0805 15:39:14.649290 139725710569792 pyconfig.py:559] Config param projector_dropout_for_vit: 0.0
I0805 15:39:14.649311 139725710569792 pyconfig.py:559] Config param projector_input_dim_for_vit: 4096
I0805 15:39:14.649331 139725710569792 pyconfig.py:559] Config param projector_output_dim_for_vit: 4096
I0805 15:39:14.649351 139725710569792 pyconfig.py:559] Config param prometheus_port: 0
I0805 15:39:14.649372 139725710569792 pyconfig.py:559] Config param prompt: I love to
I0805 15:39:14.649392 139725710569792 pyconfig.py:559] Config param pure_nnx: False
I0805 15:39:14.649413 139725710569792 pyconfig.py:559] Config param pure_nnx_decoder: False
I0805 15:39:14.649434 139725710569792 pyconfig.py:559] Config param q_lora_rank: 0
I0805 15:39:14.649454 139725710569792 pyconfig.py:559] Config param qk_clip_threshold: 100.0
I0805 15:39:14.649476 139725710569792 pyconfig.py:559] Config param qk_nope_head_dim: 128
I0805 15:39:14.649496 139725710569792 pyconfig.py:559] Config param qk_norm_with_scale: True
I0805 15:39:14.649516 139725710569792 pyconfig.py:559] Config param qk_rope_head_dim: 64
I0805 15:39:14.649537 139725710569792 pyconfig.py:559] Config param qkv_proj: RematLocation.REMAT
I0805 15:39:14.649558 139725710569792 pyconfig.py:559] Config param quant_cfg_path: 
I0805 15:39:14.649579 139725710569792 pyconfig.py:559] Config param quantization: QuantizationType.NONE
I0805 15:39:14.649601 139725710569792 pyconfig.py:559] Config param quantization_local_shard_count: 8
I0805 15:39:14.649621 139725710569792 pyconfig.py:559] Config param quantize_kvcache: False
I0805 15:39:14.649641 139725710569792 pyconfig.py:559] Config param query_proj: RematLocation.REMAT
I0805 15:39:14.649661 139725710569792 pyconfig.py:559] Config param query_wa_proj: RematLocation.REMAT
I0805 15:39:14.649681 139725710569792 pyconfig.py:559] Config param ragged_block_size: 256
I0805 15:39:14.649702 139725710569792 pyconfig.py:559] Config param ragged_buffer_factor: -1.0
I0805 15:39:14.649723 139725710569792 pyconfig.py:559] Config param ragged_gather_cost_estimate_bytes_accessed: -1
I0805 15:39:14.649761 139725710569792 pyconfig.py:559] Config param ragged_gather_cost_estimate_flops: -1
I0805 15:39:14.649782 139725710569792 pyconfig.py:559] Config param ragged_gather_fallback: False
I0805 15:39:14.649803 139725710569792 pyconfig.py:559] Config param ragged_gather_reduce_cost_estimate_bytes_accessed: -1
I0805 15:39:14.649824 139725710569792 pyconfig.py:559] Config param ragged_gather_reduce_cost_estimate_flops: -1
I0805 15:39:14.649844 139725710569792 pyconfig.py:559] Config param ragged_gather_reduce_fallback: False
I0805 15:39:14.649866 139725710569792 pyconfig.py:559] Config param rampup_end_step: 0
I0805 15:39:14.649888 139725710569792 pyconfig.py:559] Config param rampup_samples_per_increment_to_load: None
I0805 15:39:14.649910 139725710569792 pyconfig.py:559] Config param reasoning_end_token: </reasoning>
I0805 15:39:14.649930 139725710569792 pyconfig.py:559] Config param reasoning_start_token: <reasoning>
I0805 15:39:14.649951 139725710569792 pyconfig.py:559] Config param record_internal_nn_metrics: 0
I0805 15:39:14.649973 139725710569792 pyconfig.py:559] Config param remat_policy: save_dot_with_context_except_mlp
I0805 15:39:14.649994 139725710569792 pyconfig.py:559] Config param remat_policy_for_vit: minimal
I0805 15:39:14.650016 139725710569792 pyconfig.py:559] Config param remove_size_one_mesh_axis_from_type: True
I0805 15:39:14.650037 139725710569792 pyconfig.py:559] Config param replicate_quant_scale: False
I0805 15:39:14.650058 139725710569792 pyconfig.py:559] Config param replicator_backup_interval_minutes: 0
I0805 15:39:14.650079 139725710569792 pyconfig.py:559] Config param report_heartbeat_metric_for_gcp_monitoring: False
I0805 15:39:14.650100 139725710569792 pyconfig.py:559] Config param report_performance_metric_for_gcp_monitoring: False
I0805 15:39:14.650121 139725710569792 pyconfig.py:559] Config param reshape_q: False
I0805 15:39:14.650142 139725710569792 pyconfig.py:559] Config param reshard_chunk_size: None
I0805 15:39:14.650163 139725710569792 pyconfig.py:559] Config param return_log_prob: False
I0805 15:39:14.650184 139725710569792 pyconfig.py:559] Config param reuse_example_batch: 0
I0805 15:39:14.650205 139725710569792 pyconfig.py:559] Config param reward_exact_answer: 5.0
I0805 15:39:14.650227 139725710569792 pyconfig.py:559] Config param reward_exact_format_match: 3.0
I0805 15:39:14.650248 139725710569792 pyconfig.py:559] Config param reward_partial_format_match: 0.5
I0805 15:39:14.650270 139725710569792 pyconfig.py:559] Config param reward_ratio_guess_to_answer_high: 0.5
I0805 15:39:14.650292 139725710569792 pyconfig.py:559] Config param reward_ratio_guess_to_answer_low: 0.25
I0805 15:39:14.650314 139725710569792 pyconfig.py:559] Config param reward_white_space_format_match: 1.5
I0805 15:39:14.650334 139725710569792 pyconfig.py:559] Config param rl: {'num_generations': 2, 'num_iterations': 1, 'grpo_beta': 0.08, 'grpo_epsilon': 0.2, 'loss_algo': 'grpo', 'loss_agg_mode': 'sequence-mean-token-mean', 'use_agentic_rollout': False, 'max_concurrency': 256, 'off_policy_steps': 0, 'system_prompt': '', 'degenerate_group_masking': True, 'epsilon_high': None, 'reshard_chunk_size': None}
I0805 15:39:14.650365 139725710569792 pyconfig.py:559] Config param rollout_data_parallelism: -1
I0805 15:39:14.650388 139725710569792 pyconfig.py:559] Config param rollout_expert_parallelism: 1
I0805 15:39:14.650408 139725710569792 pyconfig.py:559] Config param rollout_micro_batch_size: -1
I0805 15:39:14.650429 139725710569792 pyconfig.py:559] Config param rollout_tensor_parallelism: -1
I0805 15:39:14.650450 139725710569792 pyconfig.py:559] Config param rope_attention_scaling: False
I0805 15:39:14.650470 139725710569792 pyconfig.py:559] Config param rope_factor: 40
I0805 15:39:14.650491 139725710569792 pyconfig.py:559] Config param rope_interleave: True
I0805 15:39:14.650511 139725710569792 pyconfig.py:559] Config param rope_linear_scaling_factor: 1.0
I0805 15:39:14.650533 139725710569792 pyconfig.py:559] Config param rope_max_timescale: 10000000
I0805 15:39:14.650554 139725710569792 pyconfig.py:559] Config param rope_min_timescale: 1
I0805 15:39:14.650575 139725710569792 pyconfig.py:559] Config param rope_theta_for_vit: 10000
I0805 15:39:14.650596 139725710569792 pyconfig.py:559] Config param rope_truncate: True
I0805 15:39:14.650617 139725710569792 pyconfig.py:559] Config param rope_type: RopeType.DEFAULT
I0805 15:39:14.650640 139725710569792 pyconfig.py:559] Config param rope_use_scale: True
I0805 15:39:14.650661 139725710569792 pyconfig.py:559] Config param routed_bias: False
I0805 15:39:14.650683 139725710569792 pyconfig.py:559] Config param routed_bias_update_rate: 0.0
I0805 15:39:14.650704 139725710569792 pyconfig.py:559] Config param routed_scaling_factor: 1.0
I0805 15:39:14.650727 139725710569792 pyconfig.py:559] Config param routed_score_func: 
I0805 15:39:14.650748 139725710569792 pyconfig.py:559] Config param run_name: ep-qwen3-ex4
I0805 15:39:14.650769 139725710569792 pyconfig.py:559] Config param sa_block_kv: 512
I0805 15:39:14.650791 139725710569792 pyconfig.py:559] Config param sa_block_kv_compute: 512
I0805 15:39:14.650812 139725710569792 pyconfig.py:559] Config param sa_block_kv_dkv: 512
I0805 15:39:14.650833 139725710569792 pyconfig.py:559] Config param sa_block_kv_dkv_compute: 512
I0805 15:39:14.650854 139725710569792 pyconfig.py:559] Config param sa_block_kv_dq: 512
I0805 15:39:14.650874 139725710569792 pyconfig.py:559] Config param sa_block_q: 512
I0805 15:39:14.650896 139725710569792 pyconfig.py:559] Config param sa_block_q_dkv: 512
I0805 15:39:14.650915 139725710569792 pyconfig.py:559] Config param sa_block_q_dq: 512
I0805 15:39:14.650936 139725710569792 pyconfig.py:559] Config param sa_k_layout: HEAD_DIM_MINOR
I0805 15:39:14.650956 139725710569792 pyconfig.py:559] Config param sa_q_layout: HEAD_DIM_MINOR
I0805 15:39:14.650977 139725710569792 pyconfig.py:559] Config param sa_use_fused_bwd_kernel: False
I0805 15:39:14.650997 139725710569792 pyconfig.py:559] Config param sa_v_layout: HEAD_DIM_MINOR
I0805 15:39:14.651018 139725710569792 pyconfig.py:559] Config param sampler_devices_fraction: 0.5
I0805 15:39:14.651039 139725710569792 pyconfig.py:559] Config param save_checkpoint_on_completion: True
I0805 15:39:14.651059 139725710569792 pyconfig.py:559] Config param save_config_to_gcs: False
I0805 15:39:14.651079 139725710569792 pyconfig.py:559] Config param save_quantized_params_path: 
I0805 15:39:14.651100 139725710569792 pyconfig.py:559] Config param scale_embedding_for_audio: True
I0805 15:39:14.651120 139725710569792 pyconfig.py:559] Config param scan_layers: True
I0805 15:39:14.651142 139725710569792 pyconfig.py:559] Config param scan_layers_per_stage: False
I0805 15:39:14.651162 139725710569792 pyconfig.py:559] Config param scan_pipeline_iterations: True
I0805 15:39:14.651182 139725710569792 pyconfig.py:559] Config param scan_pipeline_repeats: False
I0805 15:39:14.651204 139725710569792 pyconfig.py:559] Config param set_remat_policy_on_layers_per_stage: False
I0805 15:39:14.651224 139725710569792 pyconfig.py:559] Config param set_remat_policy_on_pipeline_iterations: True
I0805 15:39:14.651245 139725710569792 pyconfig.py:559] Config param sft_train_on_completion_only: False
I0805 15:39:14.651265 139725710569792 pyconfig.py:559] Config param shard_exp_on_fsdp: False
I0805 15:39:14.651286 139725710569792 pyconfig.py:559] Config param shard_mode: ShardMode.AUTO
I0805 15:39:14.651309 139725710569792 pyconfig.py:559] Config param shard_optimizer_over_data: False
I0805 15:39:14.651329 139725710569792 pyconfig.py:559] Config param sharding_strategy: None
I0805 15:39:14.651350 139725710569792 pyconfig.py:559] Config param sharding_tolerance: 0.02
I0805 15:39:14.651371 139725710569792 pyconfig.py:559] Config param shardy: True
I0805 15:39:14.651391 139725710569792 pyconfig.py:559] Config param share_kv_projections: False
I0805 15:39:14.651412 139725710569792 pyconfig.py:559] Config param shared_experts: 0
I0805 15:39:14.651432 139725710569792 pyconfig.py:559] Config param sinkhorn_iterations: 20
I0805 15:39:14.651453 139725710569792 pyconfig.py:559] Config param skip_first_n_steps_for_profiler: 5
I0805 15:39:14.651473 139725710569792 pyconfig.py:559] Config param skip_jax_distributed_system: False
I0805 15:39:14.651493 139725710569792 pyconfig.py:559] Config param skip_step_interval: 128
I0805 15:39:14.651513 139725710569792 pyconfig.py:559] Config param skip_step_on_spikes: False
I0805 15:39:14.651534 139725710569792 pyconfig.py:559] Config param skip_step_scaling_factor: 6.0
I0805 15:39:14.651554 139725710569792 pyconfig.py:559] Config param sliding_window_size: 0
I0805 15:39:14.651574 139725710569792 pyconfig.py:559] Config param solution_end_token: </answer>
I0805 15:39:14.651595 139725710569792 pyconfig.py:559] Config param solution_start_token: <answer>
I0805 15:39:14.651615 139725710569792 pyconfig.py:559] Config param source_checkpoint_layout: orbax
I0805 15:39:14.651636 139725710569792 pyconfig.py:559] Config param sparse_matmul: False
I0805 15:39:14.651656 139725710569792 pyconfig.py:559] Config param spatial_merge_size_for_vit: 2
I0805 15:39:14.651677 139725710569792 pyconfig.py:559] Config param stack_prefill_result_cache: False
I0805 15:39:14.651698 139725710569792 pyconfig.py:559] Config param step_deviation_interval_seconds: 30
I0805 15:39:14.651718 139725710569792 pyconfig.py:559] Config param steps: 14
I0805 15:39:14.651740 139725710569792 pyconfig.py:559] Config param stop_strings: None
I0805 15:39:14.651760 139725710569792 pyconfig.py:559] Config param student_overrides: {}
I0805 15:39:14.651781 139725710569792 pyconfig.py:559] Config param student_params_to_update: None
I0805 15:39:14.651801 139725710569792 pyconfig.py:559] Config param subslice_shape: 
I0805 15:39:14.651821 139725710569792 pyconfig.py:559] Config param swap_space_vllm_gb: 2
I0805 15:39:14.651843 139725710569792 pyconfig.py:559] Config param system_prompt: 
I0805 15:39:14.651863 139725710569792 pyconfig.py:559] Config param target_eval_loss: 0.0
I0805 15:39:14.651885 139725710569792 pyconfig.py:559] Config param teacher_overrides: {}
I0805 15:39:14.651906 139725710569792 pyconfig.py:559] Config param temperature_tuning: False
I0805 15:39:14.651927 139725710569792 pyconfig.py:559] Config param temporal_patch_size_for_vit: 2
I0805 15:39:14.651948 139725710569792 pyconfig.py:559] Config param tensorboard_dir: /root/work/scale-your-amd/runs/20260805-maxtext-ep-qwen3-ex4/maxtext/ep-qwen3-ex4/tensorboard/
I0805 15:39:14.651969 139725710569792 pyconfig.py:559] Config param tensors_on_device: None
I0805 15:39:14.651990 139725710569792 pyconfig.py:559] Config param tensors_to_offload: None
I0805 15:39:14.652010 139725710569792 pyconfig.py:559] Config param test_batch_start_index: 0
I0805 15:39:14.652031 139725710569792 pyconfig.py:559] Config param tile_size_for_vit: 336
I0805 15:39:14.652051 139725710569792 pyconfig.py:559] Config param tokenize_eval_data: True
I0805 15:39:14.652072 139725710569792 pyconfig.py:559] Config param tokenize_train_data: True
I0805 15:39:14.652092 139725710569792 pyconfig.py:559] Config param tokenizer_path: Qwen/Qwen3-30B-A3B-Thinking-2507
I0805 15:39:14.652112 139725710569792 pyconfig.py:559] Config param tokenizer_type: TokenizerType.SENTENCEPIECE
I0805 15:39:14.652136 139725710569792 pyconfig.py:559] Config param topk_routing_group: -1
I0805 15:39:14.652156 139725710569792 pyconfig.py:559] Config param tpu_num_chips_to_profile_per_task: 1
I0805 15:39:14.652177 139725710569792 pyconfig.py:559] Config param tpu_num_sparse_core_tiles_to_trace: 1
I0805 15:39:14.652197 139725710569792 pyconfig.py:559] Config param tpu_num_sparse_cores_to_trace: 2
I0805 15:39:14.652217 139725710569792 pyconfig.py:559] Config param train_data_columns: ['text']
I0805 15:39:14.652239 139725710569792 pyconfig.py:559] Config param train_fraction: 1.0
I0805 15:39:14.652260 139725710569792 pyconfig.py:559] Config param train_image_column: image
I0805 15:39:14.652280 139725710569792 pyconfig.py:559] Config param train_micro_batch_size: -1
I0805 15:39:14.652300 139725710569792 pyconfig.py:559] Config param train_split: train
I0805 15:39:14.652321 139725710569792 pyconfig.py:559] Config param trainable_parameters_mask: []
I0805 15:39:14.652342 139725710569792 pyconfig.py:559] Config param trainable_position_size: -1
I0805 15:39:14.652361 139725710569792 pyconfig.py:559] Config param trainer_devices_fraction: 0.5
I0805 15:39:14.652381 139725710569792 pyconfig.py:559] Config param upload_all_profiler_results: False
I0805 15:39:14.652401 139725710569792 pyconfig.py:559] Config param use_agentic_rollout: False
I0805 15:39:14.652422 139725710569792 pyconfig.py:559] Config param use_audio: False
I0805 15:39:14.652442 139725710569792 pyconfig.py:559] Config param use_audio_in_video: False
I0805 15:39:14.652461 139725710569792 pyconfig.py:559] Config param use_batch_split_schedule: False
I0805 15:39:14.652482 139725710569792 pyconfig.py:559] Config param use_chat_template: False
I0805 15:39:14.652502 139725710569792 pyconfig.py:559] Config param use_chunked_prefill: False
I0805 15:39:14.652522 139725710569792 pyconfig.py:559] Config param use_custom_sort_vjp: True
I0805 15:39:14.652543 139725710569792 pyconfig.py:559] Config param use_double_wide_mlp: False
I0805 15:39:14.652562 139725710569792 pyconfig.py:559] Config param use_dpo: False
I0805 15:39:14.652582 139725710569792 pyconfig.py:559] Config param use_gather_mosaic_kernel: False
I0805 15:39:14.652602 139725710569792 pyconfig.py:559] Config param use_gmm_v2: False
I0805 15:39:14.652622 139725710569792 pyconfig.py:559] Config param use_grpo: True
I0805 15:39:14.652642 139725710569792 pyconfig.py:559] Config param use_indexer: False
I0805 15:39:14.652663 139725710569792 pyconfig.py:559] Config param use_iota_embed: False
I0805 15:39:14.652683 139725710569792 pyconfig.py:559] Config param use_jax_splash: False
I0805 15:39:14.652703 139725710569792 pyconfig.py:559] Config param use_manual_quantization: False
I0805 15:39:14.652724 139725710569792 pyconfig.py:559] Config param use_max_logit_estimate: -1
I0805 15:39:14.652745 139725710569792 pyconfig.py:559] Config param use_mrope: False
I0805 15:39:14.652765 139725710569792 pyconfig.py:559] Config param use_multimodal: False
I0805 15:39:14.652786 139725710569792 pyconfig.py:559] Config param use_pathways: True
I0805 15:39:14.652806 139725710569792 pyconfig.py:559] Config param use_post_attn_norm: False
I0805 15:39:14.652827 139725710569792 pyconfig.py:559] Config param use_post_ffw_norm: False
I0805 15:39:14.652847 139725710569792 pyconfig.py:559] Config param use_qk_clip: False
I0805 15:39:14.652866 139725710569792 pyconfig.py:559] Config param use_qk_norm: True
I0805 15:39:14.652886 139725710569792 pyconfig.py:559] Config param use_qk_norm_in_gdn: True
I0805 15:39:14.652907 139725710569792 pyconfig.py:559] Config param use_qwix_quantization: False
I0805 15:39:14.652927 139725710569792 pyconfig.py:559] Config param use_ragged_attention: False
I0805 15:39:14.652947 139725710569792 pyconfig.py:559] Config param use_ragged_sort: False
I0805 15:39:14.652967 139725710569792 pyconfig.py:559] Config param use_random_routing: False
I0805 15:39:14.652986 139725710569792 pyconfig.py:559] Config param use_replicator_service: False
I0805 15:39:14.653007 139725710569792 pyconfig.py:559] Config param use_ring_of_experts: False
I0805 15:39:14.653027 139725710569792 pyconfig.py:559] Config param use_sft: False
I0805 15:39:14.653048 139725710569792 pyconfig.py:559] Config param use_splash_scheduler: False
I0805 15:39:14.653068 139725710569792 pyconfig.py:559] Config param use_standalone_converter: False
I0805 15:39:14.653088 139725710569792 pyconfig.py:559] Config param use_tokamax_gmm: False
I0805 15:39:14.653109 139725710569792 pyconfig.py:559] Config param use_tokamax_splash: False
I0805 15:39:14.653128 139725710569792 pyconfig.py:559] Config param use_truncation: True
I0805 15:39:14.653148 139725710569792 pyconfig.py:559] Config param use_tunix_gradient_accumulation: False
I0805 15:39:14.653168 139725710569792 pyconfig.py:559] Config param use_untrainable_positional_embedding: False
I0805 15:39:14.653188 139725710569792 pyconfig.py:559] Config param use_vertex_tensorboard: False
I0805 15:39:14.653208 139725710569792 pyconfig.py:559] Config param using_pipeline_parallelism: False
I0805 15:39:14.653228 139725710569792 pyconfig.py:559] Config param v_head_dim: 128
I0805 15:39:14.653250 139725710569792 pyconfig.py:559] Config param v_norm_with_scale: True
I0805 15:39:14.653270 139725710569792 pyconfig.py:559] Config param value_proj: RematLocation.REMAT
I0805 15:39:14.653290 139725710569792 pyconfig.py:559] Config param vertex_tensorboard_project: 
I0805 15:39:14.653311 139725710569792 pyconfig.py:559] Config param vertex_tensorboard_region: 
I0805 15:39:14.653331 139725710569792 pyconfig.py:559] Config param video_path: 
I0805 15:39:14.653351 139725710569792 pyconfig.py:559] Config param video_placeholder: <|video|>
I0805 15:39:14.653372 139725710569792 pyconfig.py:559] Config param vision_output_dim_for_vit: 4096
I0805 15:39:14.653391 139725710569792 pyconfig.py:559] Config param vision_output_length: -1
I0805 15:39:14.653411 139725710569792 pyconfig.py:559] Config param vllm_additional_config: {}
I0805 15:39:14.653431 139725710569792 pyconfig.py:559] Config param vllm_hf_config_path: 
I0805 15:39:14.653452 139725710569792 pyconfig.py:559] Config param vllm_hf_overrides: {}
I0805 15:39:14.653472 139725710569792 pyconfig.py:559] Config param vllm_load_format: dummy
I0805 15:39:14.653492 139725710569792 pyconfig.py:559] Config param vocab_size: 151936
I0805 15:39:14.653512 139725710569792 pyconfig.py:559] Config param vocab_size_per_layer_input: 0
I0805 15:39:14.653532 139725710569792 pyconfig.py:559] Config param warmup_steps_fraction: 0.1
I0805 15:39:14.653553 139725710569792 pyconfig.py:559] Config param weight_dtype: float32
I0805 15:39:14.653588 139725710569792 pyconfig.py:559] Config param weight_quantization_calibration_method: absmax
I0805 15:39:14.653615 139725710569792 pyconfig.py:559] Config param weight_sparsity_m: None
I0805 15:39:14.653638 139725710569792 pyconfig.py:559] Config param weight_sparsity_n: None
I0805 15:39:14.653659 139725710569792 pyconfig.py:559] Config param weight_sparsity_start_step: 50
I0805 15:39:14.653680 139725710569792 pyconfig.py:559] Config param weight_sparsity_update_step: 10
I0805 15:39:14.653701 139725710569792 pyconfig.py:559] Config param wi_tile_dlhs_batch_seq: 512
I0805 15:39:14.653721 139725710569792 pyconfig.py:559] Config param wi_tile_dlhs_embed_dim: 1024
I0805 15:39:14.653749 139725710569792 pyconfig.py:559] Config param wi_tile_dlhs_mlp_dim: 1024
I0805 15:39:14.653770 139725710569792 pyconfig.py:559] Config param wi_tile_drhs_batch_seq: 512
I0805 15:39:14.653790 139725710569792 pyconfig.py:559] Config param wi_tile_drhs_embed_dim: 1024
I0805 15:39:14.653811 139725710569792 pyconfig.py:559] Config param wi_tile_drhs_mlp_dim: 1024
I0805 15:39:14.653831 139725710569792 pyconfig.py:559] Config param wi_tile_fwd_batch_seq: 512
I0805 15:39:14.653851 139725710569792 pyconfig.py:559] Config param wi_tile_fwd_embed_dim: 1024
I0805 15:39:14.653872 139725710569792 pyconfig.py:559] Config param wi_tile_fwd_mlp_dim: 1024
I0805 15:39:14.653892 139725710569792 pyconfig.py:559] Config param wo_tile_dlhs_batch_seq: 512
I0805 15:39:14.653912 139725710569792 pyconfig.py:559] Config param wo_tile_dlhs_embed_dim: 1024
I0805 15:39:14.653933 139725710569792 pyconfig.py:559] Config param wo_tile_dlhs_mlp_dim: 1024
I0805 15:39:14.653955 139725710569792 pyconfig.py:559] Config param wo_tile_drhs_batch_seq: 512
I0805 15:39:14.653975 139725710569792 pyconfig.py:559] Config param wo_tile_drhs_embed_dim: 1024
I0805 15:39:14.653995 139725710569792 pyconfig.py:559] Config param wo_tile_drhs_mlp_dim: 1024
I0805 15:39:14.654016 139725710569792 pyconfig.py:559] Config param wo_tile_fwd_batch_seq: 512
I0805 15:39:14.654036 139725710569792 pyconfig.py:559] Config param wo_tile_fwd_embed_dim: 1024
I0805 15:39:14.654057 139725710569792 pyconfig.py:559] Config param wo_tile_fwd_mlp_dim: 1024
I0805 15:39:14.654078 139725710569792 pyconfig.py:559] Config param write_estimator_result: False
I0805 15:39:14.654098 139725710569792 pyconfig.py:559] Config param wsd_decay_steps_fraction: 0.1
I0805 15:39:14.654119 139725710569792 pyconfig.py:559] Config param wsd_decay_style: WsdDecayStyle.LINEAR
I0805 15:39:14.654144 139725710569792 pyconfig.py:559] Config param xprof_e2e_enable_fw_power_level_event: False
I0805 15:39:14.654165 139725710569792 pyconfig.py:559] Config param xprof_e2e_enable_fw_thermal_event: False
I0805 15:39:14.654185 139725710569792 pyconfig.py:559] Config param xprof_e2e_enable_fw_throttle_event: False
I0805 15:39:14.654205 139725710569792 pyconfig.py:559] Config param xprof_tpu_power_trace_level: 0
I0805 15:39:14.654229 139725710569792 pyconfig.py:559] Config param z_loss_multiplier: 0.0
I0805 15:39:14.654699 139725710569792 max_utils.py:828] System Information: Jax Version: 0.10.0
I0805 15:39:14.654751 139725710569792 max_utils.py:829] System Information: Jaxlib Version: 0.10.0
I0805 15:39:14.654812 139725710569792 max_utils.py:830] System Information: Jax Backend: PJRT C API
rocm 71400
I0805 15:39:14.654849 139725710569792 max_utils.py:833] System Information: Number of devices: 8, jax path /opt/venv/lib/python3.12/site-packages/jax/__init__.py
I0805 15:39:14.654890 139725710569792 max_utils.py:836] System Information: Device 0: 0 (Local id: 0, Process index: 0)
I0805 15:39:14.654921 139725710569792 max_utils.py:836] System Information: Device 1: 1 (Local id: 1, Process index: 0)
I0805 15:39:14.654947 139725710569792 max_utils.py:836] System Information: Device 2: 2 (Local id: 2, Process index: 0)
I0805 15:39:14.654973 139725710569792 max_utils.py:836] System Information: Device 3: 3 (Local id: 3, Process index: 0)
I0805 15:39:14.654997 139725710569792 max_utils.py:836] System Information: Device 4: 4 (Local id: 4, Process index: 0)
I0805 15:39:14.655021 139725710569792 max_utils.py:836] System Information: Device 5: 5 (Local id: 5, Process index: 0)
I0805 15:39:14.655045 139725710569792 max_utils.py:836] System Information: Device 6: 6 (Local id: 6, Process index: 0)
I0805 15:39:14.655068 139725710569792 max_utils.py:836] System Information: Device 7: 7 (Local id: 7, Process index: 0)
I0805 15:39:14.655107 139725710569792 train_utils.py:355] WARNING: 'base_output_directory' might be pointing your local file system
I0805 15:39:14.655142 139725710569792 train_utils.py:366] WARNING: Sequence packing is essentially ignored for synthetic data. Please use a real dataset to use sequence packing.
I0805 15:39:18.821716 139725710569792 maxtext_utils.py:1975] Num_devices: 8, shape (1, 1, 1, 2, 1, 1, 1, 1, 1, 1, 4, 1)
I0805 15:39:18.822322 139725710569792 maxtext_utils.py:1975] Num_devices: 8, shape (1, 1, 1, 2, 1, 1, 1, 1, 1, 1, 4, 1)
I0805 15:39:18.823335 139725710569792 checkpointing.py:995] Setting up checkpoint logger...
I0805 15:39:18.823517 139725710569792 checkpointing.py:386] Checkpointing disabled, not creating checkpoint manager.
/opt/venv/lib/python3.12/site-packages/transformer_engine/jax/flax/transformer.py:732: UserWarning: The dtype argument is deprecated and will be removed in a future release. DotProductAttention will use the dtype of the inputs instead as this module does not have any parameters. Module dtype specified self.dtype=dtype(bfloat16) matches dtype of inputs so behavior is unchanged. Please remove the dtype argument within the next few releases.
  warnings.warn(
I0805 15:39:20.031076 139725710569792 moe.py:2053] Applying potential token dropping with a batch expert_capacity of 160
I0805 15:39:20.097235 139725710569792 moe.py:2053] Applying potential token dropping with a batch expert_capacity of 160
I0805 15:39:20.221417 139725710569792 moe.py:2053] Applying potential token dropping with a batch expert_capacity of 160
I0805 15:39:20.714572 139725710569792 moe.py:2053] Applying potential token dropping with a batch expert_capacity of 160
I0805 15:39:20.738092 139725710569792 checkpointing.py:983] No existing checkpoints found, not restoring checkpoint.
I0805 15:39:37.071749 139725710569792 moe.py:2053] Applying potential token dropping with a batch expert_capacity of 160
I0805 15:39:37.186053 139725710569792 moe.py:2053] Applying potential token dropping with a batch expert_capacity of 160
I0805 15:39:50.400752 139725710569792 max_utils.py:819] Total memory size: 79.0 GB, Output size: 42.7 GB, Temp size: 36.3 GB, Argument size: 42.7 GB, Host temp size: 0.0 GB.
I0805 15:39:50.402940 139725710569792 metric_logger.py:334] number parameters: 30.532 billion
I0805 15:39:50.513304 139725710569792 train.py:680] ====== BARRIER: Synchronizing hosts before training loop ======
I0805 15:39:50.513682 139725710569792 train.py:682] ====== BARRIER PASSED: Starting training loop ======
I0805 15:39:51.088101 139725710569792 moe.py:2053] Applying potential token dropping with a batch expert_capacity of 160
I0805 15:39:51.190617 139725710569792 moe.py:2053] Applying potential token dropping with a batch expert_capacity of 160
E0805 15:40:10.631737  168137 rendezvous.cc:108] [id=1] This thread has been waiting for `[5] [rank=5] [run_id=1451798756] Initialize clique: devices=8:[0,1,2,3,4,5,6,7]; local_participants=8; communication_id=0; incarnations=[]` for 10 seconds and may be stuck. All 8 threads joined the rendezvous, however the leader has not marked the rendezvous as completed. Leader can be deadlocked inside the rendezvous callback.
E0805 15:40:10.631766  168143 rendezvous.cc:108] [id=6] This thread has been waiting for `[7] [rank=7] [run_id=1451798756] Initialize clique: devices=8:[0,1,2,3,4,5,6,7]; local_participants=8; communication_id=0; incarnations=[]` for 10 seconds and may be stuck. All 8 threads joined the rendezvous, however the leader has not marked the rendezvous as completed. Leader can be deadlocked inside the rendezvous callback.
E0805 15:40:10.631750  168134 rendezvous.cc:108] [id=4] This thread has been waiting for `[4] [rank=4] [run_id=1451798756] Initialize clique: devices=8:[0,1,2,3,4,5,6,7]; local_participants=8; communication_id=0; incarnations=[]` for 10 seconds and may be stuck. All 8 threads joined the rendezvous, however the leader has not marked the rendezvous as completed. Leader can be deadlocked inside the rendezvous callback.
E0805 15:40:10.631818  168128 rendezvous.cc:108] [id=5] This thread has been waiting for `[2] [rank=2] [run_id=1451798756] Initialize clique: devices=8:[0,1,2,3,4,5,6,7]; local_participants=8; communication_id=0; incarnations=[]` for 10 seconds and may be stuck. All 8 threads joined the rendezvous, however the leader has not marked the rendezvous as completed. Leader can be deadlocked inside the rendezvous callback.
E0805 15:40:10.631828  168131 rendezvous.cc:108] [id=2] This thread has been waiting for `[3] [rank=3] [run_id=1451798756] Initialize clique: devices=8:[0,1,2,3,4,5,6,7]; local_participants=8; communication_id=0; incarnations=[]` for 10 seconds and may be stuck. All 8 threads joined the rendezvous, however the leader has not marked the rendezvous as completed. Leader can be deadlocked inside the rendezvous callback.
E0805 15:40:10.631826  168140 rendezvous.cc:108] [id=0] This thread has been waiting for `[6] [rank=6] [run_id=1451798756] Initialize clique: devices=8:[0,1,2,3,4,5,6,7]; local_participants=8; communication_id=0; incarnations=[]` for 10 seconds and may be stuck. All 8 threads joined the rendezvous, however the leader has not marked the rendezvous as completed. Leader can be deadlocked inside the rendezvous callback.
E0805 15:40:10.631749  168125 rendezvous.cc:108] [id=3] This thread has been waiting for `[1] [rank=1] [run_id=1451798756] Initialize clique: devices=8:[0,1,2,3,4,5,6,7]; local_participants=8; communication_id=0; incarnations=[]` for 10 seconds and may be stuck. All 8 threads joined the rendezvous, however the leader has not marked the rendezvous as completed. Leader can be deadlocked inside the rendezvous callback.
E0805 15:40:15.585246  168137 rendezvous.cc:130] [id=1] This thread is unstuck waiting for `[5] [rank=5] [run_id=1451798756] Initialize clique: devices=8:[0,1,2,3,4,5,6,7]; local_participants=8; communication_id=0; incarnations=[]` after 14.953780175s. All threads joined the rendezvous on time however the leader took long time to complete it. Warning above was a false-positive. Perhaps the timeout is too short.
E0805 15:40:15.585358  168134 rendezvous.cc:130] [id=4] This thread is unstuck waiting for `[4] [rank=4] [run_id=1451798756] Initialize clique: devices=8:[0,1,2,3,4,5,6,7]; local_participants=8; communication_id=0; incarnations=[]` after 14.953867362s. All threads joined the rendezvous on time however the leader took long time to complete it. Warning above was a false-positive. Perhaps the timeout is too short.
E0805 15:40:15.585356  168143 rendezvous.cc:130] [id=6] This thread is unstuck waiting for `[7] [rank=7] [run_id=1451798756] Initialize clique: devices=8:[0,1,2,3,4,5,6,7]; local_participants=8; communication_id=0; incarnations=[]` after 14.953817482s. All threads joined the rendezvous on time however the leader took long time to complete it. Warning above was a false-positive. Perhaps the timeout is too short.
E0805 15:40:15.585411  168131 rendezvous.cc:130] [id=2] This thread is unstuck waiting for `[3] [rank=3] [run_id=1451798756] Initialize clique: devices=8:[0,1,2,3,4,5,6,7]; local_participants=8; communication_id=0; incarnations=[]` after 14.953926514s. All threads joined the rendezvous on time however the leader took long time to complete it. Warning above was a false-positive. Perhaps the timeout is too short.
E0805 15:40:15.585412  168140 rendezvous.cc:130] [id=0] This thread is unstuck waiting for `[6] [rank=6] [run_id=1451798756] Initialize clique: devices=8:[0,1,2,3,4,5,6,7]; local_participants=8; communication_id=0; incarnations=[]` after 14.953952633s. All threads joined the rendezvous on time however the leader took long time to complete it. Warning above was a false-positive. Perhaps the timeout is too short.
E0805 15:40:15.585415  168128 rendezvous.cc:130] [id=5] This thread is unstuck waiting for `[2] [rank=2] [run_id=1451798756] Initialize clique: devices=8:[0,1,2,3,4,5,6,7]; local_participants=8; communication_id=0; incarnations=[]` after 14.95388088s. All threads joined the rendezvous on time however the leader took long time to complete it. Warning above was a false-positive. Perhaps the timeout is too short.
E0805 15:40:15.585417  168125 rendezvous.cc:130] [id=3] This thread is unstuck waiting for `[1] [rank=1] [run_id=1451798756] Initialize clique: devices=8:[0,1,2,3,4,5,6,7]; local_participants=8; communication_id=0; incarnations=[]` after 14.953929829s. All threads joined the rendezvous on time however the leader took long time to complete it. Warning above was a false-positive. Perhaps the timeout is too short.
RCCL version : 2.30.4-HEAD:9e5e408
HIP version  : 7.14.60850-0000000
ROCm version : 7.14.0.0-9999-2b22ab01
Hostname     : dell300x-ccs-aus-f06-01
Librccl path : /opt/rocm/lib/librccl.so.1
[aiter] hipModuleLoad (embedded): hsa/gfx942/fmha_v3_fwd/MI300/fwd_hd128_bf16_causal_rtz.co GetFunction: _ZN5aiter30fmha_fwd_hd128_bf16_causal_rtzE
[aiter] hipModuleGetFunction: _ZN5aiter30fmha_fwd_hd128_bf16_causal_rtzE Success
[aiter] hipModuleLoad (embedded): hsa/gfx942/fmha_v3_fwd/MI300/fwd_hd128_bf16_causal_rtz.co GetFunction: _ZN5aiter30fmha_fwd_hd128_bf16_causal_rtzE
[aiter] hipModuleGetFunction: _ZN5aiter30fmha_fwd_hd128_bf16_causal_rtzE Success
[aiter] hipModuleLoad (embedded): hsa/gfx942/fmha_v3_fwd/MI300/fwd_hd128_bf16_causal_rtz.co GetFunction: _ZN5aiter30fmha_fwd_hd128_bf16_causal_rtzE
[aiter] hipModuleGetFunction: _ZN5aiter30fmha_fwd_hd128_bf16_causal_rtzE Success
[aiter] hipModuleLoad (embedded): hsa/gfx942/fmha_v3_fwd/MI300/fwd_hd128_bf16_causal_rtz.co GetFunction: _ZN5aiter30fmha_fwd_hd128_bf16_causal_rtzE
[aiter] hipModuleGetFunction: _ZN5aiter30fmha_fwd_hd128_bf16_causal_rtzE Success
[aiter] hipModuleLoad (embedded): hsa/gfx942/fmha_v3_fwd/MI300/fwd_hd128_bf16_causal_rtz.co GetFunction: _ZN5aiter30fmha_fwd_hd128_bf16_causal_rtzE
[aiter] hipModuleGetFunction: _ZN5aiter30fmha_fwd_hd128_bf16_causal_rtzE Success
[aiter] hipModuleLoad (embedded): hsa/gfx942/fmha_v3_fwd/MI300/fwd_hd128_bf16_causal_rtz.co GetFunction: _ZN5aiter30fmha_fwd_hd128_bf16_causal_rtzE
[aiter] hipModuleGetFunction: _ZN5aiter30fmha_fwd_hd128_bf16_causal_rtzE Success
[aiter] hipModuleLoad (embedded): hsa/gfx942/fmha_v3_fwd/MI300/fwd_hd128_bf16_causal_rtz.co GetFunction: _ZN5aiter30fmha_fwd_hd128_bf16_causal_rtzE
[aiter] hipModuleGetFunction: _ZN5aiter30fmha_fwd_hd128_bf16_causal_rtzE Success
[aiter] hipModuleLoad (embedded): hsa/gfx942/fmha_v3_fwd/MI300/fwd_hd128_bf16_causal_rtz.co GetFunction: _ZN5aiter30fmha_fwd_hd128_bf16_causal_rtzE
[aiter] hipModuleGetFunction: _ZN5aiter30fmha_fwd_hd128_bf16_causal_rtzE Success
[aiter] hipModuleLoad (embedded): hsa/gfx942/fmha_v3_bwd/bwd_hd128_odo_bf16.co GetFunction: _ZN5aiter23fmha_bwd_hd128_odo_bf16E
[aiter] hipModuleGetFunction: _ZN5aiter23fmha_bwd_hd128_odo_bf16E Success
[aiter] hipModuleLoad (embedded): hsa/gfx942/fmha_v3_bwd/bwd_hd128_bf16_causal_a32_rtz_psskddv.co GetFunction: _ZN5aiter42fmha_bwd_hd128_bf16_causal_a32_rtz_psskddvE
[aiter] hipModuleGetFunction: _ZN5aiter42fmha_bwd_hd128_bf16_causal_a32_rtz_psskddvE Success
[aiter] hipModuleLoad (embedded): hsa/gfx942/fmha_v3_bwd/bwd_hd128_dq_convert_bf16_rtz.co GetFunction: _ZN5aiter34fmha_bwd_hd128_dq_convert_bf16_rtzE
[aiter] hipModuleGetFunction: _ZN5aiter34fmha_bwd_hd128_dq_convert_bf16_rtzE Success
[aiter] hipModuleLoad (embedded): hsa/gfx942/fmha_v3_bwd/bwd_hd128_odo_bf16.co GetFunction: _ZN5aiter23fmha_bwd_hd128_odo_bf16E
[aiter] hipModuleGetFunction: _ZN5aiter23fmha_bwd_hd128_odo_bf16E Success
[aiter] hipModuleLoad (embedded): hsa/gfx942/fmha_v3_bwd/bwd_hd128_bf16_causal_a32_rtz_psskddv.co GetFunction: _ZN5aiter42fmha_bwd_hd128_bf16_causal_a32_rtz_psskddvE
[aiter] hipModuleGetFunction: _ZN5aiter42fmha_bwd_hd128_bf16_causal_a32_rtz_psskddvE Success
[aiter] hipModuleLoad (embedded): hsa/gfx942/fmha_v3_bwd/bwd_hd128_dq_convert_bf16_rtz.co GetFunction: _ZN5aiter34fmha_bwd_hd128_dq_convert_bf16_rtzE
[aiter] hipModuleGetFunction: _ZN5aiter34fmha_bwd_hd128_dq_convert_bf16_rtzE Success
[aiter] hipModuleLoad (embedded): hsa/gfx942/fmha_v3_bwd/bwd_hd128_odo_bf16.co GetFunction: _ZN5aiter23fmha_bwd_hd128_odo_bf16E
[aiter] hipModuleGetFunction: _ZN5aiter23fmha_bwd_hd128_odo_bf16E Success
[aiter] hipModuleLoad (embedded): hsa/gfx942/fmha_v3_bwd/bwd_hd128_bf16_causal_a32_rtz_psskddv.co GetFunction: _ZN5aiter42fmha_bwd_hd128_bf16_causal_a32_rtz_psskddvE
[aiter] hipModuleGetFunction: _ZN5aiter42fmha_bwd_hd128_bf16_causal_a32_rtz_psskddvE Success
[aiter] hipModuleLoad (embedded): hsa/gfx942/fmha_v3_bwd/bwd_hd128_dq_convert_bf16_rtz.co GetFunction: _ZN5aiter34fmha_bwd_hd128_dq_convert_bf16_rtzE
[aiter] hipModuleGetFunction: _ZN5aiter34fmha_bwd_hd128_dq_convert_bf16_rtzE Success
[aiter] hipModuleLoad (embedded): hsa/gfx942/fmha_v3_bwd/bwd_hd128_odo_bf16.co GetFunction: _ZN5aiter23fmha_bwd_hd128_odo_bf16E
[aiter] hipModuleGetFunction: _ZN5aiter23fmha_bwd_hd128_odo_bf16E Success
[aiter] hipModuleLoad (embedded): hsa/gfx942/fmha_v3_bwd/bwd_hd128_bf16_causal_a32_rtz_psskddv.co GetFunction: _ZN5aiter42fmha_bwd_hd128_bf16_causal_a32_rtz_psskddvE
[aiter] hipModuleGetFunction: _ZN5aiter42fmha_bwd_hd128_bf16_causal_a32_rtz_psskddvE Success
[aiter] hipModuleLoad (embedded): hsa/gfx942/fmha_v3_bwd/bwd_hd128_dq_convert_bf16_rtz.co GetFunction: _ZN5aiter34fmha_bwd_hd128_dq_convert_bf16_rtzE
[aiter] hipModuleGetFunction: _ZN5aiter34fmha_bwd_hd128_dq_convert_bf16_rtzE Success
[aiter] hipModuleLoad (embedded): hsa/gfx942/fmha_v3_bwd/bwd_hd128_odo_bf16.co GetFunction: _ZN5aiter23fmha_bwd_hd128_odo_bf16E
[aiter] hipModuleGetFunction: _ZN5aiter23fmha_bwd_hd128_odo_bf16E Success
[aiter] hipModuleLoad (embedded): hsa/gfx942/fmha_v3_bwd/bwd_hd128_bf16_causal_a32_rtz_psskddv.co GetFunction: _ZN5aiter42fmha_bwd_hd128_bf16_causal_a32_rtz_psskddvE
[aiter] hipModuleGetFunction: _ZN5aiter42fmha_bwd_hd128_bf16_causal_a32_rtz_psskddvE Success
[aiter] hipModuleLoad (embedded): hsa/gfx942/fmha_v3_bwd/bwd_hd128_dq_convert_bf16_rtz.co GetFunction: _ZN5aiter34fmha_bwd_hd128_dq_convert_bf16_rtzE
[aiter] hipModuleGetFunction: _ZN5aiter34fmha_bwd_hd128_dq_convert_bf16_rtzE Success
[aiter] hipModuleLoad (embedded): hsa/gfx942/fmha_v3_bwd/bwd_hd128_odo_bf16.co GetFunction: _ZN5aiter23fmha_bwd_hd128_odo_bf16E
[aiter] hipModuleGetFunction: _ZN5aiter23fmha_bwd_hd128_odo_bf16E Success
[aiter] hipModuleLoad (embedded): hsa/gfx942/fmha_v3_bwd/bwd_hd128_bf16_causal_a32_rtz_psskddv.co GetFunction: _ZN5aiter42fmha_bwd_hd128_bf16_causal_a32_rtz_psskddvE
[aiter] hipModuleGetFunction: _ZN5aiter42fmha_bwd_hd128_bf16_causal_a32_rtz_psskddvE Success
[aiter] hipModuleLoad (embedded): hsa/gfx942/fmha_v3_bwd/bwd_hd128_dq_convert_bf16_rtz.co GetFunction: _ZN5aiter34fmha_bwd_hd128_dq_convert_bf16_rtzE
[aiter] hipModuleGetFunction: _ZN5aiter34fmha_bwd_hd128_dq_convert_bf16_rtzE Success
[aiter] hipModuleLoad (embedded): hsa/gfx942/fmha_v3_bwd/bwd_hd128_odo_bf16.co GetFunction: _ZN5aiter23fmha_bwd_hd128_odo_bf16E
[aiter] hipModuleGetFunction: _ZN5aiter23fmha_bwd_hd128_odo_bf16E Success
[aiter] hipModuleLoad (embedded): hsa/gfx942/fmha_v3_bwd/bwd_hd128_bf16_causal_a32_rtz_psskddv.co GetFunction: _ZN5aiter42fmha_bwd_hd128_bf16_causal_a32_rtz_psskddvE
[aiter] hipModuleGetFunction: _ZN5aiter42fmha_bwd_hd128_bf16_causal_a32_rtz_psskddvE Success
[aiter] hipModuleLoad (embedded): hsa/gfx942/fmha_v3_bwd/bwd_hd128_dq_convert_bf16_rtz.co GetFunction: _ZN5aiter34fmha_bwd_hd128_dq_convert_bf16_rtzE
[aiter] hipModuleGetFunction: _ZN5aiter34fmha_bwd_hd128_dq_convert_bf16_rtzE Success
[aiter] hipModuleLoad (embedded): hsa/gfx942/fmha_v3_bwd/bwd_hd128_odo_bf16.co GetFunction: _ZN5aiter23fmha_bwd_hd128_odo_bf16E
[aiter] hipModuleGetFunction: _ZN5aiter23fmha_bwd_hd128_odo_bf16E Success
[aiter] hipModuleLoad (embedded): hsa/gfx942/fmha_v3_bwd/bwd_hd128_bf16_causal_a32_rtz_psskddv.co GetFunction: _ZN5aiter42fmha_bwd_hd128_bf16_causal_a32_rtz_psskddvE
[aiter] hipModuleGetFunction: _ZN5aiter42fmha_bwd_hd128_bf16_causal_a32_rtz_psskddvE Success
[aiter] hipModuleLoad (embedded): hsa/gfx942/fmha_v3_bwd/bwd_hd128_dq_convert_bf16_rtz.co GetFunction: _ZN5aiter34fmha_bwd_hd128_dq_convert_bf16_rtzE
[aiter] hipModuleGetFunction: _ZN5aiter34fmha_bwd_hd128_dq_convert_bf16_rtzE Success
I0805 15:40:28.923999 139725710569792 max_utils.py:778] 
Memstats: After params initialized:
I0805 15:40:28.924503 139725710569792 max_utils.py:784] 	Using (GB) 42.66 / 172.79 (24.688929%) on rocm:0
I0805 15:40:28.924662 139725710569792 max_utils.py:784] 	Using (GB) 42.66 / 172.79 (24.688929%) on rocm:1
I0805 15:40:28.924773 139725710569792 max_utils.py:784] 	Using (GB) 42.66 / 172.79 (24.688929%) on rocm:2
I0805 15:40:28.924870 139725710569792 max_utils.py:784] 	Using (GB) 42.66 / 172.79 (24.688929%) on rocm:3
I0805 15:40:28.924959 139725710569792 max_utils.py:784] 	Using (GB) 42.66 / 172.79 (24.688929%) on rocm:4
I0805 15:40:28.925042 139725710569792 max_utils.py:784] 	Using (GB) 42.66 / 172.79 (24.688929%) on rocm:5
I0805 15:40:28.925122 139725710569792 max_utils.py:784] 	Using (GB) 42.66 / 172.79 (24.688929%) on rocm:6
I0805 15:40:28.925207 139725710569792 max_utils.py:784] 	Using (GB) 42.66 / 172.79 (24.688929%) on rocm:7
I0805 15:40:31.583426 139725710569792 metric_logger.py:207] completed step: 0, seconds: 38.410, TFLOP/s/device: 2.204, Tokens/s/device: 106.639, total_weights: 32768, loss: 12.419, lm_loss: 12.419, perplexity: 247557.062, moe_lb_loss: 0.000
I0805 15:40:31.588261 139725710569792 metric_logger.py:314] To see full metrics 'tensorboard --logdir=/root/work/scale-your-amd/runs/20260805-maxtext-ep-qwen3-ex4/maxtext/ep-qwen3-ex4/tensorboard/'
I0805 15:40:33.736307 139725710569792 metric_logger.py:207] completed step: 1, seconds: 2.655, TFLOP/s/device: 31.879, Tokens/s/device: 1542.593, total_weights: 32768, loss: 12.419, lm_loss: 12.419, perplexity: 247557.062, moe_lb_loss: 0.000
I0805 15:40:35.884527 139725710569792 metric_logger.py:207] completed step: 2, seconds: 2.153, TFLOP/s/device: 39.311, Tokens/s/device: 1902.201, total_weights: 32768, loss: 12.029, lm_loss: 12.029, perplexity: 167584.109, moe_lb_loss: 0.000
I0805 15:40:38.035752 139725710569792 metric_logger.py:207] completed step: 3, seconds: 2.148, TFLOP/s/device: 39.406, Tokens/s/device: 1906.815, total_weights: 32768, loss: 11.844, lm_loss: 11.844, perplexity: 139232.922, moe_lb_loss: 0.000
I0805 15:40:40.198244 139725710569792 metric_logger.py:207] completed step: 4, seconds: 2.151, TFLOP/s/device: 39.349, Tokens/s/device: 1904.065, total_weights: 32768, loss: 11.710, lm_loss: 11.710, perplexity: 121812.641, moe_lb_loss: 0.000
I0805 15:40:42.360048 139725710569792 metric_logger.py:207] completed step: 5, seconds: 2.161, TFLOP/s/device: 39.168, Tokens/s/device: 1895.294, total_weights: 32768, loss: 11.600, lm_loss: 11.600, perplexity: 109148.000, moe_lb_loss: 0.000
I0805 15:40:44.526724 139725710569792 metric_logger.py:207] completed step: 6, seconds: 2.162, TFLOP/s/device: 39.146, Tokens/s/device: 1894.256, total_weights: 32768, loss: 11.510, lm_loss: 11.510, perplexity: 99736.625, moe_lb_loss: 0.000
I0805 15:40:46.692159 139725710569792 metric_logger.py:207] completed step: 7, seconds: 2.166, TFLOP/s/device: 39.072, Tokens/s/device: 1890.670, total_weights: 32768, loss: 11.437, lm_loss: 11.437, perplexity: 92689.789, moe_lb_loss: 0.000
I0805 15:41:02.400116 139725710569792 metric_logger.py:207] completed step: 8, seconds: 2.166, TFLOP/s/device: 39.082, Tokens/s/device: 1891.122, total_weights: 32768, loss: 11.379, lm_loss: 11.379, perplexity: 87444.484, moe_lb_loss: 0.000
I0805 15:41:04.600556 139725710569792 metric_logger.py:207] completed step: 9, seconds: 2.163, TFLOP/s/device: 39.132, Tokens/s/device: 1893.559, total_weights: 32768, loss: 11.333, lm_loss: 11.333, perplexity: 83563.703, moe_lb_loss: 0.000
I0805 15:41:06.766860 139725710569792 metric_logger.py:207] completed step: 10, seconds: 2.199, TFLOP/s/device: 38.490, Tokens/s/device: 1862.503, total_weights: 32768, loss: 11.299, lm_loss: 11.299, perplexity: 80769.258, moe_lb_loss: 0.000
I0805 15:41:08.934055 139725710569792 metric_logger.py:207] completed step: 11, seconds: 2.166, TFLOP/s/device: 39.076, Tokens/s/device: 1890.860, total_weights: 32768, loss: 11.275, lm_loss: 11.275, perplexity: 78804.016, moe_lb_loss: 0.000
I0805 15:41:11.189925 139725710569792 metric_logger.py:207] completed step: 12, seconds: 2.167, TFLOP/s/device: 39.055, Tokens/s/device: 1889.825, total_weights: 32768, loss: 11.257, lm_loss: 11.257, perplexity: 77445.219, moe_lb_loss: 0.000
I0805 15:41:11.201961 139725710569792 metric_logger.py:207] completed step: 13, seconds: 2.255, TFLOP/s/device: 37.534, Tokens/s/device: 1816.241, total_weights: 32768, loss: 11.244, lm_loss: 11.244, perplexity: 76450.375, moe_lb_loss: 0.000
Per train step:
 Total TFLOPs: 84.65 
 split as 88.31% learnable weight flops and 11.69% attention flops
