WARNING: All log messages before absl::InitializeLog() is called are written to STDERR
I0000 00:00:1785940321.974215  136255 port.cc:153] oneDNN custom operations are on. You may see slightly different numerical results due to floating-point round-off errors from different computation orders. To turn them off, set the environment variable `TF_ENABLE_ONEDNN_OPTS=0`.
WARNING: All log messages before absl::InitializeLog() is called are written to STDERR
I0000 00:00:1785940322.965374  136255 port.cc:153] oneDNN custom operations are on. You may see slightly different numerical results due to floating-point round-off errors from different computation orders. To turn them off, set the environment variable `TF_ENABLE_ONEDNN_OPTS=0`.
[transformers] PyTorch was not found. Models won't be available and only tokenizers, configuration and file/data utilities can be used.
[transformers] DeepseekV32Config got `key=rope_scaling` in kwargs but hasn't set it as attribute. For RoPE standardization you need to set `self.rope_parameters` in model's config. 
I0805 14:32:06.324655 140130126479680 max_utils.py:260] Attempting to initialize the jax distributed system for GPU backend...
I0805 14:32:06.324755 140130126479680 max_utils.py:262] Jax distributed system initialized on GPU!
I0805 14:32:07.647396 140130126479680 pyconfig.py:559] Config param abort_on_inf_loss: True
I0805 14:32:07.647518 140130126479680 pyconfig.py:559] Config param abort_on_nan_loss: True
I0805 14:32:07.647549 140130126479680 pyconfig.py:559] Config param act_quantization_calibration_method: absmax
I0805 14:32:07.647571 140130126479680 pyconfig.py:559] Config param activation_dropout_for_audio: 0.0
I0805 14:32:07.647592 140130126479680 pyconfig.py:559] Config param activation_function_for_audio: gelu
I0805 14:32:07.647607 140130126479680 pyconfig.py:559] Config param activations_in_float32: False
I0805 14:32:07.647621 140130126479680 pyconfig.py:559] Config param adam_b1: 0.9
I0805 14:32:07.647642 140130126479680 pyconfig.py:559] Config param adam_b2: 0.95
I0805 14:32:07.647659 140130126479680 pyconfig.py:559] Config param adam_eps: 1e-08
I0805 14:32:07.647676 140130126479680 pyconfig.py:559] Config param adam_eps_root: 0.0
I0805 14:32:07.647691 140130126479680 pyconfig.py:559] Config param adam_weight_decay: 0.1
I0805 14:32:07.647707 140130126479680 pyconfig.py:559] Config param adamw_mask: []
I0805 14:32:07.647722 140130126479680 pyconfig.py:559] Config param add_bos: True
I0805 14:32:07.647737 140130126479680 pyconfig.py:559] Config param add_eos: True
I0805 14:32:07.647750 140130126479680 pyconfig.py:559] Config param allow_split_physical_axes: False
I0805 14:32:07.647765 140130126479680 pyconfig.py:559] Config param ar_cache_axis_order: 1,2,0,3
I0805 14:32:07.647779 140130126479680 pyconfig.py:559] Config param async_checkpointing: True
I0805 14:32:07.647794 140130126479680 pyconfig.py:559] Config param async_scheduling: False
I0805 14:32:07.647807 140130126479680 pyconfig.py:559] Config param attention: cudnn_flash_te
I0805 14:32:07.647821 140130126479680 pyconfig.py:559] Config param attention_bias: False
I0805 14:32:07.647834 140130126479680 pyconfig.py:559] Config param attention_dropout_for_audio: 0.0
I0805 14:32:07.647848 140130126479680 pyconfig.py:559] Config param attention_for_vit: dot_product
I0805 14:32:07.647863 140130126479680 pyconfig.py:559] Config param attention_out: RematLocation.REMAT
I0805 14:32:07.647883 140130126479680 pyconfig.py:559] Config param attention_output_dim: -1
I0805 14:32:07.647897 140130126479680 pyconfig.py:559] Config param attention_sink: False
I0805 14:32:07.647913 140130126479680 pyconfig.py:559] Config param attention_type: global
I0805 14:32:07.647928 140130126479680 pyconfig.py:559] Config param attn_logits_soft_cap: None
I0805 14:32:07.647944 140130126479680 pyconfig.py:559] Config param attn_module_name: None
I0805 14:32:07.647958 140130126479680 pyconfig.py:559] Config param audio_path: 
I0805 14:32:07.647972 140130126479680 pyconfig.py:559] Config param audio_placeholder: <|audio|>
I0805 14:32:07.647986 140130126479680 pyconfig.py:559] Config param autoregressive_decode_assert: 
I0805 14:32:07.648000 140130126479680 pyconfig.py:559] Config param base_config: None
I0805 14:32:07.648013 140130126479680 pyconfig.py:559] Config param base_emb_dim: 4096
I0805 14:32:07.648028 140130126479680 pyconfig.py:559] Config param base_mlp_dim: 14336
I0805 14:32:07.648045 140130126479680 pyconfig.py:559] Config param base_moe_mlp_dim: 14336
I0805 14:32:07.648059 140130126479680 pyconfig.py:559] Config param base_num_decoder_layers: 32
I0805 14:32:07.648072 140130126479680 pyconfig.py:559] Config param base_num_kv_heads: 8
I0805 14:32:07.648086 140130126479680 pyconfig.py:559] Config param base_num_query_heads: 32
I0805 14:32:07.648100 140130126479680 pyconfig.py:559] Config param base_output_directory: /root/work/scale-your-amd/runs/20260805-maxtext-moe-b4-unsharded/maxtext
I0805 14:32:07.648115 140130126479680 pyconfig.py:559] Config param batch_size: 1
I0805 14:32:07.648130 140130126479680 pyconfig.py:559] Config param batch_split_factor: 1
I0805 14:32:07.648143 140130126479680 pyconfig.py:559] Config param beta_fast: 32
I0805 14:32:07.648157 140130126479680 pyconfig.py:559] Config param beta_slow: 1
I0805 14:32:07.648172 140130126479680 pyconfig.py:559] Config param bwd_quantization_calibration_method: absmax
I0805 14:32:07.648187 140130126479680 pyconfig.py:559] Config param capacity_factor: 1.0
I0805 14:32:07.648205 140130126479680 pyconfig.py:559] Config param cast_logits_to_fp32: True
I0805 14:32:07.648220 140130126479680 pyconfig.py:559] Config param chat_template: 
I0805 14:32:07.648236 140130126479680 pyconfig.py:559] Config param chat_template_path: 
I0805 14:32:07.648250 140130126479680 pyconfig.py:559] Config param check_vma: False
I0805 14:32:07.648265 140130126479680 pyconfig.py:559] Config param checkpoint_conversion_fn: None
I0805 14:32:07.648281 140130126479680 pyconfig.py:559] Config param checkpoint_dir: /root/work/scale-your-amd/runs/20260805-maxtext-moe-b4-unsharded/maxtext/moe-b4-unsharded/checkpoints/
I0805 14:32:07.648299 140130126479680 pyconfig.py:559] Config param checkpoint_is_quantized: False
I0805 14:32:07.648315 140130126479680 pyconfig.py:559] Config param checkpoint_period: 10000
I0805 14:32:07.648331 140130126479680 pyconfig.py:559] Config param checkpoint_storage_concurrent_gb: 96
I0805 14:32:07.648347 140130126479680 pyconfig.py:559] Config param checkpoint_storage_target_data_file_size_bytes: 2147483648
I0805 14:32:07.648362 140130126479680 pyconfig.py:559] Config param checkpoint_storage_use_ocdbt: True
I0805 14:32:07.648376 140130126479680 pyconfig.py:559] Config param checkpoint_storage_use_zarr3: True
I0805 14:32:07.648389 140130126479680 pyconfig.py:559] Config param checkpoint_todelete_full_path: None
I0805 14:32:07.648403 140130126479680 pyconfig.py:559] Config param checkpoint_todelete_subdir: None
I0805 14:32:07.648416 140130126479680 pyconfig.py:559] Config param chips_per_vm: 4
I0805 14:32:07.648431 140130126479680 pyconfig.py:559] Config param chunk_attn_window_size: 0
I0805 14:32:07.648447 140130126479680 pyconfig.py:559] Config param colocated_python_checkpointing: False
I0805 14:32:07.648461 140130126479680 pyconfig.py:559] Config param colocated_python_data_input: False
I0805 14:32:07.648474 140130126479680 pyconfig.py:559] Config param compile_topology: 
I0805 14:32:07.648487 140130126479680 pyconfig.py:559] Config param compile_topology_num_slices: -1
I0805 14:32:07.648499 140130126479680 pyconfig.py:559] Config param compile_xla_flags: 
I0805 14:32:07.648513 140130126479680 pyconfig.py:559] Config param compiled_trainstep_file: 
I0805 14:32:07.648527 140130126479680 pyconfig.py:559] Config param compress_ratios: []
I0805 14:32:07.648541 140130126479680 pyconfig.py:559] Config param compressed_rope_max_timescale: 160000
I0805 14:32:07.648554 140130126479680 pyconfig.py:559] Config param compute_axis_order: 0,1,2,3
I0805 14:32:07.648567 140130126479680 pyconfig.py:559] Config param constant_bound_config: []
I0805 14:32:07.648582 140130126479680 pyconfig.py:559] Config param context: RematLocation.REMAT
I0805 14:32:07.648597 140130126479680 pyconfig.py:559] Config param context_parallel_load_balance: True
I0805 14:32:07.648610 140130126479680 pyconfig.py:559] Config param context_parallel_reorder_strategy: ReorderStrategy.AUTO
I0805 14:32:07.648626 140130126479680 pyconfig.py:559] Config param context_parallel_size: 1
I0805 14:32:07.648642 140130126479680 pyconfig.py:559] Config param context_parallel_strategy: all_gather
I0805 14:32:07.648658 140130126479680 pyconfig.py:559] Config param context_sharding: context
I0805 14:32:07.648672 140130126479680 pyconfig.py:559] Config param conv_chunksize_for_audio: 500
I0805 14:32:07.648687 140130126479680 pyconfig.py:559] Config param conv_stride_for_vit: 14
I0805 14:32:07.648700 140130126479680 pyconfig.py:559] Config param convert_checkpoint_if_possible: False
I0805 14:32:07.648714 140130126479680 pyconfig.py:559] Config param cost_estimate_flops_bwd: -1
I0805 14:32:07.648726 140130126479680 pyconfig.py:559] Config param cost_estimate_flops_fwd: -1
I0805 14:32:07.648740 140130126479680 pyconfig.py:559] Config param custom_mesh: 
I0805 14:32:07.648753 140130126479680 pyconfig.py:559] Config param custom_mesh_and_rule: CustomRule.DEFAULT
I0805 14:32:07.648770 140130126479680 pyconfig.py:559] Config param d_model_for_audio: 256
I0805 14:32:07.648783 140130126479680 pyconfig.py:559] Config param data_sharding: (('data', 'stage', 'fsdp', 'fsdp_transpose', 'context', 'context_autoregressive', 'tensor', 'tensor_transpose', 'tensor_sequence', 'expert', 'autoregressive'),)
I0805 14:32:07.648802 140130126479680 pyconfig.py:559] Config param data_shuffle_seed: 0
I0805 14:32:07.648817 140130126479680 pyconfig.py:559] Config param data_template_path: 
I0805 14:32:07.648831 140130126479680 pyconfig.py:559] Config param dataset_name: c4/en:3.1.0
I0805 14:32:07.648844 140130126479680 pyconfig.py:559] Config param dataset_path: 
I0805 14:32:07.648857 140130126479680 pyconfig.py:559] Config param dataset_processor_path: 
I0805 14:32:07.648870 140130126479680 pyconfig.py:559] Config param dataset_type: DatasetType.SYNTHETIC
I0805 14:32:07.648885 140130126479680 pyconfig.py:559] Config param dcn_autoregressive_parallelism: 1
I0805 14:32:07.648899 140130126479680 pyconfig.py:559] Config param dcn_context_autoregressive_parallelism: 1
I0805 14:32:07.648913 140130126479680 pyconfig.py:559] Config param dcn_context_parallelism: 1
I0805 14:32:07.648929 140130126479680 pyconfig.py:559] Config param dcn_data_parallelism: -1
I0805 14:32:07.648943 140130126479680 pyconfig.py:559] Config param dcn_diloco_parallelism: 1
I0805 14:32:07.648957 140130126479680 pyconfig.py:559] Config param dcn_expert_parallelism: 1
I0805 14:32:07.648971 140130126479680 pyconfig.py:559] Config param dcn_fsdp_parallelism: 1
I0805 14:32:07.648984 140130126479680 pyconfig.py:559] Config param dcn_fsdp_transpose_parallelism: 1
I0805 14:32:07.648997 140130126479680 pyconfig.py:559] Config param dcn_parallelism: [1, -1, 1, 1, 1, 1, 1, 1, 1, 1, 1, 1]
I0805 14:32:07.649012 140130126479680 pyconfig.py:559] Config param dcn_pipeline_parallelism: 1
I0805 14:32:07.649025 140130126479680 pyconfig.py:559] Config param dcn_sequence_parallelism: 1
I0805 14:32:07.649039 140130126479680 pyconfig.py:559] Config param dcn_tensor_parallelism: 1
I0805 14:32:07.649052 140130126479680 pyconfig.py:559] Config param dcn_tensor_sequence_parallelism: 1
I0805 14:32:07.649066 140130126479680 pyconfig.py:559] Config param dcn_tensor_transpose_parallelism: 1
I0805 14:32:07.649079 140130126479680 pyconfig.py:559] Config param debug: {'rl': False}
I0805 14:32:07.649094 140130126479680 pyconfig.py:559] Config param debug_converter: False
I0805 14:32:07.649107 140130126479680 pyconfig.py:559] Config param debug_sharding: False
I0805 14:32:07.649121 140130126479680 pyconfig.py:559] Config param decode_sampling_nucleus_p: -1
I0805 14:32:07.649133 140130126479680 pyconfig.py:559] Config param decode_sampling_strategy: SamplingStrategy.GREEDY
I0805 14:32:07.649149 140130126479680 pyconfig.py:559] Config param decode_sampling_temperature: 1.0
I0805 14:32:07.649165 140130126479680 pyconfig.py:559] Config param decode_sampling_top_k: 0
I0805 14:32:07.649179 140130126479680 pyconfig.py:559] Config param decoder_block: DecoderBlockType.MIXTRAL
I0805 14:32:07.649196 140130126479680 pyconfig.py:559] Config param decoder_layer_input: RematLocation.DEVICE
I0805 14:32:07.649210 140130126479680 pyconfig.py:559] Config param deepstack_visual_indexes_for_vit: []
I0805 14:32:07.649224 140130126479680 pyconfig.py:559] Config param degenerate_group_masking: True
I0805 14:32:07.649239 140130126479680 pyconfig.py:559] Config param dense_init_scale: 1.0
I0805 14:32:07.649253 140130126479680 pyconfig.py:559] Config param diloco_outer_lr: 0.3
I0805 14:32:07.649269 140130126479680 pyconfig.py:559] Config param diloco_outer_momentum: 0.9
I0805 14:32:07.649282 140130126479680 pyconfig.py:559] Config param diloco_sync_period: 36
I0805 14:32:07.649296 140130126479680 pyconfig.py:559] Config param distill_alpha: 0.5
I0805 14:32:07.649314 140130126479680 pyconfig.py:559] Config param distill_alpha_end: None
I0805 14:32:07.649329 140130126479680 pyconfig.py:559] Config param distill_alpha_schedule: constant
I0805 14:32:07.649342 140130126479680 pyconfig.py:559] Config param distill_beta: 0.0
I0805 14:32:07.649355 140130126479680 pyconfig.py:559] Config param distill_beta_end: None
I0805 14:32:07.649368 140130126479680 pyconfig.py:559] Config param distill_beta_schedule: constant
I0805 14:32:07.649382 140130126479680 pyconfig.py:559] Config param distill_feature_loss_type: cosine
I0805 14:32:07.649395 140130126479680 pyconfig.py:559] Config param distill_layer_indices: None
I0805 14:32:07.649408 140130126479680 pyconfig.py:559] Config param distill_student_weights_share_map: {}
I0805 14:32:07.649422 140130126479680 pyconfig.py:559] Config param distill_temperature: 1.0
I0805 14:32:07.649437 140130126479680 pyconfig.py:559] Config param distill_temperature_end: None
I0805 14:32:07.649450 140130126479680 pyconfig.py:559] Config param distill_temperature_schedule: constant
I0805 14:32:07.649463 140130126479680 pyconfig.py:559] Config param distill_weights_copy_map: {}
I0805 14:32:07.649476 140130126479680 pyconfig.py:559] Config param downsample_hidden_size_for_audio: 256
I0805 14:32:07.649489 140130126479680 pyconfig.py:559] Config param dpo: {'algo': 'dpo', 'dpo_beta': 0.1, 'orpo_lambda': 0.1, 'dpo_label_smoothing': 0.0, 'max_prompt_length': None}
I0805 14:32:07.649506 140130126479680 pyconfig.py:559] Config param dq_reduction_steps: 0
I0805 14:32:07.649523 140130126479680 pyconfig.py:559] Config param dropout_rate: 0.0
I0805 14:32:07.649536 140130126479680 pyconfig.py:559] Config param dtype: bfloat16
I0805 14:32:07.649565 140130126479680 pyconfig.py:559] Config param dtype_mm: float32
I0805 14:32:07.649581 140130126479680 pyconfig.py:559] Config param dump_hlo: False
I0805 14:32:07.649594 140130126479680 pyconfig.py:559] Config param dump_hlo_delete_local_after: True
I0805 14:32:07.649608 140130126479680 pyconfig.py:559] Config param dump_hlo_gcs_dir: /root/work/scale-your-amd/runs/20260805-maxtext-moe-b4-unsharded/maxtext/moe-b4-unsharded/xla_dump
I0805 14:32:07.649621 140130126479680 pyconfig.py:559] Config param dump_hlo_local_dir: /tmp/xla_dump/
I0805 14:32:07.649635 140130126479680 pyconfig.py:559] Config param dump_hlo_local_module_name: jit_train_step
I0805 14:32:07.649648 140130126479680 pyconfig.py:559] Config param dump_hlo_module_name: jit_train_step
I0805 14:32:07.649663 140130126479680 pyconfig.py:559] Config param dump_hlo_upload_all: False
I0805 14:32:07.649676 140130126479680 pyconfig.py:559] Config param dump_hlo_xla_flags: 
I0805 14:32:07.649691 140130126479680 pyconfig.py:559] Config param dump_jaxpr: False
I0805 14:32:07.649703 140130126479680 pyconfig.py:559] Config param dump_jaxpr_delete_local_after: True
I0805 14:32:07.649717 140130126479680 pyconfig.py:559] Config param dump_jaxpr_gcs_dir: /root/work/scale-your-amd/runs/20260805-maxtext-moe-b4-unsharded/maxtext/moe-b4-unsharded/jaxpr_dump
I0805 14:32:07.649737 140130126479680 pyconfig.py:559] Config param dump_jaxpr_local_dir: /tmp/jaxpr_dump/
I0805 14:32:07.649750 140130126479680 pyconfig.py:559] Config param dump_step: -1
I0805 14:32:07.649764 140130126479680 pyconfig.py:559] Config param elastic_enabled: False
I0805 14:32:07.649778 140130126479680 pyconfig.py:559] Config param elastic_max_retries: 10
I0805 14:32:07.649792 140130126479680 pyconfig.py:559] Config param elastic_min_slice_count: -1
I0805 14:32:07.649805 140130126479680 pyconfig.py:559] Config param elastic_timeout_seconds: 300
I0805 14:32:07.649819 140130126479680 pyconfig.py:559] Config param emb_dim: 4096
I0805 14:32:07.649832 140130126479680 pyconfig.py:559] Config param enable_autocheckpoint: False
I0805 14:32:07.649845 140130126479680 pyconfig.py:559] Config param enable_checkpoint_cloud_logger: False
I0805 14:32:07.649858 140130126479680 pyconfig.py:559] Config param enable_checkpointing: False
I0805 14:32:07.649872 140130126479680 pyconfig.py:559] Config param enable_continuous_checkpointing: False
I0805 14:32:07.649885 140130126479680 pyconfig.py:559] Config param enable_data_shuffling: True
I0805 14:32:07.649898 140130126479680 pyconfig.py:559] Config param enable_diloco: False
I0805 14:32:07.649911 140130126479680 pyconfig.py:559] Config param enable_dp_attention: False
I0805 14:32:07.649925 140130126479680 pyconfig.py:559] Config param enable_dropout: False
I0805 14:32:07.649939 140130126479680 pyconfig.py:559] Config param enable_emergency_checkpoint: False
I0805 14:32:07.649952 140130126479680 pyconfig.py:559] Config param enable_expert_parallel: False
I0805 14:32:07.649965 140130126479680 pyconfig.py:559] Config param enable_gcp_goodput_metrics: True
I0805 14:32:07.649978 140130126479680 pyconfig.py:559] Config param enable_gcp_step_deviation_metrics: True
I0805 14:32:07.649991 140130126479680 pyconfig.py:559] Config param enable_goodput_recording: False
I0805 14:32:07.650005 140130126479680 pyconfig.py:559] Config param enable_jax_profiler: False
I0805 14:32:07.650018 140130126479680 pyconfig.py:559] Config param enable_llm_inference_pool: False
I0805 14:32:07.650032 140130126479680 pyconfig.py:559] Config param enable_mhc_lite: False
I0805 14:32:07.650045 140130126479680 pyconfig.py:559] Config param enable_model_warmup: False
I0805 14:32:07.650058 140130126479680 pyconfig.py:559] Config param enable_multi_tier_checkpointing: False
I0805 14:32:07.650072 140130126479680 pyconfig.py:559] Config param enable_nnx: False
I0805 14:32:07.650085 140130126479680 pyconfig.py:559] Config param enable_orbax_v1: False
I0805 14:32:07.650099 140130126479680 pyconfig.py:559] Config param enable_padding_causal_mask: True
I0805 14:32:07.650112 140130126479680 pyconfig.py:559] Config param enable_pathways_goodput: False
I0805 14:32:07.650125 140130126479680 pyconfig.py:559] Config param enable_prefix_caching: False
I0805 14:32:07.650138 140130126479680 pyconfig.py:559] Config param enable_rampup_batch_size: False
I0805 14:32:07.650151 140130126479680 pyconfig.py:559] Config param enable_single_controller: False
I0805 14:32:07.650165 140130126479680 pyconfig.py:559] Config param enable_single_replica_ckpt_restoring: False
I0805 14:32:07.650178 140130126479680 pyconfig.py:559] Config param enable_tensorboard: True
I0805 14:32:07.650191 140130126479680 pyconfig.py:559] Config param enable_tpu_profiling_options: False
I0805 14:32:07.650205 140130126479680 pyconfig.py:559] Config param enable_tunix_perf_metrics: False
I0805 14:32:07.650218 140130126479680 pyconfig.py:559] Config param encoder_attention_heads_for_audio: 4
I0805 14:32:07.650231 140130126479680 pyconfig.py:559] Config param encoder_ffn_dim_for_audio: 512
I0805 14:32:07.650245 140130126479680 pyconfig.py:559] Config param encoder_layers_for_audio: 2
I0805 14:32:07.650258 140130126479680 pyconfig.py:559] Config param engram: RematLocation.REMAT
I0805 14:32:07.650273 140130126479680 pyconfig.py:559] Config param engram_head_dim: 1280
I0805 14:32:07.650286 140130126479680 pyconfig.py:559] Config param engram_kernel_size: 4
I0805 14:32:07.650300 140130126479680 pyconfig.py:559] Config param engram_layers: []
I0805 14:32:07.650314 140130126479680 pyconfig.py:559] Config param engram_max_ngram_size: 3
I0805 14:32:07.650327 140130126479680 pyconfig.py:559] Config param engram_num_heads: 8
I0805 14:32:07.650340 140130126479680 pyconfig.py:559] Config param engram_seed: 0
I0805 14:32:07.650354 140130126479680 pyconfig.py:559] Config param engram_vocab_bases: []
I0805 14:32:07.650367 140130126479680 pyconfig.py:559] Config param epsilon_high: None
I0805 14:32:07.650381 140130126479680 pyconfig.py:559] Config param eval_batch_size: -1
I0805 14:32:07.650394 140130126479680 pyconfig.py:559] Config param eval_corr_lst: False
I0805 14:32:07.650408 140130126479680 pyconfig.py:559] Config param eval_data_columns: ['text']
I0805 14:32:07.650422 140130126479680 pyconfig.py:559] Config param eval_dataset_name: c4/en:3.1.0
I0805 14:32:07.650435 140130126479680 pyconfig.py:559] Config param eval_image_column: image
I0805 14:32:07.650448 140130126479680 pyconfig.py:559] Config param eval_interval: -1
I0805 14:32:07.650462 140130126479680 pyconfig.py:559] Config param eval_make_lst: False
I0805 14:32:07.650475 140130126479680 pyconfig.py:559] Config param eval_mode: pass
I0805 14:32:07.650490 140130126479680 pyconfig.py:559] Config param eval_per_device_batch_size: 4.0
I0805 14:32:07.650505 140130126479680 pyconfig.py:559] Config param eval_sampling_strategy: greedy
I0805 14:32:07.650517 140130126479680 pyconfig.py:559] Config param eval_split: validation
I0805 14:32:07.650531 140130126479680 pyconfig.py:559] Config param eval_steps: -1
I0805 14:32:07.650544 140130126479680 pyconfig.py:559] Config param expansion_factor_real_data: -1.0
I0805 14:32:07.650557 140130126479680 pyconfig.py:559] Config param expert_balance: False
I0805 14:32:07.650570 140130126479680 pyconfig.py:559] Config param final_logits_soft_cap: None
I0805 14:32:07.650584 140130126479680 pyconfig.py:559] Config param first_num_dense_layers: 0
I0805 14:32:07.650597 140130126479680 pyconfig.py:559] Config param first_num_hash_layers: 0
I0805 14:32:07.650611 140130126479680 pyconfig.py:559] Config param float32_gate_logits: False
I0805 14:32:07.650624 140130126479680 pyconfig.py:559] Config param float32_logits: False
I0805 14:32:07.650638 140130126479680 pyconfig.py:559] Config param float32_qk_product: False
I0805 14:32:07.650650 140130126479680 pyconfig.py:559] Config param float32_weight_sum: True
I0805 14:32:07.650665 140130126479680 pyconfig.py:559] Config param force_q_layout: False
I0805 14:32:07.650677 140130126479680 pyconfig.py:559] Config param force_unroll: False
I0805 14:32:07.650690 140130126479680 pyconfig.py:559] Config param formatting_func_kwargs: {}
I0805 14:32:07.650703 140130126479680 pyconfig.py:559] Config param formatting_func_path: 
I0805 14:32:07.650717 140130126479680 pyconfig.py:559] Config param freeze_audio_encoder_params: True
I0805 14:32:07.650731 140130126479680 pyconfig.py:559] Config param freeze_vision_encoder_params: True
I0805 14:32:07.650744 140130126479680 pyconfig.py:559] Config param fuse_expert_scales: False
I0805 14:32:07.650756 140130126479680 pyconfig.py:559] Config param fused_mlp: False
I0805 14:32:07.650771 140130126479680 pyconfig.py:559] Config param fused_qkv: False
I0805 14:32:07.650784 140130126479680 pyconfig.py:559] Config param gcs_debug_path: 
I0805 14:32:07.650797 140130126479680 pyconfig.py:559] Config param gcs_metrics: False
I0805 14:32:07.650811 140130126479680 pyconfig.py:559] Config param gdn_chunk_size: 64
I0805 14:32:07.650825 140130126479680 pyconfig.py:559] Config param gdn_conv_kernel_dim: 4
I0805 14:32:07.650838 140130126479680 pyconfig.py:559] Config param gdn_key_head_dim: 128
I0805 14:32:07.650852 140130126479680 pyconfig.py:559] Config param gdn_num_key_heads: 16
I0805 14:32:07.650866 140130126479680 pyconfig.py:559] Config param gdn_num_value_heads: 32
I0805 14:32:07.650880 140130126479680 pyconfig.py:559] Config param gdn_value_head_dim: 128
I0805 14:32:07.650893 140130126479680 pyconfig.py:559] Config param generate_padding_batch_eval: False
I0805 14:32:07.650907 140130126479680 pyconfig.py:559] Config param generate_padding_batch_train: False
I0805 14:32:07.650920 140130126479680 pyconfig.py:559] Config param generate_slice: v5e-16
I0805 14:32:07.650934 140130126479680 pyconfig.py:559] Config param generation_configs: {}
I0805 14:32:07.650947 140130126479680 pyconfig.py:559] Config param global_batch_size_to_eval_on: 32
I0805 14:32:07.650961 140130126479680 pyconfig.py:559] Config param global_batch_size_to_load: 32
I0805 14:32:07.650974 140130126479680 pyconfig.py:559] Config param global_batch_size_to_load_eval: 32
I0805 14:32:07.650990 140130126479680 pyconfig.py:559] Config param global_batch_size_to_load_increment: None
I0805 14:32:07.651004 140130126479680 pyconfig.py:559] Config param global_batch_size_to_load_start: None
I0805 14:32:07.651019 140130126479680 pyconfig.py:559] Config param global_batch_size_to_train_on: 32
I0805 14:32:07.651032 140130126479680 pyconfig.py:559] Config param global_head_dim: 0
I0805 14:32:07.651047 140130126479680 pyconfig.py:559] Config param global_num_kv_heads: 0
I0805 14:32:07.651059 140130126479680 pyconfig.py:559] Config param global_parameter_scale: 1
I0805 14:32:07.651073 140130126479680 pyconfig.py:559] Config param global_rampup_samples: 500
I0805 14:32:07.651087 140130126479680 pyconfig.py:559] Config param global_rope_max_timescale: -1
I0805 14:32:07.651101 140130126479680 pyconfig.py:559] Config param global_rope_proportion: 0.25
I0805 14:32:07.651116 140130126479680 pyconfig.py:559] Config param goodput_upload_interval_seconds: 30
I0805 14:32:07.651129 140130126479680 pyconfig.py:559] Config param grad_dtype: float32
I0805 14:32:07.651165 140130126479680 pyconfig.py:559] Config param gradient_accumulation_steps: 1
I0805 14:32:07.651183 140130126479680 pyconfig.py:559] Config param gradient_clipping_threshold: 1.0
I0805 14:32:07.651200 140130126479680 pyconfig.py:559] Config param grain_data_source_max_workers: 16
I0805 14:32:07.651217 140130126479680 pyconfig.py:559] Config param grain_eval_files: 
I0805 14:32:07.651232 140130126479680 pyconfig.py:559] Config param grain_file_type: arrayrecord
I0805 14:32:07.651245 140130126479680 pyconfig.py:559] Config param grain_num_threads: 16
I0805 14:32:07.651259 140130126479680 pyconfig.py:559] Config param grain_num_threads_eval: 16
I0805 14:32:07.651272 140130126479680 pyconfig.py:559] Config param grain_packing_type: first_fit
I0805 14:32:07.651286 140130126479680 pyconfig.py:559] Config param grain_per_worker_buffer_size: 1
I0805 14:32:07.651299 140130126479680 pyconfig.py:559] Config param grain_per_worker_buffer_size_eval: 1
I0805 14:32:07.651313 140130126479680 pyconfig.py:559] Config param grain_prefetch_buffer_size: 500
I0805 14:32:07.651326 140130126479680 pyconfig.py:559] Config param grain_prefetch_buffer_size_eval: 500
I0805 14:32:07.651340 140130126479680 pyconfig.py:559] Config param grain_ram_budget_mb: 1024
I0805 14:32:07.651354 140130126479680 pyconfig.py:559] Config param grain_shuffle_buffer_size: 100
I0805 14:32:07.651367 140130126479680 pyconfig.py:559] Config param grain_train_files: 
I0805 14:32:07.651381 140130126479680 pyconfig.py:559] Config param grain_train_mixture_config_path: 
I0805 14:32:07.651394 140130126479680 pyconfig.py:559] Config param grain_use_elastic_iterator: False
I0805 14:32:07.651407 140130126479680 pyconfig.py:559] Config param grain_worker_count: 1
I0805 14:32:07.651421 140130126479680 pyconfig.py:559] Config param grain_worker_count_eval: 1
I0805 14:32:07.651435 140130126479680 pyconfig.py:559] Config param grpo_beta: 0.08
I0805 14:32:07.651449 140130126479680 pyconfig.py:559] Config param grpo_epsilon: 0.2
I0805 14:32:07.651463 140130126479680 pyconfig.py:559] Config param hardware: gpu
I0805 14:32:07.651477 140130126479680 pyconfig.py:559] Config param hbm_utilization_vllm: 0.72
I0805 14:32:07.651491 140130126479680 pyconfig.py:559] Config param head_dim: 128
I0805 14:32:07.651505 140130126479680 pyconfig.py:559] Config param heartbeat_reporting_interval_in_seconds: 5
I0805 14:32:07.651519 140130126479680 pyconfig.py:559] Config param hf_data_dir: None
I0805 14:32:07.651533 140130126479680 pyconfig.py:559] Config param hf_eval_files: None
I0805 14:32:07.651546 140130126479680 pyconfig.py:559] Config param hf_eval_split: None
I0805 14:32:07.651560 140130126479680 pyconfig.py:559] Config param hf_lora_adapter_path: 
I0805 14:32:07.651574 140130126479680 pyconfig.py:559] Config param hf_name: None
I0805 14:32:07.651587 140130126479680 pyconfig.py:559] Config param hf_path: 
I0805 14:32:07.651600 140130126479680 pyconfig.py:559] Config param hf_train_files: None
I0805 14:32:07.651614 140130126479680 pyconfig.py:559] Config param hidden_size_for_vit: 1408
I0805 14:32:07.651628 140130126479680 pyconfig.py:559] Config param hidden_size_per_layer_input: 0
I0805 14:32:07.651642 140130126479680 pyconfig.py:559] Config param hide_profiler_step_metric: False
I0805 14:32:07.651656 140130126479680 pyconfig.py:559] Config param ici_autoregressive_parallelism: 1
I0805 14:32:07.651670 140130126479680 pyconfig.py:559] Config param ici_context_autoregressive_parallelism: 1
I0805 14:32:07.651683 140130126479680 pyconfig.py:559] Config param ici_context_parallelism: 1
I0805 14:32:07.651697 140130126479680 pyconfig.py:559] Config param ici_data_parallelism: 1
I0805 14:32:07.651710 140130126479680 pyconfig.py:559] Config param ici_diloco_parallelism: 1
I0805 14:32:07.651725 140130126479680 pyconfig.py:559] Config param ici_expert_parallelism: -1
I0805 14:32:07.651738 140130126479680 pyconfig.py:559] Config param ici_fsdp_parallelism: 1
I0805 14:32:07.651752 140130126479680 pyconfig.py:559] Config param ici_fsdp_transpose_parallelism: 1
I0805 14:32:07.651766 140130126479680 pyconfig.py:559] Config param ici_parallelism: [1, 1, 1, 1, 1, 1, 1, 1, 1, 1, -1, 1]
I0805 14:32:07.651781 140130126479680 pyconfig.py:559] Config param ici_pipeline_parallelism: 1
I0805 14:32:07.651794 140130126479680 pyconfig.py:559] Config param ici_sequence_parallelism: 1
I0805 14:32:07.651808 140130126479680 pyconfig.py:559] Config param ici_tensor_parallelism: 1
I0805 14:32:07.651821 140130126479680 pyconfig.py:559] Config param ici_tensor_sequence_parallelism: 1
I0805 14:32:07.651835 140130126479680 pyconfig.py:559] Config param ici_tensor_transpose_parallelism: 1
I0805 14:32:07.651849 140130126479680 pyconfig.py:559] Config param image_path: 
I0805 14:32:07.651863 140130126479680 pyconfig.py:559] Config param image_placeholder: <|image|>
I0805 14:32:07.651877 140130126479680 pyconfig.py:559] Config param image_size_for_vit: 896
I0805 14:32:07.651890 140130126479680 pyconfig.py:559] Config param indexer_head_dim: 128
I0805 14:32:07.651904 140130126479680 pyconfig.py:559] Config param indexer_loss_scaling_factor: 0.0
I0805 14:32:07.651919 140130126479680 pyconfig.py:559] Config param indexer_n_heads: 64
I0805 14:32:07.651932 140130126479680 pyconfig.py:559] Config param indexer_sparse_training: False
I0805 14:32:07.651946 140130126479680 pyconfig.py:559] Config param indexer_topk: 2048
I0805 14:32:07.651959 140130126479680 pyconfig.py:559] Config param inference_benchmark_test: False
I0805 14:32:07.651973 140130126479680 pyconfig.py:559] Config param inference_metadata_file: 
I0805 14:32:07.651987 140130126479680 pyconfig.py:559] Config param inference_microbenchmark_log_file_path: 
I0805 14:32:07.652001 140130126479680 pyconfig.py:559] Config param inference_microbenchmark_loop_iters: 10
I0805 14:32:07.652014 140130126479680 pyconfig.py:559] Config param inference_microbenchmark_num_samples: [1, 2, 3, 4, 5]
I0805 14:32:07.652028 140130126479680 pyconfig.py:559] Config param inference_microbenchmark_prefill_lengths: 64,128,256,512,1024
I0805 14:32:07.652042 140130126479680 pyconfig.py:559] Config param inference_microbenchmark_stages: prefill,generate
I0805 14:32:07.652056 140130126479680 pyconfig.py:559] Config param inference_server: MaxtextInterleavedServer
I0805 14:32:07.652070 140130126479680 pyconfig.py:559] Config param inhomogeneous_layer_cycle_interval: 1
I0805 14:32:07.652083 140130126479680 pyconfig.py:559] Config param init_weights_seed: 0
I0805 14:32:07.652097 140130126479680 pyconfig.py:559] Config param input_data_sharding_logical_axes: ['activation_embed_and_logits_batch', 'activation_norm_length']
I0805 14:32:07.652112 140130126479680 pyconfig.py:559] Config param interleave_moe_layer_step: 1
I0805 14:32:07.652126 140130126479680 pyconfig.py:559] Config param intermediate_size_for_vit: 5632
I0805 14:32:07.652139 140130126479680 pyconfig.py:559] Config param internal_compile: False
I0805 14:32:07.652153 140130126479680 pyconfig.py:559] Config param internal_compile_num_devices: -1
I0805 14:32:07.652167 140130126479680 pyconfig.py:559] Config param jax_cache_dir: ~/jax_cache
I0805 14:32:07.652179 140130126479680 pyconfig.py:559] Config param jax_debug_log_modules: 
I0805 14:32:07.652193 140130126479680 pyconfig.py:559] Config param jax_distributed_heartbeat_timeout_seconds: 100
I0805 14:32:07.652207 140130126479680 pyconfig.py:559] Config param jax_distributed_initialization_timeout: 300
I0805 14:32:07.652220 140130126479680 pyconfig.py:559] Config param jax_profiler_port: 9999
I0805 14:32:07.652235 140130126479680 pyconfig.py:559] Config param key_proj: RematLocation.REMAT
I0805 14:32:07.652249 140130126479680 pyconfig.py:559] Config param kv_cache_buffer: 256
I0805 14:32:07.652262 140130126479680 pyconfig.py:559] Config param kv_lora_rank: 512
I0805 14:32:07.652277 140130126479680 pyconfig.py:559] Config param kv_quant_axis: KvQuantAxis.HEADS_AND_DKV
I0805 14:32:07.652293 140130126479680 pyconfig.py:559] Config param kv_quant_dtype: int8
I0805 14:32:07.652306 140130126479680 pyconfig.py:559] Config param kv_wa_proj: RematLocation.REMAT
I0805 14:32:07.652320 140130126479680 pyconfig.py:559] Config param learn_to_init_mode: False
I0805 14:32:07.652334 140130126479680 pyconfig.py:559] Config param learning_rate: 3e-05
I0805 14:32:07.652349 140130126479680 pyconfig.py:559] Config param learning_rate_final_fraction: 0.1
I0805 14:32:07.652364 140130126479680 pyconfig.py:559] Config param learning_rate_schedule_steps: 16
I0805 14:32:07.652378 140130126479680 pyconfig.py:559] Config param load_balance_loss_weight: 0.0
I0805 14:32:07.652391 140130126479680 pyconfig.py:559] Config param load_checkpoint_only_once: False
I0805 14:32:07.652405 140130126479680 pyconfig.py:559] Config param load_from_prefill_dir: False
I0805 14:32:07.652418 140130126479680 pyconfig.py:559] Config param load_full_state_path: 
I0805 14:32:07.652432 140130126479680 pyconfig.py:559] Config param load_parameters_path: 
I0805 14:32:07.652446 140130126479680 pyconfig.py:559] Config param local_checkpoint_directory: 
I0805 14:32:07.652459 140130126479680 pyconfig.py:559] Config param local_checkpoint_period: 0
I0805 14:32:07.652473 140130126479680 pyconfig.py:559] Config param local_rope_max_timescale: -1
I0805 14:32:07.652486 140130126479680 pyconfig.py:559] Config param local_rope_proportion: 1.0
I0805 14:32:07.652500 140130126479680 pyconfig.py:559] Config param log_config: True
I0805 14:32:07.652514 140130126479680 pyconfig.py:559] Config param log_period: 100
I0805 14:32:07.652527 140130126479680 pyconfig.py:559] Config param logical_axis_rules: (('activation_embed_and_logits_batch', ('data', 'stage', 'fsdp', 'fsdp_transpose', 'expert')), ('activation_embed_and_logits_batch_sequence', ('data', 'stage', 'fsdp', 'fsdp_transpose', 'context', 'expert')), ('activation_vocab', ('tensor', 'tensor_transpose', 'tensor_sequence')), ('activation_vocab', ('tensor', 'tensor_transpose')), ('activation_vocab', 'tensor_sequence'), ('vocab', ('tensor', 'tensor_transpose', 'tensor_sequence', 'autoregressive')), ('embed_vocab', ('fsdp', 'fsdp_transpose', 'context', 'expert')), ('activation_batch_attn', ('data', 'fsdp', 'fsdp_transpose', 'expert')), ('activation_heads', ('tensor', 'tensor_transpose', 'tensor_sequence', 'autoregressive')), ('activation_kv_heads', ('tensor', 'tensor_transpose', 'tensor_sequence')), ('activation_length_attn', ('context',)), ('activation_q_length', ('context',)), ('activation_kv_length', ()), ('activation_embed_attn', ('tensor', 'tensor_transpose')), ('activation_kv', ('tensor', 'tensor_transpose', 'tensor_sequence')), ('activation_kv_batch', ('data', 'fsdp', 'fsdp_transpose', 'expert')), ('activation_kv_head_dim', ('tensor', 'tensor_transpose', 'tensor_sequence')), ('heads', ('tensor', 'tensor_transpose', 'tensor_sequence', 'autoregressive')), ('q_heads', ('tensor', 'tensor_transpose', 'tensor_sequence', 'autoregressive')), ('kv_heads', ('tensor', 'tensor_transpose', 'tensor_sequence', 'autoregressive')), ('qkv', ()), ('kv', ()), ('kv_head_dim', ()), ('q_lora', ('fsdp', 'fsdp_transpose', 'context', 'tensor_transpose', 'expert')), ('q_lora', ('fsdp', 'context', 'tensor_transpose', 'expert')), ('q_lora', ('fsdp', 'fsdp_transpose', 'context', 'expert')), ('q_lora', ('fsdp', 'context', 'expert')), ('q_lora_up_proj', ()), ('kv_lora', ('fsdp', 'fsdp_transpose', 'context', 'tensor_transpose', 'expert')), ('kv_lora', ('fsdp', 'context', 'tensor_transpose', 'expert')), ('kv_lora', ('fsdp', 'fsdp_transpose', 'context', 'expert')), ('kv_lora', ('fsdp', 'context', 'expert')), ('kv_lora_up_proj', ()), ('activation_batch_moe', ('data', 'fsdp', 'fsdp_transpose')), ('activation_length_moe', ('context',)), ('activation_norm_length_moe', ('tensor_sequence', 'context')), ('activation_embed_moe', ('tensor', 'tensor_transpose')), ('activation_mlp_moe', ('tensor', 'tensor_transpose', 'tensor_sequence')), ('activation_exp', ('expert',)), ('exp', 'expert'), ('mlp_moe', ('fsdp_transpose', 'tensor', 'tensor_sequence', 'autoregressive')), ('embed_moe', ('fsdp', 'fsdp_transpose', 'tensor_transpose', 'context')), ('embed_moe', ('fsdp', 'tensor_transpose', 'context')), ('embed_moe', ('fsdp', 'fsdp_transpose', 'context')), ('embed_moe', ('fsdp', 'context')), ('activation_mlp', ('tensor', 'tensor_transpose', 'tensor_sequence')), ('activation_batch', ('data', 'fsdp', 'fsdp_transpose', 'expert')), ('activation_length', ('context',)), ('activation_norm_length', ('tensor_sequence', 'context')), ('activation_embed', ('tensor', 'tensor_transpose')), ('activation_stage', 'stage'), ('mlp', ('fsdp_transpose', 'tensor', 'tensor_sequence', 'autoregressive')), ('gdn_head', ('fsdp_transpose', 'tensor', 'tensor_sequence', 'autoregressive')), ('embed', ('fsdp', 'fsdp_transpose', 'tensor_transpose', 'context', 'expert')), ('embed', ('fsdp', 'tensor_transpose', 'context', 'expert')), ('embed', ('fsdp', 'fsdp_transpose', 'context', 'expert')), ('embed', ('fsdp', 'context', 'expert')), ('norm', ('tensor', 'tensor_transpose')), ('layers', 'stage'), ('diloco', 'diloco'), ('engram_dim', ('tensor',)), ('dense_layers', ()), ('moe_layers', ()), ('mhc', ()), ('prefill_activation_length', ('context',)), ('prefill_activation_norm_length', ('tensor_sequence', 'context')), ('activation_prefill_kv_batch', ('data', 'fsdp', 'fsdp_transpose', 'expert')), ('decode_batch', ('data', 'fsdp', 'fsdp_transpose', 'expert')), ('decode_length', ()), ('cache_heads', ('autoregressive', 'tensor', 'tensor_transpose', 'tensor_sequence')), ('cache_heads', ('autoregressive', 'tensor', 'tensor_sequence')), ('paged_kv_heads', ('tensor',)), ('cache_batch_prefill', ()), ('cache_batch', ()), ('cache_heads_none', ()), ('cache_kv', ()), ('cache_sequence', ()), ('num_pages', ()), ('tokens_per_page', ()), ('paged_kv_head_dim_size', ()), ('mlp_no_fsdp', ('tensor', 'tensor_sequence', 'autoregressive')), ('embed_tensor_transpose', ('tensor_transpose',)), ('exp_with_fsdp', 'fsdp'))
I0805 14:32:07.652593 140130126479680 pyconfig.py:559] Config param logits_dot_in_fp32: False
I0805 14:32:07.652610 140130126479680 pyconfig.py:559] Config param logits_via_embedding: False
I0805 14:32:07.652624 140130126479680 pyconfig.py:559] Config param lora: {'enable_lora': False, 'lora_rank': 0, 'lora_alpha': 0.0, 'lora_module_path': '', 'lora_restore_path': ''}
I0805 14:32:07.652640 140130126479680 pyconfig.py:559] Config param lora_input_adapters_path: 
I0805 14:32:07.652654 140130126479680 pyconfig.py:559] Config param loss_agg_mode: sequence-mean-token-mean
I0805 14:32:07.652668 140130126479680 pyconfig.py:559] Config param loss_algo: grpo
I0805 14:32:07.652682 140130126479680 pyconfig.py:559] Config param lr_schedule_type: LearningRateScheduleType.COSINE
I0805 14:32:07.652697 140130126479680 pyconfig.py:559] Config param lti_layer_indices: None
I0805 14:32:07.652712 140130126479680 pyconfig.py:559] Config param lti_use_general_linear_map: False
I0805 14:32:07.652726 140130126479680 pyconfig.py:559] Config param managed_mldiagnostics: False
I0805 14:32:07.652739 140130126479680 pyconfig.py:559] Config param managed_mldiagnostics_dir: /root/work/scale-your-amd/runs/20260805-maxtext-moe-b4-unsharded/maxtext/moe-b4-unsharded/managed-mldiagnostics
I0805 14:32:07.652754 140130126479680 pyconfig.py:559] Config param managed_mldiagnostics_on_demand_profiling: True
I0805 14:32:07.652768 140130126479680 pyconfig.py:559] Config param managed_mldiagnostics_region: 
I0805 14:32:07.652782 140130126479680 pyconfig.py:559] Config param managed_mldiagnostics_run_group: 
I0805 14:32:07.652795 140130126479680 pyconfig.py:559] Config param math_verify_num_procs: None
I0805 14:32:07.652808 140130126479680 pyconfig.py:559] Config param math_verify_timeout: 300
I0805 14:32:07.652822 140130126479680 pyconfig.py:559] Config param matmul_precision: MatmulPrecision.DEFAULT
I0805 14:32:07.652837 140130126479680 pyconfig.py:559] Config param max_checkify: False
I0805 14:32:07.652851 140130126479680 pyconfig.py:559] Config param max_concurrency: 256
I0805 14:32:07.652864 140130126479680 pyconfig.py:559] Config param max_corpus_chars: 10000000
I0805 14:32:07.652878 140130126479680 pyconfig.py:559] Config param max_num_batched_tokens: None
I0805 14:32:07.652891 140130126479680 pyconfig.py:559] Config param max_num_checkpoints_to_keep: None
I0805 14:32:07.652904 140130126479680 pyconfig.py:559] Config param max_num_images_per_example: -1
I0805 14:32:07.652917 140130126479680 pyconfig.py:559] Config param max_num_seqs: None
I0805 14:32:07.652930 140130126479680 pyconfig.py:559] Config param max_position_embeddings: 163840
I0805 14:32:07.652944 140130126479680 pyconfig.py:559] Config param max_prefill_predict_length: 64
I0805 14:32:07.652957 140130126479680 pyconfig.py:559] Config param max_sample_len_for_audio: 10000
I0805 14:32:07.652971 140130126479680 pyconfig.py:559] Config param max_segments_per_seq: 1
I0805 14:32:07.652984 140130126479680 pyconfig.py:559] Config param max_source_positions_for_audio: 1500
I0805 14:32:07.652998 140130126479680 pyconfig.py:559] Config param max_target_length: 4096
I0805 14:32:07.653012 140130126479680 pyconfig.py:559] Config param max_timescale_for_audio: 10000.0
I0805 14:32:07.653026 140130126479680 pyconfig.py:559] Config param megablox: False
I0805 14:32:07.653039 140130126479680 pyconfig.py:559] Config param merge_gating_gmm: False
I0805 14:32:07.653053 140130126479680 pyconfig.py:559] Config param mesh_axes: ['diloco', 'data', 'stage', 'fsdp', 'fsdp_transpose', 'context', 'context_autoregressive', 'tensor', 'tensor_transpose', 'tensor_sequence', 'expert', 'autoregressive']
I0805 14:32:07.653069 140130126479680 pyconfig.py:559] Config param metrics_dir: /root/work/scale-your-amd/runs/20260805-maxtext-moe-b4-unsharded/maxtext/moe-b4-unsharded/metrics/
I0805 14:32:07.653083 140130126479680 pyconfig.py:559] Config param metrics_file: 
I0805 14:32:07.653096 140130126479680 pyconfig.py:559] Config param mhc_expansion_rate: 1
I0805 14:32:07.653110 140130126479680 pyconfig.py:559] Config param micro_batch_size_to_eval_on: 32
I0805 14:32:07.653123 140130126479680 pyconfig.py:559] Config param micro_batch_size_to_train_on: 32
I0805 14:32:07.653137 140130126479680 pyconfig.py:559] Config param mla_kv: RematLocation.REMAT
I0805 14:32:07.653151 140130126479680 pyconfig.py:559] Config param mla_naive_kvcache: True
I0805 14:32:07.653165 140130126479680 pyconfig.py:559] Config param mla_q: RematLocation.REMAT
I0805 14:32:07.653179 140130126479680 pyconfig.py:559] Config param mlp_activations: ['silu', 'linear']
I0805 14:32:07.653192 140130126479680 pyconfig.py:559] Config param mlp_activations_limit: -1.0
I0805 14:32:07.653207 140130126479680 pyconfig.py:559] Config param mlp_bias: False
I0805 14:32:07.653220 140130126479680 pyconfig.py:559] Config param mlp_dim: 14336
I0805 14:32:07.653234 140130126479680 pyconfig.py:559] Config param mlpwi: RematLocation.REMAT
I0805 14:32:07.653248 140130126479680 pyconfig.py:559] Config param mlpwi_0: RematLocation.REMAT
I0805 14:32:07.653262 140130126479680 pyconfig.py:559] Config param mlpwi_1: RematLocation.REMAT
I0805 14:32:07.653275 140130126479680 pyconfig.py:559] Config param mlpwo: RematLocation.REMAT
I0805 14:32:07.653289 140130126479680 pyconfig.py:559] Config param moba: False
I0805 14:32:07.653303 140130126479680 pyconfig.py:559] Config param moba_chunk_size: 1024
I0805 14:32:07.653316 140130126479680 pyconfig.py:559] Config param moba_topk: 8
I0805 14:32:07.653329 140130126479680 pyconfig.py:559] Config param model_call_mode: 
I0805 14:32:07.653342 140130126479680 pyconfig.py:559] Config param model_name: mixtral-8x7b
I0805 14:32:07.653357 140130126479680 pyconfig.py:559] Config param moe_dispatch_no_expert_sharding: False
I0805 14:32:07.653368 140130126479680 pyconfig.py:559] Config param moe_expert_input_dim: -1
I0805 14:32:07.653380 140130126479680 pyconfig.py:559] Config param moe_fsdp_use_two_stage_all_gather: False
I0805 14:32:07.653392 140130126479680 pyconfig.py:559] Config param moe_mlp_dim: 14336
I0805 14:32:07.653404 140130126479680 pyconfig.py:559] Config param moe_mlpwi_0: RematLocation.REMAT
I0805 14:32:07.653416 140130126479680 pyconfig.py:559] Config param moe_mlpwi_1: RematLocation.REMAT
I0805 14:32:07.653428 140130126479680 pyconfig.py:559] Config param moe_mlpwo: RematLocation.REMAT
I0805 14:32:07.653439 140130126479680 pyconfig.py:559] Config param monitor_goodput: False
I0805 14:32:07.653452 140130126479680 pyconfig.py:559] Config param monitor_step_time_deviation: True
I0805 14:32:07.653464 140130126479680 pyconfig.py:559] Config param mrope_section: [24, 20, 20]
I0805 14:32:07.653476 140130126479680 pyconfig.py:559] Config param mscale: 1.0
I0805 14:32:07.653488 140130126479680 pyconfig.py:559] Config param mtc_data_parallelism: 0
I0805 14:32:07.653500 140130126479680 pyconfig.py:559] Config param mtp_eval_target_module: 0
I0805 14:32:07.653511 140130126479680 pyconfig.py:559] Config param mtp_loss_scaling_factor: 0.1
I0805 14:32:07.653523 140130126479680 pyconfig.py:559] Config param mtp_num_layers: 0
I0805 14:32:07.653535 140130126479680 pyconfig.py:559] Config param mu_dtype: float32
I0805 14:32:07.653556 140130126479680 pyconfig.py:559] Config param multi_sampling: False
I0805 14:32:07.653570 140130126479680 pyconfig.py:559] Config param multi_tier_checkpointing_backup_interval_minutes: 0
I0805 14:32:07.653583 140130126479680 pyconfig.py:559] Config param muon_beta: 0.95
I0805 14:32:07.653595 140130126479680 pyconfig.py:559] Config param muon_consistent_rms: None
I0805 14:32:07.653607 140130126479680 pyconfig.py:559] Config param muon_weight_decay: 0.0
I0805 14:32:07.653618 140130126479680 pyconfig.py:559] Config param n_routing_groups: -1
I0805 14:32:07.653630 140130126479680 pyconfig.py:559] Config param n_window_for_audio: 50
I0805 14:32:07.653641 140130126479680 pyconfig.py:559] Config param n_window_infer_for_audio: 800
I0805 14:32:07.653653 140130126479680 pyconfig.py:559] Config param nope_layer_interval: -1
I0805 14:32:07.653665 140130126479680 pyconfig.py:559] Config param norm_topk_prob: False
I0805 14:32:07.653676 140130126479680 pyconfig.py:559] Config param normalization_layer_epsilon: 1e-05
I0805 14:32:07.653689 140130126479680 pyconfig.py:559] Config param normalize_embedding_logits: True
I0805 14:32:07.653701 140130126479680 pyconfig.py:559] Config param num_attention_heads_for_vit: 16
I0805 14:32:07.653713 140130126479680 pyconfig.py:559] Config param num_batches: 4
I0805 14:32:07.653724 140130126479680 pyconfig.py:559] Config param num_channels_for_vit: 3
I0805 14:32:07.653760 140130126479680 pyconfig.py:559] Config param num_conv_layers_for_audio: 3
I0805 14:32:07.653772 140130126479680 pyconfig.py:559] Config param num_decoder_layers: 32
I0805 14:32:07.653783 140130126479680 pyconfig.py:559] Config param num_diloco_replicas: 1
I0805 14:32:07.653795 140130126479680 pyconfig.py:559] Config param num_epoch: 1
I0805 14:32:07.653808 140130126479680 pyconfig.py:559] Config param num_eval_passes: 1
I0805 14:32:07.653819 140130126479680 pyconfig.py:559] Config param num_experts: 8
I0805 14:32:07.653831 140130126479680 pyconfig.py:559] Config param num_experts_per_tok: 2
I0805 14:32:07.653843 140130126479680 pyconfig.py:559] Config param num_generations: 2
I0805 14:32:07.653855 140130126479680 pyconfig.py:559] Config param num_hidden_layers_for_vit: 34
I0805 14:32:07.653867 140130126479680 pyconfig.py:559] Config param num_iterations: 1
I0805 14:32:07.653878 140130126479680 pyconfig.py:559] Config param num_kv_heads: 8
I0805 14:32:07.653890 140130126479680 pyconfig.py:559] Config param num_kv_shared_layers: 0
I0805 14:32:07.653902 140130126479680 pyconfig.py:559] Config param num_layers_per_pipeline_stage: 1
I0805 14:32:07.653914 140130126479680 pyconfig.py:559] Config param num_mel_bins_for_audio: 128
I0805 14:32:07.653925 140130126479680 pyconfig.py:559] Config param num_pipeline_microbatches: -1
I0805 14:32:07.653936 140130126479680 pyconfig.py:559] Config param num_pipeline_repeats: -1
I0805 14:32:07.653948 140130126479680 pyconfig.py:559] Config param num_position_embeddings_for_vit: 1024
I0805 14:32:07.653960 140130126479680 pyconfig.py:559] Config param num_query_heads: 32
I0805 14:32:07.653971 140130126479680 pyconfig.py:559] Config param num_samplers_slices: -1
I0805 14:32:07.653983 140130126479680 pyconfig.py:559] Config param num_slices: 1
I0805 14:32:07.653995 140130126479680 pyconfig.py:559] Config param num_target_devices: 8
I0805 14:32:07.654006 140130126479680 pyconfig.py:559] Config param num_test_batches: 5
I0805 14:32:07.654018 140130126479680 pyconfig.py:559] Config param num_trainer_slices: -1
I0805 14:32:07.654030 140130126479680 pyconfig.py:559] Config param num_vocab_tiling: 1
I0805 14:32:07.654041 140130126479680 pyconfig.py:559] Config param o_groups: 0
I0805 14:32:07.654052 140130126479680 pyconfig.py:559] Config param o_lora_rank: 0
I0805 14:32:07.654064 140130126479680 pyconfig.py:559] Config param off_policy_steps: 0
I0805 14:32:07.654075 140130126479680 pyconfig.py:559] Config param offline_data_dir: None
I0805 14:32:07.654086 140130126479680 pyconfig.py:559] Config param olmo_apply_ngram_filter: True
I0805 14:32:07.654098 140130126479680 pyconfig.py:559] Config param olmo_index_path: 
I0805 14:32:07.654109 140130126479680 pyconfig.py:559] Config param olmo_path_remap_from: 
I0805 14:32:07.654121 140130126479680 pyconfig.py:559] Config param olmo_path_remap_to: 
I0805 14:32:07.654133 140130126479680 pyconfig.py:559] Config param opt_type: OptimizerType.ADAMW
I0805 14:32:07.654146 140130126479680 pyconfig.py:559] Config param optimize_mesh_for_tpu_v6e: False
I0805 14:32:07.654158 140130126479680 pyconfig.py:559] Config param optimizer_memory_host_offload: False
I0805 14:32:07.654169 140130126479680 pyconfig.py:559] Config param original_max_position_embeddings: 4096
I0805 14:32:07.654181 140130126479680 pyconfig.py:559] Config param out_hidden_size_for_vit: 512
I0805 14:32:07.654192 140130126479680 pyconfig.py:559] Config param out_proj: RematLocation.REMAT
I0805 14:32:07.654204 140130126479680 pyconfig.py:559] Config param output_dim_for_audio: 512
I0805 14:32:07.654216 140130126479680 pyconfig.py:559] Config param override_logical_axis_rules: False
I0805 14:32:07.654227 140130126479680 pyconfig.py:559] Config param override_model_config: False
I0805 14:32:07.654239 140130126479680 pyconfig.py:559] Config param packing: True
I0805 14:32:07.654251 140130126479680 pyconfig.py:559] Config param padded_base_moe_mlp_dim: None
I0805 14:32:07.654262 140130126479680 pyconfig.py:559] Config param param_scan_axis: 1
I0805 14:32:07.654273 140130126479680 pyconfig.py:559] Config param parameter_memory_host_offload: False
I0805 14:32:07.654284 140130126479680 pyconfig.py:559] Config param partial_rotary_factor: 1.0
I0805 14:32:07.654297 140130126479680 pyconfig.py:559] Config param patch_size_for_vit: 14
I0805 14:32:07.654308 140130126479680 pyconfig.py:559] Config param penalty_incorrect_answer: -1.0
I0805 14:32:07.654320 140130126479680 pyconfig.py:559] Config param penalty_incorrect_format: -0.5
I0805 14:32:07.654332 140130126479680 pyconfig.py:559] Config param per_device_batch_size: 4.0
I0805 14:32:07.654344 140130126479680 pyconfig.py:559] Config param per_device_batch_size_increment: 2.0
I0805 14:32:07.654355 140130126479680 pyconfig.py:559] Config param per_device_batch_size_start: 4.0
I0805 14:32:07.654367 140130126479680 pyconfig.py:559] Config param pipeline_delay_activation_forwarding: False
I0805 14:32:07.654378 140130126479680 pyconfig.py:559] Config param pipeline_fsdp_ag_once: False
I0805 14:32:07.654390 140130126479680 pyconfig.py:559] Config param pipeline_fsdp_ag_per_repeat: False
I0805 14:32:07.654402 140130126479680 pyconfig.py:559] Config param pipeline_parallel_layers: 32
I0805 14:32:07.654413 140130126479680 pyconfig.py:559] Config param pixel_shuffle_ratio_for_vit: 0.5
I0805 14:32:07.654425 140130126479680 pyconfig.py:559] Config param posemb_type_for_vit: learn
I0805 14:32:07.654437 140130126479680 pyconfig.py:559] Config param position_id_per_seconds: 25
I0805 14:32:07.654450 140130126479680 pyconfig.py:559] Config param prefill_cache_axis_order: 1,2,0,3
I0805 14:32:07.654462 140130126479680 pyconfig.py:559] Config param prefill_cache_dir: 
I0805 14:32:07.654474 140130126479680 pyconfig.py:559] Config param prefill_chunk_size: 256
I0805 14:32:07.654486 140130126479680 pyconfig.py:559] Config param prefill_slice: v5e-16
I0805 14:32:07.654497 140130126479680 pyconfig.py:559] Config param prefix_caching_dram_byte: 100000000000
I0805 14:32:07.654509 140130126479680 pyconfig.py:559] Config param prefix_caching_hbm_byte: 10000000000
I0805 14:32:07.654520 140130126479680 pyconfig.py:559] Config param prefuse_moe_weights: False
I0805 14:32:07.654532 140130126479680 pyconfig.py:559] Config param profile_cleanly: True
I0805 14:32:07.654544 140130126479680 pyconfig.py:559] Config param profile_periodically_period: -1
I0805 14:32:07.654555 140130126479680 pyconfig.py:559] Config param profile_power_events: False
I0805 14:32:07.654568 140130126479680 pyconfig.py:559] Config param profiler: ProfilerType.NONE
I0805 14:32:07.654581 140130126479680 pyconfig.py:559] Config param profiler_steps: 5
I0805 14:32:07.654593 140130126479680 pyconfig.py:559] Config param projector_dropout_for_vit: 0.0
I0805 14:32:07.654604 140130126479680 pyconfig.py:559] Config param projector_input_dim_for_vit: 4096
I0805 14:32:07.654615 140130126479680 pyconfig.py:559] Config param projector_output_dim_for_vit: 4096
I0805 14:32:07.654626 140130126479680 pyconfig.py:559] Config param prometheus_port: 0
I0805 14:32:07.654637 140130126479680 pyconfig.py:559] Config param prompt: I love to
I0805 14:32:07.654648 140130126479680 pyconfig.py:559] Config param pure_nnx: False
I0805 14:32:07.654660 140130126479680 pyconfig.py:559] Config param pure_nnx_decoder: False
I0805 14:32:07.654671 140130126479680 pyconfig.py:559] Config param q_lora_rank: 0
I0805 14:32:07.654682 140130126479680 pyconfig.py:559] Config param qk_clip_threshold: 100.0
I0805 14:32:07.654693 140130126479680 pyconfig.py:559] Config param qk_nope_head_dim: 128
I0805 14:32:07.654704 140130126479680 pyconfig.py:559] Config param qk_norm_with_scale: True
I0805 14:32:07.654715 140130126479680 pyconfig.py:559] Config param qk_rope_head_dim: 64
I0805 14:32:07.654726 140130126479680 pyconfig.py:559] Config param qkv_proj: RematLocation.REMAT
I0805 14:32:07.654738 140130126479680 pyconfig.py:559] Config param quant_cfg_path: 
I0805 14:32:07.654749 140130126479680 pyconfig.py:559] Config param quantization: QuantizationType.NONE
I0805 14:32:07.654762 140130126479680 pyconfig.py:559] Config param quantization_local_shard_count: 8
I0805 14:32:07.654774 140130126479680 pyconfig.py:559] Config param quantize_kvcache: False
I0805 14:32:07.654785 140130126479680 pyconfig.py:559] Config param query_proj: RematLocation.REMAT
I0805 14:32:07.654797 140130126479680 pyconfig.py:559] Config param query_wa_proj: RematLocation.REMAT
I0805 14:32:07.654808 140130126479680 pyconfig.py:559] Config param ragged_block_size: 256
I0805 14:32:07.654820 140130126479680 pyconfig.py:559] Config param ragged_buffer_factor: -1.0
I0805 14:32:07.654831 140130126479680 pyconfig.py:559] Config param ragged_gather_cost_estimate_bytes_accessed: -1
I0805 14:32:07.654843 140130126479680 pyconfig.py:559] Config param ragged_gather_cost_estimate_flops: -1
I0805 14:32:07.654854 140130126479680 pyconfig.py:559] Config param ragged_gather_fallback: False
I0805 14:32:07.654865 140130126479680 pyconfig.py:559] Config param ragged_gather_reduce_cost_estimate_bytes_accessed: -1
I0805 14:32:07.654876 140130126479680 pyconfig.py:559] Config param ragged_gather_reduce_cost_estimate_flops: -1
I0805 14:32:07.654887 140130126479680 pyconfig.py:559] Config param ragged_gather_reduce_fallback: False
I0805 14:32:07.654898 140130126479680 pyconfig.py:559] Config param rampup_end_step: 0
I0805 14:32:07.654909 140130126479680 pyconfig.py:559] Config param rampup_samples_per_increment_to_load: None
I0805 14:32:07.654921 140130126479680 pyconfig.py:559] Config param reasoning_end_token: </reasoning>
I0805 14:32:07.654932 140130126479680 pyconfig.py:559] Config param reasoning_start_token: <reasoning>
I0805 14:32:07.654943 140130126479680 pyconfig.py:559] Config param record_internal_nn_metrics: 0
I0805 14:32:07.654954 140130126479680 pyconfig.py:559] Config param remat_policy: save_dot_with_context_except_mlp
I0805 14:32:07.654965 140130126479680 pyconfig.py:559] Config param remat_policy_for_vit: minimal
I0805 14:32:07.654977 140130126479680 pyconfig.py:559] Config param remove_size_one_mesh_axis_from_type: True
I0805 14:32:07.654988 140130126479680 pyconfig.py:559] Config param replicate_quant_scale: False
I0805 14:32:07.654999 140130126479680 pyconfig.py:559] Config param replicator_backup_interval_minutes: 0
I0805 14:32:07.655011 140130126479680 pyconfig.py:559] Config param report_heartbeat_metric_for_gcp_monitoring: False
I0805 14:32:07.655022 140130126479680 pyconfig.py:559] Config param report_performance_metric_for_gcp_monitoring: False
I0805 14:32:07.655033 140130126479680 pyconfig.py:559] Config param reshape_q: False
I0805 14:32:07.655045 140130126479680 pyconfig.py:559] Config param reshard_chunk_size: None
I0805 14:32:07.655056 140130126479680 pyconfig.py:559] Config param return_log_prob: False
I0805 14:32:07.655067 140130126479680 pyconfig.py:559] Config param reuse_example_batch: 0
I0805 14:32:07.655078 140130126479680 pyconfig.py:559] Config param reward_exact_answer: 5.0
I0805 14:32:07.655090 140130126479680 pyconfig.py:559] Config param reward_exact_format_match: 3.0
I0805 14:32:07.655101 140130126479680 pyconfig.py:559] Config param reward_partial_format_match: 0.5
I0805 14:32:07.655112 140130126479680 pyconfig.py:559] Config param reward_ratio_guess_to_answer_high: 0.5
I0805 14:32:07.655124 140130126479680 pyconfig.py:559] Config param reward_ratio_guess_to_answer_low: 0.25
I0805 14:32:07.655136 140130126479680 pyconfig.py:559] Config param reward_white_space_format_match: 1.5
I0805 14:32:07.655147 140130126479680 pyconfig.py:559] Config param rl: {'num_generations': 2, 'num_iterations': 1, 'grpo_beta': 0.08, 'grpo_epsilon': 0.2, 'loss_algo': 'grpo', 'loss_agg_mode': 'sequence-mean-token-mean', 'use_agentic_rollout': False, 'max_concurrency': 256, 'off_policy_steps': 0, 'system_prompt': '', 'degenerate_group_masking': True, 'epsilon_high': None, 'reshard_chunk_size': None}
I0805 14:32:07.655164 140130126479680 pyconfig.py:559] Config param rollout_data_parallelism: -1
I0805 14:32:07.655175 140130126479680 pyconfig.py:559] Config param rollout_expert_parallelism: 1
I0805 14:32:07.655186 140130126479680 pyconfig.py:559] Config param rollout_micro_batch_size: -1
I0805 14:32:07.655197 140130126479680 pyconfig.py:559] Config param rollout_tensor_parallelism: -1
I0805 14:32:07.655209 140130126479680 pyconfig.py:559] Config param rope_attention_scaling: False
I0805 14:32:07.655220 140130126479680 pyconfig.py:559] Config param rope_factor: 40
I0805 14:32:07.655231 140130126479680 pyconfig.py:559] Config param rope_interleave: True
I0805 14:32:07.655242 140130126479680 pyconfig.py:559] Config param rope_linear_scaling_factor: 1.0
I0805 14:32:07.655253 140130126479680 pyconfig.py:559] Config param rope_max_timescale: 1000000
I0805 14:32:07.655265 140130126479680 pyconfig.py:559] Config param rope_min_timescale: 1
I0805 14:32:07.655276 140130126479680 pyconfig.py:559] Config param rope_theta_for_vit: 10000
I0805 14:32:07.655288 140130126479680 pyconfig.py:559] Config param rope_truncate: True
I0805 14:32:07.655299 140130126479680 pyconfig.py:559] Config param rope_type: RopeType.DEFAULT
I0805 14:32:07.655312 140130126479680 pyconfig.py:559] Config param rope_use_scale: True
I0805 14:32:07.655323 140130126479680 pyconfig.py:559] Config param routed_bias: False
I0805 14:32:07.655334 140130126479680 pyconfig.py:559] Config param routed_bias_update_rate: 0.0
I0805 14:32:07.655346 140130126479680 pyconfig.py:559] Config param routed_scaling_factor: 1.0
I0805 14:32:07.655357 140130126479680 pyconfig.py:559] Config param routed_score_func: 
I0805 14:32:07.655369 140130126479680 pyconfig.py:559] Config param run_name: moe-b4-unsharded
I0805 14:32:07.655380 140130126479680 pyconfig.py:559] Config param sa_block_kv: 512
I0805 14:32:07.655391 140130126479680 pyconfig.py:559] Config param sa_block_kv_compute: 512
I0805 14:32:07.655402 140130126479680 pyconfig.py:559] Config param sa_block_kv_dkv: 512
I0805 14:32:07.655413 140130126479680 pyconfig.py:559] Config param sa_block_kv_dkv_compute: 512
I0805 14:32:07.655424 140130126479680 pyconfig.py:559] Config param sa_block_kv_dq: 512
I0805 14:32:07.655435 140130126479680 pyconfig.py:559] Config param sa_block_q: 512
I0805 14:32:07.655446 140130126479680 pyconfig.py:559] Config param sa_block_q_dkv: 512
I0805 14:32:07.655457 140130126479680 pyconfig.py:559] Config param sa_block_q_dq: 512
I0805 14:32:07.655468 140130126479680 pyconfig.py:559] Config param sa_k_layout: HEAD_DIM_MINOR
I0805 14:32:07.655480 140130126479680 pyconfig.py:559] Config param sa_q_layout: HEAD_DIM_MINOR
I0805 14:32:07.655492 140130126479680 pyconfig.py:559] Config param sa_use_fused_bwd_kernel: False
I0805 14:32:07.655503 140130126479680 pyconfig.py:559] Config param sa_v_layout: HEAD_DIM_MINOR
I0805 14:32:07.655514 140130126479680 pyconfig.py:559] Config param sampler_devices_fraction: 0.5
I0805 14:32:07.655525 140130126479680 pyconfig.py:559] Config param save_checkpoint_on_completion: True
I0805 14:32:07.655536 140130126479680 pyconfig.py:559] Config param save_config_to_gcs: False
I0805 14:32:07.655548 140130126479680 pyconfig.py:559] Config param save_quantized_params_path: 
I0805 14:32:07.655559 140130126479680 pyconfig.py:559] Config param scale_embedding_for_audio: True
I0805 14:32:07.655570 140130126479680 pyconfig.py:559] Config param scan_layers: True
I0805 14:32:07.655582 140130126479680 pyconfig.py:559] Config param scan_layers_per_stage: False
I0805 14:32:07.655593 140130126479680 pyconfig.py:559] Config param scan_pipeline_iterations: True
I0805 14:32:07.655604 140130126479680 pyconfig.py:559] Config param scan_pipeline_repeats: False
I0805 14:32:07.655615 140130126479680 pyconfig.py:559] Config param set_remat_policy_on_layers_per_stage: False
I0805 14:32:07.655626 140130126479680 pyconfig.py:559] Config param set_remat_policy_on_pipeline_iterations: True
I0805 14:32:07.655637 140130126479680 pyconfig.py:559] Config param sft_train_on_completion_only: False
I0805 14:32:07.655648 140130126479680 pyconfig.py:559] Config param shard_exp_on_fsdp: False
I0805 14:32:07.655660 140130126479680 pyconfig.py:559] Config param shard_mode: ShardMode.AUTO
I0805 14:32:07.655672 140130126479680 pyconfig.py:559] Config param shard_optimizer_over_data: False
I0805 14:32:07.655684 140130126479680 pyconfig.py:559] Config param sharding_strategy: None
I0805 14:32:07.655696 140130126479680 pyconfig.py:559] Config param sharding_tolerance: 0.02
I0805 14:32:07.655707 140130126479680 pyconfig.py:559] Config param shardy: True
I0805 14:32:07.655718 140130126479680 pyconfig.py:559] Config param share_kv_projections: False
I0805 14:32:07.655729 140130126479680 pyconfig.py:559] Config param shared_experts: 0
I0805 14:32:07.655740 140130126479680 pyconfig.py:559] Config param sinkhorn_iterations: 20
I0805 14:32:07.655752 140130126479680 pyconfig.py:559] Config param skip_first_n_steps_for_profiler: 1
I0805 14:32:07.655763 140130126479680 pyconfig.py:559] Config param skip_jax_distributed_system: False
I0805 14:32:07.655775 140130126479680 pyconfig.py:559] Config param skip_step_interval: 128
I0805 14:32:07.655786 140130126479680 pyconfig.py:559] Config param skip_step_on_spikes: False
I0805 14:32:07.655797 140130126479680 pyconfig.py:559] Config param skip_step_scaling_factor: 6.0
I0805 14:32:07.655808 140130126479680 pyconfig.py:559] Config param sliding_window_size: 0
I0805 14:32:07.655818 140130126479680 pyconfig.py:559] Config param solution_end_token: </answer>
I0805 14:32:07.655829 140130126479680 pyconfig.py:559] Config param solution_start_token: <answer>
I0805 14:32:07.655841 140130126479680 pyconfig.py:559] Config param source_checkpoint_layout: orbax
I0805 14:32:07.655852 140130126479680 pyconfig.py:559] Config param sparse_matmul: False
I0805 14:32:07.655863 140130126479680 pyconfig.py:559] Config param spatial_merge_size_for_vit: 2
I0805 14:32:07.655874 140130126479680 pyconfig.py:559] Config param stack_prefill_result_cache: False
I0805 14:32:07.655885 140130126479680 pyconfig.py:559] Config param step_deviation_interval_seconds: 30
I0805 14:32:07.655896 140130126479680 pyconfig.py:559] Config param steps: 16
I0805 14:32:07.655908 140130126479680 pyconfig.py:559] Config param stop_strings: None
I0805 14:32:07.655919 140130126479680 pyconfig.py:559] Config param student_overrides: {}
I0805 14:32:07.655931 140130126479680 pyconfig.py:559] Config param student_params_to_update: None
I0805 14:32:07.655942 140130126479680 pyconfig.py:559] Config param subslice_shape: 
I0805 14:32:07.655954 140130126479680 pyconfig.py:559] Config param swap_space_vllm_gb: 2
I0805 14:32:07.655965 140130126479680 pyconfig.py:559] Config param system_prompt: 
I0805 14:32:07.655976 140130126479680 pyconfig.py:559] Config param target_eval_loss: 0.0
I0805 14:32:07.655987 140130126479680 pyconfig.py:559] Config param teacher_overrides: {}
I0805 14:32:07.655998 140130126479680 pyconfig.py:559] Config param temperature_tuning: False
I0805 14:32:07.656009 140130126479680 pyconfig.py:559] Config param temporal_patch_size_for_vit: 2
I0805 14:32:07.656020 140130126479680 pyconfig.py:559] Config param tensorboard_dir: /root/work/scale-your-amd/runs/20260805-maxtext-moe-b4-unsharded/maxtext/moe-b4-unsharded/tensorboard/
I0805 14:32:07.656032 140130126479680 pyconfig.py:559] Config param tensors_on_device: None
I0805 14:32:07.656042 140130126479680 pyconfig.py:559] Config param tensors_to_offload: None
I0805 14:32:07.656054 140130126479680 pyconfig.py:559] Config param test_batch_start_index: 0
I0805 14:32:07.656064 140130126479680 pyconfig.py:559] Config param tile_size_for_vit: 336
I0805 14:32:07.656076 140130126479680 pyconfig.py:559] Config param tokenize_eval_data: True
I0805 14:32:07.656087 140130126479680 pyconfig.py:559] Config param tokenize_train_data: True
I0805 14:32:07.656098 140130126479680 pyconfig.py:559] Config param tokenizer_path: mistralai/Mixtral-8x7B-Instruct-v0.1
I0805 14:32:07.656109 140130126479680 pyconfig.py:559] Config param tokenizer_type: TokenizerType.SENTENCEPIECE
I0805 14:32:07.656122 140130126479680 pyconfig.py:559] Config param topk_routing_group: -1
I0805 14:32:07.656133 140130126479680 pyconfig.py:559] Config param tpu_num_chips_to_profile_per_task: 1
I0805 14:32:07.656144 140130126479680 pyconfig.py:559] Config param tpu_num_sparse_core_tiles_to_trace: 1
I0805 14:32:07.656155 140130126479680 pyconfig.py:559] Config param tpu_num_sparse_cores_to_trace: 2
I0805 14:32:07.656167 140130126479680 pyconfig.py:559] Config param train_data_columns: ['text']
I0805 14:32:07.656178 140130126479680 pyconfig.py:559] Config param train_fraction: 1.0
I0805 14:32:07.656189 140130126479680 pyconfig.py:559] Config param train_image_column: image
I0805 14:32:07.656200 140130126479680 pyconfig.py:559] Config param train_micro_batch_size: -1
I0805 14:32:07.656211 140130126479680 pyconfig.py:559] Config param train_split: train
I0805 14:32:07.656222 140130126479680 pyconfig.py:559] Config param trainable_parameters_mask: []
I0805 14:32:07.656234 140130126479680 pyconfig.py:559] Config param trainable_position_size: -1
I0805 14:32:07.656244 140130126479680 pyconfig.py:559] Config param trainer_devices_fraction: 0.5
I0805 14:32:07.656256 140130126479680 pyconfig.py:559] Config param upload_all_profiler_results: False
I0805 14:32:07.656266 140130126479680 pyconfig.py:559] Config param use_agentic_rollout: False
I0805 14:32:07.656278 140130126479680 pyconfig.py:559] Config param use_audio: False
I0805 14:32:07.656290 140130126479680 pyconfig.py:559] Config param use_audio_in_video: False
I0805 14:32:07.656301 140130126479680 pyconfig.py:559] Config param use_batch_split_schedule: False
I0805 14:32:07.656312 140130126479680 pyconfig.py:559] Config param use_chat_template: False
I0805 14:32:07.656324 140130126479680 pyconfig.py:559] Config param use_chunked_prefill: False
I0805 14:32:07.656334 140130126479680 pyconfig.py:559] Config param use_custom_sort_vjp: True
I0805 14:32:07.656345 140130126479680 pyconfig.py:559] Config param use_double_wide_mlp: False
I0805 14:32:07.656356 140130126479680 pyconfig.py:559] Config param use_dpo: False
I0805 14:32:07.656367 140130126479680 pyconfig.py:559] Config param use_gather_mosaic_kernel: False
I0805 14:32:07.656378 140130126479680 pyconfig.py:559] Config param use_gmm_v2: False
I0805 14:32:07.656390 140130126479680 pyconfig.py:559] Config param use_grpo: True
I0805 14:32:07.656400 140130126479680 pyconfig.py:559] Config param use_indexer: False
I0805 14:32:07.656411 140130126479680 pyconfig.py:559] Config param use_iota_embed: False
I0805 14:32:07.656423 140130126479680 pyconfig.py:559] Config param use_jax_splash: False
I0805 14:32:07.656434 140130126479680 pyconfig.py:559] Config param use_manual_quantization: False
I0805 14:32:07.656445 140130126479680 pyconfig.py:559] Config param use_max_logit_estimate: -1
I0805 14:32:07.656457 140130126479680 pyconfig.py:559] Config param use_mrope: False
I0805 14:32:07.656470 140130126479680 pyconfig.py:559] Config param use_multimodal: False
I0805 14:32:07.656481 140130126479680 pyconfig.py:559] Config param use_pathways: True
I0805 14:32:07.656492 140130126479680 pyconfig.py:559] Config param use_post_attn_norm: False
I0805 14:32:07.656504 140130126479680 pyconfig.py:559] Config param use_post_ffw_norm: False
I0805 14:32:07.656515 140130126479680 pyconfig.py:559] Config param use_qk_clip: False
I0805 14:32:07.656526 140130126479680 pyconfig.py:559] Config param use_qk_norm: False
I0805 14:32:07.656538 140130126479680 pyconfig.py:559] Config param use_qk_norm_in_gdn: True
I0805 14:32:07.656549 140130126479680 pyconfig.py:559] Config param use_qwix_quantization: False
I0805 14:32:07.656561 140130126479680 pyconfig.py:559] Config param use_ragged_attention: False
I0805 14:32:07.656572 140130126479680 pyconfig.py:559] Config param use_ragged_sort: False
I0805 14:32:07.656583 140130126479680 pyconfig.py:559] Config param use_random_routing: False
I0805 14:32:07.656594 140130126479680 pyconfig.py:559] Config param use_replicator_service: False
I0805 14:32:07.656605 140130126479680 pyconfig.py:559] Config param use_ring_of_experts: False
I0805 14:32:07.656616 140130126479680 pyconfig.py:559] Config param use_sft: False
I0805 14:32:07.656627 140130126479680 pyconfig.py:559] Config param use_splash_scheduler: False
I0805 14:32:07.656638 140130126479680 pyconfig.py:559] Config param use_standalone_converter: False
I0805 14:32:07.656649 140130126479680 pyconfig.py:559] Config param use_tokamax_gmm: False
I0805 14:32:07.656660 140130126479680 pyconfig.py:559] Config param use_tokamax_splash: False
I0805 14:32:07.656671 140130126479680 pyconfig.py:559] Config param use_truncation: True
I0805 14:32:07.656682 140130126479680 pyconfig.py:559] Config param use_tunix_gradient_accumulation: False
I0805 14:32:07.656693 140130126479680 pyconfig.py:559] Config param use_untrainable_positional_embedding: False
I0805 14:32:07.656704 140130126479680 pyconfig.py:559] Config param use_vertex_tensorboard: False
I0805 14:32:07.656715 140130126479680 pyconfig.py:559] Config param using_pipeline_parallelism: False
I0805 14:32:07.656726 140130126479680 pyconfig.py:559] Config param v_head_dim: 128
I0805 14:32:07.656737 140130126479680 pyconfig.py:559] Config param v_norm_with_scale: True
I0805 14:32:07.656748 140130126479680 pyconfig.py:559] Config param value_proj: RematLocation.REMAT
I0805 14:32:07.656760 140130126479680 pyconfig.py:559] Config param vertex_tensorboard_project: 
I0805 14:32:07.656771 140130126479680 pyconfig.py:559] Config param vertex_tensorboard_region: 
I0805 14:32:07.656782 140130126479680 pyconfig.py:559] Config param video_path: 
I0805 14:32:07.656793 140130126479680 pyconfig.py:559] Config param video_placeholder: <|video|>
I0805 14:32:07.656805 140130126479680 pyconfig.py:559] Config param vision_output_dim_for_vit: 4096
I0805 14:32:07.656816 140130126479680 pyconfig.py:559] Config param vision_output_length: -1
I0805 14:32:07.656827 140130126479680 pyconfig.py:559] Config param vllm_additional_config: {}
I0805 14:32:07.656839 140130126479680 pyconfig.py:559] Config param vllm_hf_config_path: 
I0805 14:32:07.656849 140130126479680 pyconfig.py:559] Config param vllm_hf_overrides: {}
I0805 14:32:07.656861 140130126479680 pyconfig.py:559] Config param vllm_load_format: dummy
I0805 14:32:07.656872 140130126479680 pyconfig.py:559] Config param vocab_size: 32000
I0805 14:32:07.656883 140130126479680 pyconfig.py:559] Config param vocab_size_per_layer_input: 0
I0805 14:32:07.656894 140130126479680 pyconfig.py:559] Config param warmup_steps_fraction: 0.1
I0805 14:32:07.656906 140130126479680 pyconfig.py:559] Config param weight_dtype: float32
I0805 14:32:07.656924 140130126479680 pyconfig.py:559] Config param weight_quantization_calibration_method: absmax
I0805 14:32:07.656938 140130126479680 pyconfig.py:559] Config param weight_sparsity_m: None
I0805 14:32:07.656949 140130126479680 pyconfig.py:559] Config param weight_sparsity_n: None
I0805 14:32:07.656960 140130126479680 pyconfig.py:559] Config param weight_sparsity_start_step: 50
I0805 14:32:07.656971 140130126479680 pyconfig.py:559] Config param weight_sparsity_update_step: 10
I0805 14:32:07.656982 140130126479680 pyconfig.py:559] Config param wi_tile_dlhs_batch_seq: 512
I0805 14:32:07.656993 140130126479680 pyconfig.py:559] Config param wi_tile_dlhs_embed_dim: 1024
I0805 14:32:07.657004 140130126479680 pyconfig.py:559] Config param wi_tile_dlhs_mlp_dim: 1024
I0805 14:32:07.657015 140130126479680 pyconfig.py:559] Config param wi_tile_drhs_batch_seq: 512
I0805 14:32:07.657026 140130126479680 pyconfig.py:559] Config param wi_tile_drhs_embed_dim: 1024
I0805 14:32:07.657037 140130126479680 pyconfig.py:559] Config param wi_tile_drhs_mlp_dim: 1024
I0805 14:32:07.657048 140130126479680 pyconfig.py:559] Config param wi_tile_fwd_batch_seq: 512
I0805 14:32:07.657059 140130126479680 pyconfig.py:559] Config param wi_tile_fwd_embed_dim: 1024
I0805 14:32:07.657070 140130126479680 pyconfig.py:559] Config param wi_tile_fwd_mlp_dim: 1024
I0805 14:32:07.657081 140130126479680 pyconfig.py:559] Config param wo_tile_dlhs_batch_seq: 512
I0805 14:32:07.657093 140130126479680 pyconfig.py:559] Config param wo_tile_dlhs_embed_dim: 1024
I0805 14:32:07.657104 140130126479680 pyconfig.py:559] Config param wo_tile_dlhs_mlp_dim: 1024
I0805 14:32:07.657115 140130126479680 pyconfig.py:559] Config param wo_tile_drhs_batch_seq: 512
I0805 14:32:07.657127 140130126479680 pyconfig.py:559] Config param wo_tile_drhs_embed_dim: 1024
I0805 14:32:07.657138 140130126479680 pyconfig.py:559] Config param wo_tile_drhs_mlp_dim: 1024
I0805 14:32:07.657149 140130126479680 pyconfig.py:559] Config param wo_tile_fwd_batch_seq: 512
I0805 14:32:07.657160 140130126479680 pyconfig.py:559] Config param wo_tile_fwd_embed_dim: 1024
I0805 14:32:07.657171 140130126479680 pyconfig.py:559] Config param wo_tile_fwd_mlp_dim: 1024
I0805 14:32:07.657183 140130126479680 pyconfig.py:559] Config param write_estimator_result: False
I0805 14:32:07.657194 140130126479680 pyconfig.py:559] Config param wsd_decay_steps_fraction: 0.1
I0805 14:32:07.657206 140130126479680 pyconfig.py:559] Config param wsd_decay_style: WsdDecayStyle.LINEAR
I0805 14:32:07.657219 140130126479680 pyconfig.py:559] Config param xprof_e2e_enable_fw_power_level_event: False
I0805 14:32:07.657230 140130126479680 pyconfig.py:559] Config param xprof_e2e_enable_fw_thermal_event: False
I0805 14:32:07.657241 140130126479680 pyconfig.py:559] Config param xprof_e2e_enable_fw_throttle_event: False
I0805 14:32:07.657253 140130126479680 pyconfig.py:559] Config param xprof_tpu_power_trace_level: 0
I0805 14:32:07.657265 140130126479680 pyconfig.py:559] Config param z_loss_multiplier: 0.0
I0805 14:32:07.657538 140130126479680 max_utils.py:828] System Information: Jax Version: 0.10.0
I0805 14:32:07.657567 140130126479680 max_utils.py:829] System Information: Jaxlib Version: 0.10.0
I0805 14:32:07.657603 140130126479680 max_utils.py:830] System Information: Jax Backend: PJRT C API
rocm 71400
I0805 14:32:07.657625 140130126479680 max_utils.py:833] System Information: Number of devices: 8, jax path /opt/venv/lib/python3.12/site-packages/jax/__init__.py
I0805 14:32:07.657649 140130126479680 max_utils.py:836] System Information: Device 0: 0 (Local id: 0, Process index: 0)
I0805 14:32:07.657668 140130126479680 max_utils.py:836] System Information: Device 1: 1 (Local id: 1, Process index: 0)
I0805 14:32:07.657684 140130126479680 max_utils.py:836] System Information: Device 2: 2 (Local id: 2, Process index: 0)
I0805 14:32:07.657698 140130126479680 max_utils.py:836] System Information: Device 3: 3 (Local id: 3, Process index: 0)
I0805 14:32:07.657712 140130126479680 max_utils.py:836] System Information: Device 4: 4 (Local id: 4, Process index: 0)
I0805 14:32:07.657729 140130126479680 max_utils.py:836] System Information: Device 5: 5 (Local id: 5, Process index: 0)
I0805 14:32:07.657742 140130126479680 max_utils.py:836] System Information: Device 6: 6 (Local id: 6, Process index: 0)
I0805 14:32:07.657755 140130126479680 max_utils.py:836] System Information: Device 7: 7 (Local id: 7, Process index: 0)
I0805 14:32:07.657778 140130126479680 train_utils.py:355] WARNING: 'base_output_directory' might be pointing your local file system
I0805 14:32:07.657799 140130126479680 train_utils.py:366] WARNING: Sequence packing is essentially ignored for synthetic data. Please use a real dataset to use sequence packing.
I0805 14:32:11.732919 140130126479680 maxtext_utils.py:1975] Num_devices: 8, shape (1, 1, 1, 1, 1, 1, 1, 1, 1, 1, 8, 1)
I0805 14:32:11.733480 140130126479680 maxtext_utils.py:1975] Num_devices: 8, shape (1, 1, 1, 1, 1, 1, 1, 1, 1, 1, 8, 1)
I0805 14:32:11.734455 140130126479680 checkpointing.py:995] Setting up checkpoint logger...
I0805 14:32:11.734634 140130126479680 checkpointing.py:386] Checkpointing disabled, not creating checkpoint manager.
/opt/venv/lib/python3.12/site-packages/transformer_engine/jax/flax/transformer.py:732: UserWarning: The dtype argument is deprecated and will be removed in a future release. DotProductAttention will use the dtype of the inputs instead as this module does not have any parameters. Module dtype specified self.dtype=dtype(bfloat16) matches dtype of inputs so behavior is unchanged. Please remove the dtype argument within the next few releases.
  warnings.warn(
I0805 14:32:12.982336 140130126479680 moe.py:2053] Applying potential token dropping with a batch expert_capacity of 1024
I0805 14:32:13.092282 140130126479680 moe.py:2053] Applying potential token dropping with a batch expert_capacity of 1024
I0805 14:32:13.297934 140130126479680 moe.py:2053] Applying potential token dropping with a batch expert_capacity of 1024
I0805 14:32:13.402311 140130126479680 moe.py:2053] Applying potential token dropping with a batch expert_capacity of 1024
I0805 14:32:13.793056 140130126479680 checkpointing.py:983] No existing checkpoints found, not restoring checkpoint.
I0805 14:32:26.637684 140130126479680 moe.py:2053] Applying potential token dropping with a batch expert_capacity of 1024
I0805 14:32:26.750963 140130126479680 moe.py:2053] Applying potential token dropping with a batch expert_capacity of 1024
I0805 14:32:34.413771 140130126479680 max_utils.py:819] Total memory size: 114.9 GB, Output size: 65.2 GB, Temp size: 49.6 GB, Argument size: 65.2 GB, Host temp size: 0.0 GB.
I0805 14:32:34.415793 140130126479680 metric_logger.py:334] number parameters: 46.703 billion
I0805 14:32:34.511556 140130126479680 train.py:680] ====== BARRIER: Synchronizing hosts before training loop ======
I0805 14:32:34.511921 140130126479680 train.py:682] ====== BARRIER PASSED: Starting training loop ======
I0805 14:32:35.042837 140130126479680 moe.py:2053] Applying potential token dropping with a batch expert_capacity of 1024
I0805 14:32:35.144584 140130126479680 moe.py:2053] Applying potential token dropping with a batch expert_capacity of 1024
E0805 14:32:51.081261  136515 rendezvous.cc:108] [id=4] This thread has been waiting for `[5] [rank=5] [run_id=-1910905979] Initialize clique: devices=8:[0,1,2,3,4,5,6,7]; local_participants=8; communication_id=0; incarnations=[]` for 10 seconds and may be stuck. All 8 threads joined the rendezvous, however the leader has not marked the rendezvous as completed. Leader can be deadlocked inside the rendezvous callback.
E0805 14:32:51.081309  136512 rendezvous.cc:108] [id=0] This thread has been waiting for `[4] [rank=4] [run_id=-1910905979] Initialize clique: devices=8:[0,1,2,3,4,5,6,7]; local_participants=8; communication_id=0; incarnations=[]` for 10 seconds and may be stuck. All 8 threads joined the rendezvous, however the leader has not marked the rendezvous as completed. Leader can be deadlocked inside the rendezvous callback.
E0805 14:32:51.081315  136503 rendezvous.cc:108] [id=6] This thread has been waiting for `[1] [rank=1] [run_id=-1910905979] Initialize clique: devices=8:[0,1,2,3,4,5,6,7]; local_participants=8; communication_id=0; incarnations=[]` for 10 seconds and may be stuck. All 8 threads joined the rendezvous, however the leader has not marked the rendezvous as completed. Leader can be deadlocked inside the rendezvous callback.
E0805 14:32:51.081306  136521 rendezvous.cc:108] [id=2] This thread has been waiting for `[7] [rank=7] [run_id=-1910905979] Initialize clique: devices=8:[0,1,2,3,4,5,6,7]; local_participants=8; communication_id=0; incarnations=[]` for 10 seconds and may be stuck. All 8 threads joined the rendezvous, however the leader has not marked the rendezvous as completed. Leader can be deadlocked inside the rendezvous callback.
E0805 14:32:51.081286  136506 rendezvous.cc:108] [id=3] This thread has been waiting for `[2] [rank=2] [run_id=-1910905979] Initialize clique: devices=8:[0,1,2,3,4,5,6,7]; local_participants=8; communication_id=0; incarnations=[]` for 10 seconds and may be stuck. All 8 threads joined the rendezvous, however the leader has not marked the rendezvous as completed. Leader can be deadlocked inside the rendezvous callback.
E0805 14:32:51.081313  136509 rendezvous.cc:108] [id=5] This thread has been waiting for `[3] [rank=3] [run_id=-1910905979] Initialize clique: devices=8:[0,1,2,3,4,5,6,7]; local_participants=8; communication_id=0; incarnations=[]` for 10 seconds and may be stuck. All 8 threads joined the rendezvous, however the leader has not marked the rendezvous as completed. Leader can be deadlocked inside the rendezvous callback.
E0805 14:32:51.081311  136498 rendezvous.cc:108] [id=1] This thread has been waiting for `[0] [rank=0] [run_id=-1910905979] Initialize clique: devices=8:[0,1,2,3,4,5,6,7]; local_participants=8; communication_id=0; incarnations=[]` for 10 seconds and may be stuck. All 8 threads joined the rendezvous, however the leader has not marked the rendezvous as completed. Leader can be deadlocked inside the rendezvous callback.
E0805 14:32:55.309369  136515 rendezvous.cc:130] [id=4] This thread is unstuck waiting for `[5] [rank=5] [run_id=-1910905979] Initialize clique: devices=8:[0,1,2,3,4,5,6,7]; local_participants=8; communication_id=0; incarnations=[]` after 14.228201107s. All threads joined the rendezvous on time however the leader took long time to complete it. Warning above was a false-positive. Perhaps the timeout is too short.
E0805 14:32:55.309475  136512 rendezvous.cc:130] [id=0] This thread is unstuck waiting for `[4] [rank=4] [run_id=-1910905979] Initialize clique: devices=8:[0,1,2,3,4,5,6,7]; local_participants=8; communication_id=0; incarnations=[]` after 14.228403003s. All threads joined the rendezvous on time however the leader took long time to complete it. Warning above was a false-positive. Perhaps the timeout is too short.
E0805 14:32:55.309480  136506 rendezvous.cc:130] [id=3] This thread is unstuck waiting for `[2] [rank=2] [run_id=-1910905979] Initialize clique: devices=8:[0,1,2,3,4,5,6,7]; local_participants=8; communication_id=0; incarnations=[]` after 14.228337536s. All threads joined the rendezvous on time however the leader took long time to complete it. Warning above was a false-positive. Perhaps the timeout is too short.
E0805 14:32:55.309536  136521 rendezvous.cc:130] [id=2] This thread is unstuck waiting for `[7] [rank=7] [run_id=-1910905979] Initialize clique: devices=8:[0,1,2,3,4,5,6,7]; local_participants=8; communication_id=0; incarnations=[]` after 14.228413544s. All threads joined the rendezvous on time however the leader took long time to complete it. Warning above was a false-positive. Perhaps the timeout is too short.
E0805 14:32:55.309539  136498 rendezvous.cc:130] [id=1] This thread is unstuck waiting for `[0] [rank=0] [run_id=-1910905979] Initialize clique: devices=8:[0,1,2,3,4,5,6,7]; local_participants=8; communication_id=0; incarnations=[]` after 14.228421414s. All threads joined the rendezvous on time however the leader took long time to complete it. Warning above was a false-positive. Perhaps the timeout is too short.
E0805 14:32:55.309540  136509 rendezvous.cc:130] [id=5] This thread is unstuck waiting for `[3] [rank=3] [run_id=-1910905979] Initialize clique: devices=8:[0,1,2,3,4,5,6,7]; local_participants=8; communication_id=0; incarnations=[]` after 14.228366328s. All threads joined the rendezvous on time however the leader took long time to complete it. Warning above was a false-positive. Perhaps the timeout is too short.
E0805 14:32:55.309542  136503 rendezvous.cc:130] [id=6] This thread is unstuck waiting for `[1] [rank=1] [run_id=-1910905979] Initialize clique: devices=8:[0,1,2,3,4,5,6,7]; local_participants=8; communication_id=0; incarnations=[]` after 14.228364972s. All threads joined the rendezvous on time however the leader took long time to complete it. Warning above was a false-positive. Perhaps the timeout is too short.
RCCL version : 2.30.4-HEAD:9e5e408
HIP version  : 7.14.60850-0000000
ROCm version : 7.14.0.0-9999-2b22ab01
Hostname     : dell300x-ccs-aus-f06-01
Librccl path : /opt/rocm/lib/librccl.so.1
[aiter] hipModuleLoad (embedded): hsa/gfx942/fmha_v3_fwd/MI300/fwd_hd128_bf16_causal_rtz.co GetFunction: _ZN5aiter30fmha_fwd_hd128_bf16_causal_rtzE
[aiter] hipModuleGetFunction: _ZN5aiter30fmha_fwd_hd128_bf16_causal_rtzE Success
[aiter] hipModuleLoad (embedded): hsa/gfx942/fmha_v3_fwd/MI300/fwd_hd128_bf16_causal_rtz.co GetFunction: _ZN5aiter30fmha_fwd_hd128_bf16_causal_rtzE
[aiter] hipModuleGetFunction: _ZN5aiter30fmha_fwd_hd128_bf16_causal_rtzE Success
[aiter] hipModuleLoad (embedded): hsa/gfx942/fmha_v3_fwd/MI300/fwd_hd128_bf16_causal_rtz.co GetFunction: _ZN5aiter30fmha_fwd_hd128_bf16_causal_rtzE
[aiter] hipModuleLoad (embedded): hsa/gfx942/fmha_v3_fwd/MI300/fwd_hd128_bf16_causal_rtz.co GetFunction: _ZN5aiter30fmha_fwd_hd128_bf16_causal_rtzE
[aiter] hipModuleGetFunction: _ZN5aiter30fmha_fwd_hd128_bf16_causal_rtzE Success
[aiter] hipModuleGetFunction: _ZN5aiter30fmha_fwd_hd128_bf16_causal_rtzE Success
[aiter] hipModuleLoad (embedded): hsa/gfx942/fmha_v3_fwd/MI300/fwd_hd128_bf16_causal_rtz.co GetFunction: _ZN5aiter30fmha_fwd_hd128_bf16_causal_rtzE
[aiter] hipModuleGetFunction: _ZN5aiter30fmha_fwd_hd128_bf16_causal_rtzE Success
[aiter] hipModuleLoad (embedded): hsa/gfx942/fmha_v3_fwd/MI300/fwd_hd128_bf16_causal_rtz.co GetFunction: _ZN5aiter30fmha_fwd_hd128_bf16_causal_rtzE
[aiter] hipModuleGetFunction: _ZN5aiter30fmha_fwd_hd128_bf16_causal_rtzE Success
[aiter] hipModuleLoad (embedded): hsa/gfx942/fmha_v3_fwd/MI300/fwd_hd128_bf16_causal_rtz.co GetFunction: _ZN5aiter30fmha_fwd_hd128_bf16_causal_rtzE
[aiter] hipModuleLoad (embedded): hsa/gfx942/fmha_v3_fwd/MI300/fwd_hd128_bf16_causal_rtz.co GetFunction: _ZN5aiter30fmha_fwd_hd128_bf16_causal_rtzE
[aiter] hipModuleGetFunction: _ZN5aiter30fmha_fwd_hd128_bf16_causal_rtzE Success
[aiter] hipModuleGetFunction: _ZN5aiter30fmha_fwd_hd128_bf16_causal_rtzE Success
[aiter] hipModuleLoad (embedded): hsa/gfx942/fmha_v3_bwd/bwd_hd128_odo_bf16.co GetFunction: _ZN5aiter23fmha_bwd_hd128_odo_bf16E
[aiter] hipModuleGetFunction: _ZN5aiter23fmha_bwd_hd128_odo_bf16E Success
[aiter] hipModuleLoad (embedded): hsa/gfx942/fmha_v3_bwd/bwd_hd128_bf16_causal_a32_rtz_psskddv.co GetFunction: _ZN5aiter42fmha_bwd_hd128_bf16_causal_a32_rtz_psskddvE
[aiter] hipModuleGetFunction: _ZN5aiter42fmha_bwd_hd128_bf16_causal_a32_rtz_psskddvE Success
[aiter] hipModuleLoad (embedded): hsa/gfx942/fmha_v3_bwd/bwd_hd128_dq_convert_bf16_rtz.co GetFunction: _ZN5aiter34fmha_bwd_hd128_dq_convert_bf16_rtzE
[aiter] hipModuleGetFunction: _ZN5aiter34fmha_bwd_hd128_dq_convert_bf16_rtzE Success
[aiter] hipModuleLoad (embedded): hsa/gfx942/fmha_v3_bwd/bwd_hd128_odo_bf16.co GetFunction: _ZN5aiter23fmha_bwd_hd128_odo_bf16E
[aiter] hipModuleGetFunction: _ZN5aiter23fmha_bwd_hd128_odo_bf16E Success
[aiter] hipModuleLoad (embedded): hsa/gfx942/fmha_v3_bwd/bwd_hd128_bf16_causal_a32_rtz_psskddv.co GetFunction: _ZN5aiter42fmha_bwd_hd128_bf16_causal_a32_rtz_psskddvE
[aiter] hipModuleGetFunction: _ZN5aiter42fmha_bwd_hd128_bf16_causal_a32_rtz_psskddvE Success
[aiter] hipModuleLoad (embedded): hsa/gfx942/fmha_v3_bwd/bwd_hd128_dq_convert_bf16_rtz.co GetFunction: _ZN5aiter34fmha_bwd_hd128_dq_convert_bf16_rtzE
[aiter] hipModuleGetFunction: _ZN5aiter34fmha_bwd_hd128_dq_convert_bf16_rtzE Success
[aiter] hipModuleLoad (embedded): hsa/gfx942/fmha_v3_bwd/bwd_hd128_odo_bf16.co GetFunction: _ZN5aiter23fmha_bwd_hd128_odo_bf16E
[aiter] hipModuleGetFunction: _ZN5aiter23fmha_bwd_hd128_odo_bf16E Success
[aiter] hipModuleLoad (embedded): hsa/gfx942/fmha_v3_bwd/bwd_hd128_bf16_causal_a32_rtz_psskddv.co GetFunction: _ZN5aiter42fmha_bwd_hd128_bf16_causal_a32_rtz_psskddvE
[aiter] hipModuleGetFunction: _ZN5aiter42fmha_bwd_hd128_bf16_causal_a32_rtz_psskddvE Success
[aiter] hipModuleLoad (embedded): hsa/gfx942/fmha_v3_bwd/bwd_hd128_dq_convert_bf16_rtz.co GetFunction: _ZN5aiter34fmha_bwd_hd128_dq_convert_bf16_rtzE
[aiter] hipModuleGetFunction: _ZN5aiter34fmha_bwd_hd128_dq_convert_bf16_rtzE Success
[aiter] hipModuleLoad (embedded): hsa/gfx942/fmha_v3_bwd/bwd_hd128_odo_bf16.co GetFunction: _ZN5aiter23fmha_bwd_hd128_odo_bf16E
[aiter] hipModuleGetFunction: _ZN5aiter23fmha_bwd_hd128_odo_bf16E Success
[aiter] hipModuleLoad (embedded): hsa/gfx942/fmha_v3_bwd/bwd_hd128_bf16_causal_a32_rtz_psskddv.co GetFunction: _ZN5aiter42fmha_bwd_hd128_bf16_causal_a32_rtz_psskddvE
[aiter] hipModuleGetFunction: _ZN5aiter42fmha_bwd_hd128_bf16_causal_a32_rtz_psskddvE Success
[aiter] hipModuleLoad (embedded): hsa/gfx942/fmha_v3_bwd/bwd_hd128_dq_convert_bf16_rtz.co GetFunction: _ZN5aiter34fmha_bwd_hd128_dq_convert_bf16_rtzE
[aiter] hipModuleGetFunction: _ZN5aiter34fmha_bwd_hd128_dq_convert_bf16_rtzE Success
[aiter] hipModuleLoad (embedded): hsa/gfx942/fmha_v3_bwd/bwd_hd128_odo_bf16.co GetFunction: _ZN5aiter23fmha_bwd_hd128_odo_bf16E
[aiter] hipModuleGetFunction: _ZN5aiter23fmha_bwd_hd128_odo_bf16E Success
[aiter] hipModuleLoad (embedded): hsa/gfx942/fmha_v3_bwd/bwd_hd128_bf16_causal_a32_rtz_psskddv.co GetFunction: _ZN5aiter42fmha_bwd_hd128_bf16_causal_a32_rtz_psskddvE
[aiter] hipModuleGetFunction: _ZN5aiter42fmha_bwd_hd128_bf16_causal_a32_rtz_psskddvE Success
[aiter] hipModuleLoad (embedded): hsa/gfx942/fmha_v3_bwd/bwd_hd128_dq_convert_bf16_rtz.co GetFunction: _ZN5aiter34fmha_bwd_hd128_dq_convert_bf16_rtzE
[aiter] hipModuleGetFunction: _ZN5aiter34fmha_bwd_hd128_dq_convert_bf16_rtzE Success
[aiter] hipModuleLoad (embedded): hsa/gfx942/fmha_v3_bwd/bwd_hd128_odo_bf16.co GetFunction: _ZN5aiter23fmha_bwd_hd128_odo_bf16E
[aiter] hipModuleGetFunction: _ZN5aiter23fmha_bwd_hd128_odo_bf16E Success
[aiter] hipModuleLoad (embedded): hsa/gfx942/fmha_v3_bwd/bwd_hd128_bf16_causal_a32_rtz_psskddv.co GetFunction: _ZN5aiter42fmha_bwd_hd128_bf16_causal_a32_rtz_psskddvE
[aiter] hipModuleGetFunction: _ZN5aiter42fmha_bwd_hd128_bf16_causal_a32_rtz_psskddvE Success
[aiter] hipModuleLoad (embedded): hsa/gfx942/fmha_v3_bwd/bwd_hd128_dq_convert_bf16_rtz.co GetFunction: _ZN5aiter34fmha_bwd_hd128_dq_convert_bf16_rtzE
[aiter] hipModuleGetFunction: _ZN5aiter34fmha_bwd_hd128_dq_convert_bf16_rtzE Success
[aiter] hipModuleLoad (embedded): hsa/gfx942/fmha_v3_bwd/bwd_hd128_odo_bf16.co GetFunction: _ZN5aiter23fmha_bwd_hd128_odo_bf16E
[aiter] hipModuleGetFunction: _ZN5aiter23fmha_bwd_hd128_odo_bf16E Success
[aiter] hipModuleLoad (embedded): hsa/gfx942/fmha_v3_bwd/bwd_hd128_bf16_causal_a32_rtz_psskddv.co GetFunction: _ZN5aiter42fmha_bwd_hd128_bf16_causal_a32_rtz_psskddvE
[aiter] hipModuleGetFunction: _ZN5aiter42fmha_bwd_hd128_bf16_causal_a32_rtz_psskddvE Success
[aiter] hipModuleLoad (embedded): hsa/gfx942/fmha_v3_bwd/bwd_hd128_dq_convert_bf16_rtz.co GetFunction: _ZN5aiter34fmha_bwd_hd128_dq_convert_bf16_rtzE
[aiter] hipModuleGetFunction: _ZN5aiter34fmha_bwd_hd128_dq_convert_bf16_rtzE Success
[aiter] hipModuleLoad (embedded): hsa/gfx942/fmha_v3_bwd/bwd_hd128_odo_bf16.co GetFunction: _ZN5aiter23fmha_bwd_hd128_odo_bf16E
[aiter] hipModuleGetFunction: _ZN5aiter23fmha_bwd_hd128_odo_bf16E Success
[aiter] hipModuleLoad (embedded): hsa/gfx942/fmha_v3_bwd/bwd_hd128_bf16_causal_a32_rtz_psskddv.co GetFunction: _ZN5aiter42fmha_bwd_hd128_bf16_causal_a32_rtz_psskddvE
[aiter] hipModuleGetFunction: _ZN5aiter42fmha_bwd_hd128_bf16_causal_a32_rtz_psskddvE Success
[aiter] hipModuleLoad (embedded): hsa/gfx942/fmha_v3_bwd/bwd_hd128_dq_convert_bf16_rtz.co GetFunction: _ZN5aiter34fmha_bwd_hd128_dq_convert_bf16_rtzE
[aiter] hipModuleGetFunction: _ZN5aiter34fmha_bwd_hd128_dq_convert_bf16_rtzE Success
I0805 14:33:10.809133 140130126479680 max_utils.py:778] 
Memstats: After params initialized:
I0805 14:33:10.809425 140130126479680 max_utils.py:784] 	Using (GB) 65.25 / 172.79 (37.762602%) on rocm:0
I0805 14:33:10.809472 140130126479680 max_utils.py:784] 	Using (GB) 65.25 / 172.79 (37.762602%) on rocm:1
I0805 14:33:10.809505 140130126479680 max_utils.py:784] 	Using (GB) 65.25 / 172.79 (37.762602%) on rocm:2
I0805 14:33:10.809535 140130126479680 max_utils.py:784] 	Using (GB) 65.25 / 172.79 (37.762602%) on rocm:3
I0805 14:33:10.809562 140130126479680 max_utils.py:784] 	Using (GB) 65.25 / 172.79 (37.762602%) on rocm:4
I0805 14:33:10.809589 140130126479680 max_utils.py:784] 	Using (GB) 65.25 / 172.79 (37.762602%) on rocm:5
I0805 14:33:10.809614 140130126479680 max_utils.py:784] 	Using (GB) 65.25 / 172.79 (37.762602%) on rocm:6
I0805 14:33:10.809640 140130126479680 max_utils.py:784] 	Using (GB) 65.25 / 172.79 (37.762602%) on rocm:7
I0805 14:33:16.316273 140130126479680 metric_logger.py:207] completed step: 0, seconds: 36.297, TFLOP/s/device: 35.981, Tokens/s/device: 451.386, total_weights: 131072, loss: 10.872, lm_loss: 10.872, perplexity: 52682.562, moe_lb_loss: 0.000
I0805 14:33:16.320068 140130126479680 metric_logger.py:314] To see full metrics 'tensorboard --logdir=/root/work/scale-your-amd/runs/20260805-maxtext-moe-b4-unsharded/maxtext/moe-b4-unsharded/tensorboard/'
I0805 14:33:21.383202 140130126479680 metric_logger.py:207] completed step: 1, seconds: 5.504, TFLOP/s/device: 237.275, Tokens/s/device: 2976.628, total_weights: 131072, loss: 10.872, lm_loss: 10.872, perplexity: 52682.562, moe_lb_loss: 0.000
I0805 14:33:26.445791 140130126479680 metric_logger.py:207] completed step: 2, seconds: 5.068, TFLOP/s/device: 257.711, Tokens/s/device: 3232.999, total_weights: 131072, loss: 10.514, lm_loss: 10.514, perplexity: 36845.902, moe_lb_loss: 0.000
I0805 14:33:31.514434 140130126479680 metric_logger.py:207] completed step: 3, seconds: 5.062, TFLOP/s/device: 257.987, Tokens/s/device: 3236.456, total_weights: 131072, loss: 10.342, lm_loss: 10.342, perplexity: 31020.969, moe_lb_loss: 0.000
I0805 14:33:36.593259 140130126479680 metric_logger.py:207] completed step: 4, seconds: 5.069, TFLOP/s/device: 257.646, Tokens/s/device: 3232.177, total_weights: 131072, loss: 10.213, lm_loss: 10.213, perplexity: 27257.168, moe_lb_loss: 0.000
I0805 14:33:41.677022 140130126479680 metric_logger.py:207] completed step: 5, seconds: 5.079, TFLOP/s/device: 257.164, Tokens/s/device: 3226.130, total_weights: 131072, loss: 10.102, lm_loss: 10.102, perplexity: 24403.244, moe_lb_loss: 0.000
I0805 14:33:46.769357 140130126479680 metric_logger.py:207] completed step: 6, seconds: 5.084, TFLOP/s/device: 256.906, Tokens/s/device: 3222.891, total_weights: 131072, loss: 10.008, lm_loss: 10.008, perplexity: 22194.184, moe_lb_loss: 0.000
I0805 14:33:51.867206 140130126479680 metric_logger.py:207] completed step: 7, seconds: 5.092, TFLOP/s/device: 256.464, Tokens/s/device: 3217.354, total_weights: 131072, loss: 9.927, lm_loss: 9.927, perplexity: 20468.949, moe_lb_loss: 0.000
I0805 14:33:56.974875 140130126479680 metric_logger.py:207] completed step: 8, seconds: 5.098, TFLOP/s/device: 256.191, Tokens/s/device: 3213.924, total_weights: 131072, loss: 9.858, lm_loss: 9.858, perplexity: 19109.131, moe_lb_loss: 0.000
I0805 14:34:02.091455 140130126479680 metric_logger.py:207] completed step: 9, seconds: 5.108, TFLOP/s/device: 255.694, Tokens/s/device: 3207.692, total_weights: 131072, loss: 9.800, lm_loss: 9.800, perplexity: 18031.564, moe_lb_loss: 0.000
I0805 14:34:07.210621 140130126479680 metric_logger.py:207] completed step: 10, seconds: 5.117, TFLOP/s/device: 255.240, Tokens/s/device: 3201.996, total_weights: 131072, loss: 9.752, lm_loss: 9.752, perplexity: 17186.045, moe_lb_loss: 0.000
I0805 14:34:12.335833 140130126479680 metric_logger.py:207] completed step: 11, seconds: 5.119, TFLOP/s/device: 255.139, Tokens/s/device: 3200.735, total_weights: 131072, loss: 9.713, lm_loss: 9.713, perplexity: 16531.520, moe_lb_loss: 0.000
I0805 14:34:17.463023 140130126479680 metric_logger.py:207] completed step: 12, seconds: 5.125, TFLOP/s/device: 254.824, Tokens/s/device: 3196.778, total_weights: 131072, loss: 9.683, lm_loss: 9.683, perplexity: 16036.260, moe_lb_loss: 0.000
I0805 14:34:22.600590 140130126479680 metric_logger.py:207] completed step: 13, seconds: 5.128, TFLOP/s/device: 254.707, Tokens/s/device: 3195.305, total_weights: 131072, loss: 9.659, lm_loss: 9.659, perplexity: 15669.412, moe_lb_loss: 0.000
I0805 14:34:27.740635 140130126479680 metric_logger.py:207] completed step: 14, seconds: 5.137, TFLOP/s/device: 254.217, Tokens/s/device: 3189.165, total_weights: 131072, loss: 9.642, lm_loss: 9.642, perplexity: 15397.231, moe_lb_loss: 0.000
I0805 14:34:27.749038 140130126479680 metric_logger.py:207] completed step: 15, seconds: 5.140, TFLOP/s/device: 254.095, Tokens/s/device: 3187.629, total_weights: 131072, loss: 9.628, lm_loss: 9.628, perplexity: 15184.433, moe_lb_loss: 0.000
Per train step:
 Total TFLOPs: 1306.01 
 split as 95.96% learnable weight flops and 4.04% attention flops
