WARNING: All log messages before absl::InitializeLog() is called are written to STDERR
I0000 00:00:1785946309.813660  183584 port.cc:153] oneDNN custom operations are on. You may see slightly different numerical results due to floating-point round-off errors from different computation orders. To turn them off, set the environment variable `TF_ENABLE_ONEDNN_OPTS=0`.
WARNING: All log messages before absl::InitializeLog() is called are written to STDERR
I0000 00:00:1785946310.800730  183584 port.cc:153] oneDNN custom operations are on. You may see slightly different numerical results due to floating-point round-off errors from different computation orders. To turn them off, set the environment variable `TF_ENABLE_ONEDNN_OPTS=0`.
[transformers] PyTorch was not found. Models won't be available and only tokenizers, configuration and file/data utilities can be used.
[transformers] DeepseekV32Config got `key=rope_scaling` in kwargs but hasn't set it as attribute. For RoPE standardization you need to set `self.rope_parameters` in model's config. 
W0805 16:11:54.143626 140144330834240 pyconfig.py:294] tokenizer_path not found in HF_IDS in maxtext/src/maxtext/utils/globals.py.           Using the default src/maxtext/assets/tokenizers/tokenizer.llama2 instead.           Please pass tokenizer_path in your command if this is not intended.
I0805 16:11:54.143836 140144330834240 max_utils.py:260] Attempting to initialize the jax distributed system for GPU backend...
I0805 16:11:54.143875 140144330834240 max_utils.py:262] Jax distributed system initialized on GPU!
I0805 16:11:55.515070 140144330834240 pyconfig.py:559] Config param abort_on_inf_loss: True
I0805 16:11:55.515202 140144330834240 pyconfig.py:559] Config param abort_on_nan_loss: True
I0805 16:11:55.515244 140144330834240 pyconfig.py:559] Config param act_quantization_calibration_method: absmax
I0805 16:11:55.515271 140144330834240 pyconfig.py:559] Config param activation_dropout_for_audio: 0.0
I0805 16:11:55.515298 140144330834240 pyconfig.py:559] Config param activation_function_for_audio: gelu
I0805 16:11:55.515320 140144330834240 pyconfig.py:559] Config param activations_in_float32: False
I0805 16:11:55.515340 140144330834240 pyconfig.py:559] Config param adam_b1: 0.9
I0805 16:11:55.515366 140144330834240 pyconfig.py:559] Config param adam_b2: 0.95
I0805 16:11:55.515388 140144330834240 pyconfig.py:559] Config param adam_eps: 1e-08
I0805 16:11:55.515411 140144330834240 pyconfig.py:559] Config param adam_eps_root: 0.0
I0805 16:11:55.515432 140144330834240 pyconfig.py:559] Config param adam_weight_decay: 0.1
I0805 16:11:55.515452 140144330834240 pyconfig.py:559] Config param adamw_mask: []
I0805 16:11:55.515473 140144330834240 pyconfig.py:559] Config param add_bos: True
I0805 16:11:55.515492 140144330834240 pyconfig.py:559] Config param add_eos: True
I0805 16:11:55.515510 140144330834240 pyconfig.py:559] Config param allow_split_physical_axes: False
I0805 16:11:55.515529 140144330834240 pyconfig.py:559] Config param ar_cache_axis_order: 1,2,0,3
I0805 16:11:55.515547 140144330834240 pyconfig.py:559] Config param async_checkpointing: False
I0805 16:11:55.515566 140144330834240 pyconfig.py:559] Config param async_scheduling: False
I0805 16:11:55.515584 140144330834240 pyconfig.py:559] Config param attention: cudnn_flash_te
I0805 16:11:55.515602 140144330834240 pyconfig.py:559] Config param attention_bias: False
I0805 16:11:55.515621 140144330834240 pyconfig.py:559] Config param attention_dropout_for_audio: 0.0
I0805 16:11:55.515640 140144330834240 pyconfig.py:559] Config param attention_for_vit: dot_product
I0805 16:11:55.515661 140144330834240 pyconfig.py:559] Config param attention_out: RematLocation.REMAT
I0805 16:11:55.515685 140144330834240 pyconfig.py:559] Config param attention_output_dim: -1
I0805 16:11:55.515706 140144330834240 pyconfig.py:559] Config param attention_sink: False
I0805 16:11:55.515727 140144330834240 pyconfig.py:559] Config param attention_type: global
I0805 16:11:55.515746 140144330834240 pyconfig.py:559] Config param attn_logits_soft_cap: None
I0805 16:11:55.515765 140144330834240 pyconfig.py:559] Config param attn_module_name: None
I0805 16:11:55.515784 140144330834240 pyconfig.py:559] Config param audio_path: 
I0805 16:11:55.515803 140144330834240 pyconfig.py:559] Config param audio_placeholder: <|audio|>
I0805 16:11:55.515820 140144330834240 pyconfig.py:559] Config param autoregressive_decode_assert: 
I0805 16:11:55.515839 140144330834240 pyconfig.py:559] Config param base_config: None
I0805 16:11:55.515857 140144330834240 pyconfig.py:559] Config param base_emb_dim: 4096
I0805 16:11:55.515876 140144330834240 pyconfig.py:559] Config param base_mlp_dim: 14336
I0805 16:11:55.515894 140144330834240 pyconfig.py:559] Config param base_moe_mlp_dim: -1
I0805 16:11:55.515911 140144330834240 pyconfig.py:559] Config param base_num_decoder_layers: 32
I0805 16:11:55.515929 140144330834240 pyconfig.py:559] Config param base_num_kv_heads: 8
I0805 16:11:55.515948 140144330834240 pyconfig.py:559] Config param base_num_query_heads: 32
I0805 16:11:55.515966 140144330834240 pyconfig.py:559] Config param base_output_directory: /root/work/scale-your-amd/runs/20260805-maxtext-cap-checkpoint/maxtext
I0805 16:11:55.515985 140144330834240 pyconfig.py:559] Config param batch_size: 1
I0805 16:11:55.516003 140144330834240 pyconfig.py:559] Config param batch_split_factor: 1
I0805 16:11:55.516021 140144330834240 pyconfig.py:559] Config param beta_fast: 32
I0805 16:11:55.516041 140144330834240 pyconfig.py:559] Config param beta_slow: 1
I0805 16:11:55.516058 140144330834240 pyconfig.py:559] Config param bwd_quantization_calibration_method: absmax
I0805 16:11:55.516077 140144330834240 pyconfig.py:559] Config param capacity_factor: -1.0
I0805 16:11:55.516096 140144330834240 pyconfig.py:559] Config param cast_logits_to_fp32: True
I0805 16:11:55.516113 140144330834240 pyconfig.py:559] Config param chat_template: 
I0805 16:11:55.516131 140144330834240 pyconfig.py:559] Config param chat_template_path: 
I0805 16:11:55.516151 140144330834240 pyconfig.py:559] Config param check_vma: False
I0805 16:11:55.516169 140144330834240 pyconfig.py:559] Config param checkpoint_conversion_fn: None
I0805 16:11:55.516190 140144330834240 pyconfig.py:559] Config param checkpoint_dir: /root/work/scale-your-amd/runs/20260805-maxtext-cap-checkpoint/maxtext/cap-checkpoint/checkpoints/
I0805 16:11:55.516211 140144330834240 pyconfig.py:559] Config param checkpoint_is_quantized: False
I0805 16:11:55.516230 140144330834240 pyconfig.py:559] Config param checkpoint_period: 5
I0805 16:11:55.516250 140144330834240 pyconfig.py:559] Config param checkpoint_storage_concurrent_gb: 96
I0805 16:11:55.516268 140144330834240 pyconfig.py:559] Config param checkpoint_storage_target_data_file_size_bytes: 2147483648
I0805 16:11:55.516287 140144330834240 pyconfig.py:559] Config param checkpoint_storage_use_ocdbt: True
I0805 16:11:55.516305 140144330834240 pyconfig.py:559] Config param checkpoint_storage_use_zarr3: True
I0805 16:11:55.516322 140144330834240 pyconfig.py:559] Config param checkpoint_todelete_full_path: None
I0805 16:11:55.516340 140144330834240 pyconfig.py:559] Config param checkpoint_todelete_subdir: None
I0805 16:11:55.516357 140144330834240 pyconfig.py:559] Config param chips_per_vm: 4
I0805 16:11:55.516375 140144330834240 pyconfig.py:559] Config param chunk_attn_window_size: 0
I0805 16:11:55.516393 140144330834240 pyconfig.py:559] Config param colocated_python_checkpointing: False
I0805 16:11:55.516411 140144330834240 pyconfig.py:559] Config param colocated_python_data_input: False
I0805 16:11:55.516428 140144330834240 pyconfig.py:559] Config param compile_topology: 
I0805 16:11:55.516445 140144330834240 pyconfig.py:559] Config param compile_topology_num_slices: -1
I0805 16:11:55.516463 140144330834240 pyconfig.py:559] Config param compile_xla_flags: 
I0805 16:11:55.516480 140144330834240 pyconfig.py:559] Config param compiled_trainstep_file: 
I0805 16:11:55.516498 140144330834240 pyconfig.py:559] Config param compress_ratios: []
I0805 16:11:55.516516 140144330834240 pyconfig.py:559] Config param compressed_rope_max_timescale: 160000
I0805 16:11:55.516534 140144330834240 pyconfig.py:559] Config param compute_axis_order: 0,1,2,3
I0805 16:11:55.516552 140144330834240 pyconfig.py:559] Config param constant_bound_config: []
I0805 16:11:55.516569 140144330834240 pyconfig.py:559] Config param context: RematLocation.REMAT
I0805 16:11:55.516589 140144330834240 pyconfig.py:559] Config param context_parallel_load_balance: True
I0805 16:11:55.516607 140144330834240 pyconfig.py:559] Config param context_parallel_reorder_strategy: ReorderStrategy.AUTO
I0805 16:11:55.516627 140144330834240 pyconfig.py:559] Config param context_parallel_size: 1
I0805 16:11:55.516645 140144330834240 pyconfig.py:559] Config param context_parallel_strategy: all_gather
I0805 16:11:55.516663 140144330834240 pyconfig.py:559] Config param context_sharding: context
I0805 16:11:55.516680 140144330834240 pyconfig.py:559] Config param conv_chunksize_for_audio: 500
I0805 16:11:55.516698 140144330834240 pyconfig.py:559] Config param conv_stride_for_vit: 14
I0805 16:11:55.516716 140144330834240 pyconfig.py:559] Config param convert_checkpoint_if_possible: False
I0805 16:11:55.516734 140144330834240 pyconfig.py:559] Config param cost_estimate_flops_bwd: -1
I0805 16:11:55.516751 140144330834240 pyconfig.py:559] Config param cost_estimate_flops_fwd: -1
I0805 16:11:55.516768 140144330834240 pyconfig.py:559] Config param custom_mesh: 
I0805 16:11:55.516786 140144330834240 pyconfig.py:559] Config param custom_mesh_and_rule: CustomRule.DEFAULT
I0805 16:11:55.516806 140144330834240 pyconfig.py:559] Config param d_model_for_audio: 256
I0805 16:11:55.516823 140144330834240 pyconfig.py:559] Config param data_sharding: (('data', 'stage', 'fsdp', 'fsdp_transpose', 'context', 'context_autoregressive', 'tensor', 'tensor_transpose', 'tensor_sequence', 'expert', 'autoregressive'),)
I0805 16:11:55.516846 140144330834240 pyconfig.py:559] Config param data_shuffle_seed: 0
I0805 16:11:55.516864 140144330834240 pyconfig.py:559] Config param data_template_path: 
I0805 16:11:55.516881 140144330834240 pyconfig.py:559] Config param dataset_name: c4/en:3.1.0
I0805 16:11:55.516899 140144330834240 pyconfig.py:559] Config param dataset_path: 
I0805 16:11:55.516916 140144330834240 pyconfig.py:559] Config param dataset_processor_path: 
I0805 16:11:55.516933 140144330834240 pyconfig.py:559] Config param dataset_type: DatasetType.SYNTHETIC
I0805 16:11:55.516952 140144330834240 pyconfig.py:559] Config param dcn_autoregressive_parallelism: 1
I0805 16:11:55.516970 140144330834240 pyconfig.py:559] Config param dcn_context_autoregressive_parallelism: 1
I0805 16:11:55.516989 140144330834240 pyconfig.py:559] Config param dcn_context_parallelism: 1
I0805 16:11:55.517007 140144330834240 pyconfig.py:559] Config param dcn_data_parallelism: -1
I0805 16:11:55.517024 140144330834240 pyconfig.py:559] Config param dcn_diloco_parallelism: 1
I0805 16:11:55.517042 140144330834240 pyconfig.py:559] Config param dcn_expert_parallelism: 1
I0805 16:11:55.517059 140144330834240 pyconfig.py:559] Config param dcn_fsdp_parallelism: 1
I0805 16:11:55.517076 140144330834240 pyconfig.py:559] Config param dcn_fsdp_transpose_parallelism: 1
I0805 16:11:55.517094 140144330834240 pyconfig.py:559] Config param dcn_parallelism: [1, -1, 1, 1, 1, 1, 1, 1, 1, 1, 1, 1]
I0805 16:11:55.517113 140144330834240 pyconfig.py:559] Config param dcn_pipeline_parallelism: 1
I0805 16:11:55.517131 140144330834240 pyconfig.py:559] Config param dcn_sequence_parallelism: 1
I0805 16:11:55.517148 140144330834240 pyconfig.py:559] Config param dcn_tensor_parallelism: 1
I0805 16:11:55.517166 140144330834240 pyconfig.py:559] Config param dcn_tensor_sequence_parallelism: 1
I0805 16:11:55.517183 140144330834240 pyconfig.py:559] Config param dcn_tensor_transpose_parallelism: 1
I0805 16:11:55.517200 140144330834240 pyconfig.py:559] Config param debug: {'rl': False}
I0805 16:11:55.517219 140144330834240 pyconfig.py:559] Config param debug_converter: False
I0805 16:11:55.517237 140144330834240 pyconfig.py:559] Config param debug_sharding: False
I0805 16:11:55.517255 140144330834240 pyconfig.py:559] Config param decode_sampling_nucleus_p: -1
I0805 16:11:55.517272 140144330834240 pyconfig.py:559] Config param decode_sampling_strategy: SamplingStrategy.GREEDY
I0805 16:11:55.517291 140144330834240 pyconfig.py:559] Config param decode_sampling_temperature: 1.0
I0805 16:11:55.517309 140144330834240 pyconfig.py:559] Config param decode_sampling_top_k: 0
I0805 16:11:55.517327 140144330834240 pyconfig.py:559] Config param decoder_block: DecoderBlockType.LLAMA2
I0805 16:11:55.517346 140144330834240 pyconfig.py:559] Config param decoder_layer_input: RematLocation.DEVICE
I0805 16:11:55.517364 140144330834240 pyconfig.py:559] Config param deepstack_visual_indexes_for_vit: []
I0805 16:11:55.517384 140144330834240 pyconfig.py:559] Config param degenerate_group_masking: True
I0805 16:11:55.517401 140144330834240 pyconfig.py:559] Config param dense_init_scale: 1.0
I0805 16:11:55.517421 140144330834240 pyconfig.py:559] Config param diloco_outer_lr: 0.3
I0805 16:11:55.517440 140144330834240 pyconfig.py:559] Config param diloco_outer_momentum: 0.9
I0805 16:11:55.517457 140144330834240 pyconfig.py:559] Config param diloco_sync_period: 36
I0805 16:11:55.517475 140144330834240 pyconfig.py:559] Config param distill_alpha: 0.5
I0805 16:11:55.517494 140144330834240 pyconfig.py:559] Config param distill_alpha_end: None
I0805 16:11:55.517512 140144330834240 pyconfig.py:559] Config param distill_alpha_schedule: constant
I0805 16:11:55.517529 140144330834240 pyconfig.py:559] Config param distill_beta: 0.0
I0805 16:11:55.517547 140144330834240 pyconfig.py:559] Config param distill_beta_end: None
I0805 16:11:55.517564 140144330834240 pyconfig.py:559] Config param distill_beta_schedule: constant
I0805 16:11:55.517582 140144330834240 pyconfig.py:559] Config param distill_feature_loss_type: cosine
I0805 16:11:55.517599 140144330834240 pyconfig.py:559] Config param distill_layer_indices: None
I0805 16:11:55.517616 140144330834240 pyconfig.py:559] Config param distill_student_weights_share_map: {}
I0805 16:11:55.517634 140144330834240 pyconfig.py:559] Config param distill_temperature: 1.0
I0805 16:11:55.517652 140144330834240 pyconfig.py:559] Config param distill_temperature_end: None
I0805 16:11:55.517669 140144330834240 pyconfig.py:559] Config param distill_temperature_schedule: constant
I0805 16:11:55.517686 140144330834240 pyconfig.py:559] Config param distill_weights_copy_map: {}
I0805 16:11:55.517704 140144330834240 pyconfig.py:559] Config param downsample_hidden_size_for_audio: 256
I0805 16:11:55.517721 140144330834240 pyconfig.py:559] Config param dpo: {'algo': 'dpo', 'dpo_beta': 0.1, 'orpo_lambda': 0.1, 'dpo_label_smoothing': 0.0, 'max_prompt_length': None}
I0805 16:11:55.517752 140144330834240 pyconfig.py:559] Config param dq_reduction_steps: 0
I0805 16:11:55.517771 140144330834240 pyconfig.py:559] Config param dropout_rate: 0.0
I0805 16:11:55.517789 140144330834240 pyconfig.py:559] Config param dtype: bfloat16
I0805 16:11:55.517827 140144330834240 pyconfig.py:559] Config param dtype_mm: float32
I0805 16:11:55.517848 140144330834240 pyconfig.py:559] Config param dump_hlo: False
I0805 16:11:55.517866 140144330834240 pyconfig.py:559] Config param dump_hlo_delete_local_after: True
I0805 16:11:55.517885 140144330834240 pyconfig.py:559] Config param dump_hlo_gcs_dir: /root/work/scale-your-amd/runs/20260805-maxtext-cap-checkpoint/maxtext/cap-checkpoint/xla_dump
I0805 16:11:55.517903 140144330834240 pyconfig.py:559] Config param dump_hlo_local_dir: /tmp/xla_dump/
I0805 16:11:55.517923 140144330834240 pyconfig.py:559] Config param dump_hlo_local_module_name: jit_train_step
I0805 16:11:55.517941 140144330834240 pyconfig.py:559] Config param dump_hlo_module_name: jit_train_step
I0805 16:11:55.517959 140144330834240 pyconfig.py:559] Config param dump_hlo_upload_all: False
I0805 16:11:55.517976 140144330834240 pyconfig.py:559] Config param dump_hlo_xla_flags: 
I0805 16:11:55.517995 140144330834240 pyconfig.py:559] Config param dump_jaxpr: False
I0805 16:11:55.518012 140144330834240 pyconfig.py:559] Config param dump_jaxpr_delete_local_after: True
I0805 16:11:55.518030 140144330834240 pyconfig.py:559] Config param dump_jaxpr_gcs_dir: /root/work/scale-your-amd/runs/20260805-maxtext-cap-checkpoint/maxtext/cap-checkpoint/jaxpr_dump
I0805 16:11:55.518047 140144330834240 pyconfig.py:559] Config param dump_jaxpr_local_dir: /tmp/jaxpr_dump/
I0805 16:11:55.518064 140144330834240 pyconfig.py:559] Config param dump_step: -1
I0805 16:11:55.518083 140144330834240 pyconfig.py:559] Config param elastic_enabled: False
I0805 16:11:55.518100 140144330834240 pyconfig.py:559] Config param elastic_max_retries: 10
I0805 16:11:55.518118 140144330834240 pyconfig.py:559] Config param elastic_min_slice_count: -1
I0805 16:11:55.518136 140144330834240 pyconfig.py:559] Config param elastic_timeout_seconds: 300
I0805 16:11:55.518153 140144330834240 pyconfig.py:559] Config param emb_dim: 4096
I0805 16:11:55.518171 140144330834240 pyconfig.py:559] Config param enable_autocheckpoint: False
I0805 16:11:55.518188 140144330834240 pyconfig.py:559] Config param enable_checkpoint_cloud_logger: False
I0805 16:11:55.518205 140144330834240 pyconfig.py:559] Config param enable_checkpointing: True
I0805 16:11:55.518222 140144330834240 pyconfig.py:559] Config param enable_continuous_checkpointing: False
I0805 16:11:55.518239 140144330834240 pyconfig.py:559] Config param enable_data_shuffling: True
I0805 16:11:55.518256 140144330834240 pyconfig.py:559] Config param enable_diloco: False
I0805 16:11:55.518274 140144330834240 pyconfig.py:559] Config param enable_dp_attention: False
I0805 16:11:55.518292 140144330834240 pyconfig.py:559] Config param enable_dropout: False
I0805 16:11:55.518309 140144330834240 pyconfig.py:559] Config param enable_emergency_checkpoint: False
I0805 16:11:55.518326 140144330834240 pyconfig.py:559] Config param enable_expert_parallel: False
I0805 16:11:55.518344 140144330834240 pyconfig.py:559] Config param enable_gcp_goodput_metrics: True
I0805 16:11:55.518361 140144330834240 pyconfig.py:559] Config param enable_gcp_step_deviation_metrics: True
I0805 16:11:55.518379 140144330834240 pyconfig.py:559] Config param enable_goodput_recording: False
I0805 16:11:55.518396 140144330834240 pyconfig.py:559] Config param enable_jax_profiler: False
I0805 16:11:55.518413 140144330834240 pyconfig.py:559] Config param enable_llm_inference_pool: False
I0805 16:11:55.518431 140144330834240 pyconfig.py:559] Config param enable_mhc_lite: False
I0805 16:11:55.518447 140144330834240 pyconfig.py:559] Config param enable_model_warmup: False
I0805 16:11:55.518465 140144330834240 pyconfig.py:559] Config param enable_multi_tier_checkpointing: False
I0805 16:11:55.518482 140144330834240 pyconfig.py:559] Config param enable_nnx: False
I0805 16:11:55.518499 140144330834240 pyconfig.py:559] Config param enable_orbax_v1: False
I0805 16:11:55.518517 140144330834240 pyconfig.py:559] Config param enable_padding_causal_mask: True
I0805 16:11:55.518535 140144330834240 pyconfig.py:559] Config param enable_pathways_goodput: False
I0805 16:11:55.518552 140144330834240 pyconfig.py:559] Config param enable_prefix_caching: False
I0805 16:11:55.518568 140144330834240 pyconfig.py:559] Config param enable_rampup_batch_size: False
I0805 16:11:55.518601 140144330834240 pyconfig.py:559] Config param enable_single_controller: False
I0805 16:11:55.518619 140144330834240 pyconfig.py:559] Config param enable_single_replica_ckpt_restoring: False
I0805 16:11:55.518636 140144330834240 pyconfig.py:559] Config param enable_tensorboard: True
I0805 16:11:55.518653 140144330834240 pyconfig.py:559] Config param enable_tpu_profiling_options: False
I0805 16:11:55.518670 140144330834240 pyconfig.py:559] Config param enable_tunix_perf_metrics: False
I0805 16:11:55.518687 140144330834240 pyconfig.py:559] Config param encoder_attention_heads_for_audio: 4
I0805 16:11:55.518705 140144330834240 pyconfig.py:559] Config param encoder_ffn_dim_for_audio: 512
I0805 16:11:55.518722 140144330834240 pyconfig.py:559] Config param encoder_layers_for_audio: 2
I0805 16:11:55.518739 140144330834240 pyconfig.py:559] Config param engram: RematLocation.REMAT
I0805 16:11:55.518757 140144330834240 pyconfig.py:559] Config param engram_head_dim: 1280
I0805 16:11:55.518774 140144330834240 pyconfig.py:559] Config param engram_kernel_size: 4
I0805 16:11:55.518795 140144330834240 pyconfig.py:559] Config param engram_layers: []
I0805 16:11:55.518812 140144330834240 pyconfig.py:559] Config param engram_max_ngram_size: 3
I0805 16:11:55.518829 140144330834240 pyconfig.py:559] Config param engram_num_heads: 8
I0805 16:11:55.518847 140144330834240 pyconfig.py:559] Config param engram_seed: 0
I0805 16:11:55.518863 140144330834240 pyconfig.py:559] Config param engram_vocab_bases: []
I0805 16:11:55.518881 140144330834240 pyconfig.py:559] Config param epsilon_high: None
I0805 16:11:55.518899 140144330834240 pyconfig.py:559] Config param eval_batch_size: -1
I0805 16:11:55.518916 140144330834240 pyconfig.py:559] Config param eval_corr_lst: False
I0805 16:11:55.518934 140144330834240 pyconfig.py:559] Config param eval_data_columns: ['text']
I0805 16:11:55.518952 140144330834240 pyconfig.py:559] Config param eval_dataset_name: c4/en:3.1.0
I0805 16:11:55.518970 140144330834240 pyconfig.py:559] Config param eval_image_column: image
I0805 16:11:55.518988 140144330834240 pyconfig.py:559] Config param eval_interval: -1
I0805 16:11:55.519006 140144330834240 pyconfig.py:559] Config param eval_make_lst: False
I0805 16:11:55.519023 140144330834240 pyconfig.py:559] Config param eval_mode: pass
I0805 16:11:55.519041 140144330834240 pyconfig.py:559] Config param eval_per_device_batch_size: 4.0
I0805 16:11:55.519059 140144330834240 pyconfig.py:559] Config param eval_sampling_strategy: greedy
I0805 16:11:55.519076 140144330834240 pyconfig.py:559] Config param eval_split: validation
I0805 16:11:55.519093 140144330834240 pyconfig.py:559] Config param eval_steps: -1
I0805 16:11:55.519110 140144330834240 pyconfig.py:559] Config param expansion_factor_real_data: -1.0
I0805 16:11:55.519127 140144330834240 pyconfig.py:559] Config param expert_balance: False
I0805 16:11:55.519143 140144330834240 pyconfig.py:559] Config param final_logits_soft_cap: None
I0805 16:11:55.519160 140144330834240 pyconfig.py:559] Config param first_num_dense_layers: 0
I0805 16:11:55.519176 140144330834240 pyconfig.py:559] Config param first_num_hash_layers: 0
I0805 16:11:55.519193 140144330834240 pyconfig.py:559] Config param float32_gate_logits: False
I0805 16:11:55.519210 140144330834240 pyconfig.py:559] Config param float32_logits: False
I0805 16:11:55.519226 140144330834240 pyconfig.py:559] Config param float32_qk_product: False
I0805 16:11:55.519243 140144330834240 pyconfig.py:559] Config param float32_weight_sum: True
I0805 16:11:55.519259 140144330834240 pyconfig.py:559] Config param force_q_layout: False
I0805 16:11:55.519276 140144330834240 pyconfig.py:559] Config param force_unroll: False
I0805 16:11:55.519292 140144330834240 pyconfig.py:559] Config param formatting_func_kwargs: {}
I0805 16:11:55.519309 140144330834240 pyconfig.py:559] Config param formatting_func_path: 
I0805 16:11:55.519325 140144330834240 pyconfig.py:559] Config param freeze_audio_encoder_params: True
I0805 16:11:55.519342 140144330834240 pyconfig.py:559] Config param freeze_vision_encoder_params: True
I0805 16:11:55.519359 140144330834240 pyconfig.py:559] Config param fuse_expert_scales: False
I0805 16:11:55.519376 140144330834240 pyconfig.py:559] Config param fused_mlp: False
I0805 16:11:55.519393 140144330834240 pyconfig.py:559] Config param fused_qkv: False
I0805 16:11:55.519410 140144330834240 pyconfig.py:559] Config param gcs_debug_path: 
I0805 16:11:55.519427 140144330834240 pyconfig.py:559] Config param gcs_metrics: False
I0805 16:11:55.519443 140144330834240 pyconfig.py:559] Config param gdn_chunk_size: 64
I0805 16:11:55.519465 140144330834240 pyconfig.py:559] Config param gdn_conv_kernel_dim: 4
I0805 16:11:55.519482 140144330834240 pyconfig.py:559] Config param gdn_key_head_dim: 128
I0805 16:11:55.519498 140144330834240 pyconfig.py:559] Config param gdn_num_key_heads: 16
I0805 16:11:55.519515 140144330834240 pyconfig.py:559] Config param gdn_num_value_heads: 32
I0805 16:11:55.519532 140144330834240 pyconfig.py:559] Config param gdn_value_head_dim: 128
I0805 16:11:55.519548 140144330834240 pyconfig.py:559] Config param generate_padding_batch_eval: False
I0805 16:11:55.519566 140144330834240 pyconfig.py:559] Config param generate_padding_batch_train: False
I0805 16:11:55.519582 140144330834240 pyconfig.py:559] Config param generate_slice: v5e-16
I0805 16:11:55.519600 140144330834240 pyconfig.py:559] Config param generation_configs: {}
I0805 16:11:55.519617 140144330834240 pyconfig.py:559] Config param global_batch_size_to_eval_on: 32
I0805 16:11:55.519633 140144330834240 pyconfig.py:559] Config param global_batch_size_to_load: 32
I0805 16:11:55.519652 140144330834240 pyconfig.py:559] Config param global_batch_size_to_load_eval: 32
I0805 16:11:55.519669 140144330834240 pyconfig.py:559] Config param global_batch_size_to_load_increment: None
I0805 16:11:55.519687 140144330834240 pyconfig.py:559] Config param global_batch_size_to_load_start: None
I0805 16:11:55.519705 140144330834240 pyconfig.py:559] Config param global_batch_size_to_train_on: 32
I0805 16:11:55.519721 140144330834240 pyconfig.py:559] Config param global_head_dim: 0
I0805 16:11:55.519738 140144330834240 pyconfig.py:559] Config param global_num_kv_heads: 0
I0805 16:11:55.519755 140144330834240 pyconfig.py:559] Config param global_parameter_scale: 1
I0805 16:11:55.519772 140144330834240 pyconfig.py:559] Config param global_rampup_samples: 500
I0805 16:11:55.519788 140144330834240 pyconfig.py:559] Config param global_rope_max_timescale: -1
I0805 16:11:55.519805 140144330834240 pyconfig.py:559] Config param global_rope_proportion: 0.25
I0805 16:11:55.519823 140144330834240 pyconfig.py:559] Config param goodput_upload_interval_seconds: 30
I0805 16:11:55.519840 140144330834240 pyconfig.py:559] Config param grad_dtype: float32
I0805 16:11:55.519880 140144330834240 pyconfig.py:559] Config param gradient_accumulation_steps: 1
I0805 16:11:55.519898 140144330834240 pyconfig.py:559] Config param gradient_clipping_threshold: 1.0
I0805 16:11:55.519917 140144330834240 pyconfig.py:559] Config param grain_data_source_max_workers: 16
I0805 16:11:55.519934 140144330834240 pyconfig.py:559] Config param grain_eval_files: 
I0805 16:11:55.519951 140144330834240 pyconfig.py:559] Config param grain_file_type: arrayrecord
I0805 16:11:55.519968 140144330834240 pyconfig.py:559] Config param grain_num_threads: 16
I0805 16:11:55.519986 140144330834240 pyconfig.py:559] Config param grain_num_threads_eval: 16
I0805 16:11:55.520003 140144330834240 pyconfig.py:559] Config param grain_packing_type: first_fit
I0805 16:11:55.520020 140144330834240 pyconfig.py:559] Config param grain_per_worker_buffer_size: 1
I0805 16:11:55.520036 140144330834240 pyconfig.py:559] Config param grain_per_worker_buffer_size_eval: 1
I0805 16:11:55.520053 140144330834240 pyconfig.py:559] Config param grain_prefetch_buffer_size: 500
I0805 16:11:55.520070 140144330834240 pyconfig.py:559] Config param grain_prefetch_buffer_size_eval: 500
I0805 16:11:55.520087 140144330834240 pyconfig.py:559] Config param grain_ram_budget_mb: 1024
I0805 16:11:55.520103 140144330834240 pyconfig.py:559] Config param grain_shuffle_buffer_size: 100
I0805 16:11:55.520121 140144330834240 pyconfig.py:559] Config param grain_train_files: 
I0805 16:11:55.520137 140144330834240 pyconfig.py:559] Config param grain_train_mixture_config_path: 
I0805 16:11:55.520153 140144330834240 pyconfig.py:559] Config param grain_use_elastic_iterator: False
I0805 16:11:55.520169 140144330834240 pyconfig.py:559] Config param grain_worker_count: 1
I0805 16:11:55.520186 140144330834240 pyconfig.py:559] Config param grain_worker_count_eval: 1
I0805 16:11:55.520203 140144330834240 pyconfig.py:559] Config param grpo_beta: 0.08
I0805 16:11:55.520220 140144330834240 pyconfig.py:559] Config param grpo_epsilon: 0.2
I0805 16:11:55.520238 140144330834240 pyconfig.py:559] Config param hardware: gpu
I0805 16:11:55.520254 140144330834240 pyconfig.py:559] Config param hbm_utilization_vllm: 0.72
I0805 16:11:55.520272 140144330834240 pyconfig.py:559] Config param head_dim: 128
I0805 16:11:55.520288 140144330834240 pyconfig.py:559] Config param heartbeat_reporting_interval_in_seconds: 5
I0805 16:11:55.520305 140144330834240 pyconfig.py:559] Config param hf_data_dir: None
I0805 16:11:55.520322 140144330834240 pyconfig.py:559] Config param hf_eval_files: None
I0805 16:11:55.520339 140144330834240 pyconfig.py:559] Config param hf_eval_split: None
I0805 16:11:55.520356 140144330834240 pyconfig.py:559] Config param hf_lora_adapter_path: 
I0805 16:11:55.520372 140144330834240 pyconfig.py:559] Config param hf_name: None
I0805 16:11:55.520389 140144330834240 pyconfig.py:559] Config param hf_path: 
I0805 16:11:55.520408 140144330834240 pyconfig.py:559] Config param hf_train_files: None
I0805 16:11:55.520425 140144330834240 pyconfig.py:559] Config param hidden_size_for_vit: 1408
I0805 16:11:55.520443 140144330834240 pyconfig.py:559] Config param hidden_size_per_layer_input: 0
I0805 16:11:55.520460 140144330834240 pyconfig.py:559] Config param hide_profiler_step_metric: False
I0805 16:11:55.520477 140144330834240 pyconfig.py:559] Config param ici_autoregressive_parallelism: 1
I0805 16:11:55.520493 140144330834240 pyconfig.py:559] Config param ici_context_autoregressive_parallelism: 1
I0805 16:11:55.520511 140144330834240 pyconfig.py:559] Config param ici_context_parallelism: 1
I0805 16:11:55.520527 140144330834240 pyconfig.py:559] Config param ici_data_parallelism: 1
I0805 16:11:55.520543 140144330834240 pyconfig.py:559] Config param ici_diloco_parallelism: 1
I0805 16:11:55.520560 140144330834240 pyconfig.py:559] Config param ici_expert_parallelism: 1
I0805 16:11:55.520576 140144330834240 pyconfig.py:559] Config param ici_fsdp_parallelism: 8
I0805 16:11:55.520593 140144330834240 pyconfig.py:559] Config param ici_fsdp_transpose_parallelism: 1
I0805 16:11:55.520610 140144330834240 pyconfig.py:559] Config param ici_parallelism: [1, 1, 1, 8, 1, 1, 1, 1, 1, 1, 1, 1]
I0805 16:11:55.520628 140144330834240 pyconfig.py:559] Config param ici_pipeline_parallelism: 1
I0805 16:11:55.520645 140144330834240 pyconfig.py:559] Config param ici_sequence_parallelism: 1
I0805 16:11:55.520661 140144330834240 pyconfig.py:559] Config param ici_tensor_parallelism: 1
I0805 16:11:55.520678 140144330834240 pyconfig.py:559] Config param ici_tensor_sequence_parallelism: 1
I0805 16:11:55.520694 140144330834240 pyconfig.py:559] Config param ici_tensor_transpose_parallelism: 1
I0805 16:11:55.520712 140144330834240 pyconfig.py:559] Config param image_path: 
I0805 16:11:55.520728 140144330834240 pyconfig.py:559] Config param image_placeholder: <|image|>
I0805 16:11:55.520745 140144330834240 pyconfig.py:559] Config param image_size_for_vit: 896
I0805 16:11:55.520762 140144330834240 pyconfig.py:559] Config param indexer_head_dim: 128
I0805 16:11:55.520778 140144330834240 pyconfig.py:559] Config param indexer_loss_scaling_factor: 0.0
I0805 16:11:55.520796 140144330834240 pyconfig.py:559] Config param indexer_n_heads: 64
I0805 16:11:55.520813 140144330834240 pyconfig.py:559] Config param indexer_sparse_training: False
I0805 16:11:55.520830 140144330834240 pyconfig.py:559] Config param indexer_topk: 2048
I0805 16:11:55.520847 140144330834240 pyconfig.py:559] Config param inference_benchmark_test: False
I0805 16:11:55.520863 140144330834240 pyconfig.py:559] Config param inference_metadata_file: 
I0805 16:11:55.520880 140144330834240 pyconfig.py:559] Config param inference_microbenchmark_log_file_path: 
I0805 16:11:55.520896 140144330834240 pyconfig.py:559] Config param inference_microbenchmark_loop_iters: 10
I0805 16:11:55.520914 140144330834240 pyconfig.py:559] Config param inference_microbenchmark_num_samples: [1, 2, 3, 4, 5]
I0805 16:11:55.520932 140144330834240 pyconfig.py:559] Config param inference_microbenchmark_prefill_lengths: 64,128,256,512,1024
I0805 16:11:55.520948 140144330834240 pyconfig.py:559] Config param inference_microbenchmark_stages: prefill,generate
I0805 16:11:55.520965 140144330834240 pyconfig.py:559] Config param inference_server: MaxtextInterleavedServer
I0805 16:11:55.520982 140144330834240 pyconfig.py:559] Config param inhomogeneous_layer_cycle_interval: 1
I0805 16:11:55.520999 140144330834240 pyconfig.py:559] Config param init_weights_seed: 0
I0805 16:11:55.521016 140144330834240 pyconfig.py:559] Config param input_data_sharding_logical_axes: ['activation_embed_and_logits_batch', 'activation_norm_length']
I0805 16:11:55.521034 140144330834240 pyconfig.py:559] Config param interleave_moe_layer_step: 1
I0805 16:11:55.521050 140144330834240 pyconfig.py:559] Config param intermediate_size_for_vit: 5632
I0805 16:11:55.521067 140144330834240 pyconfig.py:559] Config param internal_compile: False
I0805 16:11:55.521090 140144330834240 pyconfig.py:559] Config param internal_compile_num_devices: -1
I0805 16:11:55.521107 140144330834240 pyconfig.py:559] Config param jax_cache_dir: ~/jax_cache
I0805 16:11:55.521123 140144330834240 pyconfig.py:559] Config param jax_debug_log_modules: 
I0805 16:11:55.521139 140144330834240 pyconfig.py:559] Config param jax_distributed_heartbeat_timeout_seconds: 100
I0805 16:11:55.521156 140144330834240 pyconfig.py:559] Config param jax_distributed_initialization_timeout: 300
I0805 16:11:55.521173 140144330834240 pyconfig.py:559] Config param jax_profiler_port: 9999
I0805 16:11:55.521190 140144330834240 pyconfig.py:559] Config param key_proj: RematLocation.REMAT
I0805 16:11:55.521207 140144330834240 pyconfig.py:559] Config param kv_cache_buffer: 256
I0805 16:11:55.521224 140144330834240 pyconfig.py:559] Config param kv_lora_rank: 512
I0805 16:11:55.521241 140144330834240 pyconfig.py:559] Config param kv_quant_axis: KvQuantAxis.HEADS_AND_DKV
I0805 16:11:55.521262 140144330834240 pyconfig.py:559] Config param kv_quant_dtype: int8
I0805 16:11:55.521280 140144330834240 pyconfig.py:559] Config param kv_wa_proj: RematLocation.REMAT
I0805 16:11:55.521297 140144330834240 pyconfig.py:559] Config param learn_to_init_mode: False
I0805 16:11:55.521314 140144330834240 pyconfig.py:559] Config param learning_rate: 3e-05
I0805 16:11:55.521333 140144330834240 pyconfig.py:559] Config param learning_rate_final_fraction: 0.1
I0805 16:11:55.521351 140144330834240 pyconfig.py:559] Config param learning_rate_schedule_steps: 14
I0805 16:11:55.521368 140144330834240 pyconfig.py:559] Config param load_balance_loss_weight: 0.0
I0805 16:11:55.521385 140144330834240 pyconfig.py:559] Config param load_checkpoint_only_once: False
I0805 16:11:55.521402 140144330834240 pyconfig.py:559] Config param load_from_prefill_dir: False
I0805 16:11:55.521418 140144330834240 pyconfig.py:559] Config param load_full_state_path: 
I0805 16:11:55.521435 140144330834240 pyconfig.py:559] Config param load_parameters_path: 
I0805 16:11:55.521452 140144330834240 pyconfig.py:559] Config param local_checkpoint_directory: 
I0805 16:11:55.521470 140144330834240 pyconfig.py:559] Config param local_checkpoint_period: 0
I0805 16:11:55.521493 140144330834240 pyconfig.py:559] Config param local_rope_max_timescale: -1
I0805 16:11:55.521509 140144330834240 pyconfig.py:559] Config param local_rope_proportion: 1.0
I0805 16:11:55.521525 140144330834240 pyconfig.py:559] Config param log_config: True
I0805 16:11:55.521542 140144330834240 pyconfig.py:559] Config param log_period: 100
I0805 16:11:55.521559 140144330834240 pyconfig.py:559] Config param logical_axis_rules: (('activation_embed_and_logits_batch', ('data', 'stage', 'fsdp', 'fsdp_transpose', 'expert')), ('activation_embed_and_logits_batch_sequence', ('data', 'stage', 'fsdp', 'fsdp_transpose', 'context', 'expert')), ('activation_vocab', ('tensor', 'tensor_transpose', 'tensor_sequence')), ('activation_vocab', ('tensor', 'tensor_transpose')), ('activation_vocab', 'tensor_sequence'), ('vocab', ('tensor', 'tensor_transpose', 'tensor_sequence', 'autoregressive')), ('embed_vocab', ('fsdp', 'fsdp_transpose', 'context', 'expert')), ('activation_batch_attn', ('data', 'fsdp', 'fsdp_transpose', 'expert')), ('activation_heads', ('tensor', 'tensor_transpose', 'tensor_sequence', 'autoregressive')), ('activation_kv_heads', ('tensor', 'tensor_transpose', 'tensor_sequence')), ('activation_length_attn', ('context',)), ('activation_q_length', ('context',)), ('activation_kv_length', ()), ('activation_embed_attn', ('tensor', 'tensor_transpose')), ('activation_kv', ('tensor', 'tensor_transpose', 'tensor_sequence')), ('activation_kv_batch', ('data', 'fsdp', 'fsdp_transpose', 'expert')), ('activation_kv_head_dim', ('tensor', 'tensor_transpose', 'tensor_sequence')), ('heads', ('tensor', 'tensor_transpose', 'tensor_sequence', 'autoregressive')), ('q_heads', ('tensor', 'tensor_transpose', 'tensor_sequence', 'autoregressive')), ('kv_heads', ('tensor', 'tensor_transpose', 'tensor_sequence', 'autoregressive')), ('qkv', ()), ('kv', ()), ('kv_head_dim', ()), ('q_lora', ('fsdp', 'fsdp_transpose', 'context', 'tensor_transpose', 'expert')), ('q_lora', ('fsdp', 'context', 'tensor_transpose', 'expert')), ('q_lora', ('fsdp', 'fsdp_transpose', 'context', 'expert')), ('q_lora', ('fsdp', 'context', 'expert')), ('q_lora_up_proj', ()), ('kv_lora', ('fsdp', 'fsdp_transpose', 'context', 'tensor_transpose', 'expert')), ('kv_lora', ('fsdp', 'context', 'tensor_transpose', 'expert')), ('kv_lora', ('fsdp', 'fsdp_transpose', 'context', 'expert')), ('kv_lora', ('fsdp', 'context', 'expert')), ('kv_lora_up_proj', ()), ('activation_batch_moe', ('data', 'fsdp', 'fsdp_transpose', 'expert')), ('activation_length_moe', ('context',)), ('activation_norm_length_moe', ('tensor_sequence', 'context')), ('activation_embed_moe', ('tensor', 'tensor_transpose')), ('activation_mlp_moe', ('tensor', 'tensor_transpose', 'tensor_sequence')), ('activation_exp', ('expert',)), ('exp', 'expert'), ('mlp_moe', ('fsdp_transpose', 'tensor', 'tensor_sequence', 'autoregressive')), ('embed_moe', ('fsdp', 'fsdp_transpose', 'tensor_transpose', 'context')), ('embed_moe', ('fsdp', 'tensor_transpose', 'context')), ('embed_moe', ('fsdp', 'fsdp_transpose', 'context')), ('embed_moe', ('fsdp', 'context')), ('activation_mlp', ('tensor', 'tensor_transpose', 'tensor_sequence')), ('activation_batch', ('data', 'fsdp', 'fsdp_transpose', 'expert')), ('activation_length', ('context',)), ('activation_norm_length', ('tensor_sequence', 'context')), ('activation_embed', ('tensor', 'tensor_transpose')), ('activation_stage', 'stage'), ('mlp', ('fsdp_transpose', 'tensor', 'tensor_sequence', 'autoregressive')), ('gdn_head', ('fsdp_transpose', 'tensor', 'tensor_sequence', 'autoregressive')), ('embed', ('fsdp', 'fsdp_transpose', 'tensor_transpose', 'context', 'expert')), ('embed', ('fsdp', 'tensor_transpose', 'context', 'expert')), ('embed', ('fsdp', 'fsdp_transpose', 'context', 'expert')), ('embed', ('fsdp', 'context', 'expert')), ('norm', ('tensor', 'tensor_transpose')), ('layers', 'stage'), ('diloco', 'diloco'), ('engram_dim', ('tensor',)), ('dense_layers', ()), ('moe_layers', ()), ('mhc', ()), ('prefill_activation_length', ('context',)), ('prefill_activation_norm_length', ('tensor_sequence', 'context')), ('activation_prefill_kv_batch', ('data', 'fsdp', 'fsdp_transpose', 'expert')), ('decode_batch', ('data', 'fsdp', 'fsdp_transpose', 'expert')), ('decode_length', ()), ('cache_heads', ('autoregressive', 'tensor', 'tensor_transpose', 'tensor_sequence')), ('cache_heads', ('autoregressive', 'tensor', 'tensor_sequence')), ('paged_kv_heads', ('tensor',)), ('cache_batch_prefill', ()), ('cache_batch', ()), ('cache_heads_none', ()), ('cache_kv', ()), ('cache_sequence', ()), ('num_pages', ()), ('tokens_per_page', ()), ('paged_kv_head_dim_size', ()), ('mlp_no_fsdp', ('tensor', 'tensor_sequence', 'autoregressive')), ('embed_tensor_transpose', ('tensor_transpose',)), ('exp_with_fsdp', 'fsdp'))
I0805 16:11:55.521631 140144330834240 pyconfig.py:559] Config param logits_dot_in_fp32: False
I0805 16:11:55.521651 140144330834240 pyconfig.py:559] Config param logits_via_embedding: False
I0805 16:11:55.521669 140144330834240 pyconfig.py:559] Config param lora: {'enable_lora': False, 'lora_rank': 0, 'lora_alpha': 0.0, 'lora_module_path': '', 'lora_restore_path': ''}
I0805 16:11:55.521689 140144330834240 pyconfig.py:559] Config param lora_input_adapters_path: 
I0805 16:11:55.521706 140144330834240 pyconfig.py:559] Config param loss_agg_mode: sequence-mean-token-mean
I0805 16:11:55.521724 140144330834240 pyconfig.py:559] Config param loss_algo: grpo
I0805 16:11:55.521748 140144330834240 pyconfig.py:559] Config param lr_schedule_type: LearningRateScheduleType.COSINE
I0805 16:11:55.521768 140144330834240 pyconfig.py:559] Config param lti_layer_indices: None
I0805 16:11:55.521786 140144330834240 pyconfig.py:559] Config param lti_use_general_linear_map: False
I0805 16:11:55.521804 140144330834240 pyconfig.py:559] Config param managed_mldiagnostics: False
I0805 16:11:55.521822 140144330834240 pyconfig.py:559] Config param managed_mldiagnostics_dir: /root/work/scale-your-amd/runs/20260805-maxtext-cap-checkpoint/maxtext/cap-checkpoint/managed-mldiagnostics
I0805 16:11:55.521841 140144330834240 pyconfig.py:559] Config param managed_mldiagnostics_on_demand_profiling: True
I0805 16:11:55.521860 140144330834240 pyconfig.py:559] Config param managed_mldiagnostics_region: 
I0805 16:11:55.521876 140144330834240 pyconfig.py:559] Config param managed_mldiagnostics_run_group: 
I0805 16:11:55.521893 140144330834240 pyconfig.py:559] Config param math_verify_num_procs: None
I0805 16:11:55.521911 140144330834240 pyconfig.py:559] Config param math_verify_timeout: 300
I0805 16:11:55.521929 140144330834240 pyconfig.py:559] Config param matmul_precision: MatmulPrecision.DEFAULT
I0805 16:11:55.521948 140144330834240 pyconfig.py:559] Config param max_checkify: False
I0805 16:11:55.521965 140144330834240 pyconfig.py:559] Config param max_concurrency: 256
I0805 16:11:55.521982 140144330834240 pyconfig.py:559] Config param max_corpus_chars: 10000000
I0805 16:11:55.522000 140144330834240 pyconfig.py:559] Config param max_num_batched_tokens: None
I0805 16:11:55.522017 140144330834240 pyconfig.py:559] Config param max_num_checkpoints_to_keep: None
I0805 16:11:55.522035 140144330834240 pyconfig.py:559] Config param max_num_images_per_example: -1
I0805 16:11:55.522051 140144330834240 pyconfig.py:559] Config param max_num_seqs: None
I0805 16:11:55.522068 140144330834240 pyconfig.py:559] Config param max_position_embeddings: 163840
I0805 16:11:55.522085 140144330834240 pyconfig.py:559] Config param max_prefill_predict_length: 64
I0805 16:11:55.522103 140144330834240 pyconfig.py:559] Config param max_sample_len_for_audio: 10000
I0805 16:11:55.522119 140144330834240 pyconfig.py:559] Config param max_segments_per_seq: 1
I0805 16:11:55.522135 140144330834240 pyconfig.py:559] Config param max_source_positions_for_audio: 1500
I0805 16:11:55.522152 140144330834240 pyconfig.py:559] Config param max_target_length: 8192
I0805 16:11:55.522169 140144330834240 pyconfig.py:559] Config param max_timescale_for_audio: 10000.0
I0805 16:11:55.522186 140144330834240 pyconfig.py:559] Config param megablox: True
I0805 16:11:55.522203 140144330834240 pyconfig.py:559] Config param merge_gating_gmm: False
I0805 16:11:55.522221 140144330834240 pyconfig.py:559] Config param mesh_axes: ['diloco', 'data', 'stage', 'fsdp', 'fsdp_transpose', 'context', 'context_autoregressive', 'tensor', 'tensor_transpose', 'tensor_sequence', 'expert', 'autoregressive']
I0805 16:11:55.522240 140144330834240 pyconfig.py:559] Config param metrics_dir: /root/work/scale-your-amd/runs/20260805-maxtext-cap-checkpoint/maxtext/cap-checkpoint/metrics/
I0805 16:11:55.522258 140144330834240 pyconfig.py:559] Config param metrics_file: 
I0805 16:11:55.522274 140144330834240 pyconfig.py:559] Config param mhc_expansion_rate: 1
I0805 16:11:55.522292 140144330834240 pyconfig.py:559] Config param micro_batch_size_to_eval_on: 32
I0805 16:11:55.522308 140144330834240 pyconfig.py:559] Config param micro_batch_size_to_train_on: 32
I0805 16:11:55.522325 140144330834240 pyconfig.py:559] Config param mla_kv: RematLocation.REMAT
I0805 16:11:55.522343 140144330834240 pyconfig.py:559] Config param mla_naive_kvcache: True
I0805 16:11:55.522360 140144330834240 pyconfig.py:559] Config param mla_q: RematLocation.REMAT
I0805 16:11:55.522378 140144330834240 pyconfig.py:559] Config param mlp_activations: ['silu', 'linear']
I0805 16:11:55.522396 140144330834240 pyconfig.py:559] Config param mlp_activations_limit: -1.0
I0805 16:11:55.522413 140144330834240 pyconfig.py:559] Config param mlp_bias: False
I0805 16:11:55.522430 140144330834240 pyconfig.py:559] Config param mlp_dim: 14336
I0805 16:11:55.522447 140144330834240 pyconfig.py:559] Config param mlpwi: RematLocation.REMAT
I0805 16:11:55.522464 140144330834240 pyconfig.py:559] Config param mlpwi_0: RematLocation.REMAT
I0805 16:11:55.522481 140144330834240 pyconfig.py:559] Config param mlpwi_1: RematLocation.REMAT
I0805 16:11:55.522498 140144330834240 pyconfig.py:559] Config param mlpwo: RematLocation.REMAT
I0805 16:11:55.522516 140144330834240 pyconfig.py:559] Config param moba: False
I0805 16:11:55.522531 140144330834240 pyconfig.py:559] Config param moba_chunk_size: 1024
I0805 16:11:55.522548 140144330834240 pyconfig.py:559] Config param moba_topk: 8
I0805 16:11:55.522565 140144330834240 pyconfig.py:559] Config param model_call_mode: 
I0805 16:11:55.522582 140144330834240 pyconfig.py:559] Config param model_name: llama3-8b
I0805 16:11:55.522598 140144330834240 pyconfig.py:559] Config param moe_dispatch_no_expert_sharding: False
I0805 16:11:55.522615 140144330834240 pyconfig.py:559] Config param moe_expert_input_dim: -1
I0805 16:11:55.522632 140144330834240 pyconfig.py:559] Config param moe_fsdp_use_two_stage_all_gather: False
I0805 16:11:55.522649 140144330834240 pyconfig.py:559] Config param moe_mlp_dim: -1
I0805 16:11:55.522665 140144330834240 pyconfig.py:559] Config param moe_mlpwi_0: RematLocation.REMAT
I0805 16:11:55.522683 140144330834240 pyconfig.py:559] Config param moe_mlpwi_1: RematLocation.REMAT
I0805 16:11:55.522701 140144330834240 pyconfig.py:559] Config param moe_mlpwo: RematLocation.REMAT
I0805 16:11:55.522720 140144330834240 pyconfig.py:559] Config param monitor_goodput: False
I0805 16:11:55.522737 140144330834240 pyconfig.py:559] Config param monitor_step_time_deviation: True
I0805 16:11:55.522753 140144330834240 pyconfig.py:559] Config param mrope_section: [24, 20, 20]
I0805 16:11:55.522771 140144330834240 pyconfig.py:559] Config param mscale: 1.0
I0805 16:11:55.522788 140144330834240 pyconfig.py:559] Config param mtc_data_parallelism: 0
I0805 16:11:55.522805 140144330834240 pyconfig.py:559] Config param mtp_eval_target_module: 0
I0805 16:11:55.522822 140144330834240 pyconfig.py:559] Config param mtp_loss_scaling_factor: 0.1
I0805 16:11:55.522839 140144330834240 pyconfig.py:559] Config param mtp_num_layers: 0
I0805 16:11:55.522855 140144330834240 pyconfig.py:559] Config param mu_dtype: float32
I0805 16:11:55.522885 140144330834240 pyconfig.py:559] Config param multi_sampling: False
I0805 16:11:55.522903 140144330834240 pyconfig.py:559] Config param multi_tier_checkpointing_backup_interval_minutes: 0
I0805 16:11:55.522922 140144330834240 pyconfig.py:559] Config param muon_beta: 0.95
I0805 16:11:55.522939 140144330834240 pyconfig.py:559] Config param muon_consistent_rms: None
I0805 16:11:55.522956 140144330834240 pyconfig.py:559] Config param muon_weight_decay: 0.0
I0805 16:11:55.522974 140144330834240 pyconfig.py:559] Config param n_routing_groups: -1
I0805 16:11:55.522991 140144330834240 pyconfig.py:559] Config param n_window_for_audio: 50
I0805 16:11:55.523008 140144330834240 pyconfig.py:559] Config param n_window_infer_for_audio: 800
I0805 16:11:55.523024 140144330834240 pyconfig.py:559] Config param nope_layer_interval: -1
I0805 16:11:55.523041 140144330834240 pyconfig.py:559] Config param norm_topk_prob: False
I0805 16:11:55.523058 140144330834240 pyconfig.py:559] Config param normalization_layer_epsilon: 1e-05
I0805 16:11:55.523076 140144330834240 pyconfig.py:559] Config param normalize_embedding_logits: True
I0805 16:11:55.523093 140144330834240 pyconfig.py:559] Config param num_attention_heads_for_vit: 16
I0805 16:11:55.523109 140144330834240 pyconfig.py:559] Config param num_batches: 4
I0805 16:11:55.523131 140144330834240 pyconfig.py:559] Config param num_channels_for_vit: 3
I0805 16:11:55.523148 140144330834240 pyconfig.py:559] Config param num_conv_layers_for_audio: 3
I0805 16:11:55.523165 140144330834240 pyconfig.py:559] Config param num_decoder_layers: 32
I0805 16:11:55.523182 140144330834240 pyconfig.py:559] Config param num_diloco_replicas: 1
I0805 16:11:55.523198 140144330834240 pyconfig.py:559] Config param num_epoch: 1
I0805 16:11:55.523215 140144330834240 pyconfig.py:559] Config param num_eval_passes: 1
I0805 16:11:55.523231 140144330834240 pyconfig.py:559] Config param num_experts: 1
I0805 16:11:55.523248 140144330834240 pyconfig.py:559] Config param num_experts_per_tok: 1
I0805 16:11:55.523265 140144330834240 pyconfig.py:559] Config param num_generations: 2
I0805 16:11:55.523282 140144330834240 pyconfig.py:559] Config param num_hidden_layers_for_vit: 34
I0805 16:11:55.523298 140144330834240 pyconfig.py:559] Config param num_iterations: 1
I0805 16:11:55.523314 140144330834240 pyconfig.py:559] Config param num_kv_heads: 8
I0805 16:11:55.523331 140144330834240 pyconfig.py:559] Config param num_kv_shared_layers: 0
I0805 16:11:55.523349 140144330834240 pyconfig.py:559] Config param num_layers_per_pipeline_stage: 1
I0805 16:11:55.523366 140144330834240 pyconfig.py:559] Config param num_mel_bins_for_audio: 128
I0805 16:11:55.523383 140144330834240 pyconfig.py:559] Config param num_pipeline_microbatches: -1
I0805 16:11:55.523399 140144330834240 pyconfig.py:559] Config param num_pipeline_repeats: -1
I0805 16:11:55.523416 140144330834240 pyconfig.py:559] Config param num_position_embeddings_for_vit: 1024
I0805 16:11:55.523433 140144330834240 pyconfig.py:559] Config param num_query_heads: 32
I0805 16:11:55.523450 140144330834240 pyconfig.py:559] Config param num_samplers_slices: -1
I0805 16:11:55.523468 140144330834240 pyconfig.py:559] Config param num_slices: 1
I0805 16:11:55.523484 140144330834240 pyconfig.py:559] Config param num_target_devices: 8
I0805 16:11:55.523501 140144330834240 pyconfig.py:559] Config param num_test_batches: 5
I0805 16:11:55.523517 140144330834240 pyconfig.py:559] Config param num_trainer_slices: -1
I0805 16:11:55.523534 140144330834240 pyconfig.py:559] Config param num_vocab_tiling: 1
I0805 16:11:55.523550 140144330834240 pyconfig.py:559] Config param o_groups: 0
I0805 16:11:55.523567 140144330834240 pyconfig.py:559] Config param o_lora_rank: 0
I0805 16:11:55.523584 140144330834240 pyconfig.py:559] Config param off_policy_steps: 0
I0805 16:11:55.523601 140144330834240 pyconfig.py:559] Config param offline_data_dir: None
I0805 16:11:55.523618 140144330834240 pyconfig.py:559] Config param olmo_apply_ngram_filter: True
I0805 16:11:55.523644 140144330834240 pyconfig.py:559] Config param olmo_index_path: 
I0805 16:11:55.523661 140144330834240 pyconfig.py:559] Config param olmo_path_remap_from: 
I0805 16:11:55.523677 140144330834240 pyconfig.py:559] Config param olmo_path_remap_to: 
I0805 16:11:55.523694 140144330834240 pyconfig.py:559] Config param opt_type: OptimizerType.ADAMW
I0805 16:11:55.523713 140144330834240 pyconfig.py:559] Config param optimize_mesh_for_tpu_v6e: False
I0805 16:11:55.523730 140144330834240 pyconfig.py:559] Config param optimizer_memory_host_offload: False
I0805 16:11:55.523747 140144330834240 pyconfig.py:559] Config param original_max_position_embeddings: 4096
I0805 16:11:55.523771 140144330834240 pyconfig.py:559] Config param out_hidden_size_for_vit: 512
I0805 16:11:55.523787 140144330834240 pyconfig.py:559] Config param out_proj: RematLocation.REMAT
I0805 16:11:55.523805 140144330834240 pyconfig.py:559] Config param output_dim_for_audio: 512
I0805 16:11:55.523822 140144330834240 pyconfig.py:559] Config param override_logical_axis_rules: False
I0805 16:11:55.523838 140144330834240 pyconfig.py:559] Config param override_model_config: False
I0805 16:11:55.523855 140144330834240 pyconfig.py:559] Config param packing: True
I0805 16:11:55.523872 140144330834240 pyconfig.py:559] Config param padded_base_moe_mlp_dim: None
I0805 16:11:55.523888 140144330834240 pyconfig.py:559] Config param param_scan_axis: 1
I0805 16:11:55.523904 140144330834240 pyconfig.py:559] Config param parameter_memory_host_offload: False
I0805 16:11:55.523921 140144330834240 pyconfig.py:559] Config param partial_rotary_factor: 1.0
I0805 16:11:55.523937 140144330834240 pyconfig.py:559] Config param patch_size_for_vit: 14
I0805 16:11:55.523954 140144330834240 pyconfig.py:559] Config param penalty_incorrect_answer: -1.0
I0805 16:11:55.523971 140144330834240 pyconfig.py:559] Config param penalty_incorrect_format: -0.5
I0805 16:11:55.523989 140144330834240 pyconfig.py:559] Config param per_device_batch_size: 4.0
I0805 16:11:55.524006 140144330834240 pyconfig.py:559] Config param per_device_batch_size_increment: 2.0
I0805 16:11:55.524023 140144330834240 pyconfig.py:559] Config param per_device_batch_size_start: 4.0
I0805 16:11:55.524040 140144330834240 pyconfig.py:559] Config param pipeline_delay_activation_forwarding: False
I0805 16:11:55.524057 140144330834240 pyconfig.py:559] Config param pipeline_fsdp_ag_once: False
I0805 16:11:55.524073 140144330834240 pyconfig.py:559] Config param pipeline_fsdp_ag_per_repeat: False
I0805 16:11:55.524090 140144330834240 pyconfig.py:559] Config param pipeline_parallel_layers: 32
I0805 16:11:55.524107 140144330834240 pyconfig.py:559] Config param pixel_shuffle_ratio_for_vit: 0.5
I0805 16:11:55.524124 140144330834240 pyconfig.py:559] Config param posemb_type_for_vit: learn
I0805 16:11:55.524143 140144330834240 pyconfig.py:559] Config param position_id_per_seconds: 25
I0805 16:11:55.524161 140144330834240 pyconfig.py:559] Config param prefill_cache_axis_order: 1,2,0,3
I0805 16:11:55.524179 140144330834240 pyconfig.py:559] Config param prefill_cache_dir: 
I0805 16:11:55.524198 140144330834240 pyconfig.py:559] Config param prefill_chunk_size: 256
I0805 16:11:55.524215 140144330834240 pyconfig.py:559] Config param prefill_slice: v5e-16
I0805 16:11:55.524232 140144330834240 pyconfig.py:559] Config param prefix_caching_dram_byte: 100000000000
I0805 16:11:55.524249 140144330834240 pyconfig.py:559] Config param prefix_caching_hbm_byte: 10000000000
I0805 16:11:55.524266 140144330834240 pyconfig.py:559] Config param prefuse_moe_weights: False
I0805 16:11:55.524283 140144330834240 pyconfig.py:559] Config param profile_cleanly: True
I0805 16:11:55.524300 140144330834240 pyconfig.py:559] Config param profile_periodically_period: -1
I0805 16:11:55.524317 140144330834240 pyconfig.py:559] Config param profile_power_events: False
I0805 16:11:55.524333 140144330834240 pyconfig.py:559] Config param profiler: ProfilerType.NONE
I0805 16:11:55.524352 140144330834240 pyconfig.py:559] Config param profiler_steps: 5
I0805 16:11:55.524369 140144330834240 pyconfig.py:559] Config param projector_dropout_for_vit: 0.0
I0805 16:11:55.524386 140144330834240 pyconfig.py:559] Config param projector_input_dim_for_vit: 4096
I0805 16:11:55.524402 140144330834240 pyconfig.py:559] Config param projector_output_dim_for_vit: 4096
I0805 16:11:55.524419 140144330834240 pyconfig.py:559] Config param prometheus_port: 0
I0805 16:11:55.524435 140144330834240 pyconfig.py:559] Config param prompt: I love to
I0805 16:11:55.524452 140144330834240 pyconfig.py:559] Config param pure_nnx: False
I0805 16:11:55.524470 140144330834240 pyconfig.py:559] Config param pure_nnx_decoder: False
I0805 16:11:55.524487 140144330834240 pyconfig.py:559] Config param q_lora_rank: 0
I0805 16:11:55.524504 140144330834240 pyconfig.py:559] Config param qk_clip_threshold: 100.0
I0805 16:11:55.524522 140144330834240 pyconfig.py:559] Config param qk_nope_head_dim: 128
I0805 16:11:55.524538 140144330834240 pyconfig.py:559] Config param qk_norm_with_scale: True
I0805 16:11:55.524555 140144330834240 pyconfig.py:559] Config param qk_rope_head_dim: 64
I0805 16:11:55.524572 140144330834240 pyconfig.py:559] Config param qkv_proj: RematLocation.REMAT
I0805 16:11:55.524590 140144330834240 pyconfig.py:559] Config param quant_cfg_path: 
I0805 16:11:55.524607 140144330834240 pyconfig.py:559] Config param quantization: QuantizationType.NONE
I0805 16:11:55.524626 140144330834240 pyconfig.py:559] Config param quantization_local_shard_count: 8
I0805 16:11:55.524642 140144330834240 pyconfig.py:559] Config param quantize_kvcache: False
I0805 16:11:55.524659 140144330834240 pyconfig.py:559] Config param query_proj: RematLocation.REMAT
I0805 16:11:55.524676 140144330834240 pyconfig.py:559] Config param query_wa_proj: RematLocation.REMAT
I0805 16:11:55.524692 140144330834240 pyconfig.py:559] Config param ragged_block_size: 256
I0805 16:11:55.524709 140144330834240 pyconfig.py:559] Config param ragged_buffer_factor: -1.0
I0805 16:11:55.524726 140144330834240 pyconfig.py:559] Config param ragged_gather_cost_estimate_bytes_accessed: -1
I0805 16:11:55.524743 140144330834240 pyconfig.py:559] Config param ragged_gather_cost_estimate_flops: -1
I0805 16:11:55.524760 140144330834240 pyconfig.py:559] Config param ragged_gather_fallback: False
I0805 16:11:55.524777 140144330834240 pyconfig.py:559] Config param ragged_gather_reduce_cost_estimate_bytes_accessed: -1
I0805 16:11:55.524794 140144330834240 pyconfig.py:559] Config param ragged_gather_reduce_cost_estimate_flops: -1
I0805 16:11:55.524811 140144330834240 pyconfig.py:559] Config param ragged_gather_reduce_fallback: False
I0805 16:11:55.524827 140144330834240 pyconfig.py:559] Config param rampup_end_step: 0
I0805 16:11:55.524844 140144330834240 pyconfig.py:559] Config param rampup_samples_per_increment_to_load: None
I0805 16:11:55.524862 140144330834240 pyconfig.py:559] Config param reasoning_end_token: </reasoning>
I0805 16:11:55.524878 140144330834240 pyconfig.py:559] Config param reasoning_start_token: <reasoning>
I0805 16:11:55.524895 140144330834240 pyconfig.py:559] Config param record_internal_nn_metrics: 0
I0805 16:11:55.524911 140144330834240 pyconfig.py:559] Config param remat_policy: minimal_flash
I0805 16:11:55.524928 140144330834240 pyconfig.py:559] Config param remat_policy_for_vit: minimal
I0805 16:11:55.524944 140144330834240 pyconfig.py:559] Config param remove_size_one_mesh_axis_from_type: True
I0805 16:11:55.524961 140144330834240 pyconfig.py:559] Config param replicate_quant_scale: False
I0805 16:11:55.524977 140144330834240 pyconfig.py:559] Config param replicator_backup_interval_minutes: 0
I0805 16:11:55.524994 140144330834240 pyconfig.py:559] Config param report_heartbeat_metric_for_gcp_monitoring: False
I0805 16:11:55.525010 140144330834240 pyconfig.py:559] Config param report_performance_metric_for_gcp_monitoring: False
I0805 16:11:55.525027 140144330834240 pyconfig.py:559] Config param reshape_q: False
I0805 16:11:55.525044 140144330834240 pyconfig.py:559] Config param reshard_chunk_size: None
I0805 16:11:55.525062 140144330834240 pyconfig.py:559] Config param return_log_prob: False
I0805 16:11:55.525079 140144330834240 pyconfig.py:559] Config param reuse_example_batch: 0
I0805 16:11:55.525095 140144330834240 pyconfig.py:559] Config param reward_exact_answer: 5.0
I0805 16:11:55.525112 140144330834240 pyconfig.py:559] Config param reward_exact_format_match: 3.0
I0805 16:11:55.525130 140144330834240 pyconfig.py:559] Config param reward_partial_format_match: 0.5
I0805 16:11:55.525152 140144330834240 pyconfig.py:559] Config param reward_ratio_guess_to_answer_high: 0.5
I0805 16:11:55.525170 140144330834240 pyconfig.py:559] Config param reward_ratio_guess_to_answer_low: 0.25
I0805 16:11:55.525187 140144330834240 pyconfig.py:559] Config param reward_white_space_format_match: 1.5
I0805 16:11:55.525203 140144330834240 pyconfig.py:559] Config param rl: {'num_generations': 2, 'num_iterations': 1, 'grpo_beta': 0.08, 'grpo_epsilon': 0.2, 'loss_algo': 'grpo', 'loss_agg_mode': 'sequence-mean-token-mean', 'use_agentic_rollout': False, 'max_concurrency': 256, 'off_policy_steps': 0, 'system_prompt': '', 'degenerate_group_masking': True, 'epsilon_high': None, 'reshard_chunk_size': None}
I0805 16:11:55.525226 140144330834240 pyconfig.py:559] Config param rollout_data_parallelism: -1
I0805 16:11:55.525244 140144330834240 pyconfig.py:559] Config param rollout_expert_parallelism: 1
I0805 16:11:55.525262 140144330834240 pyconfig.py:559] Config param rollout_micro_batch_size: -1
I0805 16:11:55.525279 140144330834240 pyconfig.py:559] Config param rollout_tensor_parallelism: -1
I0805 16:11:55.525295 140144330834240 pyconfig.py:559] Config param rope_attention_scaling: False
I0805 16:11:55.525313 140144330834240 pyconfig.py:559] Config param rope_factor: 40
I0805 16:11:55.525329 140144330834240 pyconfig.py:559] Config param rope_interleave: True
I0805 16:11:55.525347 140144330834240 pyconfig.py:559] Config param rope_linear_scaling_factor: 1.0
I0805 16:11:55.525364 140144330834240 pyconfig.py:559] Config param rope_max_timescale: 500000
I0805 16:11:55.525381 140144330834240 pyconfig.py:559] Config param rope_min_timescale: 1
I0805 16:11:55.525398 140144330834240 pyconfig.py:559] Config param rope_theta_for_vit: 10000
I0805 16:11:55.525416 140144330834240 pyconfig.py:559] Config param rope_truncate: True
I0805 16:11:55.525432 140144330834240 pyconfig.py:559] Config param rope_type: RopeType.DEFAULT
I0805 16:11:55.525451 140144330834240 pyconfig.py:559] Config param rope_use_scale: True
I0805 16:11:55.525468 140144330834240 pyconfig.py:559] Config param routed_bias: False
I0805 16:11:55.525485 140144330834240 pyconfig.py:559] Config param routed_bias_update_rate: 0.0
I0805 16:11:55.525502 140144330834240 pyconfig.py:559] Config param routed_scaling_factor: 1.0
I0805 16:11:55.525519 140144330834240 pyconfig.py:559] Config param routed_score_func: 
I0805 16:11:55.525536 140144330834240 pyconfig.py:559] Config param run_name: cap-checkpoint
I0805 16:11:55.525552 140144330834240 pyconfig.py:559] Config param sa_block_kv: 512
I0805 16:11:55.525569 140144330834240 pyconfig.py:559] Config param sa_block_kv_compute: 512
I0805 16:11:55.525586 140144330834240 pyconfig.py:559] Config param sa_block_kv_dkv: 512
I0805 16:11:55.525602 140144330834240 pyconfig.py:559] Config param sa_block_kv_dkv_compute: 512
I0805 16:11:55.525619 140144330834240 pyconfig.py:559] Config param sa_block_kv_dq: 512
I0805 16:11:55.525635 140144330834240 pyconfig.py:559] Config param sa_block_q: 512
I0805 16:11:55.525652 140144330834240 pyconfig.py:559] Config param sa_block_q_dkv: 512
I0805 16:11:55.525669 140144330834240 pyconfig.py:559] Config param sa_block_q_dq: 512
I0805 16:11:55.525686 140144330834240 pyconfig.py:559] Config param sa_k_layout: HEAD_DIM_MINOR
I0805 16:11:55.525703 140144330834240 pyconfig.py:559] Config param sa_q_layout: HEAD_DIM_MINOR
I0805 16:11:55.525720 140144330834240 pyconfig.py:559] Config param sa_use_fused_bwd_kernel: False
I0805 16:11:55.525743 140144330834240 pyconfig.py:559] Config param sa_v_layout: HEAD_DIM_MINOR
I0805 16:11:55.525761 140144330834240 pyconfig.py:559] Config param sampler_devices_fraction: 0.5
I0805 16:11:55.525779 140144330834240 pyconfig.py:559] Config param save_checkpoint_on_completion: True
I0805 16:11:55.525796 140144330834240 pyconfig.py:559] Config param save_config_to_gcs: False
I0805 16:11:55.525814 140144330834240 pyconfig.py:559] Config param save_quantized_params_path: 
I0805 16:11:55.525830 140144330834240 pyconfig.py:559] Config param scale_embedding_for_audio: True
I0805 16:11:55.525852 140144330834240 pyconfig.py:559] Config param scan_layers: True
I0805 16:11:55.525869 140144330834240 pyconfig.py:559] Config param scan_layers_per_stage: False
I0805 16:11:55.525887 140144330834240 pyconfig.py:559] Config param scan_pipeline_iterations: True
I0805 16:11:55.525903 140144330834240 pyconfig.py:559] Config param scan_pipeline_repeats: False
I0805 16:11:55.525920 140144330834240 pyconfig.py:559] Config param set_remat_policy_on_layers_per_stage: False
I0805 16:11:55.525938 140144330834240 pyconfig.py:559] Config param set_remat_policy_on_pipeline_iterations: True
I0805 16:11:55.525954 140144330834240 pyconfig.py:559] Config param sft_train_on_completion_only: False
I0805 16:11:55.525971 140144330834240 pyconfig.py:559] Config param shard_exp_on_fsdp: False
I0805 16:11:55.525988 140144330834240 pyconfig.py:559] Config param shard_mode: ShardMode.AUTO
I0805 16:11:55.526006 140144330834240 pyconfig.py:559] Config param shard_optimizer_over_data: False
I0805 16:11:55.526023 140144330834240 pyconfig.py:559] Config param sharding_strategy: None
I0805 16:11:55.526047 140144330834240 pyconfig.py:559] Config param sharding_tolerance: 0.02
I0805 16:11:55.526064 140144330834240 pyconfig.py:559] Config param shardy: True
I0805 16:11:55.526081 140144330834240 pyconfig.py:559] Config param share_kv_projections: False
I0805 16:11:55.526098 140144330834240 pyconfig.py:559] Config param shared_experts: 0
I0805 16:11:55.526114 140144330834240 pyconfig.py:559] Config param sinkhorn_iterations: 20
I0805 16:11:55.526131 140144330834240 pyconfig.py:559] Config param skip_first_n_steps_for_profiler: 1
I0805 16:11:55.526148 140144330834240 pyconfig.py:559] Config param skip_jax_distributed_system: False
I0805 16:11:55.526165 140144330834240 pyconfig.py:559] Config param skip_step_interval: 128
I0805 16:11:55.526181 140144330834240 pyconfig.py:559] Config param skip_step_on_spikes: False
I0805 16:11:55.526197 140144330834240 pyconfig.py:559] Config param skip_step_scaling_factor: 6.0
I0805 16:11:55.526214 140144330834240 pyconfig.py:559] Config param sliding_window_size: 0
I0805 16:11:55.526231 140144330834240 pyconfig.py:559] Config param solution_end_token: </answer>
I0805 16:11:55.526248 140144330834240 pyconfig.py:559] Config param solution_start_token: <answer>
I0805 16:11:55.526265 140144330834240 pyconfig.py:559] Config param source_checkpoint_layout: orbax
I0805 16:11:55.526281 140144330834240 pyconfig.py:559] Config param sparse_matmul: True
I0805 16:11:55.526299 140144330834240 pyconfig.py:559] Config param spatial_merge_size_for_vit: 2
I0805 16:11:55.526315 140144330834240 pyconfig.py:559] Config param stack_prefill_result_cache: False
I0805 16:11:55.526333 140144330834240 pyconfig.py:559] Config param step_deviation_interval_seconds: 30
I0805 16:11:55.526349 140144330834240 pyconfig.py:559] Config param steps: 14
I0805 16:11:55.526366 140144330834240 pyconfig.py:559] Config param stop_strings: None
I0805 16:11:55.526383 140144330834240 pyconfig.py:559] Config param student_overrides: {}
I0805 16:11:55.526399 140144330834240 pyconfig.py:559] Config param student_params_to_update: None
I0805 16:11:55.526417 140144330834240 pyconfig.py:559] Config param subslice_shape: 
I0805 16:11:55.526433 140144330834240 pyconfig.py:559] Config param swap_space_vllm_gb: 2
I0805 16:11:55.526449 140144330834240 pyconfig.py:559] Config param system_prompt: 
I0805 16:11:55.526466 140144330834240 pyconfig.py:559] Config param target_eval_loss: 0.0
I0805 16:11:55.526482 140144330834240 pyconfig.py:559] Config param teacher_overrides: {}
I0805 16:11:55.526498 140144330834240 pyconfig.py:559] Config param temperature_tuning: False
I0805 16:11:55.526514 140144330834240 pyconfig.py:559] Config param temporal_patch_size_for_vit: 2
I0805 16:11:55.526531 140144330834240 pyconfig.py:559] Config param tensorboard_dir: /root/work/scale-your-amd/runs/20260805-maxtext-cap-checkpoint/maxtext/cap-checkpoint/tensorboard/
I0805 16:11:55.526548 140144330834240 pyconfig.py:559] Config param tensors_on_device: None
I0805 16:11:55.526564 140144330834240 pyconfig.py:559] Config param tensors_to_offload: None
I0805 16:11:55.526587 140144330834240 pyconfig.py:559] Config param test_batch_start_index: 0
I0805 16:11:55.526603 140144330834240 pyconfig.py:559] Config param tile_size_for_vit: 336
I0805 16:11:55.526619 140144330834240 pyconfig.py:559] Config param tokenize_eval_data: True
I0805 16:11:55.526635 140144330834240 pyconfig.py:559] Config param tokenize_train_data: True
I0805 16:11:55.526652 140144330834240 pyconfig.py:559] Config param tokenizer_path: /workspace/maxtext/src/maxtext/assets/tokenizers/tokenizer.llama2
I0805 16:11:55.526668 140144330834240 pyconfig.py:559] Config param tokenizer_type: TokenizerType.SENTENCEPIECE
I0805 16:11:55.526686 140144330834240 pyconfig.py:559] Config param topk_routing_group: -1
I0805 16:11:55.526703 140144330834240 pyconfig.py:559] Config param tpu_num_chips_to_profile_per_task: 1
I0805 16:11:55.526719 140144330834240 pyconfig.py:559] Config param tpu_num_sparse_core_tiles_to_trace: 1
I0805 16:11:55.526735 140144330834240 pyconfig.py:559] Config param tpu_num_sparse_cores_to_trace: 2
I0805 16:11:55.526752 140144330834240 pyconfig.py:559] Config param train_data_columns: ['text']
I0805 16:11:55.526768 140144330834240 pyconfig.py:559] Config param train_fraction: 1.0
I0805 16:11:55.526785 140144330834240 pyconfig.py:559] Config param train_image_column: image
I0805 16:11:55.526802 140144330834240 pyconfig.py:559] Config param train_micro_batch_size: -1
I0805 16:11:55.526818 140144330834240 pyconfig.py:559] Config param train_split: train
I0805 16:11:55.526834 140144330834240 pyconfig.py:559] Config param trainable_parameters_mask: []
I0805 16:11:55.526850 140144330834240 pyconfig.py:559] Config param trainable_position_size: -1
I0805 16:11:55.526866 140144330834240 pyconfig.py:559] Config param trainer_devices_fraction: 0.5
I0805 16:11:55.526882 140144330834240 pyconfig.py:559] Config param upload_all_profiler_results: False
I0805 16:11:55.526899 140144330834240 pyconfig.py:559] Config param use_agentic_rollout: False
I0805 16:11:55.526915 140144330834240 pyconfig.py:559] Config param use_audio: False
I0805 16:11:55.526931 140144330834240 pyconfig.py:559] Config param use_audio_in_video: False
I0805 16:11:55.526947 140144330834240 pyconfig.py:559] Config param use_batch_split_schedule: False
I0805 16:11:55.526963 140144330834240 pyconfig.py:559] Config param use_chat_template: False
I0805 16:11:55.526979 140144330834240 pyconfig.py:559] Config param use_chunked_prefill: False
I0805 16:11:55.526994 140144330834240 pyconfig.py:559] Config param use_custom_sort_vjp: True
I0805 16:11:55.527011 140144330834240 pyconfig.py:559] Config param use_double_wide_mlp: False
I0805 16:11:55.527028 140144330834240 pyconfig.py:559] Config param use_dpo: False
I0805 16:11:55.527044 140144330834240 pyconfig.py:559] Config param use_gather_mosaic_kernel: False
I0805 16:11:55.527061 140144330834240 pyconfig.py:559] Config param use_gmm_v2: False
I0805 16:11:55.527077 140144330834240 pyconfig.py:559] Config param use_grpo: True
I0805 16:11:55.527093 140144330834240 pyconfig.py:559] Config param use_indexer: False
I0805 16:11:55.527109 140144330834240 pyconfig.py:559] Config param use_iota_embed: False
I0805 16:11:55.527126 140144330834240 pyconfig.py:559] Config param use_jax_splash: False
I0805 16:11:55.527143 140144330834240 pyconfig.py:559] Config param use_manual_quantization: False
I0805 16:11:55.527158 140144330834240 pyconfig.py:559] Config param use_max_logit_estimate: -1
I0805 16:11:55.527175 140144330834240 pyconfig.py:559] Config param use_mrope: False
I0805 16:11:55.527192 140144330834240 pyconfig.py:559] Config param use_multimodal: False
I0805 16:11:55.527209 140144330834240 pyconfig.py:559] Config param use_pathways: True
I0805 16:11:55.527224 140144330834240 pyconfig.py:559] Config param use_post_attn_norm: False
I0805 16:11:55.527241 140144330834240 pyconfig.py:559] Config param use_post_ffw_norm: False
I0805 16:11:55.527257 140144330834240 pyconfig.py:559] Config param use_qk_clip: False
I0805 16:11:55.527272 140144330834240 pyconfig.py:559] Config param use_qk_norm: False
I0805 16:11:55.527289 140144330834240 pyconfig.py:559] Config param use_qk_norm_in_gdn: True
I0805 16:11:55.527305 140144330834240 pyconfig.py:559] Config param use_qwix_quantization: False
I0805 16:11:55.527321 140144330834240 pyconfig.py:559] Config param use_ragged_attention: False
I0805 16:11:55.527337 140144330834240 pyconfig.py:559] Config param use_ragged_sort: False
I0805 16:11:55.527353 140144330834240 pyconfig.py:559] Config param use_random_routing: False
I0805 16:11:55.527369 140144330834240 pyconfig.py:559] Config param use_replicator_service: False
I0805 16:11:55.527386 140144330834240 pyconfig.py:559] Config param use_ring_of_experts: False
I0805 16:11:55.527401 140144330834240 pyconfig.py:559] Config param use_sft: False
I0805 16:11:55.527418 140144330834240 pyconfig.py:559] Config param use_splash_scheduler: False
I0805 16:11:55.527435 140144330834240 pyconfig.py:559] Config param use_standalone_converter: False
I0805 16:11:55.527451 140144330834240 pyconfig.py:559] Config param use_tokamax_gmm: False
I0805 16:11:55.527471 140144330834240 pyconfig.py:559] Config param use_tokamax_splash: False
I0805 16:11:55.527488 140144330834240 pyconfig.py:559] Config param use_truncation: True
I0805 16:11:55.527504 140144330834240 pyconfig.py:559] Config param use_tunix_gradient_accumulation: False
I0805 16:11:55.527521 140144330834240 pyconfig.py:559] Config param use_untrainable_positional_embedding: False
I0805 16:11:55.527537 140144330834240 pyconfig.py:559] Config param use_vertex_tensorboard: False
I0805 16:11:55.527553 140144330834240 pyconfig.py:559] Config param using_pipeline_parallelism: False
I0805 16:11:55.527570 140144330834240 pyconfig.py:559] Config param v_head_dim: 128
I0805 16:11:55.527587 140144330834240 pyconfig.py:559] Config param v_norm_with_scale: True
I0805 16:11:55.527604 140144330834240 pyconfig.py:559] Config param value_proj: RematLocation.REMAT
I0805 16:11:55.527622 140144330834240 pyconfig.py:559] Config param vertex_tensorboard_project: 
I0805 16:11:55.527639 140144330834240 pyconfig.py:559] Config param vertex_tensorboard_region: 
I0805 16:11:55.527655 140144330834240 pyconfig.py:559] Config param video_path: 
I0805 16:11:55.527672 140144330834240 pyconfig.py:559] Config param video_placeholder: <|video|>
I0805 16:11:55.527688 140144330834240 pyconfig.py:559] Config param vision_output_dim_for_vit: 4096
I0805 16:11:55.527705 140144330834240 pyconfig.py:559] Config param vision_output_length: -1
I0805 16:11:55.527721 140144330834240 pyconfig.py:559] Config param vllm_additional_config: {}
I0805 16:11:55.527738 140144330834240 pyconfig.py:559] Config param vllm_hf_config_path: 
I0805 16:11:55.527755 140144330834240 pyconfig.py:559] Config param vllm_hf_overrides: {}
I0805 16:11:55.527772 140144330834240 pyconfig.py:559] Config param vllm_load_format: dummy
I0805 16:11:55.527788 140144330834240 pyconfig.py:559] Config param vocab_size: 128256
I0805 16:11:55.527805 140144330834240 pyconfig.py:559] Config param vocab_size_per_layer_input: 0
I0805 16:11:55.527822 140144330834240 pyconfig.py:559] Config param warmup_steps_fraction: 0.1
I0805 16:11:55.527839 140144330834240 pyconfig.py:559] Config param weight_dtype: float32
I0805 16:11:55.527866 140144330834240 pyconfig.py:559] Config param weight_quantization_calibration_method: absmax
I0805 16:11:55.527884 140144330834240 pyconfig.py:559] Config param weight_sparsity_m: None
I0805 16:11:55.527901 140144330834240 pyconfig.py:559] Config param weight_sparsity_n: None
I0805 16:11:55.527917 140144330834240 pyconfig.py:559] Config param weight_sparsity_start_step: 50
I0805 16:11:55.527933 140144330834240 pyconfig.py:559] Config param weight_sparsity_update_step: 10
I0805 16:11:55.527950 140144330834240 pyconfig.py:559] Config param wi_tile_dlhs_batch_seq: 512
I0805 16:11:55.527966 140144330834240 pyconfig.py:559] Config param wi_tile_dlhs_embed_dim: 1024
I0805 16:11:55.527982 140144330834240 pyconfig.py:559] Config param wi_tile_dlhs_mlp_dim: 1024
I0805 16:11:55.527999 140144330834240 pyconfig.py:559] Config param wi_tile_drhs_batch_seq: 512
I0805 16:11:55.528015 140144330834240 pyconfig.py:559] Config param wi_tile_drhs_embed_dim: 1024
I0805 16:11:55.528032 140144330834240 pyconfig.py:559] Config param wi_tile_drhs_mlp_dim: 1024
I0805 16:11:55.528049 140144330834240 pyconfig.py:559] Config param wi_tile_fwd_batch_seq: 512
I0805 16:11:55.528065 140144330834240 pyconfig.py:559] Config param wi_tile_fwd_embed_dim: 1024
I0805 16:11:55.528081 140144330834240 pyconfig.py:559] Config param wi_tile_fwd_mlp_dim: 1024
I0805 16:11:55.528098 140144330834240 pyconfig.py:559] Config param wo_tile_dlhs_batch_seq: 512
I0805 16:11:55.528114 140144330834240 pyconfig.py:559] Config param wo_tile_dlhs_embed_dim: 1024
I0805 16:11:55.528130 140144330834240 pyconfig.py:559] Config param wo_tile_dlhs_mlp_dim: 1024
I0805 16:11:55.528147 140144330834240 pyconfig.py:559] Config param wo_tile_drhs_batch_seq: 512
I0805 16:11:55.528163 140144330834240 pyconfig.py:559] Config param wo_tile_drhs_embed_dim: 1024
I0805 16:11:55.528179 140144330834240 pyconfig.py:559] Config param wo_tile_drhs_mlp_dim: 1024
I0805 16:11:55.528195 140144330834240 pyconfig.py:559] Config param wo_tile_fwd_batch_seq: 512
I0805 16:11:55.528212 140144330834240 pyconfig.py:559] Config param wo_tile_fwd_embed_dim: 1024
I0805 16:11:55.528227 140144330834240 pyconfig.py:559] Config param wo_tile_fwd_mlp_dim: 1024
I0805 16:11:55.528243 140144330834240 pyconfig.py:559] Config param write_estimator_result: False
I0805 16:11:55.528259 140144330834240 pyconfig.py:559] Config param wsd_decay_steps_fraction: 0.1
I0805 16:11:55.528276 140144330834240 pyconfig.py:559] Config param wsd_decay_style: WsdDecayStyle.LINEAR
I0805 16:11:55.528294 140144330834240 pyconfig.py:559] Config param xprof_e2e_enable_fw_power_level_event: False
I0805 16:11:55.528310 140144330834240 pyconfig.py:559] Config param xprof_e2e_enable_fw_thermal_event: False
I0805 16:11:55.528326 140144330834240 pyconfig.py:559] Config param xprof_e2e_enable_fw_throttle_event: False
I0805 16:11:55.528342 140144330834240 pyconfig.py:559] Config param xprof_tpu_power_trace_level: 0
I0805 16:11:55.528360 140144330834240 pyconfig.py:559] Config param z_loss_multiplier: 0.0
I0805 16:11:55.528688 140144330834240 max_utils.py:828] System Information: Jax Version: 0.10.0
I0805 16:11:55.528729 140144330834240 max_utils.py:829] System Information: Jaxlib Version: 0.10.0
I0805 16:11:55.528772 140144330834240 max_utils.py:830] System Information: Jax Backend: PJRT C API
rocm 71400
I0805 16:11:55.528800 140144330834240 max_utils.py:833] System Information: Number of devices: 8, jax path /opt/venv/lib/python3.12/site-packages/jax/__init__.py
I0805 16:11:55.528831 140144330834240 max_utils.py:836] System Information: Device 0: 0 (Local id: 0, Process index: 0)
I0805 16:11:55.528856 140144330834240 max_utils.py:836] System Information: Device 1: 1 (Local id: 1, Process index: 0)
I0805 16:11:55.528879 140144330834240 max_utils.py:836] System Information: Device 2: 2 (Local id: 2, Process index: 0)
I0805 16:11:55.528901 140144330834240 max_utils.py:836] System Information: Device 3: 3 (Local id: 3, Process index: 0)
I0805 16:11:55.528923 140144330834240 max_utils.py:836] System Information: Device 4: 4 (Local id: 4, Process index: 0)
I0805 16:11:55.528943 140144330834240 max_utils.py:836] System Information: Device 5: 5 (Local id: 5, Process index: 0)
I0805 16:11:55.528963 140144330834240 max_utils.py:836] System Information: Device 6: 6 (Local id: 6, Process index: 0)
I0805 16:11:55.528983 140144330834240 max_utils.py:836] System Information: Device 7: 7 (Local id: 7, Process index: 0)
I0805 16:11:55.529011 140144330834240 train_utils.py:355] WARNING: 'base_output_directory' might be pointing your local file system
I0805 16:11:55.529038 140144330834240 train_utils.py:366] WARNING: Sequence packing is essentially ignored for synthetic data. Please use a real dataset to use sequence packing.
I0805 16:11:59.499728 140144330834240 maxtext_utils.py:1975] Num_devices: 8, shape (1, 1, 1, 8, 1, 1, 1, 1, 1, 1, 1, 1)
I0805 16:11:59.500354 140144330834240 maxtext_utils.py:1975] Num_devices: 8, shape (1, 1, 1, 8, 1, 1, 1, 1, 1, 1, 1, 1)
I0805 16:11:59.501332 140144330834240 checkpointing.py:995] Setting up checkpoint logger...
I0805 16:11:59.501544 140144330834240 checkpointing.py:389] Creating checkpoint manager with ocdbt=True and zarr3=True
I0805 16:11:59.501707 140144330834240 pytree_checkpoint_handler.py:597] save_device_host_concurrent_bytes=None
I0805 16:11:59.502400 140144330834240 base_pytree_checkpoint_handler.py:479] Created BasePyTreeCheckpointHandler: use_ocdbt=True, use_zarr3=True, pytree_metadata_options=PyTreeMetadataOptions(support_rich_types=False), array_metadata_store=<orbax.checkpoint._src.metadata.array_metadata_store.Store object at 0x7f71bbc721e0>, enable_pinned_host_transfer=True, save_concurrent_bytes: 96000000000 (89.4 GiB), restore_concurrent_bytes: 96000000000 (89.4 GiB)
I0805 16:11:59.503261 140144330834240 checkpointing.py:421] Enabling policy for fixed interval checkpointing.
I0805 16:11:59.503435 140144330834240 checkpoint_manager.py:708] [process=0][thread=MainThread] CheckpointManager init: checkpointers=None, item_names=('items',), item_handlers={'items': <orbax.checkpoint._src.handlers.pytree_checkpoint_handler.PyTreeCheckpointHandler object at 0x7f70a3462960>}, handler_registry=None
I0805 16:11:59.503787 140144330834240 composite_checkpoint_handler.py:237] Deferred registration for item: "items". Adding handler `<orbax.checkpoint._src.handlers.pytree_checkpoint_handler.PyTreeCheckpointHandler object at 0x7f70a3462960>` for item "items" and save args `<class 'orbax.checkpoint._src.handlers.pytree_checkpoint_handler.PyTreeSaveArgs'>` and restore args `<class 'orbax.checkpoint._src.handlers.pytree_checkpoint_handler.PyTreeRestoreArgs'>` to `_handler_registry`.
I0805 16:11:59.503894 140144330834240 composite_checkpoint_handler.py:237] Deferred registration for item: "metrics". Adding handler `<orbax.checkpoint._src.handlers.json_checkpoint_handler.JsonCheckpointHandler object at 0x7f70a3463140>` for item "metrics" and save args `<class 'orbax.checkpoint._src.handlers.json_checkpoint_handler.JsonSaveArgs'>` and restore args `<class 'orbax.checkpoint._src.handlers.json_checkpoint_handler.JsonRestoreArgs'>` to `_handler_registry`.
I0805 16:11:59.503978 140144330834240 composite_checkpoint_handler.py:505] Initialized registry DefaultCheckpointHandlerRegistry({('items', <class 'orbax.checkpoint._src.handlers.pytree_checkpoint_handler.PyTreeSaveArgs'>): <orbax.checkpoint._src.handlers.pytree_checkpoint_handler.PyTreeCheckpointHandler object at 0x7f70a3462960>, ('items', <class 'orbax.checkpoint._src.handlers.pytree_checkpoint_handler.PyTreeRestoreArgs'>): <orbax.checkpoint._src.handlers.pytree_checkpoint_handler.PyTreeCheckpointHandler object at 0x7f70a3462960>, ('metrics', <class 'orbax.checkpoint._src.handlers.json_checkpoint_handler.JsonSaveArgs'>): <orbax.checkpoint._src.handlers.json_checkpoint_handler.JsonCheckpointHandler object at 0x7f70a3463140>, ('metrics', <class 'orbax.checkpoint._src.handlers.json_checkpoint_handler.JsonRestoreArgs'>): <orbax.checkpoint._src.handlers.json_checkpoint_handler.JsonCheckpointHandler object at 0x7f70a3463140>}).
I0805 16:11:59.504350 140144330834240 abstract_checkpointer.py:35] orbax-checkpoint version: 0.11.39
I0805 16:11:59.505003 140144330834240 checkpoint_manager.py:1812] Found 0 checkpoint steps in /root/work/scale-your-amd/runs/20260805-maxtext-cap-checkpoint/maxtext/cap-checkpoint/checkpoints
I0805 16:11:59.505194 140144330834240 checkpoint_manager.py:929] [process=0][thread=MainThread] CheckpointManager created,  primary_host=0, CheckpointManagerOptions=CheckpointManagerOptions(save_interval_steps=1, max_to_keep=None, keep_time_interval=None, keep_period=None, should_keep_fn=None, best_fn=None, best_mode='max', keep_checkpoints_without_metrics=True, step_prefix=None, step_format_fixed_length=None, step_name_format=None, create=True, cleanup_tmp_directories=False, save_on_steps=frozenset(), single_host_load_and_broadcast=False, todelete_subdir=None, todelete_full_path=None, enable_background_delete=False, read_only=False, enable_async_checkpointing=False, async_options=None, multiprocessing_options=MultiprocessingOptions(primary_host=0, active_processes=None, barrier_sync_key_prefix=None), should_save_fn=None, file_options=FileOptions(path_permission_mode=None), save_root_metadata=True, temporary_path_class=None, save_decision_policy=FixedIntervalPolicy(interval=5), preservation_policy=LatestN(n=None), prevent_write_metrics=False, enable_should_save_is_saving_in_progress_check=True, enable_per_process_directory_creation=False, lightweight_initialize=False), root_directory=/root/work/scale-your-amd/runs/20260805-maxtext-cap-checkpoint/maxtext/cap-checkpoint/checkpoints: <orbax.checkpoint.checkpoint_manager.CheckpointManager object at 0x7f70a3462f60>
I0805 16:11:59.505286 140144330834240 checkpointing.py:457] Checkpoint manager created!
I0805 16:12:00.572478 140144330834240 decoders.py:352] WARNING: 'minimal_flash' will be deprecated soon, please use 'minimal_with_context' instead.
I0805 16:12:00.572566 140144330834240 decoders.py:353] WARNING: 'minimal_flash' will be deprecated soon, please use 'minimal_with_context' instead.
/opt/venv/lib/python3.12/site-packages/transformer_engine/jax/flax/transformer.py:732: UserWarning: The dtype argument is deprecated and will be removed in a future release. DotProductAttention will use the dtype of the inputs instead as this module does not have any parameters. Module dtype specified self.dtype=dtype(bfloat16) matches dtype of inputs so behavior is unchanged. Please remove the dtype argument within the next few releases.
  warnings.warn(
I0805 16:12:00.738876 140144330834240 decoders.py:352] WARNING: 'minimal_flash' will be deprecated soon, please use 'minimal_with_context' instead.
I0805 16:12:00.738954 140144330834240 decoders.py:353] WARNING: 'minimal_flash' will be deprecated soon, please use 'minimal_with_context' instead.
I0805 16:12:00.882583 140144330834240 checkpointing.py:804] checkpoint manager exists so trying to load this run's existing checkpoint
I0805 16:12:00.882662 140144330834240 checkpointing.py:983] No existing checkpoints found, not restoring checkpoint.
I0805 16:12:11.073854 140144330834240 decoders.py:352] WARNING: 'minimal_flash' will be deprecated soon, please use 'minimal_with_context' instead.
I0805 16:12:11.073989 140144330834240 decoders.py:353] WARNING: 'minimal_flash' will be deprecated soon, please use 'minimal_with_context' instead.
I0805 16:12:16.562871 140144330834240 max_utils.py:819] Total memory size: 126.5 GB, Output size: 11.2 GB, Temp size: 115.3 GB, Argument size: 11.2 GB, Host temp size: 0.0 GB.
I0805 16:12:16.564594 140144330834240 metric_logger.py:334] number parameters: 8.030 billion
I0805 16:12:16.649626 140144330834240 train.py:680] ====== BARRIER: Synchronizing hosts before training loop ======
I0805 16:12:16.649844 140144330834240 train.py:682] ====== BARRIER PASSED: Starting training loop ======
I0805 16:12:17.043078 140144330834240 decoders.py:352] WARNING: 'minimal_flash' will be deprecated soon, please use 'minimal_with_context' instead.
I0805 16:12:17.043154 140144330834240 decoders.py:353] WARNING: 'minimal_flash' will be deprecated soon, please use 'minimal_with_context' instead.
E0805 16:12:30.748191  183853 rendezvous.cc:108] [id=5] This thread has been waiting for `[7] [rank=7] [run_id=1950169147] Initialize clique: devices=8:[0,1,2,3,4,5,6,7]; local_participants=8; communication_id=0; incarnations=[]` for 10 seconds and may be stuck. All 8 threads joined the rendezvous, however the leader has not marked the rendezvous as completed. Leader can be deadlocked inside the rendezvous callback.
E0805 16:12:30.748241  183838 rendezvous.cc:108] [id=0] This thread has been waiting for `[3] [rank=3] [run_id=1950169147] Initialize clique: devices=8:[0,1,2,3,4,5,6,7]; local_participants=8; communication_id=0; incarnations=[]` for 10 seconds and may be stuck. All 8 threads joined the rendezvous, however the leader has not marked the rendezvous as completed. Leader can be deadlocked inside the rendezvous callback.
E0805 16:12:30.748194  183832 rendezvous.cc:108] [id=3] This thread has been waiting for `[1] [rank=1] [run_id=1950169147] Initialize clique: devices=8:[0,1,2,3,4,5,6,7]; local_participants=8; communication_id=0; incarnations=[]` for 10 seconds and may be stuck. All 8 threads joined the rendezvous, however the leader has not marked the rendezvous as completed. Leader can be deadlocked inside the rendezvous callback.
E0805 16:12:30.748175  183835 rendezvous.cc:108] [id=6] This thread has been waiting for `[2] [rank=2] [run_id=1950169147] Initialize clique: devices=8:[0,1,2,3,4,5,6,7]; local_participants=8; communication_id=0; incarnations=[]` for 10 seconds and may be stuck. All 8 threads joined the rendezvous, however the leader has not marked the rendezvous as completed. Leader can be deadlocked inside the rendezvous callback.
E0805 16:12:30.748200  183850 rendezvous.cc:108] [id=2] This thread has been waiting for `[6] [rank=6] [run_id=1950169147] Initialize clique: devices=8:[0,1,2,3,4,5,6,7]; local_participants=8; communication_id=0; incarnations=[]` for 10 seconds and may be stuck. All 8 threads joined the rendezvous, however the leader has not marked the rendezvous as completed. Leader can be deadlocked inside the rendezvous callback.
E0805 16:12:30.748254  183841 rendezvous.cc:108] [id=1] This thread has been waiting for `[4] [rank=4] [run_id=1950169147] Initialize clique: devices=8:[0,1,2,3,4,5,6,7]; local_participants=8; communication_id=0; incarnations=[]` for 10 seconds and may be stuck. All 8 threads joined the rendezvous, however the leader has not marked the rendezvous as completed. Leader can be deadlocked inside the rendezvous callback.
E0805 16:12:30.748170  183844 rendezvous.cc:108] [id=4] This thread has been waiting for `[5] [rank=5] [run_id=1950169147] Initialize clique: devices=8:[0,1,2,3,4,5,6,7]; local_participants=8; communication_id=0; incarnations=[]` for 10 seconds and may be stuck. All 8 threads joined the rendezvous, however the leader has not marked the rendezvous as completed. Leader can be deadlocked inside the rendezvous callback.
E0805 16:12:35.363687  183853 rendezvous.cc:130] [id=5] This thread is unstuck waiting for `[7] [rank=7] [run_id=1950169147] Initialize clique: devices=8:[0,1,2,3,4,5,6,7]; local_participants=8; communication_id=0; incarnations=[]` after 14.61583261s. All threads joined the rendezvous on time however the leader took long time to complete it. Warning above was a false-positive. Perhaps the timeout is too short.
E0805 16:12:35.363698  183844 rendezvous.cc:130] [id=4] This thread is unstuck waiting for `[5] [rank=5] [run_id=1950169147] Initialize clique: devices=8:[0,1,2,3,4,5,6,7]; local_participants=8; communication_id=0; incarnations=[]` after 14.615867775s. All threads joined the rendezvous on time however the leader took long time to complete it. Warning above was a false-positive. Perhaps the timeout is too short.
E0805 16:12:35.363778  183838 rendezvous.cc:130] [id=0] This thread is unstuck waiting for `[3] [rank=3] [run_id=1950169147] Initialize clique: devices=8:[0,1,2,3,4,5,6,7]; local_participants=8; communication_id=0; incarnations=[]` after 14.61598895s. All threads joined the rendezvous on time however the leader took long time to complete it. Warning above was a false-positive. Perhaps the timeout is too short.
E0805 16:12:35.363834  183832 rendezvous.cc:130] [id=3] This thread is unstuck waiting for `[1] [rank=1] [run_id=1950169147] Initialize clique: devices=8:[0,1,2,3,4,5,6,7]; local_participants=8; communication_id=0; incarnations=[]` after 14.616003664s. All threads joined the rendezvous on time however the leader took long time to complete it. Warning above was a false-positive. Perhaps the timeout is too short.
E0805 16:12:35.363835  183841 rendezvous.cc:130] [id=1] This thread is unstuck waiting for `[4] [rank=4] [run_id=1950169147] Initialize clique: devices=8:[0,1,2,3,4,5,6,7]; local_participants=8; communication_id=0; incarnations=[]` after 14.616013537s. All threads joined the rendezvous on time however the leader took long time to complete it. Warning above was a false-positive. Perhaps the timeout is too short.
E0805 16:12:35.363841  183850 rendezvous.cc:130] [id=2] This thread is unstuck waiting for `[6] [rank=6] [run_id=1950169147] Initialize clique: devices=8:[0,1,2,3,4,5,6,7]; local_participants=8; communication_id=0; incarnations=[]` after 14.616017925s. All threads joined the rendezvous on time however the leader took long time to complete it. Warning above was a false-positive. Perhaps the timeout is too short.
E0805 16:12:35.363840  183835 rendezvous.cc:130] [id=6] This thread is unstuck waiting for `[2] [rank=2] [run_id=1950169147] Initialize clique: devices=8:[0,1,2,3,4,5,6,7]; local_participants=8; communication_id=0; incarnations=[]` after 14.615848215s. All threads joined the rendezvous on time however the leader took long time to complete it. Warning above was a false-positive. Perhaps the timeout is too short.
RCCL version : 2.30.4-HEAD:9e5e408
HIP version  : 7.14.60850-0000000
ROCm version : 7.14.0.0-9999-2b22ab01
Hostname     : dell300x-ccs-aus-f06-01
Librccl path : /opt/rocm/lib/librccl.so.1
[aiter] hipModuleLoad (embedded): hsa/gfx942/fmha_v3_fwd/MI300/fwd_hd128_bf16_causal_rtz.co GetFunction: _ZN5aiter30fmha_fwd_hd128_bf16_causal_rtzE
[aiter] hipModuleGetFunction: _ZN5aiter30fmha_fwd_hd128_bf16_causal_rtzE Success
[aiter] hipModuleLoad (embedded): hsa/gfx942/fmha_v3_fwd/MI300/fwd_hd128_bf16_causal_rtz.co GetFunction: _ZN5aiter30fmha_fwd_hd128_bf16_causal_rtzE
[aiter] hipModuleGetFunction: _ZN5aiter30fmha_fwd_hd128_bf16_causal_rtzE Success
[aiter] hipModuleLoad (embedded): hsa/gfx942/fmha_v3_fwd/MI300/fwd_hd128_bf16_causal_rtz.co GetFunction: _ZN5aiter30fmha_fwd_hd128_bf16_causal_rtzE
[aiter] hipModuleLoad (embedded): hsa/gfx942/fmha_v3_fwd/MI300/fwd_hd128_bf16_causal_rtz.co GetFunction: _ZN5aiter30fmha_fwd_hd128_bf16_causal_rtzE
[aiter] hipModuleGetFunction: _ZN5aiter30fmha_fwd_hd128_bf16_causal_rtzE Success
[aiter] hipModuleGetFunction: _ZN5aiter30fmha_fwd_hd128_bf16_causal_rtzE Success
[aiter] hipModuleLoad (embedded): hsa/gfx942/fmha_v3_fwd/MI300/fwd_hd128_bf16_causal_rtz.co GetFunction: _ZN5aiter30fmha_fwd_hd128_bf16_causal_rtzE
[aiter] hipModuleLoad (embedded): hsa/gfx942/fmha_v3_fwd/MI300/fwd_hd128_bf16_causal_rtz.co GetFunction: _ZN5aiter30fmha_fwd_hd128_bf16_causal_rtzE
[aiter] hipModuleGetFunction: _ZN5aiter30fmha_fwd_hd128_bf16_causal_rtzE Success
[aiter] hipModuleGetFunction: _ZN5aiter30fmha_fwd_hd128_bf16_causal_rtzE Success
[aiter] hipModuleLoad (embedded): hsa/gfx942/fmha_v3_fwd/MI300/fwd_hd128_bf16_causal_rtz.co GetFunction: _ZN5aiter30fmha_fwd_hd128_bf16_causal_rtzE
[aiter] hipModuleGetFunction: _ZN5aiter30fmha_fwd_hd128_bf16_causal_rtzE Success
[aiter] hipModuleLoad (embedded): hsa/gfx942/fmha_v3_fwd/MI300/fwd_hd128_bf16_causal_rtz.co GetFunction: _ZN5aiter30fmha_fwd_hd128_bf16_causal_rtzE
[aiter] hipModuleGetFunction: _ZN5aiter30fmha_fwd_hd128_bf16_causal_rtzE Success
[aiter] hipModuleLoad (embedded): hsa/gfx942/fmha_v3_bwd/bwd_hd128_odo_bf16.co GetFunction: _ZN5aiter23fmha_bwd_hd128_odo_bf16E
[aiter] hipModuleGetFunction: _ZN5aiter23fmha_bwd_hd128_odo_bf16E Success
[aiter] hipModuleLoad (embedded): hsa/gfx942/fmha_v3_bwd/bwd_hd128_bf16_causal_a32_rtz_psskddv.co GetFunction: _ZN5aiter42fmha_bwd_hd128_bf16_causal_a32_rtz_psskddvE
[aiter] hipModuleGetFunction: _ZN5aiter42fmha_bwd_hd128_bf16_causal_a32_rtz_psskddvE Success
[aiter] hipModuleLoad (embedded): hsa/gfx942/fmha_v3_bwd/bwd_hd128_dq_convert_bf16_rtz.co GetFunction: _ZN5aiter34fmha_bwd_hd128_dq_convert_bf16_rtzE
[aiter] hipModuleGetFunction: _ZN5aiter34fmha_bwd_hd128_dq_convert_bf16_rtzE Success
[aiter] hipModuleLoad (embedded): hsa/gfx942/fmha_v3_bwd/bwd_hd128_odo_bf16.co GetFunction: _ZN5aiter23fmha_bwd_hd128_odo_bf16E
[aiter] hipModuleGetFunction: _ZN5aiter23fmha_bwd_hd128_odo_bf16E Success
[aiter] hipModuleLoad (embedded): hsa/gfx942/fmha_v3_bwd/bwd_hd128_bf16_causal_a32_rtz_psskddv.co GetFunction: _ZN5aiter42fmha_bwd_hd128_bf16_causal_a32_rtz_psskddvE
[aiter] hipModuleGetFunction: _ZN5aiter42fmha_bwd_hd128_bf16_causal_a32_rtz_psskddvE Success
[aiter] hipModuleLoad (embedded): hsa/gfx942/fmha_v3_bwd/bwd_hd128_dq_convert_bf16_rtz.co GetFunction: _ZN5aiter34fmha_bwd_hd128_dq_convert_bf16_rtzE
[aiter] hipModuleGetFunction: _ZN5aiter34fmha_bwd_hd128_dq_convert_bf16_rtzE Success
[aiter] hipModuleLoad (embedded): hsa/gfx942/fmha_v3_bwd/bwd_hd128_odo_bf16.co GetFunction: _ZN5aiter23fmha_bwd_hd128_odo_bf16E
[aiter] hipModuleGetFunction: _ZN5aiter23fmha_bwd_hd128_odo_bf16E Success
[aiter] hipModuleLoad (embedded): hsa/gfx942/fmha_v3_bwd/bwd_hd128_bf16_causal_a32_rtz_psskddv.co GetFunction: _ZN5aiter42fmha_bwd_hd128_bf16_causal_a32_rtz_psskddvE
[aiter] hipModuleGetFunction: _ZN5aiter42fmha_bwd_hd128_bf16_causal_a32_rtz_psskddvE Success
[aiter] hipModuleLoad (embedded): hsa/gfx942/fmha_v3_bwd/bwd_hd128_dq_convert_bf16_rtz.co GetFunction: _ZN5aiter34fmha_bwd_hd128_dq_convert_bf16_rtzE
[aiter] hipModuleGetFunction: _ZN5aiter34fmha_bwd_hd128_dq_convert_bf16_rtzE Success
[aiter] hipModuleLoad (embedded): hsa/gfx942/fmha_v3_bwd/bwd_hd128_odo_bf16.co GetFunction: _ZN5aiter23fmha_bwd_hd128_odo_bf16E
[aiter] hipModuleGetFunction: _ZN5aiter23fmha_bwd_hd128_odo_bf16E Success
[aiter] hipModuleLoad (embedded): hsa/gfx942/fmha_v3_bwd/bwd_hd128_bf16_causal_a32_rtz_psskddv.co GetFunction: _ZN5aiter42fmha_bwd_hd128_bf16_causal_a32_rtz_psskddvE
[aiter] hipModuleGetFunction: _ZN5aiter42fmha_bwd_hd128_bf16_causal_a32_rtz_psskddvE Success
[aiter] hipModuleLoad (embedded): hsa/gfx942/fmha_v3_bwd/bwd_hd128_dq_convert_bf16_rtz.co GetFunction: _ZN5aiter34fmha_bwd_hd128_dq_convert_bf16_rtzE
[aiter] hipModuleGetFunction: _ZN5aiter34fmha_bwd_hd128_dq_convert_bf16_rtzE Success
[aiter] hipModuleLoad (embedded): hsa/gfx942/fmha_v3_bwd/bwd_hd128_odo_bf16.co GetFunction: _ZN5aiter23fmha_bwd_hd128_odo_bf16E
[aiter] hipModuleGetFunction: _ZN5aiter23fmha_bwd_hd128_odo_bf16E Success
[aiter] hipModuleLoad (embedded): hsa/gfx942/fmha_v3_bwd/bwd_hd128_bf16_causal_a32_rtz_psskddv.co GetFunction: _ZN5aiter42fmha_bwd_hd128_bf16_causal_a32_rtz_psskddvE
[aiter] hipModuleGetFunction: _ZN5aiter42fmha_bwd_hd128_bf16_causal_a32_rtz_psskddvE Success
[aiter] hipModuleLoad (embedded): hsa/gfx942/fmha_v3_bwd/bwd_hd128_dq_convert_bf16_rtz.co GetFunction: _ZN5aiter34fmha_bwd_hd128_dq_convert_bf16_rtzE
[aiter] hipModuleGetFunction: _ZN5aiter34fmha_bwd_hd128_dq_convert_bf16_rtzE Success
[aiter] hipModuleLoad (embedded): hsa/gfx942/fmha_v3_bwd/bwd_hd128_odo_bf16.co GetFunction: _ZN5aiter23fmha_bwd_hd128_odo_bf16E
[aiter] hipModuleGetFunction: _ZN5aiter23fmha_bwd_hd128_odo_bf16E Success
[aiter] hipModuleLoad (embedded): hsa/gfx942/fmha_v3_bwd/bwd_hd128_bf16_causal_a32_rtz_psskddv.co GetFunction: _ZN5aiter42fmha_bwd_hd128_bf16_causal_a32_rtz_psskddvE
[aiter] hipModuleGetFunction: _ZN5aiter42fmha_bwd_hd128_bf16_causal_a32_rtz_psskddvE Success
[aiter] hipModuleLoad (embedded): hsa/gfx942/fmha_v3_bwd/bwd_hd128_dq_convert_bf16_rtz.co GetFunction: _ZN5aiter34fmha_bwd_hd128_dq_convert_bf16_rtzE
[aiter] hipModuleGetFunction: _ZN5aiter34fmha_bwd_hd128_dq_convert_bf16_rtzE Success
[aiter] hipModuleLoad (embedded): hsa/gfx942/fmha_v3_bwd/bwd_hd128_odo_bf16.co GetFunction: _ZN5aiter23fmha_bwd_hd128_odo_bf16E
[aiter] hipModuleGetFunction: _ZN5aiter23fmha_bwd_hd128_odo_bf16E Success
[aiter] hipModuleLoad (embedded): hsa/gfx942/fmha_v3_bwd/bwd_hd128_bf16_causal_a32_rtz_psskddv.co GetFunction: _ZN5aiter42fmha_bwd_hd128_bf16_causal_a32_rtz_psskddvE
[aiter] hipModuleGetFunction: _ZN5aiter42fmha_bwd_hd128_bf16_causal_a32_rtz_psskddvE Success
[aiter] hipModuleLoad (embedded): hsa/gfx942/fmha_v3_bwd/bwd_hd128_dq_convert_bf16_rtz.co GetFunction: _ZN5aiter34fmha_bwd_hd128_dq_convert_bf16_rtzE
[aiter] hipModuleGetFunction: _ZN5aiter34fmha_bwd_hd128_dq_convert_bf16_rtzE Success
[aiter] hipModuleLoad (embedded): hsa/gfx942/fmha_v3_bwd/bwd_hd128_odo_bf16.co GetFunction: _ZN5aiter23fmha_bwd_hd128_odo_bf16E
[aiter] hipModuleGetFunction: _ZN5aiter23fmha_bwd_hd128_odo_bf16E Success
[aiter] hipModuleLoad (embedded): hsa/gfx942/fmha_v3_bwd/bwd_hd128_bf16_causal_a32_rtz_psskddv.co GetFunction: _ZN5aiter42fmha_bwd_hd128_bf16_causal_a32_rtz_psskddvE
[aiter] hipModuleGetFunction: _ZN5aiter42fmha_bwd_hd128_bf16_causal_a32_rtz_psskddvE Success
[aiter] hipModuleLoad (embedded): hsa/gfx942/fmha_v3_bwd/bwd_hd128_dq_convert_bf16_rtz.co GetFunction: _ZN5aiter34fmha_bwd_hd128_dq_convert_bf16_rtzE
[aiter] hipModuleGetFunction: _ZN5aiter34fmha_bwd_hd128_dq_convert_bf16_rtzE Success
I0805 16:12:48.050611 140144330834240 checkpointing.py:1129] Waiting for step 0 to finish before checkpoint...
I0805 16:12:48.051548 140144330834240 checkpointing.py:1133] Waited 0.0009644031524658203 seconds for step 0 to finish before starting checkpointing.
I0805 16:12:48.052602 140144330834240 checkpoint_manager.py:2009] [process=0][thread=MainThread][wait_until_finished] No Save Finalize thread to wait for. Returning.
I0805 16:12:48.053191 140144330834240 checkpoint_manager.py:1512] [process=0] Saving checkpoint at step 0
I0805 16:12:48.053480 140144330834240 event_tracking.py:70] [process=0] [sync] Started save checkpoint @ /root/work/scale-your-amd/runs/20260805-maxtext-cap-checkpoint/maxtext/cap-checkpoint/checkpoints/0.
I0805 16:12:48.055793 140144330834240 atomicity.py:140] Creating tmp directory /root/work/scale-your-amd/runs/20260805-maxtext-cap-checkpoint/maxtext/cap-checkpoint/checkpoints/0.orbax-checkpoint-tmp
I0805 16:12:48.057365 140144330834240 checkpoint.py:188] Wrote Metadata={'item_handlers': None, 'metrics': {}, 'performance_metrics': {}, 'init_timestamp_nsecs': 1785946368056807606, 'commit_timestamp_nsecs': None, 'custom_metadata': {}}, json={"item_handlers": null, "metrics": {}, "performance_metrics": {}, "init_timestamp_nsecs": 1785946368056807606, "commit_timestamp_nsecs": null, "custom_metadata": {}} to /root/work/scale-your-amd/runs/20260805-maxtext-cap-checkpoint/maxtext/cap-checkpoint/checkpoints/0.orbax-checkpoint-tmp/_CHECKPOINT_METADATA
I0805 16:12:48.058853 140144330834240 signaling_client.py:380] Using ThreadSafeKeyValueSignalingClient
I0805 16:12:48.059493 140144330834240 future.py:372] [process=0][thread=MainThread][operation_id=1] _SignalingThread.join() waiting for signals ([]) blocking the main thread will slow down blocking save times. This is likely due to main thread calling result() on a CommitFuture.
I0805 16:12:48.061623 138267311716032 atomicity.py:140] Creating tmp directory /root/work/scale-your-amd/runs/20260805-maxtext-cap-checkpoint/maxtext/cap-checkpoint/checkpoints/0.orbax-checkpoint-tmp/items.orbax-checkpoint-tmp
I0805 16:12:48.074615 140144330834240 jax_array_handlers.py:378] Scheduling D2H of 39 prioritized jax.Array.
I0805 16:12:48.074731 140144330834240 replica_slices.py:425] Transferring arrays to host memory with options: use_replica_parallel=True, min_slice_bytes_for_replica_parallel=None, max_replicas_for_replica_parallel=None, enable_pinned_host_transfer=True
I0805 16:13:58.309431 140144330834240 base_pytree_checkpoint_handler.py:156] [process=0][thread=MainThread] Initiated "orbax.checkpoint._src.serialization.jax_array_handlers.ArrayHandler".serialize. Time taken: 70.235284s
I0805 16:13:58.309902 140144330834240 base_pytree_checkpoint_handler.py:764] MemoryRegulated: Peak usage: 0.000000 GiB
I0805 16:13:58.324532 140144330834240 base_pytree_checkpoint_handler.py:132] [process=0] /jax/orbax/write/blocking_gbytes_per_sec: 1.277 GiB/s (total gbytes: 89.7 GiB) (time elapsed: 70.26080322265625 s) (per-host)
I0805 16:13:58.324728 140144330834240 base_pytree_checkpoint_handler.py:814] [process=0][thread=MainThread] Initiated Pytree async_save. Time taken: 70.261041s (batch_requests_ready=0.004731s, total_serialization_initiated=70.242575s, others=0.013734s)
I0805 16:13:58.324982 140144330834240 composite_checkpoint_handler.py:715] [process=0][thread=MainThread] Initiated CompositeCheckpointHandler.async_save. Time taken: 70.266305s (all_items=0.000027s, per_item={'items': '0.00002694'}, temp_paths=70.266279)
I0805 16:13:58.325135 140144330834240 future.py:372] [process=0][thread=MainThread][operation_id=1] _SignalingThread.join() waiting for signals ([]) blocking the main thread will slow down blocking save times. This is likely due to main thread calling result() on a CommitFuture.
I0805 16:13:58.327883 138267303323328 array_metadata_store.py:203] [process=0][thread=array_type_handler] Wrote 39 array_metadata.ArrayMetadata to /root/work/scale-your-amd/runs/20260805-maxtext-cap-checkpoint/maxtext/cap-checkpoint/checkpoints/0.orbax-checkpoint-tmp/items.orbax-checkpoint-tmp/array_metadatas/process_0
I0805 16:14:34.383445 138237630740160 base_pytree_checkpoint_handler.py:1328] [process=0][thread=write_metadata_after_commits] Commit + Array metadata written. Time taken: 36.057552s (commit=36.050889s, array_metadata_write=0.006664s)
I0805 16:14:34.447137 140144330834240 base_pytree_checkpoint_handler.py:132] [process=0] /jax/orbax/write/gbytes_per_sec: 863.848 MiB/s (total gbytes: 89.7 GiB) (time elapsed: 106.38337802886963 s) (per-host)
I0805 16:14:34.449303 140144330834240 checkpoint.py:228] Read Metadata={'item_handlers': None, 'metrics': {}, 'performance_metrics': {}, 'init_timestamp_nsecs': 1785946368056807606, 'commit_timestamp_nsecs': None, 'custom_metadata': {}} from /root/work/scale-your-amd/runs/20260805-maxtext-cap-checkpoint/maxtext/cap-checkpoint/checkpoints/0.orbax-checkpoint-tmp/_CHECKPOINT_METADATA
I0805 16:14:34.450873 140144330834240 checkpoint.py:247] Updated Metadata={'item_handlers': {'items': 'orbax.checkpoint._src.handlers.pytree_checkpoint_handler.PyTreeCheckpointHandler'}, 'metrics': {}, 'performance_metrics': {}, 'init_timestamp_nsecs': 1785946368056807606, 'commit_timestamp_nsecs': None, 'custom_metadata': {}} to /root/work/scale-your-amd/runs/20260805-maxtext-cap-checkpoint/maxtext/cap-checkpoint/checkpoints/0.orbax-checkpoint-tmp/_CHECKPOINT_METADATA
I0805 16:14:34.451067 140144330834240 event_tracking.py:125] [process=0] [sync] Finished blocking save in 106.40 seconds. Continuing save @ /root/work/scale-your-amd/runs/20260805-maxtext-cap-checkpoint/maxtext/cap-checkpoint/checkpoints/0.
I0805 16:14:34.454813 140144330834240 array_metadata_store.py:367] [process=0][thread=MainThread] Skipped cross-host ArrayMetadata validation because only one process is found: process_index=0.
I0805 16:14:34.455119 140144330834240 ocdbt_utils.py:49] Param validation support for Zarr3 will be added later (b/362328389).
I0805 16:14:34.468634 140144330834240 base_pytree_checkpoint_handler.py:1452] [process=0][thread=MainThread] Pytree save finalize (merge_ocdbt + ArrayMetadata validation) completed. Time taken: 0.017194s. use_zarr3=True, enable_post_merge_validation=True, directory=/root/work/scale-your-amd/runs/20260805-maxtext-cap-checkpoint/maxtext/cap-checkpoint/checkpoints/0.orbax-checkpoint-tmp/items.orbax-checkpoint-tmp
I0805 16:14:34.469295 140144330834240 atomicity.py:535] Renaming /root/work/scale-your-amd/runs/20260805-maxtext-cap-checkpoint/maxtext/cap-checkpoint/checkpoints/0.orbax-checkpoint-tmp/items.orbax-checkpoint-tmp to /root/work/scale-your-amd/runs/20260805-maxtext-cap-checkpoint/maxtext/cap-checkpoint/checkpoints/0.orbax-checkpoint-tmp/items
I0805 16:14:34.470602 140144330834240 atomicity.py:535] Renaming /root/work/scale-your-amd/runs/20260805-maxtext-cap-checkpoint/maxtext/cap-checkpoint/checkpoints/0.orbax-checkpoint-tmp to /root/work/scale-your-amd/runs/20260805-maxtext-cap-checkpoint/maxtext/cap-checkpoint/checkpoints/0
I0805 16:14:34.472609 140144330834240 atomicity.py:847] [process=0][thread=MainThread] Finished saving checkpoint (finalized tmp dir) to `/root/work/scale-your-amd/runs/20260805-maxtext-cap-checkpoint/maxtext/cap-checkpoint/checkpoints/0`.
I0805 16:14:34.473284 140144330834240 event_tracking.py:138] [process=0] [sync] Finished save in 106.42 seconds @ /root/work/scale-your-amd/runs/20260805-maxtext-cap-checkpoint/maxtext/cap-checkpoint/checkpoints/0
I0805 16:14:34.473464 140144330834240 checkpoint_manager.py:2137] [process=0][thread=MainThread][step=0] CheckpointManager Save Finalize is syncing with other hosts...
I0805 16:14:34.473516 140144330834240 checkpoint_manager.py:2146] [process=0][thread=MainThread][step=0] CheckpointManager Save Finalize is done on all hosts.
I0805 16:14:34.473545 140144330834240 checkpoint_manager.py:1581] [process=0][thread=MainThread][step=0] Finished synchronous save.
I0805 16:14:34.473589 140144330834240 standard_logger.py:34] {'step': 0, 'event_type': 'save', 'directory': '/root/work/scale-your-amd/runs/20260805-maxtext-cap-checkpoint/maxtext/cap-checkpoint/checkpoints', 'reached_preemption': False, 'preemption_received_at': None, 'synchronous': True, 'wait_for_prev_start_time': 1785946368.0525484, 'wait_for_prev_duration_secs': 0.00016641616821289062, 'time_between_consecutive_saves_sec': None, 'checkpointer_blocking_start_time': 1785946368.053292, 'checkpointer_blocking_duration_secs': 106.42003321647644, 'get_old_steps_start_time': 1785946474.4733565, 'get_old_steps_duration_secs': 3.266334533691406e-05, 'checkpoint_manager_blocking_start_time': 1785946368.052298, 'checkpoint_manager_blocking_duration_secs': 106.42126369476318}
I0805 16:14:34.473682 140144330834240 checkpointing.py:566] Saved a checkpoint at step 0.
I0805 16:14:34.473724 140144330834240 max_utils.py:778] 
Memstats: After params initialized:
I0805 16:14:34.473788 140144330834240 max_utils.py:784] 	Using (GB) 11.22 / 172.79 (6.493431%) on rocm:0
I0805 16:14:34.473814 140144330834240 max_utils.py:784] 	Using (GB) 11.22 / 172.79 (6.493431%) on rocm:1
I0805 16:14:34.473838 140144330834240 max_utils.py:784] 	Using (GB) 11.22 / 172.79 (6.493431%) on rocm:2
I0805 16:14:34.473860 140144330834240 max_utils.py:784] 	Using (GB) 11.22 / 172.79 (6.493431%) on rocm:3
I0805 16:14:34.473880 140144330834240 max_utils.py:784] 	Using (GB) 11.22 / 172.79 (6.493431%) on rocm:4
I0805 16:14:34.473900 140144330834240 max_utils.py:784] 	Using (GB) 11.22 / 172.79 (6.493431%) on rocm:5
I0805 16:14:34.473919 140144330834240 max_utils.py:784] 	Using (GB) 11.22 / 172.79 (6.493431%) on rocm:6
I0805 16:14:34.473937 140144330834240 max_utils.py:784] 	Using (GB) 11.22 / 172.79 (6.493431%) on rocm:7
I0805 16:14:39.157353 140144330834240 metric_logger.py:207] completed step: 0, seconds: 31.401, TFLOP/s/device: 53.712, Tokens/s/device: 1043.548, total_weights: 262144, loss: 12.259, lm_loss: 12.259, perplexity: 210889.672
I0805 16:14:39.162993 140144330834240 metric_logger.py:314] To see full metrics 'tensorboard --logdir=/root/work/scale-your-amd/runs/20260805-maxtext-cap-checkpoint/maxtext/cap-checkpoint/tensorboard/'
I0805 16:14:42.982068 140144330834240 metric_logger.py:207] completed step: 1, seconds: 4.680, TFLOP/s/device: 360.392, Tokens/s/device: 7001.925, total_weights: 262144, loss: 12.259, lm_loss: 12.259, perplexity: 210889.672
I0805 16:14:46.816524 140144330834240 metric_logger.py:207] completed step: 2, seconds: 3.823, TFLOP/s/device: 441.116, Tokens/s/device: 8570.279, total_weights: 262144, loss: 11.302, lm_loss: 11.302, perplexity: 80962.055
I0805 16:14:50.660692 140144330834240 metric_logger.py:207] completed step: 3, seconds: 3.833, TFLOP/s/device: 440.074, Tokens/s/device: 8550.033, total_weights: 262144, loss: 10.383, lm_loss: 10.383, perplexity: 32300.201
I0805 16:14:54.509425 140144330834240 checkpointing.py:1129] Waiting for step 5 to finish before checkpoint...
I0805 16:14:54.511005 140144330834240 checkpointing.py:1133] Waited 0.0016071796417236328 seconds for step 5 to finish before starting checkpointing.
I0805 16:14:54.511969 140144330834240 checkpoint_manager.py:2009] [process=0][thread=MainThread][wait_until_finished] No Save Finalize thread to wait for. Returning.
I0805 16:14:54.512573 140144330834240 checkpoint_manager.py:1512] [process=0] Saving checkpoint at step 5
I0805 16:14:54.512851 140144330834240 event_tracking.py:70] [process=0] [sync] Started save checkpoint @ /root/work/scale-your-amd/runs/20260805-maxtext-cap-checkpoint/maxtext/cap-checkpoint/checkpoints/5.
I0805 16:14:54.695722 140144330834240 atomicity.py:140] Creating tmp directory /root/work/scale-your-amd/runs/20260805-maxtext-cap-checkpoint/maxtext/cap-checkpoint/checkpoints/5.orbax-checkpoint-tmp
I0805 16:14:54.927099 140144330834240 future.py:372] [process=0][thread=MainThread][operation_id=2] _SignalingThread.join() waiting for signals ([]) blocking the main thread will slow down blocking save times. This is likely due to main thread calling result() on a CommitFuture.
I0805 16:14:54.969608 138075539760832 atomicity.py:140] Creating tmp directory /root/work/scale-your-amd/runs/20260805-maxtext-cap-checkpoint/maxtext/cap-checkpoint/checkpoints/5.orbax-checkpoint-tmp/items.orbax-checkpoint-tmp
I0805 16:14:55.067909 140144330834240 jax_array_handlers.py:378] Scheduling D2H of 39 prioritized jax.Array.
I0805 16:14:55.068199 140144330834240 replica_slices.py:425] Transferring arrays to host memory with options: use_replica_parallel=True, min_slice_bytes_for_replica_parallel=None, max_replicas_for_replica_parallel=None, enable_pinned_host_transfer=True
I0805 16:14:55.552548 140144330834240 base_pytree_checkpoint_handler.py:156] [process=0][thread=MainThread] Initiated "orbax.checkpoint._src.serialization.jax_array_handlers.ArrayHandler".serialize. Time taken: 0.496602s
I0805 16:14:55.552872 140144330834240 base_pytree_checkpoint_handler.py:764] MemoryRegulated: Peak usage: 0.000000 GiB
I0805 16:14:55.565600 140144330834240 base_pytree_checkpoint_handler.py:132] [process=0] /jax/orbax/write/blocking_gbytes_per_sec: 172.330 GiB/s (total gbytes: 89.7 GiB) (time elapsed: 0.5207765102386475 s) (per-host)
I0805 16:14:55.566308 140144330834240 base_pytree_checkpoint_handler.py:814] [process=0][thread=MainThread] Initiated Pytree async_save. Time taken: 0.521553s (batch_requests_ready=0.005233s, total_serialization_initiated=0.503081s, others=0.013238s)
I0805 16:14:55.566612 140144330834240 composite_checkpoint_handler.py:715] [process=0][thread=MainThread] Initiated CompositeCheckpointHandler.async_save. Time taken: 0.727848s (all_items=0.000054s, per_item={'items': '0.00005412'}, temp_paths=0.727794)
I0805 16:14:55.566764 140144330834240 future.py:372] [process=0][thread=MainThread][operation_id=2] _SignalingThread.join() waiting for signals ([]) blocking the main thread will slow down blocking save times. This is likely due to main thread calling result() on a CommitFuture.
I0805 16:14:55.597254 138075539760832 array_metadata_store.py:203] [process=0][thread=array_type_handler] Wrote 39 array_metadata.ArrayMetadata to /root/work/scale-your-amd/runs/20260805-maxtext-cap-checkpoint/maxtext/cap-checkpoint/checkpoints/5.orbax-checkpoint-tmp/items.orbax-checkpoint-tmp/array_metadatas/process_0
I0805 16:16:11.824462 138267330606784 base_pytree_checkpoint_handler.py:1328] [process=0][thread=write_metadata_after_commits] Commit + Array metadata written. Time taken: 76.259116s (commit=76.253098s, array_metadata_write=0.006017s)
I0805 16:16:11.990673 140144330834240 base_pytree_checkpoint_handler.py:132] [process=0] /jax/orbax/write/gbytes_per_sec: 1.166 GiB/s (total gbytes: 89.7 GiB) (time elapsed: 76.94586539268494 s) (per-host)
I0805 16:16:11.994400 140144330834240 event_tracking.py:125] [process=0] [sync] Finished blocking save in 77.48 seconds. Continuing save @ /root/work/scale-your-amd/runs/20260805-maxtext-cap-checkpoint/maxtext/cap-checkpoint/checkpoints/5.
I0805 16:16:11.998342 140144330834240 array_metadata_store.py:367] [process=0][thread=MainThread] Skipped cross-host ArrayMetadata validation because only one process is found: process_index=0.
I0805 16:16:12.022851 140144330834240 ocdbt_utils.py:49] Param validation support for Zarr3 will be added later (b/362328389).
I0805 16:16:12.029004 140144330834240 base_pytree_checkpoint_handler.py:1452] [process=0][thread=MainThread] Pytree save finalize (merge_ocdbt + ArrayMetadata validation) completed. Time taken: 0.034065s. use_zarr3=True, enable_post_merge_validation=True, directory=/root/work/scale-your-amd/runs/20260805-maxtext-cap-checkpoint/maxtext/cap-checkpoint/checkpoints/5.orbax-checkpoint-tmp/items.orbax-checkpoint-tmp
I0805 16:16:12.030554 140144330834240 atomicity.py:535] Renaming /root/work/scale-your-amd/runs/20260805-maxtext-cap-checkpoint/maxtext/cap-checkpoint/checkpoints/5.orbax-checkpoint-tmp/items.orbax-checkpoint-tmp to /root/work/scale-your-amd/runs/20260805-maxtext-cap-checkpoint/maxtext/cap-checkpoint/checkpoints/5.orbax-checkpoint-tmp/items
I0805 16:16:12.032854 140144330834240 atomicity.py:535] Renaming /root/work/scale-your-amd/runs/20260805-maxtext-cap-checkpoint/maxtext/cap-checkpoint/checkpoints/5.orbax-checkpoint-tmp to /root/work/scale-your-amd/runs/20260805-maxtext-cap-checkpoint/maxtext/cap-checkpoint/checkpoints/5
I0805 16:16:12.035775 140144330834240 atomicity.py:847] [process=0][thread=MainThread] Finished saving checkpoint (finalized tmp dir) to `/root/work/scale-your-amd/runs/20260805-maxtext-cap-checkpoint/maxtext/cap-checkpoint/checkpoints/5`.
I0805 16:16:12.036596 140144330834240 event_tracking.py:138] [process=0] [sync] Finished save in 77.52 seconds @ /root/work/scale-your-amd/runs/20260805-maxtext-cap-checkpoint/maxtext/cap-checkpoint/checkpoints/5
I0805 16:16:12.036978 140144330834240 checkpoint_manager.py:2137] [process=0][thread=MainThread][step=5] CheckpointManager Save Finalize is syncing with other hosts...
I0805 16:16:12.037113 140144330834240 checkpoint_manager.py:2146] [process=0][thread=MainThread][step=5] CheckpointManager Save Finalize is done on all hosts.
I0805 16:16:12.037210 140144330834240 checkpoint_manager.py:1581] [process=0][thread=MainThread][step=5] Finished synchronous save.
I0805 16:16:12.037328 140144330834240 standard_logger.py:34] {'step': 5, 'event_type': 'save', 'directory': '/root/work/scale-your-amd/runs/20260805-maxtext-cap-checkpoint/maxtext/cap-checkpoint/checkpoints', 'reached_preemption': False, 'preemption_received_at': None, 'synchronous': True, 'wait_for_prev_start_time': 1785946494.511902, 'wait_for_prev_duration_secs': 0.000164031982421875, 'time_between_consecutive_saves_sec': 20.038368463516235, 'checkpointer_blocking_start_time': 1785946494.512664, 'checkpointer_blocking_duration_secs': 77.5240650177002, 'get_old_steps_start_time': 1785946572.0367708, 'get_old_steps_duration_secs': 6.270408630371094e-05, 'checkpoint_manager_blocking_start_time': 1785946494.5116887, 'checkpoint_manager_blocking_duration_secs': 77.52557921409607}
I0805 16:16:12.037531 140144330834240 checkpointing.py:566] Saved a checkpoint at step 5.
I0805 16:16:12.039490 140144330834240 metric_logger.py:207] completed step: 4, seconds: 3.843, TFLOP/s/device: 438.907, Tokens/s/device: 8527.362, total_weights: 262144, loss: 9.442, lm_loss: 9.442, perplexity: 12603.869
I0805 16:16:15.839215 140144330834240 metric_logger.py:207] completed step: 5, seconds: 3.850, TFLOP/s/device: 438.024, Tokens/s/device: 8510.203, total_weights: 262144, loss: 8.598, lm_loss: 8.598, perplexity: 5422.464
I0805 16:16:19.663591 140144330834240 metric_logger.py:207] completed step: 6, seconds: 3.798, TFLOP/s/device: 444.052, Tokens/s/device: 8627.319, total_weights: 262144, loss: 7.873, lm_loss: 7.873, perplexity: 2624.154
I0805 16:16:23.502718 140144330834240 metric_logger.py:207] completed step: 7, seconds: 3.822, TFLOP/s/device: 441.248, Tokens/s/device: 8572.849, total_weights: 262144, loss: 7.254, lm_loss: 7.254, perplexity: 1413.450
I0805 16:16:27.347336 140144330834240 metric_logger.py:207] completed step: 8, seconds: 3.838, TFLOP/s/device: 439.481, Tokens/s/device: 8538.512, total_weights: 262144, loss: 6.738, lm_loss: 6.738, perplexity: 843.917
I0805 16:16:31.202199 140144330834240 checkpointing.py:1129] Waiting for step 10 to finish before checkpoint...
I0805 16:16:31.203656 140144330834240 checkpointing.py:1133] Waited 0.0014870166778564453 seconds for step 10 to finish before starting checkpointing.
I0805 16:16:31.204575 140144330834240 checkpoint_manager.py:2009] [process=0][thread=MainThread][wait_until_finished] No Save Finalize thread to wait for. Returning.
I0805 16:16:31.205141 140144330834240 checkpoint_manager.py:1512] [process=0] Saving checkpoint at step 10
I0805 16:16:31.205406 140144330834240 event_tracking.py:70] [process=0] [sync] Started save checkpoint @ /root/work/scale-your-amd/runs/20260805-maxtext-cap-checkpoint/maxtext/cap-checkpoint/checkpoints/10.
I0805 16:16:31.213839 140144330834240 atomicity.py:140] Creating tmp directory /root/work/scale-your-amd/runs/20260805-maxtext-cap-checkpoint/maxtext/cap-checkpoint/checkpoints/10.orbax-checkpoint-tmp
I0805 16:16:31.216768 140144330834240 future.py:372] [process=0][thread=MainThread][operation_id=3] _SignalingThread.join() waiting for signals ([]) blocking the main thread will slow down blocking save times. This is likely due to main thread calling result() on a CommitFuture.
I0805 16:16:31.218313 138079264286400 atomicity.py:140] Creating tmp directory /root/work/scale-your-amd/runs/20260805-maxtext-cap-checkpoint/maxtext/cap-checkpoint/checkpoints/10.orbax-checkpoint-tmp/items.orbax-checkpoint-tmp
I0805 16:16:31.228291 140144330834240 jax_array_handlers.py:378] Scheduling D2H of 39 prioritized jax.Array.
I0805 16:16:31.228390 140144330834240 replica_slices.py:425] Transferring arrays to host memory with options: use_replica_parallel=True, min_slice_bytes_for_replica_parallel=None, max_replicas_for_replica_parallel=None, enable_pinned_host_transfer=True
I0805 16:16:31.624174 140144330834240 base_pytree_checkpoint_handler.py:156] [process=0][thread=MainThread] Initiated "orbax.checkpoint._src.serialization.jax_array_handlers.ArrayHandler".serialize. Time taken: 0.396263s
I0805 16:16:31.624494 140144330834240 base_pytree_checkpoint_handler.py:764] MemoryRegulated: Peak usage: 0.000000 GiB
I0805 16:16:31.630374 140144330834240 base_pytree_checkpoint_handler.py:132] [process=0] /jax/orbax/write/blocking_gbytes_per_sec: 218.830 GiB/s (total gbytes: 89.7 GiB) (time elapsed: 0.410114049911499 s) (per-host)
I0805 16:16:31.630535 140144330834240 base_pytree_checkpoint_handler.py:814] [process=0][thread=MainThread] Initiated Pytree async_save. Time taken: 0.410310s (batch_requests_ready=0.002435s, total_serialization_initiated=0.401994s, others=0.005882s)
I0805 16:16:31.630749 140144330834240 composite_checkpoint_handler.py:715] [process=0][thread=MainThread] Initiated CompositeCheckpointHandler.async_save. Time taken: 0.414593s (all_items=0.000020s, per_item={'items': '0.00001979'}, temp_paths=0.414573)
I0805 16:16:31.630871 140144330834240 future.py:372] [process=0][thread=MainThread][operation_id=3] _SignalingThread.join() waiting for signals ([]) blocking the main thread will slow down blocking save times. This is likely due to main thread calling result() on a CommitFuture.
I0805 16:16:31.639710 138079264286400 array_metadata_store.py:203] [process=0][thread=array_type_handler] Wrote 39 array_metadata.ArrayMetadata to /root/work/scale-your-amd/runs/20260805-maxtext-cap-checkpoint/maxtext/cap-checkpoint/checkpoints/10.orbax-checkpoint-tmp/items.orbax-checkpoint-tmp/array_metadatas/process_0
I0805 16:17:24.860131 138077133588160 base_pytree_checkpoint_handler.py:1328] [process=0][thread=write_metadata_after_commits] Commit + Array metadata written. Time taken: 53.222646s (commit=53.216691s, array_metadata_write=0.005956s)
I0805 16:17:24.871646 140144330834240 base_pytree_checkpoint_handler.py:132] [process=0] /jax/orbax/write/gbytes_per_sec: 1.673 GiB/s (total gbytes: 89.7 GiB) (time elapsed: 53.651344299316406 s) (per-host)
I0805 16:17:24.875522 140144330834240 event_tracking.py:125] [process=0] [sync] Finished blocking save in 53.67 seconds. Continuing save @ /root/work/scale-your-amd/runs/20260805-maxtext-cap-checkpoint/maxtext/cap-checkpoint/checkpoints/10.
I0805 16:17:25.027758 140144330834240 array_metadata_store.py:367] [process=0][thread=MainThread] Skipped cross-host ArrayMetadata validation because only one process is found: process_index=0.
I0805 16:17:25.029318 140144330834240 ocdbt_utils.py:49] Param validation support for Zarr3 will be added later (b/362328389).
I0805 16:17:25.045846 140144330834240 base_pytree_checkpoint_handler.py:1452] [process=0][thread=MainThread] Pytree save finalize (merge_ocdbt + ArrayMetadata validation) completed. Time taken: 0.169899s. use_zarr3=True, enable_post_merge_validation=True, directory=/root/work/scale-your-amd/runs/20260805-maxtext-cap-checkpoint/maxtext/cap-checkpoint/checkpoints/10.orbax-checkpoint-tmp/items.orbax-checkpoint-tmp
I0805 16:17:25.047263 140144330834240 atomicity.py:535] Renaming /root/work/scale-your-amd/runs/20260805-maxtext-cap-checkpoint/maxtext/cap-checkpoint/checkpoints/10.orbax-checkpoint-tmp/items.orbax-checkpoint-tmp to /root/work/scale-your-amd/runs/20260805-maxtext-cap-checkpoint/maxtext/cap-checkpoint/checkpoints/10.orbax-checkpoint-tmp/items
I0805 16:17:25.049691 140144330834240 atomicity.py:535] Renaming /root/work/scale-your-amd/runs/20260805-maxtext-cap-checkpoint/maxtext/cap-checkpoint/checkpoints/10.orbax-checkpoint-tmp to /root/work/scale-your-amd/runs/20260805-maxtext-cap-checkpoint/maxtext/cap-checkpoint/checkpoints/10
I0805 16:17:25.052312 140144330834240 atomicity.py:847] [process=0][thread=MainThread] Finished saving checkpoint (finalized tmp dir) to `/root/work/scale-your-amd/runs/20260805-maxtext-cap-checkpoint/maxtext/cap-checkpoint/checkpoints/10`.
I0805 16:17:25.053015 140144330834240 event_tracking.py:138] [process=0] [sync] Finished save in 53.85 seconds @ /root/work/scale-your-amd/runs/20260805-maxtext-cap-checkpoint/maxtext/cap-checkpoint/checkpoints/10
I0805 16:17:25.053319 140144330834240 checkpoint_manager.py:2137] [process=0][thread=MainThread][step=10] CheckpointManager Save Finalize is syncing with other hosts...
I0805 16:17:25.053438 140144330834240 checkpoint_manager.py:2146] [process=0][thread=MainThread][step=10] CheckpointManager Save Finalize is done on all hosts.
I0805 16:17:25.053519 140144330834240 checkpoint_manager.py:1581] [process=0][thread=MainThread][step=10] Finished synchronous save.
I0805 16:17:25.053619 140144330834240 standard_logger.py:34] {'step': 10, 'event_type': 'save', 'directory': '/root/work/scale-your-amd/runs/20260805-maxtext-cap-checkpoint/maxtext/cap-checkpoint/checkpoints', 'reached_preemption': False, 'preemption_received_at': None, 'synchronous': True, 'wait_for_prev_start_time': 1785946591.2045226, 'wait_for_prev_duration_secs': 0.00014829635620117188, 'time_between_consecutive_saves_sec': 19.16734766960144, 'checkpointer_blocking_start_time': 1785946591.2052355, 'checkpointer_blocking_duration_secs': 53.84789443016052, 'get_old_steps_start_time': 1785946645.0531604, 'get_old_steps_duration_secs': 4.887580871582031e-05, 'checkpoint_manager_blocking_start_time': 1785946591.2043262, 'checkpoint_manager_blocking_duration_secs': 53.84924125671387}
I0805 16:17:25.053817 140144330834240 checkpointing.py:566] Saved a checkpoint at step 10.
I0805 16:17:25.055978 140144330834240 metric_logger.py:207] completed step: 9, seconds: 3.843, TFLOP/s/device: 438.892, Tokens/s/device: 8527.082, total_weights: 262144, loss: 6.326, lm_loss: 6.326, perplexity: 558.683
I0805 16:17:28.854453 140144330834240 metric_logger.py:207] completed step: 10, seconds: 3.857, TFLOP/s/device: 437.294, Tokens/s/device: 8496.028, total_weights: 262144, loss: 6.012, lm_loss: 6.012, perplexity: 408.181
I0805 16:17:32.686250 140144330834240 metric_logger.py:207] completed step: 11, seconds: 3.797, TFLOP/s/device: 444.173, Tokens/s/device: 8629.669, total_weights: 262144, loss: 5.784, lm_loss: 5.784, perplexity: 325.084
I0805 16:17:36.529663 140144330834240 metric_logger.py:207] completed step: 12, seconds: 3.830, TFLOP/s/device: 440.347, Tokens/s/device: 8555.350, total_weights: 262144, loss: 5.624, lm_loss: 5.624, perplexity: 276.868
I0805 16:17:36.539303 140144330834240 checkpointing.py:1129] Waiting for step 13 to finish before checkpoint...
I0805 16:17:36.539772 140144330834240 checkpointing.py:1133] Waited 0.0004801750183105469 seconds for step 13 to finish before starting checkpointing.
I0805 16:17:36.540171 140144330834240 checkpoint_manager.py:2009] [process=0][thread=MainThread][wait_until_finished] No Save Finalize thread to wait for. Returning.
I0805 16:17:36.540477 140144330834240 checkpoint_manager.py:1512] [process=0] Saving checkpoint at step 13
I0805 16:17:36.540614 140144330834240 event_tracking.py:70] [process=0] [sync] Started save checkpoint @ /root/work/scale-your-amd/runs/20260805-maxtext-cap-checkpoint/maxtext/cap-checkpoint/checkpoints/13.
I0805 16:17:36.542118 140144330834240 atomicity.py:140] Creating tmp directory /root/work/scale-your-amd/runs/20260805-maxtext-cap-checkpoint/maxtext/cap-checkpoint/checkpoints/13.orbax-checkpoint-tmp
I0805 16:17:36.544515 140144330834240 future.py:372] [process=0][thread=MainThread][operation_id=4] _SignalingThread.join() waiting for signals ([]) blocking the main thread will slow down blocking save times. This is likely due to main thread calling result() on a CommitFuture.
I0805 16:17:36.546050 138079264286400 atomicity.py:140] Creating tmp directory /root/work/scale-your-amd/runs/20260805-maxtext-cap-checkpoint/maxtext/cap-checkpoint/checkpoints/13.orbax-checkpoint-tmp/items.orbax-checkpoint-tmp
I0805 16:17:36.555805 140144330834240 jax_array_handlers.py:378] Scheduling D2H of 39 prioritized jax.Array.
I0805 16:17:36.555909 140144330834240 replica_slices.py:425] Transferring arrays to host memory with options: use_replica_parallel=True, min_slice_bytes_for_replica_parallel=None, max_replicas_for_replica_parallel=None, enable_pinned_host_transfer=True
I0805 16:17:36.947591 140144330834240 base_pytree_checkpoint_handler.py:156] [process=0][thread=MainThread] Initiated "orbax.checkpoint._src.serialization.jax_array_handlers.ArrayHandler".serialize. Time taken: 0.392194s
I0805 16:17:36.947919 140144330834240 base_pytree_checkpoint_handler.py:764] MemoryRegulated: Peak usage: 0.000000 GiB
I0805 16:17:36.953764 140144330834240 base_pytree_checkpoint_handler.py:132] [process=0] /jax/orbax/write/blocking_gbytes_per_sec: 221.144 GiB/s (total gbytes: 89.7 GiB) (time elapsed: 0.4058225154876709 s) (per-host)
I0805 16:17:36.953922 140144330834240 base_pytree_checkpoint_handler.py:814] [process=0][thread=MainThread] Initiated Pytree async_save. Time taken: 0.406023s (batch_requests_ready=0.002384s, total_serialization_initiated=0.397801s, others=0.005838s)
I0805 16:17:36.954134 140144330834240 composite_checkpoint_handler.py:715] [process=0][thread=MainThread] Initiated CompositeCheckpointHandler.async_save. Time taken: 0.410113s (all_items=0.000018s, per_item={'items': '0.00001764'}, temp_paths=0.410095)
I0805 16:17:36.954258 140144330834240 future.py:372] [process=0][thread=MainThread][operation_id=4] _SignalingThread.join() waiting for signals ([]) blocking the main thread will slow down blocking save times. This is likely due to main thread calling result() on a CommitFuture.
I0805 16:17:37.002738 138079264286400 array_metadata_store.py:203] [process=0][thread=array_type_handler] Wrote 39 array_metadata.ArrayMetadata to /root/work/scale-your-amd/runs/20260805-maxtext-cap-checkpoint/maxtext/cap-checkpoint/checkpoints/13.orbax-checkpoint-tmp/items.orbax-checkpoint-tmp/array_metadatas/process_0
I0805 16:18:30.745357 138267330606784 base_pytree_checkpoint_handler.py:1328] [process=0][thread=write_metadata_after_commits] Commit + Array metadata written. Time taken: 53.781837s (commit=53.771680s, array_metadata_write=0.010158s)
I0805 16:18:30.769387 140144330834240 base_pytree_checkpoint_handler.py:132] [process=0] /jax/orbax/write/gbytes_per_sec: 1.655 GiB/s (total gbytes: 89.7 GiB) (time elapsed: 54.22140717506409 s) (per-host)
I0805 16:18:30.773169 140144330834240 event_tracking.py:125] [process=0] [sync] Finished blocking save in 54.23 seconds. Continuing save @ /root/work/scale-your-amd/runs/20260805-maxtext-cap-checkpoint/maxtext/cap-checkpoint/checkpoints/13.
I0805 16:18:30.835145 140144330834240 array_metadata_store.py:367] [process=0][thread=MainThread] Skipped cross-host ArrayMetadata validation because only one process is found: process_index=0.
I0805 16:18:30.835642 140144330834240 ocdbt_utils.py:49] Param validation support for Zarr3 will be added later (b/362328389).
I0805 16:18:30.839078 140144330834240 base_pytree_checkpoint_handler.py:1452] [process=0][thread=MainThread] Pytree save finalize (merge_ocdbt + ArrayMetadata validation) completed. Time taken: 0.065396s. use_zarr3=True, enable_post_merge_validation=True, directory=/root/work/scale-your-amd/runs/20260805-maxtext-cap-checkpoint/maxtext/cap-checkpoint/checkpoints/13.orbax-checkpoint-tmp/items.orbax-checkpoint-tmp
I0805 16:18:30.840067 140144330834240 atomicity.py:535] Renaming /root/work/scale-your-amd/runs/20260805-maxtext-cap-checkpoint/maxtext/cap-checkpoint/checkpoints/13.orbax-checkpoint-tmp/items.orbax-checkpoint-tmp to /root/work/scale-your-amd/runs/20260805-maxtext-cap-checkpoint/maxtext/cap-checkpoint/checkpoints/13.orbax-checkpoint-tmp/items
I0805 16:18:30.842056 140144330834240 atomicity.py:535] Renaming /root/work/scale-your-amd/runs/20260805-maxtext-cap-checkpoint/maxtext/cap-checkpoint/checkpoints/13.orbax-checkpoint-tmp to /root/work/scale-your-amd/runs/20260805-maxtext-cap-checkpoint/maxtext/cap-checkpoint/checkpoints/13
I0805 16:18:30.844527 140144330834240 atomicity.py:847] [process=0][thread=MainThread] Finished saving checkpoint (finalized tmp dir) to `/root/work/scale-your-amd/runs/20260805-maxtext-cap-checkpoint/maxtext/cap-checkpoint/checkpoints/13`.
I0805 16:18:30.845258 140144330834240 event_tracking.py:138] [process=0] [sync] Finished save in 54.30 seconds @ /root/work/scale-your-amd/runs/20260805-maxtext-cap-checkpoint/maxtext/cap-checkpoint/checkpoints/13
I0805 16:18:30.845518 140144330834240 checkpoint_manager.py:2137] [process=0][thread=MainThread][step=13] CheckpointManager Save Finalize is syncing with other hosts...
I0805 16:18:30.845618 140144330834240 checkpoint_manager.py:2146] [process=0][thread=MainThread][step=13] CheckpointManager Save Finalize is done on all hosts.
I0805 16:18:30.845682 140144330834240 checkpoint_manager.py:1581] [process=0][thread=MainThread][step=13] Finished synchronous save.
I0805 16:18:30.845768 140144330834240 standard_logger.py:34] {'step': 13, 'event_type': 'save', 'directory': '/root/work/scale-your-amd/runs/20260805-maxtext-cap-checkpoint/maxtext/cap-checkpoint/checkpoints', 'reached_preemption': False, 'preemption_received_at': None, 'synchronous': True, 'wait_for_prev_start_time': 1785946656.5401418, 'wait_for_prev_duration_secs': 7.152557373046875e-05, 'time_between_consecutive_saves_sec': 11.486650943756104, 'checkpointer_blocking_start_time': 1785946656.5405247, 'checkpointer_blocking_duration_secs': 54.304831981658936, 'get_old_steps_start_time': 1785946710.8453825, 'get_old_steps_duration_secs': 4.38690185546875e-05, 'checkpoint_manager_blocking_start_time': 1785946656.5400856, 'checkpoint_manager_blocking_duration_secs': 54.305633783340454}
I0805 16:18:30.845925 140144330834240 checkpointing.py:566] Saved a checkpoint at step 13.
I0805 16:18:30.845994 140144330834240 checkpoint_manager.py:2009] [process=0][thread=MainThread][wait_until_finished] No Save Finalize thread to wait for. Returning.
I0805 16:18:30.846052 140144330834240 checkpoint_manager.py:2009] [process=0][thread=MainThread][wait_until_finished] No Save Finalize thread to wait for. Returning.
I0805 16:18:30.847749 140144330834240 metric_logger.py:207] completed step: 13, seconds: 3.842, TFLOP/s/device: 439.022, Tokens/s/device: 8529.602, total_weights: 262144, loss: 5.506, lm_loss: 5.506, perplexity: 246.130
Per train step:
 Total TFLOPs: 1686.58 
 split as 87.48% learnable weight flops and 12.52% attention flops
