WARNING: All log messages before absl::InitializeLog() is called are written to STDERR
I0000 00:00:1785941114.106960  143010 port.cc:153] oneDNN custom operations are on. You may see slightly different numerical results due to floating-point round-off errors from different computation orders. To turn them off, set the environment variable `TF_ENABLE_ONEDNN_OPTS=0`.
WARNING: All log messages before absl::InitializeLog() is called are written to STDERR
I0000 00:00:1785941115.092244  143010 port.cc:153] oneDNN custom operations are on. You may see slightly different numerical results due to floating-point round-off errors from different computation orders. To turn them off, set the environment variable `TF_ENABLE_ONEDNN_OPTS=0`.
[transformers] PyTorch was not found. Models won't be available and only tokenizers, configuration and file/data utilities can be used.
[transformers] DeepseekV32Config got `key=rope_scaling` in kwargs but hasn't set it as attribute. For RoPE standardization you need to set `self.rope_parameters` in model's config. 
I0805 14:45:18.440949 140713024774464 max_utils.py:260] Attempting to initialize the jax distributed system for GPU backend...
I0805 14:45:18.441049 140713024774464 max_utils.py:262] Jax distributed system initialized on GPU!
I0805 14:45:19.773610 140713024774464 pyconfig.py:559] Config param abort_on_inf_loss: True
I0805 14:45:19.773811 140713024774464 pyconfig.py:559] Config param abort_on_nan_loss: True
I0805 14:45:19.773859 140713024774464 pyconfig.py:559] Config param act_quantization_calibration_method: absmax
I0805 14:45:19.773897 140713024774464 pyconfig.py:559] Config param activation_dropout_for_audio: 0.0
I0805 14:45:19.773932 140713024774464 pyconfig.py:559] Config param activation_function_for_audio: gelu
I0805 14:45:19.773959 140713024774464 pyconfig.py:559] Config param activations_in_float32: False
I0805 14:45:19.773983 140713024774464 pyconfig.py:559] Config param adam_b1: 0.9
I0805 14:45:19.774010 140713024774464 pyconfig.py:559] Config param adam_b2: 0.95
I0805 14:45:19.774036 140713024774464 pyconfig.py:559] Config param adam_eps: 1e-08
I0805 14:45:19.774064 140713024774464 pyconfig.py:559] Config param adam_eps_root: 0.0
I0805 14:45:19.774088 140713024774464 pyconfig.py:559] Config param adam_weight_decay: 0.1
I0805 14:45:19.774112 140713024774464 pyconfig.py:559] Config param adamw_mask: []
I0805 14:45:19.774133 140713024774464 pyconfig.py:559] Config param add_bos: True
I0805 14:45:19.774154 140713024774464 pyconfig.py:559] Config param add_eos: True
I0805 14:45:19.774175 140713024774464 pyconfig.py:559] Config param allow_split_physical_axes: False
I0805 14:45:19.774197 140713024774464 pyconfig.py:559] Config param ar_cache_axis_order: 1,2,0,3
I0805 14:45:19.774217 140713024774464 pyconfig.py:559] Config param async_checkpointing: True
I0805 14:45:19.774239 140713024774464 pyconfig.py:559] Config param async_scheduling: False
I0805 14:45:19.774260 140713024774464 pyconfig.py:559] Config param attention: cudnn_flash_te
I0805 14:45:19.774281 140713024774464 pyconfig.py:559] Config param attention_bias: False
I0805 14:45:19.774301 140713024774464 pyconfig.py:559] Config param attention_dropout_for_audio: 0.0
I0805 14:45:19.774322 140713024774464 pyconfig.py:559] Config param attention_for_vit: dot_product
I0805 14:45:19.774344 140713024774464 pyconfig.py:559] Config param attention_out: RematLocation.REMAT
I0805 14:45:19.774374 140713024774464 pyconfig.py:559] Config param attention_output_dim: -1
I0805 14:45:19.774396 140713024774464 pyconfig.py:559] Config param attention_sink: False
I0805 14:45:19.774420 140713024774464 pyconfig.py:559] Config param attention_type: global
I0805 14:45:19.774443 140713024774464 pyconfig.py:559] Config param attn_logits_soft_cap: None
I0805 14:45:19.774464 140713024774464 pyconfig.py:559] Config param attn_module_name: None
I0805 14:45:19.774485 140713024774464 pyconfig.py:559] Config param audio_path: 
I0805 14:45:19.774505 140713024774464 pyconfig.py:559] Config param audio_placeholder: <|audio|>
I0805 14:45:19.774525 140713024774464 pyconfig.py:559] Config param autoregressive_decode_assert: 
I0805 14:45:19.774546 140713024774464 pyconfig.py:559] Config param base_config: None
I0805 14:45:19.774567 140713024774464 pyconfig.py:559] Config param base_emb_dim: 4096
I0805 14:45:19.774588 140713024774464 pyconfig.py:559] Config param base_mlp_dim: 14336
I0805 14:45:19.774608 140713024774464 pyconfig.py:559] Config param base_moe_mlp_dim: 14336
I0805 14:45:19.774629 140713024774464 pyconfig.py:559] Config param base_num_decoder_layers: 32
I0805 14:45:19.774649 140713024774464 pyconfig.py:559] Config param base_num_kv_heads: 8
I0805 14:45:19.774670 140713024774464 pyconfig.py:559] Config param base_num_query_heads: 32
I0805 14:45:19.774690 140713024774464 pyconfig.py:559] Config param base_output_directory: /root/work/scale-your-amd/runs/20260805-maxtext-disp-mixtral-onehot-capacity/maxtext
I0805 14:45:19.774713 140713024774464 pyconfig.py:559] Config param batch_size: 1
I0805 14:45:19.774734 140713024774464 pyconfig.py:559] Config param batch_split_factor: 1
I0805 14:45:19.774756 140713024774464 pyconfig.py:559] Config param beta_fast: 32
I0805 14:45:19.774777 140713024774464 pyconfig.py:559] Config param beta_slow: 1
I0805 14:45:19.774798 140713024774464 pyconfig.py:559] Config param bwd_quantization_calibration_method: absmax
I0805 14:45:19.774819 140713024774464 pyconfig.py:559] Config param capacity_factor: 1.25
I0805 14:45:19.774841 140713024774464 pyconfig.py:559] Config param cast_logits_to_fp32: True
I0805 14:45:19.774862 140713024774464 pyconfig.py:559] Config param chat_template: 
I0805 14:45:19.774882 140713024774464 pyconfig.py:559] Config param chat_template_path: 
I0805 14:45:19.774901 140713024774464 pyconfig.py:559] Config param check_vma: False
I0805 14:45:19.774922 140713024774464 pyconfig.py:559] Config param checkpoint_conversion_fn: None
I0805 14:45:19.774945 140713024774464 pyconfig.py:559] Config param checkpoint_dir: /root/work/scale-your-amd/runs/20260805-maxtext-disp-mixtral-onehot-capacity/maxtext/disp-mixtral-onehot-capacity/checkpoints/
I0805 14:45:19.774970 140713024774464 pyconfig.py:559] Config param checkpoint_is_quantized: False
I0805 14:45:19.774994 140713024774464 pyconfig.py:559] Config param checkpoint_period: 10000
I0805 14:45:19.775015 140713024774464 pyconfig.py:559] Config param checkpoint_storage_concurrent_gb: 96
I0805 14:45:19.775038 140713024774464 pyconfig.py:559] Config param checkpoint_storage_target_data_file_size_bytes: 2147483648
I0805 14:45:19.775059 140713024774464 pyconfig.py:559] Config param checkpoint_storage_use_ocdbt: True
I0805 14:45:19.775081 140713024774464 pyconfig.py:559] Config param checkpoint_storage_use_zarr3: True
I0805 14:45:19.775101 140713024774464 pyconfig.py:559] Config param checkpoint_todelete_full_path: None
I0805 14:45:19.775123 140713024774464 pyconfig.py:559] Config param checkpoint_todelete_subdir: None
I0805 14:45:19.775143 140713024774464 pyconfig.py:559] Config param chips_per_vm: 4
I0805 14:45:19.775163 140713024774464 pyconfig.py:559] Config param chunk_attn_window_size: 0
I0805 14:45:19.775183 140713024774464 pyconfig.py:559] Config param colocated_python_checkpointing: False
I0805 14:45:19.775203 140713024774464 pyconfig.py:559] Config param colocated_python_data_input: False
I0805 14:45:19.775223 140713024774464 pyconfig.py:559] Config param compile_topology: 
I0805 14:45:19.775243 140713024774464 pyconfig.py:559] Config param compile_topology_num_slices: -1
I0805 14:45:19.775263 140713024774464 pyconfig.py:559] Config param compile_xla_flags: 
I0805 14:45:19.775282 140713024774464 pyconfig.py:559] Config param compiled_trainstep_file: 
I0805 14:45:19.775304 140713024774464 pyconfig.py:559] Config param compress_ratios: []
I0805 14:45:19.775324 140713024774464 pyconfig.py:559] Config param compressed_rope_max_timescale: 160000
I0805 14:45:19.775345 140713024774464 pyconfig.py:559] Config param compute_axis_order: 0,1,2,3
I0805 14:45:19.775365 140713024774464 pyconfig.py:559] Config param constant_bound_config: []
I0805 14:45:19.775385 140713024774464 pyconfig.py:559] Config param context: RematLocation.REMAT
I0805 14:45:19.775407 140713024774464 pyconfig.py:559] Config param context_parallel_load_balance: True
I0805 14:45:19.775427 140713024774464 pyconfig.py:559] Config param context_parallel_reorder_strategy: ReorderStrategy.AUTO
I0805 14:45:19.775450 140713024774464 pyconfig.py:559] Config param context_parallel_size: 1
I0805 14:45:19.775470 140713024774464 pyconfig.py:559] Config param context_parallel_strategy: all_gather
I0805 14:45:19.775490 140713024774464 pyconfig.py:559] Config param context_sharding: context
I0805 14:45:19.775510 140713024774464 pyconfig.py:559] Config param conv_chunksize_for_audio: 500
I0805 14:45:19.775530 140713024774464 pyconfig.py:559] Config param conv_stride_for_vit: 14
I0805 14:45:19.775551 140713024774464 pyconfig.py:559] Config param convert_checkpoint_if_possible: False
I0805 14:45:19.775572 140713024774464 pyconfig.py:559] Config param cost_estimate_flops_bwd: -1
I0805 14:45:19.775593 140713024774464 pyconfig.py:559] Config param cost_estimate_flops_fwd: -1
I0805 14:45:19.775612 140713024774464 pyconfig.py:559] Config param custom_mesh: 
I0805 14:45:19.775632 140713024774464 pyconfig.py:559] Config param custom_mesh_and_rule: CustomRule.DEFAULT
I0805 14:45:19.775655 140713024774464 pyconfig.py:559] Config param d_model_for_audio: 256
I0805 14:45:19.775675 140713024774464 pyconfig.py:559] Config param data_sharding: (('data', 'stage', 'fsdp', 'fsdp_transpose', 'context', 'context_autoregressive', 'tensor', 'tensor_transpose', 'tensor_sequence', 'expert', 'autoregressive'),)
I0805 14:45:19.775704 140713024774464 pyconfig.py:559] Config param data_shuffle_seed: 0
I0805 14:45:19.775725 140713024774464 pyconfig.py:559] Config param data_template_path: 
I0805 14:45:19.775745 140713024774464 pyconfig.py:559] Config param dataset_name: c4/en:3.1.0
I0805 14:45:19.775764 140713024774464 pyconfig.py:559] Config param dataset_path: 
I0805 14:45:19.775784 140713024774464 pyconfig.py:559] Config param dataset_processor_path: 
I0805 14:45:19.775804 140713024774464 pyconfig.py:559] Config param dataset_type: DatasetType.SYNTHETIC
I0805 14:45:19.775827 140713024774464 pyconfig.py:559] Config param dcn_autoregressive_parallelism: 1
I0805 14:45:19.775847 140713024774464 pyconfig.py:559] Config param dcn_context_autoregressive_parallelism: 1
I0805 14:45:19.775868 140713024774464 pyconfig.py:559] Config param dcn_context_parallelism: 1
I0805 14:45:19.775888 140713024774464 pyconfig.py:559] Config param dcn_data_parallelism: -1
I0805 14:45:19.775909 140713024774464 pyconfig.py:559] Config param dcn_diloco_parallelism: 1
I0805 14:45:19.775929 140713024774464 pyconfig.py:559] Config param dcn_expert_parallelism: 1
I0805 14:45:19.775949 140713024774464 pyconfig.py:559] Config param dcn_fsdp_parallelism: 1
I0805 14:45:19.775969 140713024774464 pyconfig.py:559] Config param dcn_fsdp_transpose_parallelism: 1
I0805 14:45:19.775989 140713024774464 pyconfig.py:559] Config param dcn_parallelism: [1, -1, 1, 1, 1, 1, 1, 1, 1, 1, 1, 1]
I0805 14:45:19.776011 140713024774464 pyconfig.py:559] Config param dcn_pipeline_parallelism: 1
I0805 14:45:19.776032 140713024774464 pyconfig.py:559] Config param dcn_sequence_parallelism: 1
I0805 14:45:19.776054 140713024774464 pyconfig.py:559] Config param dcn_tensor_parallelism: 1
I0805 14:45:19.776074 140713024774464 pyconfig.py:559] Config param dcn_tensor_sequence_parallelism: 1
I0805 14:45:19.776094 140713024774464 pyconfig.py:559] Config param dcn_tensor_transpose_parallelism: 1
I0805 14:45:19.776114 140713024774464 pyconfig.py:559] Config param debug: {'rl': False}
I0805 14:45:19.776136 140713024774464 pyconfig.py:559] Config param debug_converter: False
I0805 14:45:19.776157 140713024774464 pyconfig.py:559] Config param debug_sharding: False
I0805 14:45:19.776177 140713024774464 pyconfig.py:559] Config param decode_sampling_nucleus_p: -1
I0805 14:45:19.776197 140713024774464 pyconfig.py:559] Config param decode_sampling_strategy: SamplingStrategy.GREEDY
I0805 14:45:19.776221 140713024774464 pyconfig.py:559] Config param decode_sampling_temperature: 1.0
I0805 14:45:19.776242 140713024774464 pyconfig.py:559] Config param decode_sampling_top_k: 0
I0805 14:45:19.776262 140713024774464 pyconfig.py:559] Config param decoder_block: DecoderBlockType.MIXTRAL
I0805 14:45:19.776283 140713024774464 pyconfig.py:559] Config param decoder_layer_input: RematLocation.DEVICE
I0805 14:45:19.776304 140713024774464 pyconfig.py:559] Config param deepstack_visual_indexes_for_vit: []
I0805 14:45:19.776325 140713024774464 pyconfig.py:559] Config param degenerate_group_masking: True
I0805 14:45:19.776348 140713024774464 pyconfig.py:559] Config param dense_init_scale: 1.0
I0805 14:45:19.776369 140713024774464 pyconfig.py:559] Config param diloco_outer_lr: 0.3
I0805 14:45:19.776391 140713024774464 pyconfig.py:559] Config param diloco_outer_momentum: 0.9
I0805 14:45:19.776413 140713024774464 pyconfig.py:559] Config param diloco_sync_period: 36
I0805 14:45:19.776434 140713024774464 pyconfig.py:559] Config param distill_alpha: 0.5
I0805 14:45:19.776455 140713024774464 pyconfig.py:559] Config param distill_alpha_end: None
I0805 14:45:19.776475 140713024774464 pyconfig.py:559] Config param distill_alpha_schedule: constant
I0805 14:45:19.776495 140713024774464 pyconfig.py:559] Config param distill_beta: 0.0
I0805 14:45:19.776517 140713024774464 pyconfig.py:559] Config param distill_beta_end: None
I0805 14:45:19.776537 140713024774464 pyconfig.py:559] Config param distill_beta_schedule: constant
I0805 14:45:19.776556 140713024774464 pyconfig.py:559] Config param distill_feature_loss_type: cosine
I0805 14:45:19.776577 140713024774464 pyconfig.py:559] Config param distill_layer_indices: None
I0805 14:45:19.776597 140713024774464 pyconfig.py:559] Config param distill_student_weights_share_map: {}
I0805 14:45:19.776616 140713024774464 pyconfig.py:559] Config param distill_temperature: 1.0
I0805 14:45:19.776637 140713024774464 pyconfig.py:559] Config param distill_temperature_end: None
I0805 14:45:19.776658 140713024774464 pyconfig.py:559] Config param distill_temperature_schedule: constant
I0805 14:45:19.776677 140713024774464 pyconfig.py:559] Config param distill_weights_copy_map: {}
I0805 14:45:19.776698 140713024774464 pyconfig.py:559] Config param downsample_hidden_size_for_audio: 256
I0805 14:45:19.776718 140713024774464 pyconfig.py:559] Config param dpo: {'algo': 'dpo', 'dpo_beta': 0.1, 'orpo_lambda': 0.1, 'dpo_label_smoothing': 0.0, 'max_prompt_length': None}
I0805 14:45:19.776742 140713024774464 pyconfig.py:559] Config param dq_reduction_steps: 0
I0805 14:45:19.776764 140713024774464 pyconfig.py:559] Config param dropout_rate: 0.0
I0805 14:45:19.776784 140713024774464 pyconfig.py:559] Config param dtype: bfloat16
I0805 14:45:19.776834 140713024774464 pyconfig.py:559] Config param dtype_mm: float32
I0805 14:45:19.776860 140713024774464 pyconfig.py:559] Config param dump_hlo: False
I0805 14:45:19.776882 140713024774464 pyconfig.py:559] Config param dump_hlo_delete_local_after: True
I0805 14:45:19.776903 140713024774464 pyconfig.py:559] Config param dump_hlo_gcs_dir: /root/work/scale-your-amd/runs/20260805-maxtext-disp-mixtral-onehot-capacity/maxtext/disp-mixtral-onehot-capacity/xla_dump
I0805 14:45:19.776926 140713024774464 pyconfig.py:559] Config param dump_hlo_local_dir: /tmp/xla_dump/
I0805 14:45:19.776947 140713024774464 pyconfig.py:559] Config param dump_hlo_local_module_name: jit_train_step
I0805 14:45:19.776967 140713024774464 pyconfig.py:559] Config param dump_hlo_module_name: jit_train_step
I0805 14:45:19.776987 140713024774464 pyconfig.py:559] Config param dump_hlo_upload_all: False
I0805 14:45:19.777008 140713024774464 pyconfig.py:559] Config param dump_hlo_xla_flags: 
I0805 14:45:19.777028 140713024774464 pyconfig.py:559] Config param dump_jaxpr: False
I0805 14:45:19.777048 140713024774464 pyconfig.py:559] Config param dump_jaxpr_delete_local_after: True
I0805 14:45:19.777068 140713024774464 pyconfig.py:559] Config param dump_jaxpr_gcs_dir: /root/work/scale-your-amd/runs/20260805-maxtext-disp-mixtral-onehot-capacity/maxtext/disp-mixtral-onehot-capacity/jaxpr_dump
I0805 14:45:19.777088 140713024774464 pyconfig.py:559] Config param dump_jaxpr_local_dir: /tmp/jaxpr_dump/
I0805 14:45:19.777109 140713024774464 pyconfig.py:559] Config param dump_step: -1
I0805 14:45:19.777130 140713024774464 pyconfig.py:559] Config param elastic_enabled: False
I0805 14:45:19.777150 140713024774464 pyconfig.py:559] Config param elastic_max_retries: 10
I0805 14:45:19.777171 140713024774464 pyconfig.py:559] Config param elastic_min_slice_count: -1
I0805 14:45:19.777192 140713024774464 pyconfig.py:559] Config param elastic_timeout_seconds: 300
I0805 14:45:19.777212 140713024774464 pyconfig.py:559] Config param emb_dim: 4096
I0805 14:45:19.777233 140713024774464 pyconfig.py:559] Config param enable_autocheckpoint: False
I0805 14:45:19.777253 140713024774464 pyconfig.py:559] Config param enable_checkpoint_cloud_logger: False
I0805 14:45:19.777273 140713024774464 pyconfig.py:559] Config param enable_checkpointing: False
I0805 14:45:19.777294 140713024774464 pyconfig.py:559] Config param enable_continuous_checkpointing: False
I0805 14:45:19.777314 140713024774464 pyconfig.py:559] Config param enable_data_shuffling: True
I0805 14:45:19.777334 140713024774464 pyconfig.py:559] Config param enable_diloco: False
I0805 14:45:19.777356 140713024774464 pyconfig.py:559] Config param enable_dp_attention: False
I0805 14:45:19.777377 140713024774464 pyconfig.py:559] Config param enable_dropout: False
I0805 14:45:19.777396 140713024774464 pyconfig.py:559] Config param enable_emergency_checkpoint: False
I0805 14:45:19.777416 140713024774464 pyconfig.py:559] Config param enable_expert_parallel: False
I0805 14:45:19.777437 140713024774464 pyconfig.py:559] Config param enable_gcp_goodput_metrics: True
I0805 14:45:19.777457 140713024774464 pyconfig.py:559] Config param enable_gcp_step_deviation_metrics: True
I0805 14:45:19.777477 140713024774464 pyconfig.py:559] Config param enable_goodput_recording: False
I0805 14:45:19.777498 140713024774464 pyconfig.py:559] Config param enable_jax_profiler: False
I0805 14:45:19.777519 140713024774464 pyconfig.py:559] Config param enable_llm_inference_pool: False
I0805 14:45:19.777539 140713024774464 pyconfig.py:559] Config param enable_mhc_lite: False
I0805 14:45:19.777559 140713024774464 pyconfig.py:559] Config param enable_model_warmup: False
I0805 14:45:19.777580 140713024774464 pyconfig.py:559] Config param enable_multi_tier_checkpointing: False
I0805 14:45:19.777601 140713024774464 pyconfig.py:559] Config param enable_nnx: False
I0805 14:45:19.777621 140713024774464 pyconfig.py:559] Config param enable_orbax_v1: False
I0805 14:45:19.777642 140713024774464 pyconfig.py:559] Config param enable_padding_causal_mask: True
I0805 14:45:19.777662 140713024774464 pyconfig.py:559] Config param enable_pathways_goodput: False
I0805 14:45:19.777683 140713024774464 pyconfig.py:559] Config param enable_prefix_caching: False
I0805 14:45:19.777703 140713024774464 pyconfig.py:559] Config param enable_rampup_batch_size: False
I0805 14:45:19.777724 140713024774464 pyconfig.py:559] Config param enable_single_controller: False
I0805 14:45:19.777752 140713024774464 pyconfig.py:559] Config param enable_single_replica_ckpt_restoring: False
I0805 14:45:19.777774 140713024774464 pyconfig.py:559] Config param enable_tensorboard: True
I0805 14:45:19.777794 140713024774464 pyconfig.py:559] Config param enable_tpu_profiling_options: False
I0805 14:45:19.777816 140713024774464 pyconfig.py:559] Config param enable_tunix_perf_metrics: False
I0805 14:45:19.777835 140713024774464 pyconfig.py:559] Config param encoder_attention_heads_for_audio: 4
I0805 14:45:19.777856 140713024774464 pyconfig.py:559] Config param encoder_ffn_dim_for_audio: 512
I0805 14:45:19.777875 140713024774464 pyconfig.py:559] Config param encoder_layers_for_audio: 2
I0805 14:45:19.777895 140713024774464 pyconfig.py:559] Config param engram: RematLocation.REMAT
I0805 14:45:19.777916 140713024774464 pyconfig.py:559] Config param engram_head_dim: 1280
I0805 14:45:19.777937 140713024774464 pyconfig.py:559] Config param engram_kernel_size: 4
I0805 14:45:19.777958 140713024774464 pyconfig.py:559] Config param engram_layers: []
I0805 14:45:19.777979 140713024774464 pyconfig.py:559] Config param engram_max_ngram_size: 3
I0805 14:45:19.777999 140713024774464 pyconfig.py:559] Config param engram_num_heads: 8
I0805 14:45:19.778020 140713024774464 pyconfig.py:559] Config param engram_seed: 0
I0805 14:45:19.778041 140713024774464 pyconfig.py:559] Config param engram_vocab_bases: []
I0805 14:45:19.778063 140713024774464 pyconfig.py:559] Config param epsilon_high: None
I0805 14:45:19.778084 140713024774464 pyconfig.py:559] Config param eval_batch_size: -1
I0805 14:45:19.778104 140713024774464 pyconfig.py:559] Config param eval_corr_lst: False
I0805 14:45:19.778124 140713024774464 pyconfig.py:559] Config param eval_data_columns: ['text']
I0805 14:45:19.778146 140713024774464 pyconfig.py:559] Config param eval_dataset_name: c4/en:3.1.0
I0805 14:45:19.778167 140713024774464 pyconfig.py:559] Config param eval_image_column: image
I0805 14:45:19.778187 140713024774464 pyconfig.py:559] Config param eval_interval: -1
I0805 14:45:19.778207 140713024774464 pyconfig.py:559] Config param eval_make_lst: False
I0805 14:45:19.778228 140713024774464 pyconfig.py:559] Config param eval_mode: pass
I0805 14:45:19.778249 140713024774464 pyconfig.py:559] Config param eval_per_device_batch_size: 4.0
I0805 14:45:19.778270 140713024774464 pyconfig.py:559] Config param eval_sampling_strategy: greedy
I0805 14:45:19.778291 140713024774464 pyconfig.py:559] Config param eval_split: validation
I0805 14:45:19.778312 140713024774464 pyconfig.py:559] Config param eval_steps: -1
I0805 14:45:19.778332 140713024774464 pyconfig.py:559] Config param expansion_factor_real_data: -1.0
I0805 14:45:19.778352 140713024774464 pyconfig.py:559] Config param expert_balance: False
I0805 14:45:19.778373 140713024774464 pyconfig.py:559] Config param final_logits_soft_cap: None
I0805 14:45:19.778393 140713024774464 pyconfig.py:559] Config param first_num_dense_layers: 0
I0805 14:45:19.778412 140713024774464 pyconfig.py:559] Config param first_num_hash_layers: 0
I0805 14:45:19.778431 140713024774464 pyconfig.py:559] Config param float32_gate_logits: False
I0805 14:45:19.778451 140713024774464 pyconfig.py:559] Config param float32_logits: False
I0805 14:45:19.778471 140713024774464 pyconfig.py:559] Config param float32_qk_product: False
I0805 14:45:19.778491 140713024774464 pyconfig.py:559] Config param float32_weight_sum: True
I0805 14:45:19.778512 140713024774464 pyconfig.py:559] Config param force_q_layout: False
I0805 14:45:19.778532 140713024774464 pyconfig.py:559] Config param force_unroll: False
I0805 14:45:19.778554 140713024774464 pyconfig.py:559] Config param formatting_func_kwargs: {}
I0805 14:45:19.778574 140713024774464 pyconfig.py:559] Config param formatting_func_path: 
I0805 14:45:19.778594 140713024774464 pyconfig.py:559] Config param freeze_audio_encoder_params: True
I0805 14:45:19.778614 140713024774464 pyconfig.py:559] Config param freeze_vision_encoder_params: True
I0805 14:45:19.778634 140713024774464 pyconfig.py:559] Config param fuse_expert_scales: False
I0805 14:45:19.778654 140713024774464 pyconfig.py:559] Config param fused_mlp: False
I0805 14:45:19.778674 140713024774464 pyconfig.py:559] Config param fused_qkv: False
I0805 14:45:19.778694 140713024774464 pyconfig.py:559] Config param gcs_debug_path: 
I0805 14:45:19.778714 140713024774464 pyconfig.py:559] Config param gcs_metrics: False
I0805 14:45:19.778733 140713024774464 pyconfig.py:559] Config param gdn_chunk_size: 64
I0805 14:45:19.778753 140713024774464 pyconfig.py:559] Config param gdn_conv_kernel_dim: 4
I0805 14:45:19.778773 140713024774464 pyconfig.py:559] Config param gdn_key_head_dim: 128
I0805 14:45:19.778793 140713024774464 pyconfig.py:559] Config param gdn_num_key_heads: 16
I0805 14:45:19.778813 140713024774464 pyconfig.py:559] Config param gdn_num_value_heads: 32
I0805 14:45:19.778834 140713024774464 pyconfig.py:559] Config param gdn_value_head_dim: 128
I0805 14:45:19.778854 140713024774464 pyconfig.py:559] Config param generate_padding_batch_eval: False
I0805 14:45:19.778873 140713024774464 pyconfig.py:559] Config param generate_padding_batch_train: False
I0805 14:45:19.778894 140713024774464 pyconfig.py:559] Config param generate_slice: v5e-16
I0805 14:45:19.778914 140713024774464 pyconfig.py:559] Config param generation_configs: {}
I0805 14:45:19.778934 140713024774464 pyconfig.py:559] Config param global_batch_size_to_eval_on: 32
I0805 14:45:19.778954 140713024774464 pyconfig.py:559] Config param global_batch_size_to_load: 32
I0805 14:45:19.778974 140713024774464 pyconfig.py:559] Config param global_batch_size_to_load_eval: 32
I0805 14:45:19.778997 140713024774464 pyconfig.py:559] Config param global_batch_size_to_load_increment: None
I0805 14:45:19.779019 140713024774464 pyconfig.py:559] Config param global_batch_size_to_load_start: None
I0805 14:45:19.779041 140713024774464 pyconfig.py:559] Config param global_batch_size_to_train_on: 32
I0805 14:45:19.779061 140713024774464 pyconfig.py:559] Config param global_head_dim: 0
I0805 14:45:19.779082 140713024774464 pyconfig.py:559] Config param global_num_kv_heads: 0
I0805 14:45:19.779102 140713024774464 pyconfig.py:559] Config param global_parameter_scale: 1
I0805 14:45:19.779122 140713024774464 pyconfig.py:559] Config param global_rampup_samples: 500
I0805 14:45:19.779142 140713024774464 pyconfig.py:559] Config param global_rope_max_timescale: -1
I0805 14:45:19.779163 140713024774464 pyconfig.py:559] Config param global_rope_proportion: 0.25
I0805 14:45:19.779184 140713024774464 pyconfig.py:559] Config param goodput_upload_interval_seconds: 30
I0805 14:45:19.779204 140713024774464 pyconfig.py:559] Config param grad_dtype: float32
I0805 14:45:19.779262 140713024774464 pyconfig.py:559] Config param gradient_accumulation_steps: 1
I0805 14:45:19.779287 140713024774464 pyconfig.py:559] Config param gradient_clipping_threshold: 1.0
I0805 14:45:19.779311 140713024774464 pyconfig.py:559] Config param grain_data_source_max_workers: 16
I0805 14:45:19.779331 140713024774464 pyconfig.py:559] Config param grain_eval_files: 
I0805 14:45:19.779352 140713024774464 pyconfig.py:559] Config param grain_file_type: arrayrecord
I0805 14:45:19.779374 140713024774464 pyconfig.py:559] Config param grain_num_threads: 16
I0805 14:45:19.779394 140713024774464 pyconfig.py:559] Config param grain_num_threads_eval: 16
I0805 14:45:19.779413 140713024774464 pyconfig.py:559] Config param grain_packing_type: first_fit
I0805 14:45:19.779434 140713024774464 pyconfig.py:559] Config param grain_per_worker_buffer_size: 1
I0805 14:45:19.779454 140713024774464 pyconfig.py:559] Config param grain_per_worker_buffer_size_eval: 1
I0805 14:45:19.779474 140713024774464 pyconfig.py:559] Config param grain_prefetch_buffer_size: 500
I0805 14:45:19.779493 140713024774464 pyconfig.py:559] Config param grain_prefetch_buffer_size_eval: 500
I0805 14:45:19.779514 140713024774464 pyconfig.py:559] Config param grain_ram_budget_mb: 1024
I0805 14:45:19.779535 140713024774464 pyconfig.py:559] Config param grain_shuffle_buffer_size: 100
I0805 14:45:19.779555 140713024774464 pyconfig.py:559] Config param grain_train_files: 
I0805 14:45:19.779575 140713024774464 pyconfig.py:559] Config param grain_train_mixture_config_path: 
I0805 14:45:19.779596 140713024774464 pyconfig.py:559] Config param grain_use_elastic_iterator: False
I0805 14:45:19.779615 140713024774464 pyconfig.py:559] Config param grain_worker_count: 1
I0805 14:45:19.779636 140713024774464 pyconfig.py:559] Config param grain_worker_count_eval: 1
I0805 14:45:19.779656 140713024774464 pyconfig.py:559] Config param grpo_beta: 0.08
I0805 14:45:19.779677 140713024774464 pyconfig.py:559] Config param grpo_epsilon: 0.2
I0805 14:45:19.779697 140713024774464 pyconfig.py:559] Config param hardware: gpu
I0805 14:45:19.779717 140713024774464 pyconfig.py:559] Config param hbm_utilization_vllm: 0.72
I0805 14:45:19.779738 140713024774464 pyconfig.py:559] Config param head_dim: 128
I0805 14:45:19.779759 140713024774464 pyconfig.py:559] Config param heartbeat_reporting_interval_in_seconds: 5
I0805 14:45:19.779780 140713024774464 pyconfig.py:559] Config param hf_data_dir: None
I0805 14:45:19.779800 140713024774464 pyconfig.py:559] Config param hf_eval_files: None
I0805 14:45:19.779821 140713024774464 pyconfig.py:559] Config param hf_eval_split: None
I0805 14:45:19.779840 140713024774464 pyconfig.py:559] Config param hf_lora_adapter_path: 
I0805 14:45:19.779860 140713024774464 pyconfig.py:559] Config param hf_name: None
I0805 14:45:19.779880 140713024774464 pyconfig.py:559] Config param hf_path: 
I0805 14:45:19.779901 140713024774464 pyconfig.py:559] Config param hf_train_files: None
I0805 14:45:19.779920 140713024774464 pyconfig.py:559] Config param hidden_size_for_vit: 1408
I0805 14:45:19.779940 140713024774464 pyconfig.py:559] Config param hidden_size_per_layer_input: 0
I0805 14:45:19.779961 140713024774464 pyconfig.py:559] Config param hide_profiler_step_metric: False
I0805 14:45:19.779982 140713024774464 pyconfig.py:559] Config param ici_autoregressive_parallelism: 1
I0805 14:45:19.780003 140713024774464 pyconfig.py:559] Config param ici_context_autoregressive_parallelism: 1
I0805 14:45:19.780023 140713024774464 pyconfig.py:559] Config param ici_context_parallelism: 1
I0805 14:45:19.780043 140713024774464 pyconfig.py:559] Config param ici_data_parallelism: 1
I0805 14:45:19.780063 140713024774464 pyconfig.py:559] Config param ici_diloco_parallelism: 1
I0805 14:45:19.780083 140713024774464 pyconfig.py:559] Config param ici_expert_parallelism: -1
I0805 14:45:19.780102 140713024774464 pyconfig.py:559] Config param ici_fsdp_parallelism: 1
I0805 14:45:19.780122 140713024774464 pyconfig.py:559] Config param ici_fsdp_transpose_parallelism: 1
I0805 14:45:19.780143 140713024774464 pyconfig.py:559] Config param ici_parallelism: [1, 1, 1, 1, 1, 1, 1, 1, 1, 1, -1, 1]
I0805 14:45:19.780165 140713024774464 pyconfig.py:559] Config param ici_pipeline_parallelism: 1
I0805 14:45:19.780185 140713024774464 pyconfig.py:559] Config param ici_sequence_parallelism: 1
I0805 14:45:19.780205 140713024774464 pyconfig.py:559] Config param ici_tensor_parallelism: 1
I0805 14:45:19.780224 140713024774464 pyconfig.py:559] Config param ici_tensor_sequence_parallelism: 1
I0805 14:45:19.780244 140713024774464 pyconfig.py:559] Config param ici_tensor_transpose_parallelism: 1
I0805 14:45:19.780264 140713024774464 pyconfig.py:559] Config param image_path: 
I0805 14:45:19.780283 140713024774464 pyconfig.py:559] Config param image_placeholder: <|image|>
I0805 14:45:19.780303 140713024774464 pyconfig.py:559] Config param image_size_for_vit: 896
I0805 14:45:19.780324 140713024774464 pyconfig.py:559] Config param indexer_head_dim: 128
I0805 14:45:19.780344 140713024774464 pyconfig.py:559] Config param indexer_loss_scaling_factor: 0.0
I0805 14:45:19.780364 140713024774464 pyconfig.py:559] Config param indexer_n_heads: 64
I0805 14:45:19.780385 140713024774464 pyconfig.py:559] Config param indexer_sparse_training: False
I0805 14:45:19.780406 140713024774464 pyconfig.py:559] Config param indexer_topk: 2048
I0805 14:45:19.780427 140713024774464 pyconfig.py:559] Config param inference_benchmark_test: False
I0805 14:45:19.780447 140713024774464 pyconfig.py:559] Config param inference_metadata_file: 
I0805 14:45:19.780468 140713024774464 pyconfig.py:559] Config param inference_microbenchmark_log_file_path: 
I0805 14:45:19.780488 140713024774464 pyconfig.py:559] Config param inference_microbenchmark_loop_iters: 10
I0805 14:45:19.780509 140713024774464 pyconfig.py:559] Config param inference_microbenchmark_num_samples: [1, 2, 3, 4, 5]
I0805 14:45:19.780530 140713024774464 pyconfig.py:559] Config param inference_microbenchmark_prefill_lengths: 64,128,256,512,1024
I0805 14:45:19.780551 140713024774464 pyconfig.py:559] Config param inference_microbenchmark_stages: prefill,generate
I0805 14:45:19.780571 140713024774464 pyconfig.py:559] Config param inference_server: MaxtextInterleavedServer
I0805 14:45:19.780591 140713024774464 pyconfig.py:559] Config param inhomogeneous_layer_cycle_interval: 1
I0805 14:45:19.780612 140713024774464 pyconfig.py:559] Config param init_weights_seed: 0
I0805 14:45:19.780632 140713024774464 pyconfig.py:559] Config param input_data_sharding_logical_axes: ['activation_embed_and_logits_batch', 'activation_norm_length']
I0805 14:45:19.780655 140713024774464 pyconfig.py:559] Config param interleave_moe_layer_step: 1
I0805 14:45:19.780676 140713024774464 pyconfig.py:559] Config param intermediate_size_for_vit: 5632
I0805 14:45:19.780696 140713024774464 pyconfig.py:559] Config param internal_compile: False
I0805 14:45:19.780716 140713024774464 pyconfig.py:559] Config param internal_compile_num_devices: -1
I0805 14:45:19.780737 140713024774464 pyconfig.py:559] Config param jax_cache_dir: ~/jax_cache
I0805 14:45:19.780757 140713024774464 pyconfig.py:559] Config param jax_debug_log_modules: 
I0805 14:45:19.780776 140713024774464 pyconfig.py:559] Config param jax_distributed_heartbeat_timeout_seconds: 100
I0805 14:45:19.780796 140713024774464 pyconfig.py:559] Config param jax_distributed_initialization_timeout: 300
I0805 14:45:19.780817 140713024774464 pyconfig.py:559] Config param jax_profiler_port: 9999
I0805 14:45:19.780837 140713024774464 pyconfig.py:559] Config param key_proj: RematLocation.REMAT
I0805 14:45:19.780858 140713024774464 pyconfig.py:559] Config param kv_cache_buffer: 256
I0805 14:45:19.780878 140713024774464 pyconfig.py:559] Config param kv_lora_rank: 512
I0805 14:45:19.780899 140713024774464 pyconfig.py:559] Config param kv_quant_axis: KvQuantAxis.HEADS_AND_DKV
I0805 14:45:19.780923 140713024774464 pyconfig.py:559] Config param kv_quant_dtype: int8
I0805 14:45:19.780944 140713024774464 pyconfig.py:559] Config param kv_wa_proj: RematLocation.REMAT
I0805 14:45:19.780964 140713024774464 pyconfig.py:559] Config param learn_to_init_mode: False
I0805 14:45:19.780984 140713024774464 pyconfig.py:559] Config param learning_rate: 3e-05
I0805 14:45:19.781007 140713024774464 pyconfig.py:559] Config param learning_rate_final_fraction: 0.1
I0805 14:45:19.781028 140713024774464 pyconfig.py:559] Config param learning_rate_schedule_steps: 16
I0805 14:45:19.781049 140713024774464 pyconfig.py:559] Config param load_balance_loss_weight: 0.0
I0805 14:45:19.781070 140713024774464 pyconfig.py:559] Config param load_checkpoint_only_once: False
I0805 14:45:19.781091 140713024774464 pyconfig.py:559] Config param load_from_prefill_dir: False
I0805 14:45:19.781111 140713024774464 pyconfig.py:559] Config param load_full_state_path: 
I0805 14:45:19.781130 140713024774464 pyconfig.py:559] Config param load_parameters_path: 
I0805 14:45:19.781150 140713024774464 pyconfig.py:559] Config param local_checkpoint_directory: 
I0805 14:45:19.781170 140713024774464 pyconfig.py:559] Config param local_checkpoint_period: 0
I0805 14:45:19.781189 140713024774464 pyconfig.py:559] Config param local_rope_max_timescale: -1
I0805 14:45:19.781209 140713024774464 pyconfig.py:559] Config param local_rope_proportion: 1.0
I0805 14:45:19.781229 140713024774464 pyconfig.py:559] Config param log_config: True
I0805 14:45:19.781249 140713024774464 pyconfig.py:559] Config param log_period: 100
I0805 14:45:19.781269 140713024774464 pyconfig.py:559] Config param logical_axis_rules: (('activation_embed_and_logits_batch', ('data', 'stage', 'fsdp', 'fsdp_transpose', 'expert')), ('activation_embed_and_logits_batch_sequence', ('data', 'stage', 'fsdp', 'fsdp_transpose', 'context', 'expert')), ('activation_vocab', ('tensor', 'tensor_transpose', 'tensor_sequence')), ('activation_vocab', ('tensor', 'tensor_transpose')), ('activation_vocab', 'tensor_sequence'), ('vocab', ('tensor', 'tensor_transpose', 'tensor_sequence', 'autoregressive')), ('embed_vocab', ('fsdp', 'fsdp_transpose', 'context', 'expert')), ('activation_batch_attn', ('data', 'fsdp', 'fsdp_transpose', 'expert')), ('activation_heads', ('tensor', 'tensor_transpose', 'tensor_sequence', 'autoregressive')), ('activation_kv_heads', ('tensor', 'tensor_transpose', 'tensor_sequence')), ('activation_length_attn', ('context',)), ('activation_q_length', ('context',)), ('activation_kv_length', ()), ('activation_embed_attn', ('tensor', 'tensor_transpose')), ('activation_kv', ('tensor', 'tensor_transpose', 'tensor_sequence')), ('activation_kv_batch', ('data', 'fsdp', 'fsdp_transpose', 'expert')), ('activation_kv_head_dim', ('tensor', 'tensor_transpose', 'tensor_sequence')), ('heads', ('tensor', 'tensor_transpose', 'tensor_sequence', 'autoregressive')), ('q_heads', ('tensor', 'tensor_transpose', 'tensor_sequence', 'autoregressive')), ('kv_heads', ('tensor', 'tensor_transpose', 'tensor_sequence', 'autoregressive')), ('qkv', ()), ('kv', ()), ('kv_head_dim', ()), ('q_lora', ('fsdp', 'fsdp_transpose', 'context', 'tensor_transpose', 'expert')), ('q_lora', ('fsdp', 'context', 'tensor_transpose', 'expert')), ('q_lora', ('fsdp', 'fsdp_transpose', 'context', 'expert')), ('q_lora', ('fsdp', 'context', 'expert')), ('q_lora_up_proj', ()), ('kv_lora', ('fsdp', 'fsdp_transpose', 'context', 'tensor_transpose', 'expert')), ('kv_lora', ('fsdp', 'context', 'tensor_transpose', 'expert')), ('kv_lora', ('fsdp', 'fsdp_transpose', 'context', 'expert')), ('kv_lora', ('fsdp', 'context', 'expert')), ('kv_lora_up_proj', ()), ('activation_batch_moe', ('data', 'fsdp', 'fsdp_transpose', 'expert')), ('activation_length_moe', ('context',)), ('activation_norm_length_moe', ('tensor_sequence', 'context')), ('activation_embed_moe', ('tensor', 'tensor_transpose')), ('activation_mlp_moe', ('tensor', 'tensor_transpose', 'tensor_sequence')), ('activation_exp', ('expert',)), ('exp', 'expert'), ('mlp_moe', ('fsdp_transpose', 'tensor', 'tensor_sequence', 'autoregressive')), ('embed_moe', ('fsdp', 'fsdp_transpose', 'tensor_transpose', 'context')), ('embed_moe', ('fsdp', 'tensor_transpose', 'context')), ('embed_moe', ('fsdp', 'fsdp_transpose', 'context')), ('embed_moe', ('fsdp', 'context')), ('activation_mlp', ('tensor', 'tensor_transpose', 'tensor_sequence')), ('activation_batch', ('data', 'fsdp', 'fsdp_transpose', 'expert')), ('activation_length', ('context',)), ('activation_norm_length', ('tensor_sequence', 'context')), ('activation_embed', ('tensor', 'tensor_transpose')), ('activation_stage', 'stage'), ('mlp', ('fsdp_transpose', 'tensor', 'tensor_sequence', 'autoregressive')), ('gdn_head', ('fsdp_transpose', 'tensor', 'tensor_sequence', 'autoregressive')), ('embed', ('fsdp', 'fsdp_transpose', 'tensor_transpose', 'context', 'expert')), ('embed', ('fsdp', 'tensor_transpose', 'context', 'expert')), ('embed', ('fsdp', 'fsdp_transpose', 'context', 'expert')), ('embed', ('fsdp', 'context', 'expert')), ('norm', ('tensor', 'tensor_transpose')), ('layers', 'stage'), ('diloco', 'diloco'), ('engram_dim', ('tensor',)), ('dense_layers', ()), ('moe_layers', ()), ('mhc', ()), ('prefill_activation_length', ('context',)), ('prefill_activation_norm_length', ('tensor_sequence', 'context')), ('activation_prefill_kv_batch', ('data', 'fsdp', 'fsdp_transpose', 'expert')), ('decode_batch', ('data', 'fsdp', 'fsdp_transpose', 'expert')), ('decode_length', ()), ('cache_heads', ('autoregressive', 'tensor', 'tensor_transpose', 'tensor_sequence')), ('cache_heads', ('autoregressive', 'tensor', 'tensor_sequence')), ('paged_kv_heads', ('tensor',)), ('cache_batch_prefill', ()), ('cache_batch', ()), ('cache_heads_none', ()), ('cache_kv', ()), ('cache_sequence', ()), ('num_pages', ()), ('tokens_per_page', ()), ('paged_kv_head_dim_size', ()), ('mlp_no_fsdp', ('tensor', 'tensor_sequence', 'autoregressive')), ('embed_tensor_transpose', ('tensor_transpose',)), ('exp_with_fsdp', 'fsdp'))
I0805 14:45:19.781377 140713024774464 pyconfig.py:559] Config param logits_dot_in_fp32: False
I0805 14:45:19.781401 140713024774464 pyconfig.py:559] Config param logits_via_embedding: False
I0805 14:45:19.781423 140713024774464 pyconfig.py:559] Config param lora: {'enable_lora': False, 'lora_rank': 0, 'lora_alpha': 0.0, 'lora_module_path': '', 'lora_restore_path': ''}
I0805 14:45:19.781447 140713024774464 pyconfig.py:559] Config param lora_input_adapters_path: 
I0805 14:45:19.781467 140713024774464 pyconfig.py:559] Config param loss_agg_mode: sequence-mean-token-mean
I0805 14:45:19.781489 140713024774464 pyconfig.py:559] Config param loss_algo: grpo
I0805 14:45:19.781509 140713024774464 pyconfig.py:559] Config param lr_schedule_type: LearningRateScheduleType.COSINE
I0805 14:45:19.781534 140713024774464 pyconfig.py:559] Config param lti_layer_indices: None
I0805 14:45:19.781555 140713024774464 pyconfig.py:559] Config param lti_use_general_linear_map: False
I0805 14:45:19.781575 140713024774464 pyconfig.py:559] Config param managed_mldiagnostics: False
I0805 14:45:19.781596 140713024774464 pyconfig.py:559] Config param managed_mldiagnostics_dir: /root/work/scale-your-amd/runs/20260805-maxtext-disp-mixtral-onehot-capacity/maxtext/disp-mixtral-onehot-capacity/managed-mldiagnostics
I0805 14:45:19.781618 140713024774464 pyconfig.py:559] Config param managed_mldiagnostics_on_demand_profiling: True
I0805 14:45:19.781640 140713024774464 pyconfig.py:559] Config param managed_mldiagnostics_region: 
I0805 14:45:19.781661 140713024774464 pyconfig.py:559] Config param managed_mldiagnostics_run_group: 
I0805 14:45:19.781682 140713024774464 pyconfig.py:559] Config param math_verify_num_procs: None
I0805 14:45:19.781702 140713024774464 pyconfig.py:559] Config param math_verify_timeout: 300
I0805 14:45:19.781724 140713024774464 pyconfig.py:559] Config param matmul_precision: MatmulPrecision.DEFAULT
I0805 14:45:19.781752 140713024774464 pyconfig.py:559] Config param max_checkify: False
I0805 14:45:19.781774 140713024774464 pyconfig.py:559] Config param max_concurrency: 256
I0805 14:45:19.781795 140713024774464 pyconfig.py:559] Config param max_corpus_chars: 10000000
I0805 14:45:19.781815 140713024774464 pyconfig.py:559] Config param max_num_batched_tokens: None
I0805 14:45:19.781836 140713024774464 pyconfig.py:559] Config param max_num_checkpoints_to_keep: None
I0805 14:45:19.781856 140713024774464 pyconfig.py:559] Config param max_num_images_per_example: -1
I0805 14:45:19.781876 140713024774464 pyconfig.py:559] Config param max_num_seqs: None
I0805 14:45:19.781897 140713024774464 pyconfig.py:559] Config param max_position_embeddings: 163840
I0805 14:45:19.781917 140713024774464 pyconfig.py:559] Config param max_prefill_predict_length: 64
I0805 14:45:19.781937 140713024774464 pyconfig.py:559] Config param max_sample_len_for_audio: 10000
I0805 14:45:19.781958 140713024774464 pyconfig.py:559] Config param max_segments_per_seq: 1
I0805 14:45:19.781979 140713024774464 pyconfig.py:559] Config param max_source_positions_for_audio: 1500
I0805 14:45:19.781999 140713024774464 pyconfig.py:559] Config param max_target_length: 4096
I0805 14:45:19.782020 140713024774464 pyconfig.py:559] Config param max_timescale_for_audio: 10000.0
I0805 14:45:19.782041 140713024774464 pyconfig.py:559] Config param megablox: True
I0805 14:45:19.782062 140713024774464 pyconfig.py:559] Config param merge_gating_gmm: False
I0805 14:45:19.782083 140713024774464 pyconfig.py:559] Config param mesh_axes: ['diloco', 'data', 'stage', 'fsdp', 'fsdp_transpose', 'context', 'context_autoregressive', 'tensor', 'tensor_transpose', 'tensor_sequence', 'expert', 'autoregressive']
I0805 14:45:19.782107 140713024774464 pyconfig.py:559] Config param metrics_dir: /root/work/scale-your-amd/runs/20260805-maxtext-disp-mixtral-onehot-capacity/maxtext/disp-mixtral-onehot-capacity/metrics/
I0805 14:45:19.782130 140713024774464 pyconfig.py:559] Config param metrics_file: 
I0805 14:45:19.782151 140713024774464 pyconfig.py:559] Config param mhc_expansion_rate: 1
I0805 14:45:19.782172 140713024774464 pyconfig.py:559] Config param micro_batch_size_to_eval_on: 32
I0805 14:45:19.782192 140713024774464 pyconfig.py:559] Config param micro_batch_size_to_train_on: 32
I0805 14:45:19.782212 140713024774464 pyconfig.py:559] Config param mla_kv: RematLocation.REMAT
I0805 14:45:19.782234 140713024774464 pyconfig.py:559] Config param mla_naive_kvcache: True
I0805 14:45:19.782253 140713024774464 pyconfig.py:559] Config param mla_q: RematLocation.REMAT
I0805 14:45:19.782275 140713024774464 pyconfig.py:559] Config param mlp_activations: ['silu', 'linear']
I0805 14:45:19.782297 140713024774464 pyconfig.py:559] Config param mlp_activations_limit: -1.0
I0805 14:45:19.782318 140713024774464 pyconfig.py:559] Config param mlp_bias: False
I0805 14:45:19.782339 140713024774464 pyconfig.py:559] Config param mlp_dim: 14336
I0805 14:45:19.782359 140713024774464 pyconfig.py:559] Config param mlpwi: RematLocation.REMAT
I0805 14:45:19.782380 140713024774464 pyconfig.py:559] Config param mlpwi_0: RematLocation.REMAT
I0805 14:45:19.782401 140713024774464 pyconfig.py:559] Config param mlpwi_1: RematLocation.REMAT
I0805 14:45:19.782422 140713024774464 pyconfig.py:559] Config param mlpwo: RematLocation.REMAT
I0805 14:45:19.782442 140713024774464 pyconfig.py:559] Config param moba: False
I0805 14:45:19.782462 140713024774464 pyconfig.py:559] Config param moba_chunk_size: 1024
I0805 14:45:19.782483 140713024774464 pyconfig.py:559] Config param moba_topk: 8
I0805 14:45:19.782503 140713024774464 pyconfig.py:559] Config param model_call_mode: 
I0805 14:45:19.782523 140713024774464 pyconfig.py:559] Config param model_name: mixtral-8x7b
I0805 14:45:19.782542 140713024774464 pyconfig.py:559] Config param moe_dispatch_no_expert_sharding: False
I0805 14:45:19.782564 140713024774464 pyconfig.py:559] Config param moe_expert_input_dim: -1
I0805 14:45:19.782585 140713024774464 pyconfig.py:559] Config param moe_fsdp_use_two_stage_all_gather: False
I0805 14:45:19.782605 140713024774464 pyconfig.py:559] Config param moe_mlp_dim: 14336
I0805 14:45:19.782625 140713024774464 pyconfig.py:559] Config param moe_mlpwi_0: RematLocation.REMAT
I0805 14:45:19.782645 140713024774464 pyconfig.py:559] Config param moe_mlpwi_1: RematLocation.REMAT
I0805 14:45:19.782665 140713024774464 pyconfig.py:559] Config param moe_mlpwo: RematLocation.REMAT
I0805 14:45:19.782687 140713024774464 pyconfig.py:559] Config param monitor_goodput: False
I0805 14:45:19.782710 140713024774464 pyconfig.py:559] Config param monitor_step_time_deviation: True
I0805 14:45:19.782732 140713024774464 pyconfig.py:559] Config param mrope_section: [24, 20, 20]
I0805 14:45:19.782755 140713024774464 pyconfig.py:559] Config param mscale: 1.0
I0805 14:45:19.782777 140713024774464 pyconfig.py:559] Config param mtc_data_parallelism: 0
I0805 14:45:19.782799 140713024774464 pyconfig.py:559] Config param mtp_eval_target_module: 0
I0805 14:45:19.782820 140713024774464 pyconfig.py:559] Config param mtp_loss_scaling_factor: 0.1
I0805 14:45:19.782843 140713024774464 pyconfig.py:559] Config param mtp_num_layers: 0
I0805 14:45:19.782866 140713024774464 pyconfig.py:559] Config param mu_dtype: float32
I0805 14:45:19.782903 140713024774464 pyconfig.py:559] Config param multi_sampling: False
I0805 14:45:19.782930 140713024774464 pyconfig.py:559] Config param multi_tier_checkpointing_backup_interval_minutes: 0
I0805 14:45:19.782953 140713024774464 pyconfig.py:559] Config param muon_beta: 0.95
I0805 14:45:19.782974 140713024774464 pyconfig.py:559] Config param muon_consistent_rms: None
I0805 14:45:19.782995 140713024774464 pyconfig.py:559] Config param muon_weight_decay: 0.0
I0805 14:45:19.783016 140713024774464 pyconfig.py:559] Config param n_routing_groups: -1
I0805 14:45:19.783036 140713024774464 pyconfig.py:559] Config param n_window_for_audio: 50
I0805 14:45:19.783057 140713024774464 pyconfig.py:559] Config param n_window_infer_for_audio: 800
I0805 14:45:19.783078 140713024774464 pyconfig.py:559] Config param nope_layer_interval: -1
I0805 14:45:19.783099 140713024774464 pyconfig.py:559] Config param norm_topk_prob: False
I0805 14:45:19.783120 140713024774464 pyconfig.py:559] Config param normalization_layer_epsilon: 1e-05
I0805 14:45:19.783141 140713024774464 pyconfig.py:559] Config param normalize_embedding_logits: True
I0805 14:45:19.783161 140713024774464 pyconfig.py:559] Config param num_attention_heads_for_vit: 16
I0805 14:45:19.783182 140713024774464 pyconfig.py:559] Config param num_batches: 4
I0805 14:45:19.783203 140713024774464 pyconfig.py:559] Config param num_channels_for_vit: 3
I0805 14:45:19.783224 140713024774464 pyconfig.py:559] Config param num_conv_layers_for_audio: 3
I0805 14:45:19.783245 140713024774464 pyconfig.py:559] Config param num_decoder_layers: 32
I0805 14:45:19.783266 140713024774464 pyconfig.py:559] Config param num_diloco_replicas: 1
I0805 14:45:19.783286 140713024774464 pyconfig.py:559] Config param num_epoch: 1
I0805 14:45:19.783306 140713024774464 pyconfig.py:559] Config param num_eval_passes: 1
I0805 14:45:19.783326 140713024774464 pyconfig.py:559] Config param num_experts: 8
I0805 14:45:19.783346 140713024774464 pyconfig.py:559] Config param num_experts_per_tok: 2
I0805 14:45:19.783366 140713024774464 pyconfig.py:559] Config param num_generations: 2
I0805 14:45:19.783386 140713024774464 pyconfig.py:559] Config param num_hidden_layers_for_vit: 34
I0805 14:45:19.783407 140713024774464 pyconfig.py:559] Config param num_iterations: 1
I0805 14:45:19.783427 140713024774464 pyconfig.py:559] Config param num_kv_heads: 8
I0805 14:45:19.783447 140713024774464 pyconfig.py:559] Config param num_kv_shared_layers: 0
I0805 14:45:19.783468 140713024774464 pyconfig.py:559] Config param num_layers_per_pipeline_stage: 1
I0805 14:45:19.783488 140713024774464 pyconfig.py:559] Config param num_mel_bins_for_audio: 128
I0805 14:45:19.783508 140713024774464 pyconfig.py:559] Config param num_pipeline_microbatches: -1
I0805 14:45:19.783528 140713024774464 pyconfig.py:559] Config param num_pipeline_repeats: -1
I0805 14:45:19.783548 140713024774464 pyconfig.py:559] Config param num_position_embeddings_for_vit: 1024
I0805 14:45:19.783568 140713024774464 pyconfig.py:559] Config param num_query_heads: 32
I0805 14:45:19.783588 140713024774464 pyconfig.py:559] Config param num_samplers_slices: -1
I0805 14:45:19.783608 140713024774464 pyconfig.py:559] Config param num_slices: 1
I0805 14:45:19.783627 140713024774464 pyconfig.py:559] Config param num_target_devices: 8
I0805 14:45:19.783648 140713024774464 pyconfig.py:559] Config param num_test_batches: 5
I0805 14:45:19.783667 140713024774464 pyconfig.py:559] Config param num_trainer_slices: -1
I0805 14:45:19.783686 140713024774464 pyconfig.py:559] Config param num_vocab_tiling: 1
I0805 14:45:19.783706 140713024774464 pyconfig.py:559] Config param o_groups: 0
I0805 14:45:19.783726 140713024774464 pyconfig.py:559] Config param o_lora_rank: 0
I0805 14:45:19.783746 140713024774464 pyconfig.py:559] Config param off_policy_steps: 0
I0805 14:45:19.783766 140713024774464 pyconfig.py:559] Config param offline_data_dir: None
I0805 14:45:19.783787 140713024774464 pyconfig.py:559] Config param olmo_apply_ngram_filter: True
I0805 14:45:19.783808 140713024774464 pyconfig.py:559] Config param olmo_index_path: 
I0805 14:45:19.783829 140713024774464 pyconfig.py:559] Config param olmo_path_remap_from: 
I0805 14:45:19.783850 140713024774464 pyconfig.py:559] Config param olmo_path_remap_to: 
I0805 14:45:19.783870 140713024774464 pyconfig.py:559] Config param opt_type: OptimizerType.ADAMW
I0805 14:45:19.783894 140713024774464 pyconfig.py:559] Config param optimize_mesh_for_tpu_v6e: False
I0805 14:45:19.783914 140713024774464 pyconfig.py:559] Config param optimizer_memory_host_offload: False
I0805 14:45:19.783933 140713024774464 pyconfig.py:559] Config param original_max_position_embeddings: 4096
I0805 14:45:19.783953 140713024774464 pyconfig.py:559] Config param out_hidden_size_for_vit: 512
I0805 14:45:19.783974 140713024774464 pyconfig.py:559] Config param out_proj: RematLocation.REMAT
I0805 14:45:19.783995 140713024774464 pyconfig.py:559] Config param output_dim_for_audio: 512
I0805 14:45:19.784015 140713024774464 pyconfig.py:559] Config param override_logical_axis_rules: False
I0805 14:45:19.784035 140713024774464 pyconfig.py:559] Config param override_model_config: False
I0805 14:45:19.784054 140713024774464 pyconfig.py:559] Config param packing: True
I0805 14:45:19.784074 140713024774464 pyconfig.py:559] Config param padded_base_moe_mlp_dim: None
I0805 14:45:19.784094 140713024774464 pyconfig.py:559] Config param param_scan_axis: 1
I0805 14:45:19.784114 140713024774464 pyconfig.py:559] Config param parameter_memory_host_offload: False
I0805 14:45:19.784133 140713024774464 pyconfig.py:559] Config param partial_rotary_factor: 1.0
I0805 14:45:19.784152 140713024774464 pyconfig.py:559] Config param patch_size_for_vit: 14
I0805 14:45:19.784172 140713024774464 pyconfig.py:559] Config param penalty_incorrect_answer: -1.0
I0805 14:45:19.784193 140713024774464 pyconfig.py:559] Config param penalty_incorrect_format: -0.5
I0805 14:45:19.784214 140713024774464 pyconfig.py:559] Config param per_device_batch_size: 4.0
I0805 14:45:19.784235 140713024774464 pyconfig.py:559] Config param per_device_batch_size_increment: 2.0
I0805 14:45:19.784255 140713024774464 pyconfig.py:559] Config param per_device_batch_size_start: 4.0
I0805 14:45:19.784275 140713024774464 pyconfig.py:559] Config param pipeline_delay_activation_forwarding: False
I0805 14:45:19.784295 140713024774464 pyconfig.py:559] Config param pipeline_fsdp_ag_once: False
I0805 14:45:19.784314 140713024774464 pyconfig.py:559] Config param pipeline_fsdp_ag_per_repeat: False
I0805 14:45:19.784335 140713024774464 pyconfig.py:559] Config param pipeline_parallel_layers: 32
I0805 14:45:19.784356 140713024774464 pyconfig.py:559] Config param pixel_shuffle_ratio_for_vit: 0.5
I0805 14:45:19.784376 140713024774464 pyconfig.py:559] Config param posemb_type_for_vit: learn
I0805 14:45:19.784397 140713024774464 pyconfig.py:559] Config param position_id_per_seconds: 25
I0805 14:45:19.784420 140713024774464 pyconfig.py:559] Config param prefill_cache_axis_order: 1,2,0,3
I0805 14:45:19.784442 140713024774464 pyconfig.py:559] Config param prefill_cache_dir: 
I0805 14:45:19.784463 140713024774464 pyconfig.py:559] Config param prefill_chunk_size: 256
I0805 14:45:19.784483 140713024774464 pyconfig.py:559] Config param prefill_slice: v5e-16
I0805 14:45:19.784505 140713024774464 pyconfig.py:559] Config param prefix_caching_dram_byte: 100000000000
I0805 14:45:19.784527 140713024774464 pyconfig.py:559] Config param prefix_caching_hbm_byte: 10000000000
I0805 14:45:19.784548 140713024774464 pyconfig.py:559] Config param prefuse_moe_weights: False
I0805 14:45:19.784570 140713024774464 pyconfig.py:559] Config param profile_cleanly: True
I0805 14:45:19.784590 140713024774464 pyconfig.py:559] Config param profile_periodically_period: -1
I0805 14:45:19.784610 140713024774464 pyconfig.py:559] Config param profile_power_events: False
I0805 14:45:19.784630 140713024774464 pyconfig.py:559] Config param profiler: ProfilerType.NONE
I0805 14:45:19.784653 140713024774464 pyconfig.py:559] Config param profiler_steps: 5
I0805 14:45:19.784673 140713024774464 pyconfig.py:559] Config param projector_dropout_for_vit: 0.0
I0805 14:45:19.784694 140713024774464 pyconfig.py:559] Config param projector_input_dim_for_vit: 4096
I0805 14:45:19.784715 140713024774464 pyconfig.py:559] Config param projector_output_dim_for_vit: 4096
I0805 14:45:19.784736 140713024774464 pyconfig.py:559] Config param prometheus_port: 0
I0805 14:45:19.784757 140713024774464 pyconfig.py:559] Config param prompt: I love to
I0805 14:45:19.784777 140713024774464 pyconfig.py:559] Config param pure_nnx: False
I0805 14:45:19.784798 140713024774464 pyconfig.py:559] Config param pure_nnx_decoder: False
I0805 14:45:19.784818 140713024774464 pyconfig.py:559] Config param q_lora_rank: 0
I0805 14:45:19.784838 140713024774464 pyconfig.py:559] Config param qk_clip_threshold: 100.0
I0805 14:45:19.784858 140713024774464 pyconfig.py:559] Config param qk_nope_head_dim: 128
I0805 14:45:19.784878 140713024774464 pyconfig.py:559] Config param qk_norm_with_scale: True
I0805 14:45:19.784898 140713024774464 pyconfig.py:559] Config param qk_rope_head_dim: 64
I0805 14:45:19.784918 140713024774464 pyconfig.py:559] Config param qkv_proj: RematLocation.REMAT
I0805 14:45:19.784940 140713024774464 pyconfig.py:559] Config param quant_cfg_path: 
I0805 14:45:19.784960 140713024774464 pyconfig.py:559] Config param quantization: QuantizationType.NONE
I0805 14:45:19.784983 140713024774464 pyconfig.py:559] Config param quantization_local_shard_count: 8
I0805 14:45:19.785004 140713024774464 pyconfig.py:559] Config param quantize_kvcache: False
I0805 14:45:19.785025 140713024774464 pyconfig.py:559] Config param query_proj: RematLocation.REMAT
I0805 14:45:19.785046 140713024774464 pyconfig.py:559] Config param query_wa_proj: RematLocation.REMAT
I0805 14:45:19.785066 140713024774464 pyconfig.py:559] Config param ragged_block_size: 256
I0805 14:45:19.785086 140713024774464 pyconfig.py:559] Config param ragged_buffer_factor: -1.0
I0805 14:45:19.785106 140713024774464 pyconfig.py:559] Config param ragged_gather_cost_estimate_bytes_accessed: -1
I0805 14:45:19.785126 140713024774464 pyconfig.py:559] Config param ragged_gather_cost_estimate_flops: -1
I0805 14:45:19.785146 140713024774464 pyconfig.py:559] Config param ragged_gather_fallback: False
I0805 14:45:19.785167 140713024774464 pyconfig.py:559] Config param ragged_gather_reduce_cost_estimate_bytes_accessed: -1
I0805 14:45:19.785187 140713024774464 pyconfig.py:559] Config param ragged_gather_reduce_cost_estimate_flops: -1
I0805 14:45:19.785207 140713024774464 pyconfig.py:559] Config param ragged_gather_reduce_fallback: False
I0805 14:45:19.785227 140713024774464 pyconfig.py:559] Config param rampup_end_step: 0
I0805 14:45:19.785247 140713024774464 pyconfig.py:559] Config param rampup_samples_per_increment_to_load: None
I0805 14:45:19.785266 140713024774464 pyconfig.py:559] Config param reasoning_end_token: </reasoning>
I0805 14:45:19.785286 140713024774464 pyconfig.py:559] Config param reasoning_start_token: <reasoning>
I0805 14:45:19.785307 140713024774464 pyconfig.py:559] Config param record_internal_nn_metrics: 0
I0805 14:45:19.785327 140713024774464 pyconfig.py:559] Config param remat_policy: save_dot_with_context_except_mlp
I0805 14:45:19.785347 140713024774464 pyconfig.py:559] Config param remat_policy_for_vit: minimal
I0805 14:45:19.785367 140713024774464 pyconfig.py:559] Config param remove_size_one_mesh_axis_from_type: True
I0805 14:45:19.785387 140713024774464 pyconfig.py:559] Config param replicate_quant_scale: False
I0805 14:45:19.785408 140713024774464 pyconfig.py:559] Config param replicator_backup_interval_minutes: 0
I0805 14:45:19.785427 140713024774464 pyconfig.py:559] Config param report_heartbeat_metric_for_gcp_monitoring: False
I0805 14:45:19.785447 140713024774464 pyconfig.py:559] Config param report_performance_metric_for_gcp_monitoring: False
I0805 14:45:19.785467 140713024774464 pyconfig.py:559] Config param reshape_q: False
I0805 14:45:19.785487 140713024774464 pyconfig.py:559] Config param reshard_chunk_size: None
I0805 14:45:19.785507 140713024774464 pyconfig.py:559] Config param return_log_prob: False
I0805 14:45:19.785527 140713024774464 pyconfig.py:559] Config param reuse_example_batch: 0
I0805 14:45:19.785547 140713024774464 pyconfig.py:559] Config param reward_exact_answer: 5.0
I0805 14:45:19.785567 140713024774464 pyconfig.py:559] Config param reward_exact_format_match: 3.0
I0805 14:45:19.785587 140713024774464 pyconfig.py:559] Config param reward_partial_format_match: 0.5
I0805 14:45:19.785608 140713024774464 pyconfig.py:559] Config param reward_ratio_guess_to_answer_high: 0.5
I0805 14:45:19.785629 140713024774464 pyconfig.py:559] Config param reward_ratio_guess_to_answer_low: 0.25
I0805 14:45:19.785649 140713024774464 pyconfig.py:559] Config param reward_white_space_format_match: 1.5
I0805 14:45:19.785670 140713024774464 pyconfig.py:559] Config param rl: {'num_generations': 2, 'num_iterations': 1, 'grpo_beta': 0.08, 'grpo_epsilon': 0.2, 'loss_algo': 'grpo', 'loss_agg_mode': 'sequence-mean-token-mean', 'use_agentic_rollout': False, 'max_concurrency': 256, 'off_policy_steps': 0, 'system_prompt': '', 'degenerate_group_masking': True, 'epsilon_high': None, 'reshard_chunk_size': None}
I0805 14:45:19.785699 140713024774464 pyconfig.py:559] Config param rollout_data_parallelism: -1
I0805 14:45:19.785721 140713024774464 pyconfig.py:559] Config param rollout_expert_parallelism: 1
I0805 14:45:19.785747 140713024774464 pyconfig.py:559] Config param rollout_micro_batch_size: -1
I0805 14:45:19.785767 140713024774464 pyconfig.py:559] Config param rollout_tensor_parallelism: -1
I0805 14:45:19.785788 140713024774464 pyconfig.py:559] Config param rope_attention_scaling: False
I0805 14:45:19.785808 140713024774464 pyconfig.py:559] Config param rope_factor: 40
I0805 14:45:19.785828 140713024774464 pyconfig.py:559] Config param rope_interleave: True
I0805 14:45:19.785848 140713024774464 pyconfig.py:559] Config param rope_linear_scaling_factor: 1.0
I0805 14:45:19.785869 140713024774464 pyconfig.py:559] Config param rope_max_timescale: 1000000
I0805 14:45:19.785890 140713024774464 pyconfig.py:559] Config param rope_min_timescale: 1
I0805 14:45:19.785910 140713024774464 pyconfig.py:559] Config param rope_theta_for_vit: 10000
I0805 14:45:19.785930 140713024774464 pyconfig.py:559] Config param rope_truncate: True
I0805 14:45:19.785950 140713024774464 pyconfig.py:559] Config param rope_type: RopeType.DEFAULT
I0805 14:45:19.785973 140713024774464 pyconfig.py:559] Config param rope_use_scale: True
I0805 14:45:19.785994 140713024774464 pyconfig.py:559] Config param routed_bias: False
I0805 14:45:19.786015 140713024774464 pyconfig.py:559] Config param routed_bias_update_rate: 0.0
I0805 14:45:19.786035 140713024774464 pyconfig.py:559] Config param routed_scaling_factor: 1.0
I0805 14:45:19.786056 140713024774464 pyconfig.py:559] Config param routed_score_func: 
I0805 14:45:19.786076 140713024774464 pyconfig.py:559] Config param run_name: disp-mixtral-onehot-capacity
I0805 14:45:19.786096 140713024774464 pyconfig.py:559] Config param sa_block_kv: 512
I0805 14:45:19.786117 140713024774464 pyconfig.py:559] Config param sa_block_kv_compute: 512
I0805 14:45:19.786137 140713024774464 pyconfig.py:559] Config param sa_block_kv_dkv: 512
I0805 14:45:19.786157 140713024774464 pyconfig.py:559] Config param sa_block_kv_dkv_compute: 512
I0805 14:45:19.786177 140713024774464 pyconfig.py:559] Config param sa_block_kv_dq: 512
I0805 14:45:19.786198 140713024774464 pyconfig.py:559] Config param sa_block_q: 512
I0805 14:45:19.786219 140713024774464 pyconfig.py:559] Config param sa_block_q_dkv: 512
I0805 14:45:19.786240 140713024774464 pyconfig.py:559] Config param sa_block_q_dq: 512
I0805 14:45:19.786261 140713024774464 pyconfig.py:559] Config param sa_k_layout: HEAD_DIM_MINOR
I0805 14:45:19.786282 140713024774464 pyconfig.py:559] Config param sa_q_layout: HEAD_DIM_MINOR
I0805 14:45:19.786304 140713024774464 pyconfig.py:559] Config param sa_use_fused_bwd_kernel: False
I0805 14:45:19.786324 140713024774464 pyconfig.py:559] Config param sa_v_layout: HEAD_DIM_MINOR
I0805 14:45:19.786345 140713024774464 pyconfig.py:559] Config param sampler_devices_fraction: 0.5
I0805 14:45:19.786366 140713024774464 pyconfig.py:559] Config param save_checkpoint_on_completion: True
I0805 14:45:19.786386 140713024774464 pyconfig.py:559] Config param save_config_to_gcs: False
I0805 14:45:19.786406 140713024774464 pyconfig.py:559] Config param save_quantized_params_path: 
I0805 14:45:19.786426 140713024774464 pyconfig.py:559] Config param scale_embedding_for_audio: True
I0805 14:45:19.786446 140713024774464 pyconfig.py:559] Config param scan_layers: True
I0805 14:45:19.786467 140713024774464 pyconfig.py:559] Config param scan_layers_per_stage: False
I0805 14:45:19.786487 140713024774464 pyconfig.py:559] Config param scan_pipeline_iterations: True
I0805 14:45:19.786506 140713024774464 pyconfig.py:559] Config param scan_pipeline_repeats: False
I0805 14:45:19.786526 140713024774464 pyconfig.py:559] Config param set_remat_policy_on_layers_per_stage: False
I0805 14:45:19.786547 140713024774464 pyconfig.py:559] Config param set_remat_policy_on_pipeline_iterations: True
I0805 14:45:19.786568 140713024774464 pyconfig.py:559] Config param sft_train_on_completion_only: False
I0805 14:45:19.786587 140713024774464 pyconfig.py:559] Config param shard_exp_on_fsdp: False
I0805 14:45:19.786608 140713024774464 pyconfig.py:559] Config param shard_mode: ShardMode.AUTO
I0805 14:45:19.786630 140713024774464 pyconfig.py:559] Config param shard_optimizer_over_data: False
I0805 14:45:19.786650 140713024774464 pyconfig.py:559] Config param sharding_strategy: None
I0805 14:45:19.786669 140713024774464 pyconfig.py:559] Config param sharding_tolerance: 0.02
I0805 14:45:19.786689 140713024774464 pyconfig.py:559] Config param shardy: True
I0805 14:45:19.786710 140713024774464 pyconfig.py:559] Config param share_kv_projections: False
I0805 14:45:19.786729 140713024774464 pyconfig.py:559] Config param shared_experts: 0
I0805 14:45:19.786749 140713024774464 pyconfig.py:559] Config param sinkhorn_iterations: 20
I0805 14:45:19.786769 140713024774464 pyconfig.py:559] Config param skip_first_n_steps_for_profiler: 1
I0805 14:45:19.786789 140713024774464 pyconfig.py:559] Config param skip_jax_distributed_system: False
I0805 14:45:19.786809 140713024774464 pyconfig.py:559] Config param skip_step_interval: 128
I0805 14:45:19.786830 140713024774464 pyconfig.py:559] Config param skip_step_on_spikes: False
I0805 14:45:19.786849 140713024774464 pyconfig.py:559] Config param skip_step_scaling_factor: 6.0
I0805 14:45:19.786869 140713024774464 pyconfig.py:559] Config param sliding_window_size: 0
I0805 14:45:19.786889 140713024774464 pyconfig.py:559] Config param solution_end_token: </answer>
I0805 14:45:19.786908 140713024774464 pyconfig.py:559] Config param solution_start_token: <answer>
I0805 14:45:19.786929 140713024774464 pyconfig.py:559] Config param source_checkpoint_layout: orbax
I0805 14:45:19.786949 140713024774464 pyconfig.py:559] Config param sparse_matmul: False
I0805 14:45:19.786969 140713024774464 pyconfig.py:559] Config param spatial_merge_size_for_vit: 2
I0805 14:45:19.786990 140713024774464 pyconfig.py:559] Config param stack_prefill_result_cache: False
I0805 14:45:19.787010 140713024774464 pyconfig.py:559] Config param step_deviation_interval_seconds: 30
I0805 14:45:19.787030 140713024774464 pyconfig.py:559] Config param steps: 16
I0805 14:45:19.787052 140713024774464 pyconfig.py:559] Config param stop_strings: None
I0805 14:45:19.787072 140713024774464 pyconfig.py:559] Config param student_overrides: {}
I0805 14:45:19.787092 140713024774464 pyconfig.py:559] Config param student_params_to_update: None
I0805 14:45:19.787112 140713024774464 pyconfig.py:559] Config param subslice_shape: 
I0805 14:45:19.787132 140713024774464 pyconfig.py:559] Config param swap_space_vllm_gb: 2
I0805 14:45:19.787152 140713024774464 pyconfig.py:559] Config param system_prompt: 
I0805 14:45:19.787173 140713024774464 pyconfig.py:559] Config param target_eval_loss: 0.0
I0805 14:45:19.787193 140713024774464 pyconfig.py:559] Config param teacher_overrides: {}
I0805 14:45:19.787213 140713024774464 pyconfig.py:559] Config param temperature_tuning: False
I0805 14:45:19.787233 140713024774464 pyconfig.py:559] Config param temporal_patch_size_for_vit: 2
I0805 14:45:19.787253 140713024774464 pyconfig.py:559] Config param tensorboard_dir: /root/work/scale-your-amd/runs/20260805-maxtext-disp-mixtral-onehot-capacity/maxtext/disp-mixtral-onehot-capacity/tensorboard/
I0805 14:45:19.787274 140713024774464 pyconfig.py:559] Config param tensors_on_device: None
I0805 14:45:19.787294 140713024774464 pyconfig.py:559] Config param tensors_to_offload: None
I0805 14:45:19.787314 140713024774464 pyconfig.py:559] Config param test_batch_start_index: 0
I0805 14:45:19.787333 140713024774464 pyconfig.py:559] Config param tile_size_for_vit: 336
I0805 14:45:19.787353 140713024774464 pyconfig.py:559] Config param tokenize_eval_data: True
I0805 14:45:19.787373 140713024774464 pyconfig.py:559] Config param tokenize_train_data: True
I0805 14:45:19.787393 140713024774464 pyconfig.py:559] Config param tokenizer_path: mistralai/Mixtral-8x7B-Instruct-v0.1
I0805 14:45:19.787413 140713024774464 pyconfig.py:559] Config param tokenizer_type: TokenizerType.SENTENCEPIECE
I0805 14:45:19.787436 140713024774464 pyconfig.py:559] Config param topk_routing_group: -1
I0805 14:45:19.787456 140713024774464 pyconfig.py:559] Config param tpu_num_chips_to_profile_per_task: 1
I0805 14:45:19.787477 140713024774464 pyconfig.py:559] Config param tpu_num_sparse_core_tiles_to_trace: 1
I0805 14:45:19.787497 140713024774464 pyconfig.py:559] Config param tpu_num_sparse_cores_to_trace: 2
I0805 14:45:19.787517 140713024774464 pyconfig.py:559] Config param train_data_columns: ['text']
I0805 14:45:19.787538 140713024774464 pyconfig.py:559] Config param train_fraction: 1.0
I0805 14:45:19.787558 140713024774464 pyconfig.py:559] Config param train_image_column: image
I0805 14:45:19.787578 140713024774464 pyconfig.py:559] Config param train_micro_batch_size: -1
I0805 14:45:19.787598 140713024774464 pyconfig.py:559] Config param train_split: train
I0805 14:45:19.787618 140713024774464 pyconfig.py:559] Config param trainable_parameters_mask: []
I0805 14:45:19.787638 140713024774464 pyconfig.py:559] Config param trainable_position_size: -1
I0805 14:45:19.787658 140713024774464 pyconfig.py:559] Config param trainer_devices_fraction: 0.5
I0805 14:45:19.787679 140713024774464 pyconfig.py:559] Config param upload_all_profiler_results: False
I0805 14:45:19.787698 140713024774464 pyconfig.py:559] Config param use_agentic_rollout: False
I0805 14:45:19.787719 140713024774464 pyconfig.py:559] Config param use_audio: False
I0805 14:45:19.787738 140713024774464 pyconfig.py:559] Config param use_audio_in_video: False
I0805 14:45:19.787758 140713024774464 pyconfig.py:559] Config param use_batch_split_schedule: False
I0805 14:45:19.787778 140713024774464 pyconfig.py:559] Config param use_chat_template: False
I0805 14:45:19.787798 140713024774464 pyconfig.py:559] Config param use_chunked_prefill: False
I0805 14:45:19.787818 140713024774464 pyconfig.py:559] Config param use_custom_sort_vjp: True
I0805 14:45:19.787838 140713024774464 pyconfig.py:559] Config param use_double_wide_mlp: False
I0805 14:45:19.787858 140713024774464 pyconfig.py:559] Config param use_dpo: False
I0805 14:45:19.787878 140713024774464 pyconfig.py:559] Config param use_gather_mosaic_kernel: False
I0805 14:45:19.787897 140713024774464 pyconfig.py:559] Config param use_gmm_v2: False
I0805 14:45:19.787918 140713024774464 pyconfig.py:559] Config param use_grpo: True
I0805 14:45:19.787938 140713024774464 pyconfig.py:559] Config param use_indexer: False
I0805 14:45:19.787958 140713024774464 pyconfig.py:559] Config param use_iota_embed: False
I0805 14:45:19.787978 140713024774464 pyconfig.py:559] Config param use_jax_splash: False
I0805 14:45:19.787998 140713024774464 pyconfig.py:559] Config param use_manual_quantization: False
I0805 14:45:19.788018 140713024774464 pyconfig.py:559] Config param use_max_logit_estimate: -1
I0805 14:45:19.788039 140713024774464 pyconfig.py:559] Config param use_mrope: False
I0805 14:45:19.788060 140713024774464 pyconfig.py:559] Config param use_multimodal: False
I0805 14:45:19.788080 140713024774464 pyconfig.py:559] Config param use_pathways: True
I0805 14:45:19.788099 140713024774464 pyconfig.py:559] Config param use_post_attn_norm: False
I0805 14:45:19.788119 140713024774464 pyconfig.py:559] Config param use_post_ffw_norm: False
I0805 14:45:19.788139 140713024774464 pyconfig.py:559] Config param use_qk_clip: False
I0805 14:45:19.788160 140713024774464 pyconfig.py:559] Config param use_qk_norm: False
I0805 14:45:19.788179 140713024774464 pyconfig.py:559] Config param use_qk_norm_in_gdn: True
I0805 14:45:19.788199 140713024774464 pyconfig.py:559] Config param use_qwix_quantization: False
I0805 14:45:19.788219 140713024774464 pyconfig.py:559] Config param use_ragged_attention: False
I0805 14:45:19.788238 140713024774464 pyconfig.py:559] Config param use_ragged_sort: False
I0805 14:45:19.788258 140713024774464 pyconfig.py:559] Config param use_random_routing: False
I0805 14:45:19.788278 140713024774464 pyconfig.py:559] Config param use_replicator_service: False
I0805 14:45:19.788298 140713024774464 pyconfig.py:559] Config param use_ring_of_experts: False
I0805 14:45:19.788318 140713024774464 pyconfig.py:559] Config param use_sft: False
I0805 14:45:19.788337 140713024774464 pyconfig.py:559] Config param use_splash_scheduler: False
I0805 14:45:19.788357 140713024774464 pyconfig.py:559] Config param use_standalone_converter: False
I0805 14:45:19.788377 140713024774464 pyconfig.py:559] Config param use_tokamax_gmm: False
I0805 14:45:19.788397 140713024774464 pyconfig.py:559] Config param use_tokamax_splash: False
I0805 14:45:19.788416 140713024774464 pyconfig.py:559] Config param use_truncation: True
I0805 14:45:19.788437 140713024774464 pyconfig.py:559] Config param use_tunix_gradient_accumulation: False
I0805 14:45:19.788457 140713024774464 pyconfig.py:559] Config param use_untrainable_positional_embedding: False
I0805 14:45:19.788477 140713024774464 pyconfig.py:559] Config param use_vertex_tensorboard: False
I0805 14:45:19.788496 140713024774464 pyconfig.py:559] Config param using_pipeline_parallelism: False
I0805 14:45:19.788518 140713024774464 pyconfig.py:559] Config param v_head_dim: 128
I0805 14:45:19.788538 140713024774464 pyconfig.py:559] Config param v_norm_with_scale: True
I0805 14:45:19.788558 140713024774464 pyconfig.py:559] Config param value_proj: RematLocation.REMAT
I0805 14:45:19.788579 140713024774464 pyconfig.py:559] Config param vertex_tensorboard_project: 
I0805 14:45:19.788599 140713024774464 pyconfig.py:559] Config param vertex_tensorboard_region: 
I0805 14:45:19.788620 140713024774464 pyconfig.py:559] Config param video_path: 
I0805 14:45:19.788641 140713024774464 pyconfig.py:559] Config param video_placeholder: <|video|>
I0805 14:45:19.788660 140713024774464 pyconfig.py:559] Config param vision_output_dim_for_vit: 4096
I0805 14:45:19.788680 140713024774464 pyconfig.py:559] Config param vision_output_length: -1
I0805 14:45:19.788701 140713024774464 pyconfig.py:559] Config param vllm_additional_config: {}
I0805 14:45:19.788722 140713024774464 pyconfig.py:559] Config param vllm_hf_config_path: 
I0805 14:45:19.788743 140713024774464 pyconfig.py:559] Config param vllm_hf_overrides: {}
I0805 14:45:19.788763 140713024774464 pyconfig.py:559] Config param vllm_load_format: dummy
I0805 14:45:19.788783 140713024774464 pyconfig.py:559] Config param vocab_size: 32000
I0805 14:45:19.788803 140713024774464 pyconfig.py:559] Config param vocab_size_per_layer_input: 0
I0805 14:45:19.788823 140713024774464 pyconfig.py:559] Config param warmup_steps_fraction: 0.1
I0805 14:45:19.788844 140713024774464 pyconfig.py:559] Config param weight_dtype: float32
I0805 14:45:19.788876 140713024774464 pyconfig.py:559] Config param weight_quantization_calibration_method: absmax
I0805 14:45:19.788902 140713024774464 pyconfig.py:559] Config param weight_sparsity_m: None
I0805 14:45:19.788924 140713024774464 pyconfig.py:559] Config param weight_sparsity_n: None
I0805 14:45:19.788945 140713024774464 pyconfig.py:559] Config param weight_sparsity_start_step: 50
I0805 14:45:19.788966 140713024774464 pyconfig.py:559] Config param weight_sparsity_update_step: 10
I0805 14:45:19.788987 140713024774464 pyconfig.py:559] Config param wi_tile_dlhs_batch_seq: 512
I0805 14:45:19.789006 140713024774464 pyconfig.py:559] Config param wi_tile_dlhs_embed_dim: 1024
I0805 14:45:19.789026 140713024774464 pyconfig.py:559] Config param wi_tile_dlhs_mlp_dim: 1024
I0805 14:45:19.789046 140713024774464 pyconfig.py:559] Config param wi_tile_drhs_batch_seq: 512
I0805 14:45:19.789066 140713024774464 pyconfig.py:559] Config param wi_tile_drhs_embed_dim: 1024
I0805 14:45:19.789085 140713024774464 pyconfig.py:559] Config param wi_tile_drhs_mlp_dim: 1024
I0805 14:45:19.789105 140713024774464 pyconfig.py:559] Config param wi_tile_fwd_batch_seq: 512
I0805 14:45:19.789125 140713024774464 pyconfig.py:559] Config param wi_tile_fwd_embed_dim: 1024
I0805 14:45:19.789145 140713024774464 pyconfig.py:559] Config param wi_tile_fwd_mlp_dim: 1024
I0805 14:45:19.789165 140713024774464 pyconfig.py:559] Config param wo_tile_dlhs_batch_seq: 512
I0805 14:45:19.789185 140713024774464 pyconfig.py:559] Config param wo_tile_dlhs_embed_dim: 1024
I0805 14:45:19.789205 140713024774464 pyconfig.py:559] Config param wo_tile_dlhs_mlp_dim: 1024
I0805 14:45:19.789225 140713024774464 pyconfig.py:559] Config param wo_tile_drhs_batch_seq: 512
I0805 14:45:19.789246 140713024774464 pyconfig.py:559] Config param wo_tile_drhs_embed_dim: 1024
I0805 14:45:19.789266 140713024774464 pyconfig.py:559] Config param wo_tile_drhs_mlp_dim: 1024
I0805 14:45:19.789286 140713024774464 pyconfig.py:559] Config param wo_tile_fwd_batch_seq: 512
I0805 14:45:19.789306 140713024774464 pyconfig.py:559] Config param wo_tile_fwd_embed_dim: 1024
I0805 14:45:19.789326 140713024774464 pyconfig.py:559] Config param wo_tile_fwd_mlp_dim: 1024
I0805 14:45:19.789347 140713024774464 pyconfig.py:559] Config param write_estimator_result: False
I0805 14:45:19.789367 140713024774464 pyconfig.py:559] Config param wsd_decay_steps_fraction: 0.1
I0805 14:45:19.789389 140713024774464 pyconfig.py:559] Config param wsd_decay_style: WsdDecayStyle.LINEAR
I0805 14:45:19.789412 140713024774464 pyconfig.py:559] Config param xprof_e2e_enable_fw_power_level_event: False
I0805 14:45:19.789432 140713024774464 pyconfig.py:559] Config param xprof_e2e_enable_fw_thermal_event: False
I0805 14:45:19.789451 140713024774464 pyconfig.py:559] Config param xprof_e2e_enable_fw_throttle_event: False
I0805 14:45:19.789471 140713024774464 pyconfig.py:559] Config param xprof_tpu_power_trace_level: 0
I0805 14:45:19.789494 140713024774464 pyconfig.py:559] Config param z_loss_multiplier: 0.0
I0805 14:45:19.790006 140713024774464 max_utils.py:828] System Information: Jax Version: 0.10.0
I0805 14:45:19.790059 140713024774464 max_utils.py:829] System Information: Jaxlib Version: 0.10.0
I0805 14:45:19.790121 140713024774464 max_utils.py:830] System Information: Jax Backend: PJRT C API
rocm 71400
I0805 14:45:19.790159 140713024774464 max_utils.py:833] System Information: Number of devices: 8, jax path /opt/venv/lib/python3.12/site-packages/jax/__init__.py
I0805 14:45:19.790197 140713024774464 max_utils.py:836] System Information: Device 0: 0 (Local id: 0, Process index: 0)
I0805 14:45:19.790228 140713024774464 max_utils.py:836] System Information: Device 1: 1 (Local id: 1, Process index: 0)
I0805 14:45:19.790255 140713024774464 max_utils.py:836] System Information: Device 2: 2 (Local id: 2, Process index: 0)
I0805 14:45:19.790280 140713024774464 max_utils.py:836] System Information: Device 3: 3 (Local id: 3, Process index: 0)
I0805 14:45:19.790304 140713024774464 max_utils.py:836] System Information: Device 4: 4 (Local id: 4, Process index: 0)
I0805 14:45:19.790330 140713024774464 max_utils.py:836] System Information: Device 5: 5 (Local id: 5, Process index: 0)
I0805 14:45:19.790355 140713024774464 max_utils.py:836] System Information: Device 6: 6 (Local id: 6, Process index: 0)
I0805 14:45:19.790379 140713024774464 max_utils.py:836] System Information: Device 7: 7 (Local id: 7, Process index: 0)
I0805 14:45:19.790420 140713024774464 train_utils.py:355] WARNING: 'base_output_directory' might be pointing your local file system
I0805 14:45:19.790465 140713024774464 train_utils.py:366] WARNING: Sequence packing is essentially ignored for synthetic data. Please use a real dataset to use sequence packing.
I0805 14:45:24.014069 140713024774464 maxtext_utils.py:1975] Num_devices: 8, shape (1, 1, 1, 1, 1, 1, 1, 1, 1, 1, 8, 1)
I0805 14:45:24.014687 140713024774464 maxtext_utils.py:1975] Num_devices: 8, shape (1, 1, 1, 1, 1, 1, 1, 1, 1, 1, 8, 1)
I0805 14:45:24.015691 140713024774464 checkpointing.py:995] Setting up checkpoint logger...
I0805 14:45:24.015878 140713024774464 checkpointing.py:386] Checkpointing disabled, not creating checkpoint manager.
/opt/venv/lib/python3.12/site-packages/transformer_engine/jax/flax/transformer.py:732: UserWarning: The dtype argument is deprecated and will be removed in a future release. DotProductAttention will use the dtype of the inputs instead as this module does not have any parameters. Module dtype specified self.dtype=dtype(bfloat16) matches dtype of inputs so behavior is unchanged. Please remove the dtype argument within the next few releases.
  warnings.warn(
I0805 14:45:25.261706 140713024774464 moe.py:2053] Applying potential token dropping with a batch expert_capacity of 1280
I0805 14:45:25.374846 140713024774464 moe.py:2053] Applying potential token dropping with a batch expert_capacity of 1280
I0805 14:45:25.584198 140713024774464 moe.py:2053] Applying potential token dropping with a batch expert_capacity of 1280
I0805 14:45:25.691098 140713024774464 moe.py:2053] Applying potential token dropping with a batch expert_capacity of 1280
I0805 14:45:26.209000 140713024774464 checkpointing.py:983] No existing checkpoints found, not restoring checkpoint.
I0805 14:45:38.599997 140713024774464 moe.py:2053] Applying potential token dropping with a batch expert_capacity of 1280
I0805 14:45:38.714536 140713024774464 moe.py:2053] Applying potential token dropping with a batch expert_capacity of 1280
I0805 14:45:46.655897 140713024774464 max_utils.py:819] Total memory size: 117.4 GB, Output size: 65.2 GB, Temp size: 52.2 GB, Argument size: 65.2 GB, Host temp size: 0.0 GB.
I0805 14:45:46.657807 140713024774464 metric_logger.py:334] number parameters: 46.703 billion
I0805 14:45:46.745901 140713024774464 train.py:680] ====== BARRIER: Synchronizing hosts before training loop ======
I0805 14:45:46.746214 140713024774464 train.py:682] ====== BARRIER PASSED: Starting training loop ======
I0805 14:45:47.278743 140713024774464 moe.py:2053] Applying potential token dropping with a batch expert_capacity of 1280
I0805 14:45:47.381515 140713024774464 moe.py:2053] Applying potential token dropping with a batch expert_capacity of 1280
E0805 14:46:03.630804  143268 rendezvous.cc:108] [id=6] This thread has been waiting for `[4] [rank=4] [run_id=2133790231] Initialize clique: devices=8:[0,1,2,3,4,5,6,7]; local_participants=8; communication_id=0; incarnations=[]` for 10 seconds and may be stuck. All 8 threads joined the rendezvous, however the leader has not marked the rendezvous as completed. Leader can be deadlocked inside the rendezvous callback.
E0805 14:46:03.630813  143274 rendezvous.cc:108] [id=3] This thread has been waiting for `[6] [rank=6] [run_id=2133790231] Initialize clique: devices=8:[0,1,2,3,4,5,6,7]; local_participants=8; communication_id=0; incarnations=[]` for 10 seconds and may be stuck. All 8 threads joined the rendezvous, however the leader has not marked the rendezvous as completed. Leader can be deadlocked inside the rendezvous callback.
E0805 14:46:03.630872  143265 rendezvous.cc:108] [id=5] This thread has been waiting for `[3] [rank=3] [run_id=2133790231] Initialize clique: devices=8:[0,1,2,3,4,5,6,7]; local_participants=8; communication_id=0; incarnations=[]` for 10 seconds and may be stuck. All 8 threads joined the rendezvous, however the leader has not marked the rendezvous as completed. Leader can be deadlocked inside the rendezvous callback.
E0805 14:46:03.630879  143262 rendezvous.cc:108] [id=1] This thread has been waiting for `[2] [rank=2] [run_id=2133790231] Initialize clique: devices=8:[0,1,2,3,4,5,6,7]; local_participants=8; communication_id=0; incarnations=[]` for 10 seconds and may be stuck. All 8 threads joined the rendezvous, however the leader has not marked the rendezvous as completed. Leader can be deadlocked inside the rendezvous callback.
E0805 14:46:03.630839  143271 rendezvous.cc:108] [id=0] This thread has been waiting for `[5] [rank=5] [run_id=2133790231] Initialize clique: devices=8:[0,1,2,3,4,5,6,7]; local_participants=8; communication_id=0; incarnations=[]` for 10 seconds and may be stuck. All 8 threads joined the rendezvous, however the leader has not marked the rendezvous as completed. Leader can be deadlocked inside the rendezvous callback.
E0805 14:46:03.630800  143277 rendezvous.cc:108] [id=4] This thread has been waiting for `[7] [rank=7] [run_id=2133790231] Initialize clique: devices=8:[0,1,2,3,4,5,6,7]; local_participants=8; communication_id=0; incarnations=[]` for 10 seconds and may be stuck. All 8 threads joined the rendezvous, however the leader has not marked the rendezvous as completed. Leader can be deadlocked inside the rendezvous callback.
E0805 14:46:03.630876  143259 rendezvous.cc:108] [id=2] This thread has been waiting for `[1] [rank=1] [run_id=2133790231] Initialize clique: devices=8:[0,1,2,3,4,5,6,7]; local_participants=8; communication_id=0; incarnations=[]` for 10 seconds and may be stuck. All 8 threads joined the rendezvous, however the leader has not marked the rendezvous as completed. Leader can be deadlocked inside the rendezvous callback.
E0805 14:46:08.405074  143274 rendezvous.cc:130] [id=3] This thread is unstuck waiting for `[6] [rank=6] [run_id=2133790231] Initialize clique: devices=8:[0,1,2,3,4,5,6,7]; local_participants=8; communication_id=0; incarnations=[]` after 14.774488248s. All threads joined the rendezvous on time however the leader took long time to complete it. Warning above was a false-positive. Perhaps the timeout is too short.
E0805 14:46:08.405089  143259 rendezvous.cc:130] [id=2] This thread is unstuck waiting for `[1] [rank=1] [run_id=2133790231] Initialize clique: devices=8:[0,1,2,3,4,5,6,7]; local_participants=8; communication_id=0; incarnations=[]` after 14.774510411s. All threads joined the rendezvous on time however the leader took long time to complete it. Warning above was a false-positive. Perhaps the timeout is too short.
E0805 14:46:08.405093  143271 rendezvous.cc:130] [id=0] This thread is unstuck waiting for `[5] [rank=5] [run_id=2133790231] Initialize clique: devices=8:[0,1,2,3,4,5,6,7]; local_participants=8; communication_id=0; incarnations=[]` after 14.774543272s. All threads joined the rendezvous on time however the leader took long time to complete it. Warning above was a false-positive. Perhaps the timeout is too short.
E0805 14:46:08.405101  143277 rendezvous.cc:130] [id=4] This thread is unstuck waiting for `[7] [rank=7] [run_id=2133790231] Initialize clique: devices=8:[0,1,2,3,4,5,6,7]; local_participants=8; communication_id=0; incarnations=[]` after 14.774514466s. All threads joined the rendezvous on time however the leader took long time to complete it. Warning above was a false-positive. Perhaps the timeout is too short.
E0805 14:46:08.405193  143268 rendezvous.cc:130] [id=6] This thread is unstuck waiting for `[4] [rank=4] [run_id=2133790231] Initialize clique: devices=8:[0,1,2,3,4,5,6,7]; local_participants=8; communication_id=0; incarnations=[]` after 14.774602246s. All threads joined the rendezvous on time however the leader took long time to complete it. Warning above was a false-positive. Perhaps the timeout is too short.
E0805 14:46:08.405248  143265 rendezvous.cc:130] [id=5] This thread is unstuck waiting for `[3] [rank=3] [run_id=2133790231] Initialize clique: devices=8:[0,1,2,3,4,5,6,7]; local_participants=8; communication_id=0; incarnations=[]` after 14.774659615s. All threads joined the rendezvous on time however the leader took long time to complete it. Warning above was a false-positive. Perhaps the timeout is too short.
E0805 14:46:08.405262  143262 rendezvous.cc:130] [id=1] This thread is unstuck waiting for `[2] [rank=2] [run_id=2133790231] Initialize clique: devices=8:[0,1,2,3,4,5,6,7]; local_participants=8; communication_id=0; incarnations=[]` after 14.774709649s. All threads joined the rendezvous on time however the leader took long time to complete it. Warning above was a false-positive. Perhaps the timeout is too short.
RCCL version : 2.30.4-HEAD:9e5e408
HIP version  : 7.14.60850-0000000
ROCm version : 7.14.0.0-9999-2b22ab01
Hostname     : dell300x-ccs-aus-f06-01
Librccl path : /opt/rocm/lib/librccl.so.1
[aiter] hipModuleLoad (embedded): hsa/gfx942/fmha_v3_fwd/MI300/fwd_hd128_bf16_causal_rtz.co GetFunction: _ZN5aiter30fmha_fwd_hd128_bf16_causal_rtzE
[aiter] hipModuleGetFunction: _ZN5aiter30fmha_fwd_hd128_bf16_causal_rtzE Success
[aiter] hipModuleLoad (embedded): hsa/gfx942/fmha_v3_fwd/MI300/fwd_hd128_bf16_causal_rtz.co GetFunction: _ZN5aiter30fmha_fwd_hd128_bf16_causal_rtzE
[aiter] hipModuleGetFunction: _ZN5aiter30fmha_fwd_hd128_bf16_causal_rtzE Success
[aiter] hipModuleLoad (embedded): hsa/gfx942/fmha_v3_fwd/MI300/fwd_hd128_bf16_causal_rtz.co GetFunction: _ZN5aiter30fmha_fwd_hd128_bf16_causal_rtzE
[aiter] hipModuleLoad (embedded): hsa/gfx942/fmha_v3_fwd/MI300/fwd_hd128_bf16_causal_rtz.co GetFunction: _ZN5aiter30fmha_fwd_hd128_bf16_causal_rtzE
[aiter] hipModuleGetFunction: _ZN5aiter30fmha_fwd_hd128_bf16_causal_rtzE Success
[aiter] hipModuleGetFunction: _ZN5aiter30fmha_fwd_hd128_bf16_causal_rtzE Success
[aiter] hipModuleLoad (embedded): hsa/gfx942/fmha_v3_fwd/MI300/fwd_hd128_bf16_causal_rtz.co GetFunction: _ZN5aiter30fmha_fwd_hd128_bf16_causal_rtzE
[aiter] hipModuleGetFunction: _ZN5aiter30fmha_fwd_hd128_bf16_causal_rtzE Success
[aiter] hipModuleLoad (embedded): hsa/gfx942/fmha_v3_fwd/MI300/fwd_hd128_bf16_causal_rtz.co GetFunction: _ZN5aiter30fmha_fwd_hd128_bf16_causal_rtzE
[aiter] hipModuleGetFunction: _ZN5aiter30fmha_fwd_hd128_bf16_causal_rtzE Success
[aiter] hipModuleLoad (embedded): hsa/gfx942/fmha_v3_fwd/MI300/fwd_hd128_bf16_causal_rtz.co GetFunction: _ZN5aiter30fmha_fwd_hd128_bf16_causal_rtzE
[aiter] hipModuleGetFunction: _ZN5aiter30fmha_fwd_hd128_bf16_causal_rtzE Success
[aiter] hipModuleLoad (embedded): hsa/gfx942/fmha_v3_fwd/MI300/fwd_hd128_bf16_causal_rtz.co GetFunction: _ZN5aiter30fmha_fwd_hd128_bf16_causal_rtzE
[aiter] hipModuleGetFunction: _ZN5aiter30fmha_fwd_hd128_bf16_causal_rtzE Success
[aiter] hipModuleLoad (embedded): hsa/gfx942/fmha_v3_bwd/bwd_hd128_odo_bf16.co GetFunction: _ZN5aiter23fmha_bwd_hd128_odo_bf16E
[aiter] hipModuleGetFunction: _ZN5aiter23fmha_bwd_hd128_odo_bf16E Success
[aiter] hipModuleLoad (embedded): hsa/gfx942/fmha_v3_bwd/bwd_hd128_bf16_causal_a32_rtz_psskddv.co GetFunction: _ZN5aiter42fmha_bwd_hd128_bf16_causal_a32_rtz_psskddvE
[aiter] hipModuleGetFunction: _ZN5aiter42fmha_bwd_hd128_bf16_causal_a32_rtz_psskddvE Success
[aiter] hipModuleLoad (embedded): hsa/gfx942/fmha_v3_bwd/bwd_hd128_dq_convert_bf16_rtz.co GetFunction: _ZN5aiter34fmha_bwd_hd128_dq_convert_bf16_rtzE
[aiter] hipModuleGetFunction: _ZN5aiter34fmha_bwd_hd128_dq_convert_bf16_rtzE Success
[aiter] hipModuleLoad (embedded): hsa/gfx942/fmha_v3_bwd/bwd_hd128_odo_bf16.co GetFunction: _ZN5aiter23fmha_bwd_hd128_odo_bf16E
[aiter] hipModuleGetFunction: _ZN5aiter23fmha_bwd_hd128_odo_bf16E Success
[aiter] hipModuleLoad (embedded): hsa/gfx942/fmha_v3_bwd/bwd_hd128_bf16_causal_a32_rtz_psskddv.co GetFunction: _ZN5aiter42fmha_bwd_hd128_bf16_causal_a32_rtz_psskddvE
[aiter] hipModuleGetFunction: _ZN5aiter42fmha_bwd_hd128_bf16_causal_a32_rtz_psskddvE Success
[aiter] hipModuleLoad (embedded): hsa/gfx942/fmha_v3_bwd/bwd_hd128_dq_convert_bf16_rtz.co GetFunction: _ZN5aiter34fmha_bwd_hd128_dq_convert_bf16_rtzE
[aiter] hipModuleGetFunction: _ZN5aiter34fmha_bwd_hd128_dq_convert_bf16_rtzE Success
[aiter] hipModuleLoad (embedded): hsa/gfx942/fmha_v3_bwd/bwd_hd128_odo_bf16.co GetFunction: _ZN5aiter23fmha_bwd_hd128_odo_bf16E
[aiter] hipModuleGetFunction: _ZN5aiter23fmha_bwd_hd128_odo_bf16E Success
[aiter] hipModuleLoad (embedded): hsa/gfx942/fmha_v3_bwd/bwd_hd128_bf16_causal_a32_rtz_psskddv.co GetFunction: _ZN5aiter42fmha_bwd_hd128_bf16_causal_a32_rtz_psskddvE
[aiter] hipModuleGetFunction: _ZN5aiter42fmha_bwd_hd128_bf16_causal_a32_rtz_psskddvE Success
[aiter] hipModuleLoad (embedded): hsa/gfx942/fmha_v3_bwd/bwd_hd128_dq_convert_bf16_rtz.co GetFunction: _ZN5aiter34fmha_bwd_hd128_dq_convert_bf16_rtzE
[aiter] hipModuleGetFunction: _ZN5aiter34fmha_bwd_hd128_dq_convert_bf16_rtzE Success
[aiter] hipModuleLoad (embedded): hsa/gfx942/fmha_v3_bwd/bwd_hd128_odo_bf16.co GetFunction: _ZN5aiter23fmha_bwd_hd128_odo_bf16E
[aiter] hipModuleGetFunction: _ZN5aiter23fmha_bwd_hd128_odo_bf16E Success
[aiter] hipModuleLoad (embedded): hsa/gfx942/fmha_v3_bwd/bwd_hd128_bf16_causal_a32_rtz_psskddv.co GetFunction: _ZN5aiter42fmha_bwd_hd128_bf16_causal_a32_rtz_psskddvE
[aiter] hipModuleGetFunction: _ZN5aiter42fmha_bwd_hd128_bf16_causal_a32_rtz_psskddvE Success
[aiter] hipModuleLoad (embedded): hsa/gfx942/fmha_v3_bwd/bwd_hd128_dq_convert_bf16_rtz.co GetFunction: _ZN5aiter34fmha_bwd_hd128_dq_convert_bf16_rtzE
[aiter] hipModuleGetFunction: _ZN5aiter34fmha_bwd_hd128_dq_convert_bf16_rtzE Success
[aiter] hipModuleLoad (embedded): hsa/gfx942/fmha_v3_bwd/bwd_hd128_odo_bf16.co GetFunction: _ZN5aiter23fmha_bwd_hd128_odo_bf16E
[aiter] hipModuleGetFunction: _ZN5aiter23fmha_bwd_hd128_odo_bf16E Success
[aiter] hipModuleLoad (embedded): hsa/gfx942/fmha_v3_bwd/bwd_hd128_bf16_causal_a32_rtz_psskddv.co GetFunction: _ZN5aiter42fmha_bwd_hd128_bf16_causal_a32_rtz_psskddvE
[aiter] hipModuleGetFunction: _ZN5aiter42fmha_bwd_hd128_bf16_causal_a32_rtz_psskddvE Success
[aiter] hipModuleLoad (embedded): hsa/gfx942/fmha_v3_bwd/bwd_hd128_dq_convert_bf16_rtz.co GetFunction: _ZN5aiter34fmha_bwd_hd128_dq_convert_bf16_rtzE
[aiter] hipModuleGetFunction: _ZN5aiter34fmha_bwd_hd128_dq_convert_bf16_rtzE Success
[aiter] hipModuleLoad (embedded): hsa/gfx942/fmha_v3_bwd/bwd_hd128_odo_bf16.co GetFunction: _ZN5aiter23fmha_bwd_hd128_odo_bf16E
[aiter] hipModuleGetFunction: _ZN5aiter23fmha_bwd_hd128_odo_bf16E Success
[aiter] hipModuleLoad (embedded): hsa/gfx942/fmha_v3_bwd/bwd_hd128_bf16_causal_a32_rtz_psskddv.co GetFunction: _ZN5aiter42fmha_bwd_hd128_bf16_causal_a32_rtz_psskddvE
[aiter] hipModuleGetFunction: _ZN5aiter42fmha_bwd_hd128_bf16_causal_a32_rtz_psskddvE Success
[aiter] hipModuleLoad (embedded): hsa/gfx942/fmha_v3_bwd/bwd_hd128_dq_convert_bf16_rtz.co GetFunction: _ZN5aiter34fmha_bwd_hd128_dq_convert_bf16_rtzE
[aiter] hipModuleGetFunction: _ZN5aiter34fmha_bwd_hd128_dq_convert_bf16_rtzE Success
[aiter] hipModuleLoad (embedded): hsa/gfx942/fmha_v3_bwd/bwd_hd128_odo_bf16.co GetFunction: _ZN5aiter23fmha_bwd_hd128_odo_bf16E
[aiter] hipModuleGetFunction: _ZN5aiter23fmha_bwd_hd128_odo_bf16E Success
[aiter] hipModuleLoad (embedded): hsa/gfx942/fmha_v3_bwd/bwd_hd128_bf16_causal_a32_rtz_psskddv.co GetFunction: _ZN5aiter42fmha_bwd_hd128_bf16_causal_a32_rtz_psskddvE
[aiter] hipModuleGetFunction: _ZN5aiter42fmha_bwd_hd128_bf16_causal_a32_rtz_psskddvE Success
[aiter] hipModuleLoad (embedded): hsa/gfx942/fmha_v3_bwd/bwd_hd128_dq_convert_bf16_rtz.co GetFunction: _ZN5aiter34fmha_bwd_hd128_dq_convert_bf16_rtzE
[aiter] hipModuleGetFunction: _ZN5aiter34fmha_bwd_hd128_dq_convert_bf16_rtzE Success
[aiter] hipModuleLoad (embedded): hsa/gfx942/fmha_v3_bwd/bwd_hd128_odo_bf16.co GetFunction: _ZN5aiter23fmha_bwd_hd128_odo_bf16E
[aiter] hipModuleGetFunction: _ZN5aiter23fmha_bwd_hd128_odo_bf16E Success
[aiter] hipModuleLoad (embedded): hsa/gfx942/fmha_v3_bwd/bwd_hd128_bf16_causal_a32_rtz_psskddv.co GetFunction: _ZN5aiter42fmha_bwd_hd128_bf16_causal_a32_rtz_psskddvE
[aiter] hipModuleGetFunction: _ZN5aiter42fmha_bwd_hd128_bf16_causal_a32_rtz_psskddvE Success
[aiter] hipModuleLoad (embedded): hsa/gfx942/fmha_v3_bwd/bwd_hd128_dq_convert_bf16_rtz.co GetFunction: _ZN5aiter34fmha_bwd_hd128_dq_convert_bf16_rtzE
[aiter] hipModuleGetFunction: _ZN5aiter34fmha_bwd_hd128_dq_convert_bf16_rtzE Success
I0805 14:46:21.597455 140713024774464 max_utils.py:778] 
Memstats: After params initialized:
I0805 14:46:21.597959 140713024774464 max_utils.py:784] 	Using (GB) 65.25 / 172.79 (37.762602%) on rocm:0
I0805 14:46:21.598119 140713024774464 max_utils.py:784] 	Using (GB) 65.25 / 172.79 (37.762602%) on rocm:1
I0805 14:46:21.598228 140713024774464 max_utils.py:784] 	Using (GB) 65.25 / 172.79 (37.762602%) on rocm:2
I0805 14:46:21.598322 140713024774464 max_utils.py:784] 	Using (GB) 65.25 / 172.79 (37.762602%) on rocm:3
I0805 14:46:21.598407 140713024774464 max_utils.py:784] 	Using (GB) 65.25 / 172.79 (37.762602%) on rocm:4
I0805 14:46:21.598487 140713024774464 max_utils.py:784] 	Using (GB) 65.25 / 172.79 (37.762602%) on rocm:5
I0805 14:46:21.598567 140713024774464 max_utils.py:784] 	Using (GB) 65.25 / 172.79 (37.762602%) on rocm:6
I0805 14:46:21.598644 140713024774464 max_utils.py:784] 	Using (GB) 65.25 / 172.79 (37.762602%) on rocm:7
I0805 14:46:27.182251 140713024774464 metric_logger.py:207] completed step: 0, seconds: 34.851, TFLOP/s/device: 37.474, Tokens/s/device: 470.116, total_weights: 131072, loss: 10.872, lm_loss: 10.872, perplexity: 52684.672, moe_lb_loss: 0.000
I0805 14:46:27.187550 140713024774464 metric_logger.py:314] To see full metrics 'tensorboard --logdir=/root/work/scale-your-amd/runs/20260805-maxtext-disp-mixtral-onehot-capacity/maxtext/disp-mixtral-onehot-capacity/tensorboard/'
I0805 14:46:32.253588 140713024774464 metric_logger.py:207] completed step: 1, seconds: 5.580, TFLOP/s/device: 234.051, Tokens/s/device: 2936.182, total_weights: 131072, loss: 10.872, lm_loss: 10.872, perplexity: 52684.672, moe_lb_loss: 0.000
I0805 14:46:37.331101 140713024774464 metric_logger.py:207] completed step: 2, seconds: 5.072, TFLOP/s/device: 257.495, Tokens/s/device: 3230.285, total_weights: 131072, loss: 10.513, lm_loss: 10.513, perplexity: 36776.918, moe_lb_loss: 0.000
I0805 14:46:42.415757 140713024774464 metric_logger.py:207] completed step: 3, seconds: 5.078, TFLOP/s/device: 257.202, Tokens/s/device: 3226.608, total_weights: 131072, loss: 10.339, lm_loss: 10.339, perplexity: 30925.914, moe_lb_loss: 0.000
I0805 14:46:47.510720 140713024774464 metric_logger.py:207] completed step: 4, seconds: 5.084, TFLOP/s/device: 256.866, Tokens/s/device: 3222.393, total_weights: 131072, loss: 10.209, lm_loss: 10.209, perplexity: 27135.939, moe_lb_loss: 0.000
I0805 14:46:52.607919 140713024774464 metric_logger.py:207] completed step: 5, seconds: 5.095, TFLOP/s/device: 256.339, Tokens/s/device: 3215.778, total_weights: 131072, loss: 10.097, lm_loss: 10.097, perplexity: 24264.816, moe_lb_loss: 0.000
I0805 14:46:57.714278 140713024774464 metric_logger.py:207] completed step: 6, seconds: 5.097, TFLOP/s/device: 256.219, Tokens/s/device: 3214.284, total_weights: 131072, loss: 10.001, lm_loss: 10.001, perplexity: 22042.205, moe_lb_loss: 0.000
I0805 14:47:02.828483 140713024774464 metric_logger.py:207] completed step: 7, seconds: 5.106, TFLOP/s/device: 255.763, Tokens/s/device: 3208.555, total_weights: 131072, loss: 9.919, lm_loss: 9.919, perplexity: 20306.154, moe_lb_loss: 0.000
I0805 14:47:07.949681 140713024774464 metric_logger.py:207] completed step: 8, seconds: 5.114, TFLOP/s/device: 255.386, Tokens/s/device: 3203.823, total_weights: 131072, loss: 9.849, lm_loss: 9.849, perplexity: 18935.865, moe_lb_loss: 0.000
I0805 14:47:13.081063 140713024774464 metric_logger.py:207] completed step: 9, seconds: 5.121, TFLOP/s/device: 255.019, Tokens/s/device: 3199.231, total_weights: 131072, loss: 9.790, lm_loss: 9.790, perplexity: 17849.199, moe_lb_loss: 0.000
I0805 14:47:18.216915 140713024774464 metric_logger.py:207] completed step: 10, seconds: 5.131, TFLOP/s/device: 254.517, Tokens/s/device: 3192.926, total_weights: 131072, loss: 9.741, lm_loss: 9.741, perplexity: 16994.992, moe_lb_loss: 0.000
I0805 14:47:23.359164 140713024774464 metric_logger.py:207] completed step: 11, seconds: 5.136, TFLOP/s/device: 254.292, Tokens/s/device: 3190.109, total_weights: 131072, loss: 9.701, lm_loss: 9.701, perplexity: 16333.937, moe_lb_loss: 0.000
I0805 14:47:28.504046 140713024774464 metric_logger.py:207] completed step: 12, seconds: 5.142, TFLOP/s/device: 253.986, Tokens/s/device: 3186.269, total_weights: 131072, loss: 9.670, lm_loss: 9.670, perplexity: 15832.813, moe_lb_loss: 0.000
I0805 14:47:33.653150 140713024774464 metric_logger.py:207] completed step: 13, seconds: 5.145, TFLOP/s/device: 253.835, Tokens/s/device: 3184.375, total_weights: 131072, loss: 9.646, lm_loss: 9.646, perplexity: 15460.855, moe_lb_loss: 0.000
I0805 14:47:38.808095 140713024774464 metric_logger.py:207] completed step: 14, seconds: 5.149, TFLOP/s/device: 253.653, Tokens/s/device: 3182.084, total_weights: 131072, loss: 9.628, lm_loss: 9.628, perplexity: 15186.142, moe_lb_loss: 0.000
I0805 14:47:38.818121 140713024774464 metric_logger.py:207] completed step: 15, seconds: 5.155, TFLOP/s/device: 253.359, Tokens/s/device: 3178.397, total_weights: 131072, loss: 9.614, lm_loss: 9.614, perplexity: 14969.463, moe_lb_loss: 0.000
Per train step:
 Total TFLOPs: 1306.01 
 split as 95.96% learnable weight flops and 4.04% attention flops
