WARNING: All log messages before absl::InitializeLog() is called are written to STDERR
I0000 00:00:1785940005.845002  132102 port.cc:153] oneDNN custom operations are on. You may see slightly different numerical results due to floating-point round-off errors from different computation orders. To turn them off, set the environment variable `TF_ENABLE_ONEDNN_OPTS=0`.
WARNING: All log messages before absl::InitializeLog() is called are written to STDERR
I0000 00:00:1785940006.846756  132102 port.cc:153] oneDNN custom operations are on. You may see slightly different numerical results due to floating-point round-off errors from different computation orders. To turn them off, set the environment variable `TF_ENABLE_ONEDNN_OPTS=0`.
[transformers] PyTorch was not found. Models won't be available and only tokenizers, configuration and file/data utilities can be used.
[transformers] DeepseekV32Config got `key=rope_scaling` in kwargs but hasn't set it as attribute. For RoPE standardization you need to set `self.rope_parameters` in model's config. 
I0805 14:26:50.343433 140348066447680 max_utils.py:260] Attempting to initialize the jax distributed system for GPU backend...
I0805 14:26:50.343545 140348066447680 max_utils.py:262] Jax distributed system initialized on GPU!
I0805 14:26:51.762166 140348066447680 pyconfig.py:559] Config param abort_on_inf_loss: True
I0805 14:26:51.762317 140348066447680 pyconfig.py:559] Config param abort_on_nan_loss: True
I0805 14:26:51.762375 140348066447680 pyconfig.py:559] Config param act_quantization_calibration_method: absmax
I0805 14:26:51.762422 140348066447680 pyconfig.py:559] Config param activation_dropout_for_audio: 0.0
I0805 14:26:51.762465 140348066447680 pyconfig.py:559] Config param activation_function_for_audio: gelu
I0805 14:26:51.762500 140348066447680 pyconfig.py:559] Config param activations_in_float32: False
I0805 14:26:51.762534 140348066447680 pyconfig.py:559] Config param adam_b1: 0.9
I0805 14:26:51.762571 140348066447680 pyconfig.py:559] Config param adam_b2: 0.95
I0805 14:26:51.762605 140348066447680 pyconfig.py:559] Config param adam_eps: 1e-08
I0805 14:26:51.762642 140348066447680 pyconfig.py:559] Config param adam_eps_root: 0.0
I0805 14:26:51.762673 140348066447680 pyconfig.py:559] Config param adam_weight_decay: 0.1
I0805 14:26:51.762703 140348066447680 pyconfig.py:559] Config param adamw_mask: []
I0805 14:26:51.762732 140348066447680 pyconfig.py:559] Config param add_bos: True
I0805 14:26:51.762761 140348066447680 pyconfig.py:559] Config param add_eos: True
I0805 14:26:51.762789 140348066447680 pyconfig.py:559] Config param allow_split_physical_axes: False
I0805 14:26:51.762816 140348066447680 pyconfig.py:559] Config param ar_cache_axis_order: 1,2,0,3
I0805 14:26:51.762844 140348066447680 pyconfig.py:559] Config param async_checkpointing: True
I0805 14:26:51.762872 140348066447680 pyconfig.py:559] Config param async_scheduling: False
I0805 14:26:51.762900 140348066447680 pyconfig.py:559] Config param attention: cudnn_flash_te
I0805 14:26:51.762927 140348066447680 pyconfig.py:559] Config param attention_bias: False
I0805 14:26:51.762955 140348066447680 pyconfig.py:559] Config param attention_dropout_for_audio: 0.0
I0805 14:26:51.762983 140348066447680 pyconfig.py:559] Config param attention_for_vit: dot_product
I0805 14:26:51.763010 140348066447680 pyconfig.py:559] Config param attention_out: RematLocation.REMAT
I0805 14:26:51.763045 140348066447680 pyconfig.py:559] Config param attention_output_dim: -1
I0805 14:26:51.763074 140348066447680 pyconfig.py:559] Config param attention_sink: False
I0805 14:26:51.763103 140348066447680 pyconfig.py:559] Config param attention_type: global
I0805 14:26:51.763133 140348066447680 pyconfig.py:559] Config param attn_logits_soft_cap: None
I0805 14:26:51.763160 140348066447680 pyconfig.py:559] Config param attn_module_name: None
I0805 14:26:51.763187 140348066447680 pyconfig.py:559] Config param audio_path: 
I0805 14:26:51.763215 140348066447680 pyconfig.py:559] Config param audio_placeholder: <|audio|>
I0805 14:26:51.763242 140348066447680 pyconfig.py:559] Config param autoregressive_decode_assert: 
I0805 14:26:51.763267 140348066447680 pyconfig.py:559] Config param base_config: None
I0805 14:26:51.763293 140348066447680 pyconfig.py:559] Config param base_emb_dim: 4096
I0805 14:26:51.763320 140348066447680 pyconfig.py:559] Config param base_mlp_dim: 14336
I0805 14:26:51.763347 140348066447680 pyconfig.py:559] Config param base_moe_mlp_dim: 14336
I0805 14:26:51.763372 140348066447680 pyconfig.py:559] Config param base_num_decoder_layers: 32
I0805 14:26:51.763398 140348066447680 pyconfig.py:559] Config param base_num_kv_heads: 8
I0805 14:26:51.763428 140348066447680 pyconfig.py:559] Config param base_num_query_heads: 32
I0805 14:26:51.763454 140348066447680 pyconfig.py:559] Config param base_output_directory: /root/work/scale-your-amd/runs/20260805-maxtext-moe-b1-unsharded/maxtext
I0805 14:26:51.763482 140348066447680 pyconfig.py:559] Config param batch_size: 1
I0805 14:26:51.763509 140348066447680 pyconfig.py:559] Config param batch_split_factor: 1
I0805 14:26:51.763534 140348066447680 pyconfig.py:559] Config param beta_fast: 32
I0805 14:26:51.763561 140348066447680 pyconfig.py:559] Config param beta_slow: 1
I0805 14:26:51.763588 140348066447680 pyconfig.py:559] Config param bwd_quantization_calibration_method: absmax
I0805 14:26:51.763615 140348066447680 pyconfig.py:559] Config param capacity_factor: 1.0
I0805 14:26:51.763643 140348066447680 pyconfig.py:559] Config param cast_logits_to_fp32: True
I0805 14:26:51.763669 140348066447680 pyconfig.py:559] Config param chat_template: 
I0805 14:26:51.763696 140348066447680 pyconfig.py:559] Config param chat_template_path: 
I0805 14:26:51.763722 140348066447680 pyconfig.py:559] Config param check_vma: False
I0805 14:26:51.763750 140348066447680 pyconfig.py:559] Config param checkpoint_conversion_fn: None
I0805 14:26:51.763779 140348066447680 pyconfig.py:559] Config param checkpoint_dir: /root/work/scale-your-amd/runs/20260805-maxtext-moe-b1-unsharded/maxtext/moe-b1-unsharded/checkpoints/
I0805 14:26:51.763810 140348066447680 pyconfig.py:559] Config param checkpoint_is_quantized: False
I0805 14:26:51.763840 140348066447680 pyconfig.py:559] Config param checkpoint_period: 10000
I0805 14:26:51.763868 140348066447680 pyconfig.py:559] Config param checkpoint_storage_concurrent_gb: 96
I0805 14:26:51.763897 140348066447680 pyconfig.py:559] Config param checkpoint_storage_target_data_file_size_bytes: 2147483648
I0805 14:26:51.763924 140348066447680 pyconfig.py:559] Config param checkpoint_storage_use_ocdbt: True
I0805 14:26:51.763952 140348066447680 pyconfig.py:559] Config param checkpoint_storage_use_zarr3: True
I0805 14:26:51.763978 140348066447680 pyconfig.py:559] Config param checkpoint_todelete_full_path: None
I0805 14:26:51.764005 140348066447680 pyconfig.py:559] Config param checkpoint_todelete_subdir: None
I0805 14:26:51.764032 140348066447680 pyconfig.py:559] Config param chips_per_vm: 4
I0805 14:26:51.764058 140348066447680 pyconfig.py:559] Config param chunk_attn_window_size: 0
I0805 14:26:51.764084 140348066447680 pyconfig.py:559] Config param colocated_python_checkpointing: False
I0805 14:26:51.764110 140348066447680 pyconfig.py:559] Config param colocated_python_data_input: False
I0805 14:26:51.764134 140348066447680 pyconfig.py:559] Config param compile_topology: 
I0805 14:26:51.764161 140348066447680 pyconfig.py:559] Config param compile_topology_num_slices: -1
I0805 14:26:51.764186 140348066447680 pyconfig.py:559] Config param compile_xla_flags: 
I0805 14:26:51.764211 140348066447680 pyconfig.py:559] Config param compiled_trainstep_file: 
I0805 14:26:51.764235 140348066447680 pyconfig.py:559] Config param compress_ratios: []
I0805 14:26:51.764262 140348066447680 pyconfig.py:559] Config param compressed_rope_max_timescale: 160000
I0805 14:26:51.764288 140348066447680 pyconfig.py:559] Config param compute_axis_order: 0,1,2,3
I0805 14:26:51.764314 140348066447680 pyconfig.py:559] Config param constant_bound_config: []
I0805 14:26:51.764340 140348066447680 pyconfig.py:559] Config param context: RematLocation.REMAT
I0805 14:26:51.764367 140348066447680 pyconfig.py:559] Config param context_parallel_load_balance: True
I0805 14:26:51.764395 140348066447680 pyconfig.py:559] Config param context_parallel_reorder_strategy: ReorderStrategy.AUTO
I0805 14:26:51.764423 140348066447680 pyconfig.py:559] Config param context_parallel_size: 1
I0805 14:26:51.764450 140348066447680 pyconfig.py:559] Config param context_parallel_strategy: all_gather
I0805 14:26:51.764475 140348066447680 pyconfig.py:559] Config param context_sharding: context
I0805 14:26:51.764501 140348066447680 pyconfig.py:559] Config param conv_chunksize_for_audio: 500
I0805 14:26:51.764526 140348066447680 pyconfig.py:559] Config param conv_stride_for_vit: 14
I0805 14:26:51.764552 140348066447680 pyconfig.py:559] Config param convert_checkpoint_if_possible: False
I0805 14:26:51.764578 140348066447680 pyconfig.py:559] Config param cost_estimate_flops_bwd: -1
I0805 14:26:51.764604 140348066447680 pyconfig.py:559] Config param cost_estimate_flops_fwd: -1
I0805 14:26:51.764630 140348066447680 pyconfig.py:559] Config param custom_mesh: 
I0805 14:26:51.764655 140348066447680 pyconfig.py:559] Config param custom_mesh_and_rule: CustomRule.DEFAULT
I0805 14:26:51.764683 140348066447680 pyconfig.py:559] Config param d_model_for_audio: 256
I0805 14:26:51.764708 140348066447680 pyconfig.py:559] Config param data_sharding: (('data', 'stage', 'fsdp', 'fsdp_transpose', 'context', 'context_autoregressive', 'tensor', 'tensor_transpose', 'tensor_sequence', 'expert', 'autoregressive'),)
I0805 14:26:51.764741 140348066447680 pyconfig.py:559] Config param data_shuffle_seed: 0
I0805 14:26:51.764767 140348066447680 pyconfig.py:559] Config param data_template_path: 
I0805 14:26:51.764792 140348066447680 pyconfig.py:559] Config param dataset_name: c4/en:3.1.0
I0805 14:26:51.764818 140348066447680 pyconfig.py:559] Config param dataset_path: 
I0805 14:26:51.764844 140348066447680 pyconfig.py:559] Config param dataset_processor_path: 
I0805 14:26:51.764869 140348066447680 pyconfig.py:559] Config param dataset_type: DatasetType.SYNTHETIC
I0805 14:26:51.764898 140348066447680 pyconfig.py:559] Config param dcn_autoregressive_parallelism: 1
I0805 14:26:51.764924 140348066447680 pyconfig.py:559] Config param dcn_context_autoregressive_parallelism: 1
I0805 14:26:51.764950 140348066447680 pyconfig.py:559] Config param dcn_context_parallelism: 1
I0805 14:26:51.764976 140348066447680 pyconfig.py:559] Config param dcn_data_parallelism: -1
I0805 14:26:51.765002 140348066447680 pyconfig.py:559] Config param dcn_diloco_parallelism: 1
I0805 14:26:51.765027 140348066447680 pyconfig.py:559] Config param dcn_expert_parallelism: 1
I0805 14:26:51.765053 140348066447680 pyconfig.py:559] Config param dcn_fsdp_parallelism: 1
I0805 14:26:51.765078 140348066447680 pyconfig.py:559] Config param dcn_fsdp_transpose_parallelism: 1
I0805 14:26:51.765103 140348066447680 pyconfig.py:559] Config param dcn_parallelism: [1, -1, 1, 1, 1, 1, 1, 1, 1, 1, 1, 1]
I0805 14:26:51.765131 140348066447680 pyconfig.py:559] Config param dcn_pipeline_parallelism: 1
I0805 14:26:51.765158 140348066447680 pyconfig.py:559] Config param dcn_sequence_parallelism: 1
I0805 14:26:51.765183 140348066447680 pyconfig.py:559] Config param dcn_tensor_parallelism: 1
I0805 14:26:51.765209 140348066447680 pyconfig.py:559] Config param dcn_tensor_sequence_parallelism: 1
I0805 14:26:51.765236 140348066447680 pyconfig.py:559] Config param dcn_tensor_transpose_parallelism: 1
I0805 14:26:51.765261 140348066447680 pyconfig.py:559] Config param debug: {'rl': False}
I0805 14:26:51.765289 140348066447680 pyconfig.py:559] Config param debug_converter: False
I0805 14:26:51.765315 140348066447680 pyconfig.py:559] Config param debug_sharding: False
I0805 14:26:51.765341 140348066447680 pyconfig.py:559] Config param decode_sampling_nucleus_p: -1
I0805 14:26:51.765367 140348066447680 pyconfig.py:559] Config param decode_sampling_strategy: SamplingStrategy.GREEDY
I0805 14:26:51.765394 140348066447680 pyconfig.py:559] Config param decode_sampling_temperature: 1.0
I0805 14:26:51.765422 140348066447680 pyconfig.py:559] Config param decode_sampling_top_k: 0
I0805 14:26:51.765447 140348066447680 pyconfig.py:559] Config param decoder_block: DecoderBlockType.MIXTRAL
I0805 14:26:51.765475 140348066447680 pyconfig.py:559] Config param decoder_layer_input: RematLocation.DEVICE
I0805 14:26:51.765503 140348066447680 pyconfig.py:559] Config param deepstack_visual_indexes_for_vit: []
I0805 14:26:51.765531 140348066447680 pyconfig.py:559] Config param degenerate_group_masking: True
I0805 14:26:51.765558 140348066447680 pyconfig.py:559] Config param dense_init_scale: 1.0
I0805 14:26:51.765586 140348066447680 pyconfig.py:559] Config param diloco_outer_lr: 0.3
I0805 14:26:51.765614 140348066447680 pyconfig.py:559] Config param diloco_outer_momentum: 0.9
I0805 14:26:51.765641 140348066447680 pyconfig.py:559] Config param diloco_sync_period: 36
I0805 14:26:51.765668 140348066447680 pyconfig.py:559] Config param distill_alpha: 0.5
I0805 14:26:51.765697 140348066447680 pyconfig.py:559] Config param distill_alpha_end: None
I0805 14:26:51.765723 140348066447680 pyconfig.py:559] Config param distill_alpha_schedule: constant
I0805 14:26:51.765760 140348066447680 pyconfig.py:559] Config param distill_beta: 0.0
I0805 14:26:51.765788 140348066447680 pyconfig.py:559] Config param distill_beta_end: None
I0805 14:26:51.765814 140348066447680 pyconfig.py:559] Config param distill_beta_schedule: constant
I0805 14:26:51.765840 140348066447680 pyconfig.py:559] Config param distill_feature_loss_type: cosine
I0805 14:26:51.765866 140348066447680 pyconfig.py:559] Config param distill_layer_indices: None
I0805 14:26:51.765892 140348066447680 pyconfig.py:559] Config param distill_student_weights_share_map: {}
I0805 14:26:51.765918 140348066447680 pyconfig.py:559] Config param distill_temperature: 1.0
I0805 14:26:51.765945 140348066447680 pyconfig.py:559] Config param distill_temperature_end: None
I0805 14:26:51.765970 140348066447680 pyconfig.py:559] Config param distill_temperature_schedule: constant
I0805 14:26:51.765997 140348066447680 pyconfig.py:559] Config param distill_weights_copy_map: {}
I0805 14:26:51.766022 140348066447680 pyconfig.py:559] Config param downsample_hidden_size_for_audio: 256
I0805 14:26:51.766048 140348066447680 pyconfig.py:559] Config param dpo: {'algo': 'dpo', 'dpo_beta': 0.1, 'orpo_lambda': 0.1, 'dpo_label_smoothing': 0.0, 'max_prompt_length': None}
I0805 14:26:51.766079 140348066447680 pyconfig.py:559] Config param dq_reduction_steps: 0
I0805 14:26:51.766106 140348066447680 pyconfig.py:559] Config param dropout_rate: 0.0
I0805 14:26:51.766133 140348066447680 pyconfig.py:559] Config param dtype: bfloat16
I0805 14:26:51.766180 140348066447680 pyconfig.py:559] Config param dtype_mm: float32
I0805 14:26:51.766211 140348066447680 pyconfig.py:559] Config param dump_hlo: False
I0805 14:26:51.766240 140348066447680 pyconfig.py:559] Config param dump_hlo_delete_local_after: True
I0805 14:26:51.766266 140348066447680 pyconfig.py:559] Config param dump_hlo_gcs_dir: /root/work/scale-your-amd/runs/20260805-maxtext-moe-b1-unsharded/maxtext/moe-b1-unsharded/xla_dump
I0805 14:26:51.766293 140348066447680 pyconfig.py:559] Config param dump_hlo_local_dir: /tmp/xla_dump/
I0805 14:26:51.766320 140348066447680 pyconfig.py:559] Config param dump_hlo_local_module_name: jit_train_step
I0805 14:26:51.766346 140348066447680 pyconfig.py:559] Config param dump_hlo_module_name: jit_train_step
I0805 14:26:51.766372 140348066447680 pyconfig.py:559] Config param dump_hlo_upload_all: False
I0805 14:26:51.766397 140348066447680 pyconfig.py:559] Config param dump_hlo_xla_flags: 
I0805 14:26:51.766423 140348066447680 pyconfig.py:559] Config param dump_jaxpr: False
I0805 14:26:51.766448 140348066447680 pyconfig.py:559] Config param dump_jaxpr_delete_local_after: True
I0805 14:26:51.766474 140348066447680 pyconfig.py:559] Config param dump_jaxpr_gcs_dir: /root/work/scale-your-amd/runs/20260805-maxtext-moe-b1-unsharded/maxtext/moe-b1-unsharded/jaxpr_dump
I0805 14:26:51.766499 140348066447680 pyconfig.py:559] Config param dump_jaxpr_local_dir: /tmp/jaxpr_dump/
I0805 14:26:51.766525 140348066447680 pyconfig.py:559] Config param dump_step: -1
I0805 14:26:51.766551 140348066447680 pyconfig.py:559] Config param elastic_enabled: False
I0805 14:26:51.766578 140348066447680 pyconfig.py:559] Config param elastic_max_retries: 10
I0805 14:26:51.766605 140348066447680 pyconfig.py:559] Config param elastic_min_slice_count: -1
I0805 14:26:51.766631 140348066447680 pyconfig.py:559] Config param elastic_timeout_seconds: 300
I0805 14:26:51.766656 140348066447680 pyconfig.py:559] Config param emb_dim: 4096
I0805 14:26:51.766682 140348066447680 pyconfig.py:559] Config param enable_autocheckpoint: False
I0805 14:26:51.766709 140348066447680 pyconfig.py:559] Config param enable_checkpoint_cloud_logger: False
I0805 14:26:51.766734 140348066447680 pyconfig.py:559] Config param enable_checkpointing: False
I0805 14:26:51.766760 140348066447680 pyconfig.py:559] Config param enable_continuous_checkpointing: False
I0805 14:26:51.766785 140348066447680 pyconfig.py:559] Config param enable_data_shuffling: True
I0805 14:26:51.766811 140348066447680 pyconfig.py:559] Config param enable_diloco: False
I0805 14:26:51.766836 140348066447680 pyconfig.py:559] Config param enable_dp_attention: False
I0805 14:26:51.766861 140348066447680 pyconfig.py:559] Config param enable_dropout: False
I0805 14:26:51.766887 140348066447680 pyconfig.py:559] Config param enable_emergency_checkpoint: False
I0805 14:26:51.766913 140348066447680 pyconfig.py:559] Config param enable_expert_parallel: False
I0805 14:26:51.766939 140348066447680 pyconfig.py:559] Config param enable_gcp_goodput_metrics: True
I0805 14:26:51.766964 140348066447680 pyconfig.py:559] Config param enable_gcp_step_deviation_metrics: True
I0805 14:26:51.766991 140348066447680 pyconfig.py:559] Config param enable_goodput_recording: False
I0805 14:26:51.767016 140348066447680 pyconfig.py:559] Config param enable_jax_profiler: False
I0805 14:26:51.767041 140348066447680 pyconfig.py:559] Config param enable_llm_inference_pool: False
I0805 14:26:51.767066 140348066447680 pyconfig.py:559] Config param enable_mhc_lite: False
I0805 14:26:51.767092 140348066447680 pyconfig.py:559] Config param enable_model_warmup: False
I0805 14:26:51.767118 140348066447680 pyconfig.py:559] Config param enable_multi_tier_checkpointing: False
I0805 14:26:51.767144 140348066447680 pyconfig.py:559] Config param enable_nnx: False
I0805 14:26:51.767170 140348066447680 pyconfig.py:559] Config param enable_orbax_v1: False
I0805 14:26:51.767195 140348066447680 pyconfig.py:559] Config param enable_padding_causal_mask: True
I0805 14:26:51.767220 140348066447680 pyconfig.py:559] Config param enable_pathways_goodput: False
I0805 14:26:51.767245 140348066447680 pyconfig.py:559] Config param enable_prefix_caching: False
I0805 14:26:51.767270 140348066447680 pyconfig.py:559] Config param enable_rampup_batch_size: False
I0805 14:26:51.767296 140348066447680 pyconfig.py:559] Config param enable_single_controller: False
I0805 14:26:51.767321 140348066447680 pyconfig.py:559] Config param enable_single_replica_ckpt_restoring: False
I0805 14:26:51.767347 140348066447680 pyconfig.py:559] Config param enable_tensorboard: True
I0805 14:26:51.767373 140348066447680 pyconfig.py:559] Config param enable_tpu_profiling_options: False
I0805 14:26:51.767400 140348066447680 pyconfig.py:559] Config param enable_tunix_perf_metrics: False
I0805 14:26:51.767424 140348066447680 pyconfig.py:559] Config param encoder_attention_heads_for_audio: 4
I0805 14:26:51.767449 140348066447680 pyconfig.py:559] Config param encoder_ffn_dim_for_audio: 512
I0805 14:26:51.767475 140348066447680 pyconfig.py:559] Config param encoder_layers_for_audio: 2
I0805 14:26:51.767500 140348066447680 pyconfig.py:559] Config param engram: RematLocation.REMAT
I0805 14:26:51.767527 140348066447680 pyconfig.py:559] Config param engram_head_dim: 1280
I0805 14:26:51.767553 140348066447680 pyconfig.py:559] Config param engram_kernel_size: 4
I0805 14:26:51.767579 140348066447680 pyconfig.py:559] Config param engram_layers: []
I0805 14:26:51.767604 140348066447680 pyconfig.py:559] Config param engram_max_ngram_size: 3
I0805 14:26:51.767629 140348066447680 pyconfig.py:559] Config param engram_num_heads: 8
I0805 14:26:51.767655 140348066447680 pyconfig.py:559] Config param engram_seed: 0
I0805 14:26:51.767682 140348066447680 pyconfig.py:559] Config param engram_vocab_bases: []
I0805 14:26:51.767707 140348066447680 pyconfig.py:559] Config param epsilon_high: None
I0805 14:26:51.767733 140348066447680 pyconfig.py:559] Config param eval_batch_size: -1
I0805 14:26:51.767759 140348066447680 pyconfig.py:559] Config param eval_corr_lst: False
I0805 14:26:51.767785 140348066447680 pyconfig.py:559] Config param eval_data_columns: ['text']
I0805 14:26:51.767811 140348066447680 pyconfig.py:559] Config param eval_dataset_name: c4/en:3.1.0
I0805 14:26:51.767836 140348066447680 pyconfig.py:559] Config param eval_image_column: image
I0805 14:26:51.767862 140348066447680 pyconfig.py:559] Config param eval_interval: -1
I0805 14:26:51.767888 140348066447680 pyconfig.py:559] Config param eval_make_lst: False
I0805 14:26:51.767914 140348066447680 pyconfig.py:559] Config param eval_mode: pass
I0805 14:26:51.767940 140348066447680 pyconfig.py:559] Config param eval_per_device_batch_size: 1.0
I0805 14:26:51.767966 140348066447680 pyconfig.py:559] Config param eval_sampling_strategy: greedy
I0805 14:26:51.767991 140348066447680 pyconfig.py:559] Config param eval_split: validation
I0805 14:26:51.768017 140348066447680 pyconfig.py:559] Config param eval_steps: -1
I0805 14:26:51.768043 140348066447680 pyconfig.py:559] Config param expansion_factor_real_data: -1.0
I0805 14:26:51.768069 140348066447680 pyconfig.py:559] Config param expert_balance: False
I0805 14:26:51.768094 140348066447680 pyconfig.py:559] Config param final_logits_soft_cap: None
I0805 14:26:51.768120 140348066447680 pyconfig.py:559] Config param first_num_dense_layers: 0
I0805 14:26:51.768145 140348066447680 pyconfig.py:559] Config param first_num_hash_layers: 0
I0805 14:26:51.768170 140348066447680 pyconfig.py:559] Config param float32_gate_logits: False
I0805 14:26:51.768194 140348066447680 pyconfig.py:559] Config param float32_logits: False
I0805 14:26:51.768220 140348066447680 pyconfig.py:559] Config param float32_qk_product: False
I0805 14:26:51.768245 140348066447680 pyconfig.py:559] Config param float32_weight_sum: True
I0805 14:26:51.768270 140348066447680 pyconfig.py:559] Config param force_q_layout: False
I0805 14:26:51.768296 140348066447680 pyconfig.py:559] Config param force_unroll: False
I0805 14:26:51.768321 140348066447680 pyconfig.py:559] Config param formatting_func_kwargs: {}
I0805 14:26:51.768347 140348066447680 pyconfig.py:559] Config param formatting_func_path: 
I0805 14:26:51.768373 140348066447680 pyconfig.py:559] Config param freeze_audio_encoder_params: True
I0805 14:26:51.768398 140348066447680 pyconfig.py:559] Config param freeze_vision_encoder_params: True
I0805 14:26:51.768424 140348066447680 pyconfig.py:559] Config param fuse_expert_scales: False
I0805 14:26:51.768449 140348066447680 pyconfig.py:559] Config param fused_mlp: False
I0805 14:26:51.768474 140348066447680 pyconfig.py:559] Config param fused_qkv: False
I0805 14:26:51.768499 140348066447680 pyconfig.py:559] Config param gcs_debug_path: 
I0805 14:26:51.768524 140348066447680 pyconfig.py:559] Config param gcs_metrics: False
I0805 14:26:51.768549 140348066447680 pyconfig.py:559] Config param gdn_chunk_size: 64
I0805 14:26:51.768575 140348066447680 pyconfig.py:559] Config param gdn_conv_kernel_dim: 4
I0805 14:26:51.768600 140348066447680 pyconfig.py:559] Config param gdn_key_head_dim: 128
I0805 14:26:51.768625 140348066447680 pyconfig.py:559] Config param gdn_num_key_heads: 16
I0805 14:26:51.768650 140348066447680 pyconfig.py:559] Config param gdn_num_value_heads: 32
I0805 14:26:51.768676 140348066447680 pyconfig.py:559] Config param gdn_value_head_dim: 128
I0805 14:26:51.768702 140348066447680 pyconfig.py:559] Config param generate_padding_batch_eval: False
I0805 14:26:51.768727 140348066447680 pyconfig.py:559] Config param generate_padding_batch_train: False
I0805 14:26:51.768753 140348066447680 pyconfig.py:559] Config param generate_slice: v5e-16
I0805 14:26:51.768778 140348066447680 pyconfig.py:559] Config param generation_configs: {}
I0805 14:26:51.768804 140348066447680 pyconfig.py:559] Config param global_batch_size_to_eval_on: 8
I0805 14:26:51.768830 140348066447680 pyconfig.py:559] Config param global_batch_size_to_load: 8
I0805 14:26:51.768855 140348066447680 pyconfig.py:559] Config param global_batch_size_to_load_eval: 8
I0805 14:26:51.768884 140348066447680 pyconfig.py:559] Config param global_batch_size_to_load_increment: None
I0805 14:26:51.768912 140348066447680 pyconfig.py:559] Config param global_batch_size_to_load_start: None
I0805 14:26:51.768939 140348066447680 pyconfig.py:559] Config param global_batch_size_to_train_on: 8
I0805 14:26:51.768966 140348066447680 pyconfig.py:559] Config param global_head_dim: 0
I0805 14:26:51.768992 140348066447680 pyconfig.py:559] Config param global_num_kv_heads: 0
I0805 14:26:51.769018 140348066447680 pyconfig.py:559] Config param global_parameter_scale: 1
I0805 14:26:51.769043 140348066447680 pyconfig.py:559] Config param global_rampup_samples: 500
I0805 14:26:51.769070 140348066447680 pyconfig.py:559] Config param global_rope_max_timescale: -1
I0805 14:26:51.769095 140348066447680 pyconfig.py:559] Config param global_rope_proportion: 0.25
I0805 14:26:51.769122 140348066447680 pyconfig.py:559] Config param goodput_upload_interval_seconds: 30
I0805 14:26:51.769148 140348066447680 pyconfig.py:559] Config param grad_dtype: float32
I0805 14:26:51.769205 140348066447680 pyconfig.py:559] Config param gradient_accumulation_steps: 1
I0805 14:26:51.769237 140348066447680 pyconfig.py:559] Config param gradient_clipping_threshold: 1.0
I0805 14:26:51.769267 140348066447680 pyconfig.py:559] Config param grain_data_source_max_workers: 16
I0805 14:26:51.769294 140348066447680 pyconfig.py:559] Config param grain_eval_files: 
I0805 14:26:51.769321 140348066447680 pyconfig.py:559] Config param grain_file_type: arrayrecord
I0805 14:26:51.769348 140348066447680 pyconfig.py:559] Config param grain_num_threads: 16
I0805 14:26:51.769374 140348066447680 pyconfig.py:559] Config param grain_num_threads_eval: 16
I0805 14:26:51.769400 140348066447680 pyconfig.py:559] Config param grain_packing_type: first_fit
I0805 14:26:51.769427 140348066447680 pyconfig.py:559] Config param grain_per_worker_buffer_size: 1
I0805 14:26:51.769453 140348066447680 pyconfig.py:559] Config param grain_per_worker_buffer_size_eval: 1
I0805 14:26:51.769479 140348066447680 pyconfig.py:559] Config param grain_prefetch_buffer_size: 500
I0805 14:26:51.769505 140348066447680 pyconfig.py:559] Config param grain_prefetch_buffer_size_eval: 500
I0805 14:26:51.769530 140348066447680 pyconfig.py:559] Config param grain_ram_budget_mb: 1024
I0805 14:26:51.769556 140348066447680 pyconfig.py:559] Config param grain_shuffle_buffer_size: 100
I0805 14:26:51.769580 140348066447680 pyconfig.py:559] Config param grain_train_files: 
I0805 14:26:51.769605 140348066447680 pyconfig.py:559] Config param grain_train_mixture_config_path: 
I0805 14:26:51.769630 140348066447680 pyconfig.py:559] Config param grain_use_elastic_iterator: False
I0805 14:26:51.769656 140348066447680 pyconfig.py:559] Config param grain_worker_count: 1
I0805 14:26:51.769681 140348066447680 pyconfig.py:559] Config param grain_worker_count_eval: 1
I0805 14:26:51.769706 140348066447680 pyconfig.py:559] Config param grpo_beta: 0.08
I0805 14:26:51.769735 140348066447680 pyconfig.py:559] Config param grpo_epsilon: 0.2
I0805 14:26:51.769764 140348066447680 pyconfig.py:559] Config param hardware: gpu
I0805 14:26:51.769791 140348066447680 pyconfig.py:559] Config param hbm_utilization_vllm: 0.72
I0805 14:26:51.769817 140348066447680 pyconfig.py:559] Config param head_dim: 128
I0805 14:26:51.769843 140348066447680 pyconfig.py:559] Config param heartbeat_reporting_interval_in_seconds: 5
I0805 14:26:51.769870 140348066447680 pyconfig.py:559] Config param hf_data_dir: None
I0805 14:26:51.769897 140348066447680 pyconfig.py:559] Config param hf_eval_files: None
I0805 14:26:51.769922 140348066447680 pyconfig.py:559] Config param hf_eval_split: None
I0805 14:26:51.769947 140348066447680 pyconfig.py:559] Config param hf_lora_adapter_path: 
I0805 14:26:51.769972 140348066447680 pyconfig.py:559] Config param hf_name: None
I0805 14:26:51.769998 140348066447680 pyconfig.py:559] Config param hf_path: 
I0805 14:26:51.770023 140348066447680 pyconfig.py:559] Config param hf_train_files: None
I0805 14:26:51.770048 140348066447680 pyconfig.py:559] Config param hidden_size_for_vit: 1408
I0805 14:26:51.770074 140348066447680 pyconfig.py:559] Config param hidden_size_per_layer_input: 0
I0805 14:26:51.770100 140348066447680 pyconfig.py:559] Config param hide_profiler_step_metric: False
I0805 14:26:51.770126 140348066447680 pyconfig.py:559] Config param ici_autoregressive_parallelism: 1
I0805 14:26:51.770151 140348066447680 pyconfig.py:559] Config param ici_context_autoregressive_parallelism: 1
I0805 14:26:51.770179 140348066447680 pyconfig.py:559] Config param ici_context_parallelism: 1
I0805 14:26:51.770205 140348066447680 pyconfig.py:559] Config param ici_data_parallelism: 1
I0805 14:26:51.770230 140348066447680 pyconfig.py:559] Config param ici_diloco_parallelism: 1
I0805 14:26:51.770255 140348066447680 pyconfig.py:559] Config param ici_expert_parallelism: -1
I0805 14:26:51.770280 140348066447680 pyconfig.py:559] Config param ici_fsdp_parallelism: 1
I0805 14:26:51.770306 140348066447680 pyconfig.py:559] Config param ici_fsdp_transpose_parallelism: 1
I0805 14:26:51.770331 140348066447680 pyconfig.py:559] Config param ici_parallelism: [1, 1, 1, 1, 1, 1, 1, 1, 1, 1, -1, 1]
I0805 14:26:51.770358 140348066447680 pyconfig.py:559] Config param ici_pipeline_parallelism: 1
I0805 14:26:51.770384 140348066447680 pyconfig.py:559] Config param ici_sequence_parallelism: 1
I0805 14:26:51.770410 140348066447680 pyconfig.py:559] Config param ici_tensor_parallelism: 1
I0805 14:26:51.770435 140348066447680 pyconfig.py:559] Config param ici_tensor_sequence_parallelism: 1
I0805 14:26:51.770459 140348066447680 pyconfig.py:559] Config param ici_tensor_transpose_parallelism: 1
I0805 14:26:51.770485 140348066447680 pyconfig.py:559] Config param image_path: 
I0805 14:26:51.770511 140348066447680 pyconfig.py:559] Config param image_placeholder: <|image|>
I0805 14:26:51.770537 140348066447680 pyconfig.py:559] Config param image_size_for_vit: 896
I0805 14:26:51.770562 140348066447680 pyconfig.py:559] Config param indexer_head_dim: 128
I0805 14:26:51.770587 140348066447680 pyconfig.py:559] Config param indexer_loss_scaling_factor: 0.0
I0805 14:26:51.770613 140348066447680 pyconfig.py:559] Config param indexer_n_heads: 64
I0805 14:26:51.770639 140348066447680 pyconfig.py:559] Config param indexer_sparse_training: False
I0805 14:26:51.770664 140348066447680 pyconfig.py:559] Config param indexer_topk: 2048
I0805 14:26:51.770691 140348066447680 pyconfig.py:559] Config param inference_benchmark_test: False
I0805 14:26:51.770716 140348066447680 pyconfig.py:559] Config param inference_metadata_file: 
I0805 14:26:51.770741 140348066447680 pyconfig.py:559] Config param inference_microbenchmark_log_file_path: 
I0805 14:26:51.770768 140348066447680 pyconfig.py:559] Config param inference_microbenchmark_loop_iters: 10
I0805 14:26:51.770794 140348066447680 pyconfig.py:559] Config param inference_microbenchmark_num_samples: [1, 2, 3, 4, 5]
I0805 14:26:51.770821 140348066447680 pyconfig.py:559] Config param inference_microbenchmark_prefill_lengths: 64,128,256,512,1024
I0805 14:26:51.770847 140348066447680 pyconfig.py:559] Config param inference_microbenchmark_stages: prefill,generate
I0805 14:26:51.770873 140348066447680 pyconfig.py:559] Config param inference_server: MaxtextInterleavedServer
I0805 14:26:51.770897 140348066447680 pyconfig.py:559] Config param inhomogeneous_layer_cycle_interval: 1
I0805 14:26:51.770923 140348066447680 pyconfig.py:559] Config param init_weights_seed: 0
I0805 14:26:51.770948 140348066447680 pyconfig.py:559] Config param input_data_sharding_logical_axes: ['activation_embed_and_logits_batch', 'activation_norm_length']
I0805 14:26:51.770975 140348066447680 pyconfig.py:559] Config param interleave_moe_layer_step: 1
I0805 14:26:51.771000 140348066447680 pyconfig.py:559] Config param intermediate_size_for_vit: 5632
I0805 14:26:51.771026 140348066447680 pyconfig.py:559] Config param internal_compile: False
I0805 14:26:51.771051 140348066447680 pyconfig.py:559] Config param internal_compile_num_devices: -1
I0805 14:26:51.771076 140348066447680 pyconfig.py:559] Config param jax_cache_dir: ~/jax_cache
I0805 14:26:51.771101 140348066447680 pyconfig.py:559] Config param jax_debug_log_modules: 
I0805 14:26:51.771126 140348066447680 pyconfig.py:559] Config param jax_distributed_heartbeat_timeout_seconds: 100
I0805 14:26:51.771151 140348066447680 pyconfig.py:559] Config param jax_distributed_initialization_timeout: 300
I0805 14:26:51.771177 140348066447680 pyconfig.py:559] Config param jax_profiler_port: 9999
I0805 14:26:51.771202 140348066447680 pyconfig.py:559] Config param key_proj: RematLocation.REMAT
I0805 14:26:51.771229 140348066447680 pyconfig.py:559] Config param kv_cache_buffer: 256
I0805 14:26:51.771255 140348066447680 pyconfig.py:559] Config param kv_lora_rank: 512
I0805 14:26:51.771281 140348066447680 pyconfig.py:559] Config param kv_quant_axis: KvQuantAxis.HEADS_AND_DKV
I0805 14:26:51.771310 140348066447680 pyconfig.py:559] Config param kv_quant_dtype: int8
I0805 14:26:51.771335 140348066447680 pyconfig.py:559] Config param kv_wa_proj: RematLocation.REMAT
I0805 14:26:51.771361 140348066447680 pyconfig.py:559] Config param learn_to_init_mode: False
I0805 14:26:51.771386 140348066447680 pyconfig.py:559] Config param learning_rate: 3e-05
I0805 14:26:51.771414 140348066447680 pyconfig.py:559] Config param learning_rate_final_fraction: 0.1
I0805 14:26:51.771441 140348066447680 pyconfig.py:559] Config param learning_rate_schedule_steps: 16
I0805 14:26:51.771466 140348066447680 pyconfig.py:559] Config param load_balance_loss_weight: 0.0
I0805 14:26:51.771493 140348066447680 pyconfig.py:559] Config param load_checkpoint_only_once: False
I0805 14:26:51.771518 140348066447680 pyconfig.py:559] Config param load_from_prefill_dir: False
I0805 14:26:51.771544 140348066447680 pyconfig.py:559] Config param load_full_state_path: 
I0805 14:26:51.771569 140348066447680 pyconfig.py:559] Config param load_parameters_path: 
I0805 14:26:51.771594 140348066447680 pyconfig.py:559] Config param local_checkpoint_directory: 
I0805 14:26:51.771619 140348066447680 pyconfig.py:559] Config param local_checkpoint_period: 0
I0805 14:26:51.771645 140348066447680 pyconfig.py:559] Config param local_rope_max_timescale: -1
I0805 14:26:51.771670 140348066447680 pyconfig.py:559] Config param local_rope_proportion: 1.0
I0805 14:26:51.771696 140348066447680 pyconfig.py:559] Config param log_config: True
I0805 14:26:51.771722 140348066447680 pyconfig.py:559] Config param log_period: 100
I0805 14:26:51.771746 140348066447680 pyconfig.py:559] Config param logical_axis_rules: (('activation_embed_and_logits_batch', ('data', 'stage', 'fsdp', 'fsdp_transpose', 'expert')), ('activation_embed_and_logits_batch_sequence', ('data', 'stage', 'fsdp', 'fsdp_transpose', 'context', 'expert')), ('activation_vocab', ('tensor', 'tensor_transpose', 'tensor_sequence')), ('activation_vocab', ('tensor', 'tensor_transpose')), ('activation_vocab', 'tensor_sequence'), ('vocab', ('tensor', 'tensor_transpose', 'tensor_sequence', 'autoregressive')), ('embed_vocab', ('fsdp', 'fsdp_transpose', 'context', 'expert')), ('activation_batch_attn', ('data', 'fsdp', 'fsdp_transpose', 'expert')), ('activation_heads', ('tensor', 'tensor_transpose', 'tensor_sequence', 'autoregressive')), ('activation_kv_heads', ('tensor', 'tensor_transpose', 'tensor_sequence')), ('activation_length_attn', ('context',)), ('activation_q_length', ('context',)), ('activation_kv_length', ()), ('activation_embed_attn', ('tensor', 'tensor_transpose')), ('activation_kv', ('tensor', 'tensor_transpose', 'tensor_sequence')), ('activation_kv_batch', ('data', 'fsdp', 'fsdp_transpose', 'expert')), ('activation_kv_head_dim', ('tensor', 'tensor_transpose', 'tensor_sequence')), ('heads', ('tensor', 'tensor_transpose', 'tensor_sequence', 'autoregressive')), ('q_heads', ('tensor', 'tensor_transpose', 'tensor_sequence', 'autoregressive')), ('kv_heads', ('tensor', 'tensor_transpose', 'tensor_sequence', 'autoregressive')), ('qkv', ()), ('kv', ()), ('kv_head_dim', ()), ('q_lora', ('fsdp', 'fsdp_transpose', 'context', 'tensor_transpose', 'expert')), ('q_lora', ('fsdp', 'context', 'tensor_transpose', 'expert')), ('q_lora', ('fsdp', 'fsdp_transpose', 'context', 'expert')), ('q_lora', ('fsdp', 'context', 'expert')), ('q_lora_up_proj', ()), ('kv_lora', ('fsdp', 'fsdp_transpose', 'context', 'tensor_transpose', 'expert')), ('kv_lora', ('fsdp', 'context', 'tensor_transpose', 'expert')), ('kv_lora', ('fsdp', 'fsdp_transpose', 'context', 'expert')), ('kv_lora', ('fsdp', 'context', 'expert')), ('kv_lora_up_proj', ()), ('activation_batch_moe', ('data', 'fsdp', 'fsdp_transpose')), ('activation_length_moe', ('context',)), ('activation_norm_length_moe', ('tensor_sequence', 'context')), ('activation_embed_moe', ('tensor', 'tensor_transpose')), ('activation_mlp_moe', ('tensor', 'tensor_transpose', 'tensor_sequence')), ('activation_exp', ('expert',)), ('exp', 'expert'), ('mlp_moe', ('fsdp_transpose', 'tensor', 'tensor_sequence', 'autoregressive')), ('embed_moe', ('fsdp', 'fsdp_transpose', 'tensor_transpose', 'context')), ('embed_moe', ('fsdp', 'tensor_transpose', 'context')), ('embed_moe', ('fsdp', 'fsdp_transpose', 'context')), ('embed_moe', ('fsdp', 'context')), ('activation_mlp', ('tensor', 'tensor_transpose', 'tensor_sequence')), ('activation_batch', ('data', 'fsdp', 'fsdp_transpose', 'expert')), ('activation_length', ('context',)), ('activation_norm_length', ('tensor_sequence', 'context')), ('activation_embed', ('tensor', 'tensor_transpose')), ('activation_stage', 'stage'), ('mlp', ('fsdp_transpose', 'tensor', 'tensor_sequence', 'autoregressive')), ('gdn_head', ('fsdp_transpose', 'tensor', 'tensor_sequence', 'autoregressive')), ('embed', ('fsdp', 'fsdp_transpose', 'tensor_transpose', 'context', 'expert')), ('embed', ('fsdp', 'tensor_transpose', 'context', 'expert')), ('embed', ('fsdp', 'fsdp_transpose', 'context', 'expert')), ('embed', ('fsdp', 'context', 'expert')), ('norm', ('tensor', 'tensor_transpose')), ('layers', 'stage'), ('diloco', 'diloco'), ('engram_dim', ('tensor',)), ('dense_layers', ()), ('moe_layers', ()), ('mhc', ()), ('prefill_activation_length', ('context',)), ('prefill_activation_norm_length', ('tensor_sequence', 'context')), ('activation_prefill_kv_batch', ('data', 'fsdp', 'fsdp_transpose', 'expert')), ('decode_batch', ('data', 'fsdp', 'fsdp_transpose', 'expert')), ('decode_length', ()), ('cache_heads', ('autoregressive', 'tensor', 'tensor_transpose', 'tensor_sequence')), ('cache_heads', ('autoregressive', 'tensor', 'tensor_sequence')), ('paged_kv_heads', ('tensor',)), ('cache_batch_prefill', ()), ('cache_batch', ()), ('cache_heads_none', ()), ('cache_kv', ()), ('cache_sequence', ()), ('num_pages', ()), ('tokens_per_page', ()), ('paged_kv_head_dim_size', ()), ('mlp_no_fsdp', ('tensor', 'tensor_sequence', 'autoregressive')), ('embed_tensor_transpose', ('tensor_transpose',)), ('exp_with_fsdp', 'fsdp'))
I0805 14:26:51.771852 140348066447680 pyconfig.py:559] Config param logits_dot_in_fp32: False
I0805 14:26:51.771885 140348066447680 pyconfig.py:559] Config param logits_via_embedding: False
I0805 14:26:51.771914 140348066447680 pyconfig.py:559] Config param lora: {'enable_lora': False, 'lora_rank': 0, 'lora_alpha': 0.0, 'lora_module_path': '', 'lora_restore_path': ''}
I0805 14:26:51.771944 140348066447680 pyconfig.py:559] Config param lora_input_adapters_path: 
I0805 14:26:51.771972 140348066447680 pyconfig.py:559] Config param loss_agg_mode: sequence-mean-token-mean
I0805 14:26:51.771998 140348066447680 pyconfig.py:559] Config param loss_algo: grpo
I0805 14:26:51.772025 140348066447680 pyconfig.py:559] Config param lr_schedule_type: LearningRateScheduleType.COSINE
I0805 14:26:51.772053 140348066447680 pyconfig.py:559] Config param lti_layer_indices: None
I0805 14:26:51.772080 140348066447680 pyconfig.py:559] Config param lti_use_general_linear_map: False
I0805 14:26:51.772106 140348066447680 pyconfig.py:559] Config param managed_mldiagnostics: False
I0805 14:26:51.772132 140348066447680 pyconfig.py:559] Config param managed_mldiagnostics_dir: /root/work/scale-your-amd/runs/20260805-maxtext-moe-b1-unsharded/maxtext/moe-b1-unsharded/managed-mldiagnostics
I0805 14:26:51.772160 140348066447680 pyconfig.py:559] Config param managed_mldiagnostics_on_demand_profiling: True
I0805 14:26:51.772187 140348066447680 pyconfig.py:559] Config param managed_mldiagnostics_region: 
I0805 14:26:51.772212 140348066447680 pyconfig.py:559] Config param managed_mldiagnostics_run_group: 
I0805 14:26:51.772238 140348066447680 pyconfig.py:559] Config param math_verify_num_procs: None
I0805 14:26:51.772264 140348066447680 pyconfig.py:559] Config param math_verify_timeout: 300
I0805 14:26:51.772289 140348066447680 pyconfig.py:559] Config param matmul_precision: MatmulPrecision.DEFAULT
I0805 14:26:51.772319 140348066447680 pyconfig.py:559] Config param max_checkify: False
I0805 14:26:51.772347 140348066447680 pyconfig.py:559] Config param max_concurrency: 256
I0805 14:26:51.772373 140348066447680 pyconfig.py:559] Config param max_corpus_chars: 10000000
I0805 14:26:51.772398 140348066447680 pyconfig.py:559] Config param max_num_batched_tokens: None
I0805 14:26:51.772424 140348066447680 pyconfig.py:559] Config param max_num_checkpoints_to_keep: None
I0805 14:26:51.772450 140348066447680 pyconfig.py:559] Config param max_num_images_per_example: -1
I0805 14:26:51.772476 140348066447680 pyconfig.py:559] Config param max_num_seqs: None
I0805 14:26:51.772503 140348066447680 pyconfig.py:559] Config param max_position_embeddings: 163840
I0805 14:26:51.772528 140348066447680 pyconfig.py:559] Config param max_prefill_predict_length: 64
I0805 14:26:51.772554 140348066447680 pyconfig.py:559] Config param max_sample_len_for_audio: 10000
I0805 14:26:51.772580 140348066447680 pyconfig.py:559] Config param max_segments_per_seq: 1
I0805 14:26:51.772605 140348066447680 pyconfig.py:559] Config param max_source_positions_for_audio: 1500
I0805 14:26:51.772631 140348066447680 pyconfig.py:559] Config param max_target_length: 4096
I0805 14:26:51.772657 140348066447680 pyconfig.py:559] Config param max_timescale_for_audio: 10000.0
I0805 14:26:51.772683 140348066447680 pyconfig.py:559] Config param megablox: False
I0805 14:26:51.772708 140348066447680 pyconfig.py:559] Config param merge_gating_gmm: False
I0805 14:26:51.772734 140348066447680 pyconfig.py:559] Config param mesh_axes: ['diloco', 'data', 'stage', 'fsdp', 'fsdp_transpose', 'context', 'context_autoregressive', 'tensor', 'tensor_transpose', 'tensor_sequence', 'expert', 'autoregressive']
I0805 14:26:51.772764 140348066447680 pyconfig.py:559] Config param metrics_dir: /root/work/scale-your-amd/runs/20260805-maxtext-moe-b1-unsharded/maxtext/moe-b1-unsharded/metrics/
I0805 14:26:51.772791 140348066447680 pyconfig.py:559] Config param metrics_file: 
I0805 14:26:51.772817 140348066447680 pyconfig.py:559] Config param mhc_expansion_rate: 1
I0805 14:26:51.772843 140348066447680 pyconfig.py:559] Config param micro_batch_size_to_eval_on: 8
I0805 14:26:51.772868 140348066447680 pyconfig.py:559] Config param micro_batch_size_to_train_on: 8
I0805 14:26:51.772893 140348066447680 pyconfig.py:559] Config param mla_kv: RematLocation.REMAT
I0805 14:26:51.772921 140348066447680 pyconfig.py:559] Config param mla_naive_kvcache: True
I0805 14:26:51.772946 140348066447680 pyconfig.py:559] Config param mla_q: RematLocation.REMAT
I0805 14:26:51.772973 140348066447680 pyconfig.py:559] Config param mlp_activations: ['silu', 'linear']
I0805 14:26:51.773001 140348066447680 pyconfig.py:559] Config param mlp_activations_limit: -1.0
I0805 14:26:51.773027 140348066447680 pyconfig.py:559] Config param mlp_bias: False
I0805 14:26:51.773053 140348066447680 pyconfig.py:559] Config param mlp_dim: 14336
I0805 14:26:51.773078 140348066447680 pyconfig.py:559] Config param mlpwi: RematLocation.REMAT
I0805 14:26:51.773105 140348066447680 pyconfig.py:559] Config param mlpwi_0: RematLocation.REMAT
I0805 14:26:51.773130 140348066447680 pyconfig.py:559] Config param mlpwi_1: RematLocation.REMAT
I0805 14:26:51.773156 140348066447680 pyconfig.py:559] Config param mlpwo: RematLocation.REMAT
I0805 14:26:51.773183 140348066447680 pyconfig.py:559] Config param moba: False
I0805 14:26:51.773209 140348066447680 pyconfig.py:559] Config param moba_chunk_size: 1024
I0805 14:26:51.773234 140348066447680 pyconfig.py:559] Config param moba_topk: 8
I0805 14:26:51.773260 140348066447680 pyconfig.py:559] Config param model_call_mode: 
I0805 14:26:51.773285 140348066447680 pyconfig.py:559] Config param model_name: mixtral-8x7b
I0805 14:26:51.773310 140348066447680 pyconfig.py:559] Config param moe_dispatch_no_expert_sharding: False
I0805 14:26:51.773336 140348066447680 pyconfig.py:559] Config param moe_expert_input_dim: -1
I0805 14:26:51.773363 140348066447680 pyconfig.py:559] Config param moe_fsdp_use_two_stage_all_gather: False
I0805 14:26:51.773389 140348066447680 pyconfig.py:559] Config param moe_mlp_dim: 14336
I0805 14:26:51.773414 140348066447680 pyconfig.py:559] Config param moe_mlpwi_0: RematLocation.REMAT
I0805 14:26:51.773440 140348066447680 pyconfig.py:559] Config param moe_mlpwi_1: RematLocation.REMAT
I0805 14:26:51.773466 140348066447680 pyconfig.py:559] Config param moe_mlpwo: RematLocation.REMAT
I0805 14:26:51.773493 140348066447680 pyconfig.py:559] Config param monitor_goodput: False
I0805 14:26:51.773519 140348066447680 pyconfig.py:559] Config param monitor_step_time_deviation: True
I0805 14:26:51.773545 140348066447680 pyconfig.py:559] Config param mrope_section: [24, 20, 20]
I0805 14:26:51.773571 140348066447680 pyconfig.py:559] Config param mscale: 1.0
I0805 14:26:51.773598 140348066447680 pyconfig.py:559] Config param mtc_data_parallelism: 0
I0805 14:26:51.773624 140348066447680 pyconfig.py:559] Config param mtp_eval_target_module: 0
I0805 14:26:51.773650 140348066447680 pyconfig.py:559] Config param mtp_loss_scaling_factor: 0.1
I0805 14:26:51.773675 140348066447680 pyconfig.py:559] Config param mtp_num_layers: 0
I0805 14:26:51.773701 140348066447680 pyconfig.py:559] Config param mu_dtype: float32
I0805 14:26:51.773774 140348066447680 pyconfig.py:559] Config param multi_sampling: False
I0805 14:26:51.773805 140348066447680 pyconfig.py:559] Config param multi_tier_checkpointing_backup_interval_minutes: 0
I0805 14:26:51.773833 140348066447680 pyconfig.py:559] Config param muon_beta: 0.95
I0805 14:26:51.773859 140348066447680 pyconfig.py:559] Config param muon_consistent_rms: None
I0805 14:26:51.773880 140348066447680 pyconfig.py:559] Config param muon_weight_decay: 0.0
I0805 14:26:51.773895 140348066447680 pyconfig.py:559] Config param n_routing_groups: -1
I0805 14:26:51.773910 140348066447680 pyconfig.py:559] Config param n_window_for_audio: 50
I0805 14:26:51.773924 140348066447680 pyconfig.py:559] Config param n_window_infer_for_audio: 800
I0805 14:26:51.773938 140348066447680 pyconfig.py:559] Config param nope_layer_interval: -1
I0805 14:26:51.773953 140348066447680 pyconfig.py:559] Config param norm_topk_prob: False
I0805 14:26:51.773967 140348066447680 pyconfig.py:559] Config param normalization_layer_epsilon: 1e-05
I0805 14:26:51.773983 140348066447680 pyconfig.py:559] Config param normalize_embedding_logits: True
I0805 14:26:51.773996 140348066447680 pyconfig.py:559] Config param num_attention_heads_for_vit: 16
I0805 14:26:51.774011 140348066447680 pyconfig.py:559] Config param num_batches: 4
I0805 14:26:51.774026 140348066447680 pyconfig.py:559] Config param num_channels_for_vit: 3
I0805 14:26:51.774040 140348066447680 pyconfig.py:559] Config param num_conv_layers_for_audio: 3
I0805 14:26:51.774055 140348066447680 pyconfig.py:559] Config param num_decoder_layers: 32
I0805 14:26:51.774070 140348066447680 pyconfig.py:559] Config param num_diloco_replicas: 1
I0805 14:26:51.774084 140348066447680 pyconfig.py:559] Config param num_epoch: 1
I0805 14:26:51.774098 140348066447680 pyconfig.py:559] Config param num_eval_passes: 1
I0805 14:26:51.774113 140348066447680 pyconfig.py:559] Config param num_experts: 8
I0805 14:26:51.774128 140348066447680 pyconfig.py:559] Config param num_experts_per_tok: 2
I0805 14:26:51.774142 140348066447680 pyconfig.py:559] Config param num_generations: 2
I0805 14:26:51.774156 140348066447680 pyconfig.py:559] Config param num_hidden_layers_for_vit: 34
I0805 14:26:51.774170 140348066447680 pyconfig.py:559] Config param num_iterations: 1
I0805 14:26:51.774183 140348066447680 pyconfig.py:559] Config param num_kv_heads: 8
I0805 14:26:51.774198 140348066447680 pyconfig.py:559] Config param num_kv_shared_layers: 0
I0805 14:26:51.774212 140348066447680 pyconfig.py:559] Config param num_layers_per_pipeline_stage: 1
I0805 14:26:51.774226 140348066447680 pyconfig.py:559] Config param num_mel_bins_for_audio: 128
I0805 14:26:51.774240 140348066447680 pyconfig.py:559] Config param num_pipeline_microbatches: -1
I0805 14:26:51.774254 140348066447680 pyconfig.py:559] Config param num_pipeline_repeats: -1
I0805 14:26:51.774268 140348066447680 pyconfig.py:559] Config param num_position_embeddings_for_vit: 1024
I0805 14:26:51.774282 140348066447680 pyconfig.py:559] Config param num_query_heads: 32
I0805 14:26:51.774297 140348066447680 pyconfig.py:559] Config param num_samplers_slices: -1
I0805 14:26:51.774311 140348066447680 pyconfig.py:559] Config param num_slices: 1
I0805 14:26:51.774325 140348066447680 pyconfig.py:559] Config param num_target_devices: 8
I0805 14:26:51.774339 140348066447680 pyconfig.py:559] Config param num_test_batches: 5
I0805 14:26:51.774353 140348066447680 pyconfig.py:559] Config param num_trainer_slices: -1
I0805 14:26:51.774367 140348066447680 pyconfig.py:559] Config param num_vocab_tiling: 1
I0805 14:26:51.774381 140348066447680 pyconfig.py:559] Config param o_groups: 0
I0805 14:26:51.774395 140348066447680 pyconfig.py:559] Config param o_lora_rank: 0
I0805 14:26:51.774410 140348066447680 pyconfig.py:559] Config param off_policy_steps: 0
I0805 14:26:51.774424 140348066447680 pyconfig.py:559] Config param offline_data_dir: None
I0805 14:26:51.774438 140348066447680 pyconfig.py:559] Config param olmo_apply_ngram_filter: True
I0805 14:26:51.774453 140348066447680 pyconfig.py:559] Config param olmo_index_path: 
I0805 14:26:51.774466 140348066447680 pyconfig.py:559] Config param olmo_path_remap_from: 
I0805 14:26:51.774480 140348066447680 pyconfig.py:559] Config param olmo_path_remap_to: 
I0805 14:26:51.774495 140348066447680 pyconfig.py:559] Config param opt_type: OptimizerType.ADAMW
I0805 14:26:51.774511 140348066447680 pyconfig.py:559] Config param optimize_mesh_for_tpu_v6e: False
I0805 14:26:51.774526 140348066447680 pyconfig.py:559] Config param optimizer_memory_host_offload: False
I0805 14:26:51.774541 140348066447680 pyconfig.py:559] Config param original_max_position_embeddings: 4096
I0805 14:26:51.774555 140348066447680 pyconfig.py:559] Config param out_hidden_size_for_vit: 512
I0805 14:26:51.774569 140348066447680 pyconfig.py:559] Config param out_proj: RematLocation.REMAT
I0805 14:26:51.774584 140348066447680 pyconfig.py:559] Config param output_dim_for_audio: 512
I0805 14:26:51.774598 140348066447680 pyconfig.py:559] Config param override_logical_axis_rules: False
I0805 14:26:51.774616 140348066447680 pyconfig.py:559] Config param override_model_config: False
I0805 14:26:51.774630 140348066447680 pyconfig.py:559] Config param packing: True
I0805 14:26:51.774644 140348066447680 pyconfig.py:559] Config param padded_base_moe_mlp_dim: None
I0805 14:26:51.774659 140348066447680 pyconfig.py:559] Config param param_scan_axis: 1
I0805 14:26:51.774672 140348066447680 pyconfig.py:559] Config param parameter_memory_host_offload: False
I0805 14:26:51.774686 140348066447680 pyconfig.py:559] Config param partial_rotary_factor: 1.0
I0805 14:26:51.774700 140348066447680 pyconfig.py:559] Config param patch_size_for_vit: 14
I0805 14:26:51.774713 140348066447680 pyconfig.py:559] Config param penalty_incorrect_answer: -1.0
I0805 14:26:51.774728 140348066447680 pyconfig.py:559] Config param penalty_incorrect_format: -0.5
I0805 14:26:51.774743 140348066447680 pyconfig.py:559] Config param per_device_batch_size: 1.0
I0805 14:26:51.774758 140348066447680 pyconfig.py:559] Config param per_device_batch_size_increment: 2.0
I0805 14:26:51.774773 140348066447680 pyconfig.py:559] Config param per_device_batch_size_start: 4.0
I0805 14:26:51.774788 140348066447680 pyconfig.py:559] Config param pipeline_delay_activation_forwarding: False
I0805 14:26:51.774801 140348066447680 pyconfig.py:559] Config param pipeline_fsdp_ag_once: False
I0805 14:26:51.774816 140348066447680 pyconfig.py:559] Config param pipeline_fsdp_ag_per_repeat: False
I0805 14:26:51.774829 140348066447680 pyconfig.py:559] Config param pipeline_parallel_layers: 32
I0805 14:26:51.774844 140348066447680 pyconfig.py:559] Config param pixel_shuffle_ratio_for_vit: 0.5
I0805 14:26:51.774858 140348066447680 pyconfig.py:559] Config param posemb_type_for_vit: learn
I0805 14:26:51.774872 140348066447680 pyconfig.py:559] Config param position_id_per_seconds: 25
I0805 14:26:51.774890 140348066447680 pyconfig.py:559] Config param prefill_cache_axis_order: 1,2,0,3
I0805 14:26:51.774905 140348066447680 pyconfig.py:559] Config param prefill_cache_dir: 
I0805 14:26:51.774920 140348066447680 pyconfig.py:559] Config param prefill_chunk_size: 256
I0805 14:26:51.774935 140348066447680 pyconfig.py:559] Config param prefill_slice: v5e-16
I0805 14:26:51.774950 140348066447680 pyconfig.py:559] Config param prefix_caching_dram_byte: 100000000000
I0805 14:26:51.774964 140348066447680 pyconfig.py:559] Config param prefix_caching_hbm_byte: 10000000000
I0805 14:26:51.774978 140348066447680 pyconfig.py:559] Config param prefuse_moe_weights: False
I0805 14:26:51.774993 140348066447680 pyconfig.py:559] Config param profile_cleanly: True
I0805 14:26:51.775007 140348066447680 pyconfig.py:559] Config param profile_periodically_period: -1
I0805 14:26:51.775022 140348066447680 pyconfig.py:559] Config param profile_power_events: False
I0805 14:26:51.775036 140348066447680 pyconfig.py:559] Config param profiler: ProfilerType.NONE
I0805 14:26:51.775052 140348066447680 pyconfig.py:559] Config param profiler_steps: 5
I0805 14:26:51.775066 140348066447680 pyconfig.py:559] Config param projector_dropout_for_vit: 0.0
I0805 14:26:51.775080 140348066447680 pyconfig.py:559] Config param projector_input_dim_for_vit: 4096
I0805 14:26:51.775094 140348066447680 pyconfig.py:559] Config param projector_output_dim_for_vit: 4096
I0805 14:26:51.775108 140348066447680 pyconfig.py:559] Config param prometheus_port: 0
I0805 14:26:51.775123 140348066447680 pyconfig.py:559] Config param prompt: I love to
I0805 14:26:51.775137 140348066447680 pyconfig.py:559] Config param pure_nnx: False
I0805 14:26:51.775151 140348066447680 pyconfig.py:559] Config param pure_nnx_decoder: False
I0805 14:26:51.775166 140348066447680 pyconfig.py:559] Config param q_lora_rank: 0
I0805 14:26:51.775180 140348066447680 pyconfig.py:559] Config param qk_clip_threshold: 100.0
I0805 14:26:51.775194 140348066447680 pyconfig.py:559] Config param qk_nope_head_dim: 128
I0805 14:26:51.775209 140348066447680 pyconfig.py:559] Config param qk_norm_with_scale: True
I0805 14:26:51.775223 140348066447680 pyconfig.py:559] Config param qk_rope_head_dim: 64
I0805 14:26:51.775237 140348066447680 pyconfig.py:559] Config param qkv_proj: RematLocation.REMAT
I0805 14:26:51.775251 140348066447680 pyconfig.py:559] Config param quant_cfg_path: 
I0805 14:26:51.775265 140348066447680 pyconfig.py:559] Config param quantization: QuantizationType.NONE
I0805 14:26:51.775282 140348066447680 pyconfig.py:559] Config param quantization_local_shard_count: 8
I0805 14:26:51.775296 140348066447680 pyconfig.py:559] Config param quantize_kvcache: False
I0805 14:26:51.775316 140348066447680 pyconfig.py:559] Config param query_proj: RematLocation.REMAT
I0805 14:26:51.775331 140348066447680 pyconfig.py:559] Config param query_wa_proj: RematLocation.REMAT
I0805 14:26:51.775345 140348066447680 pyconfig.py:559] Config param ragged_block_size: 256
I0805 14:26:51.775359 140348066447680 pyconfig.py:559] Config param ragged_buffer_factor: -1.0
I0805 14:26:51.775373 140348066447680 pyconfig.py:559] Config param ragged_gather_cost_estimate_bytes_accessed: -1
I0805 14:26:51.775388 140348066447680 pyconfig.py:559] Config param ragged_gather_cost_estimate_flops: -1
I0805 14:26:51.775402 140348066447680 pyconfig.py:559] Config param ragged_gather_fallback: False
I0805 14:26:51.775416 140348066447680 pyconfig.py:559] Config param ragged_gather_reduce_cost_estimate_bytes_accessed: -1
I0805 14:26:51.775430 140348066447680 pyconfig.py:559] Config param ragged_gather_reduce_cost_estimate_flops: -1
I0805 14:26:51.775444 140348066447680 pyconfig.py:559] Config param ragged_gather_reduce_fallback: False
I0805 14:26:51.775459 140348066447680 pyconfig.py:559] Config param rampup_end_step: 0
I0805 14:26:51.775473 140348066447680 pyconfig.py:559] Config param rampup_samples_per_increment_to_load: None
I0805 14:26:51.775486 140348066447680 pyconfig.py:559] Config param reasoning_end_token: </reasoning>
I0805 14:26:51.775501 140348066447680 pyconfig.py:559] Config param reasoning_start_token: <reasoning>
I0805 14:26:51.775515 140348066447680 pyconfig.py:559] Config param record_internal_nn_metrics: 0
I0805 14:26:51.775529 140348066447680 pyconfig.py:559] Config param remat_policy: save_dot_with_context_except_mlp
I0805 14:26:51.775544 140348066447680 pyconfig.py:559] Config param remat_policy_for_vit: minimal
I0805 14:26:51.775558 140348066447680 pyconfig.py:559] Config param remove_size_one_mesh_axis_from_type: True
I0805 14:26:51.775572 140348066447680 pyconfig.py:559] Config param replicate_quant_scale: False
I0805 14:26:51.775587 140348066447680 pyconfig.py:559] Config param replicator_backup_interval_minutes: 0
I0805 14:26:51.775601 140348066447680 pyconfig.py:559] Config param report_heartbeat_metric_for_gcp_monitoring: False
I0805 14:26:51.775615 140348066447680 pyconfig.py:559] Config param report_performance_metric_for_gcp_monitoring: False
I0805 14:26:51.775629 140348066447680 pyconfig.py:559] Config param reshape_q: False
I0805 14:26:51.775643 140348066447680 pyconfig.py:559] Config param reshard_chunk_size: None
I0805 14:26:51.775657 140348066447680 pyconfig.py:559] Config param return_log_prob: False
I0805 14:26:51.775672 140348066447680 pyconfig.py:559] Config param reuse_example_batch: 0
I0805 14:26:51.775686 140348066447680 pyconfig.py:559] Config param reward_exact_answer: 5.0
I0805 14:26:51.775701 140348066447680 pyconfig.py:559] Config param reward_exact_format_match: 3.0
I0805 14:26:51.775715 140348066447680 pyconfig.py:559] Config param reward_partial_format_match: 0.5
I0805 14:26:51.775729 140348066447680 pyconfig.py:559] Config param reward_ratio_guess_to_answer_high: 0.5
I0805 14:26:51.775744 140348066447680 pyconfig.py:559] Config param reward_ratio_guess_to_answer_low: 0.25
I0805 14:26:51.775759 140348066447680 pyconfig.py:559] Config param reward_white_space_format_match: 1.5
I0805 14:26:51.775773 140348066447680 pyconfig.py:559] Config param rl: {'num_generations': 2, 'num_iterations': 1, 'grpo_beta': 0.08, 'grpo_epsilon': 0.2, 'loss_algo': 'grpo', 'loss_agg_mode': 'sequence-mean-token-mean', 'use_agentic_rollout': False, 'max_concurrency': 256, 'off_policy_steps': 0, 'system_prompt': '', 'degenerate_group_masking': True, 'epsilon_high': None, 'reshard_chunk_size': None}
I0805 14:26:51.775793 140348066447680 pyconfig.py:559] Config param rollout_data_parallelism: -1
I0805 14:26:51.775808 140348066447680 pyconfig.py:559] Config param rollout_expert_parallelism: 1
I0805 14:26:51.775824 140348066447680 pyconfig.py:559] Config param rollout_micro_batch_size: -1
I0805 14:26:51.775838 140348066447680 pyconfig.py:559] Config param rollout_tensor_parallelism: -1
I0805 14:26:51.775851 140348066447680 pyconfig.py:559] Config param rope_attention_scaling: False
I0805 14:26:51.775866 140348066447680 pyconfig.py:559] Config param rope_factor: 40
I0805 14:26:51.775880 140348066447680 pyconfig.py:559] Config param rope_interleave: True
I0805 14:26:51.775894 140348066447680 pyconfig.py:559] Config param rope_linear_scaling_factor: 1.0
I0805 14:26:51.775909 140348066447680 pyconfig.py:559] Config param rope_max_timescale: 1000000
I0805 14:26:51.775923 140348066447680 pyconfig.py:559] Config param rope_min_timescale: 1
I0805 14:26:51.775938 140348066447680 pyconfig.py:559] Config param rope_theta_for_vit: 10000
I0805 14:26:51.775951 140348066447680 pyconfig.py:559] Config param rope_truncate: True
I0805 14:26:51.775965 140348066447680 pyconfig.py:559] Config param rope_type: RopeType.DEFAULT
I0805 14:26:51.775982 140348066447680 pyconfig.py:559] Config param rope_use_scale: True
I0805 14:26:51.775996 140348066447680 pyconfig.py:559] Config param routed_bias: False
I0805 14:26:51.776010 140348066447680 pyconfig.py:559] Config param routed_bias_update_rate: 0.0
I0805 14:26:51.776024 140348066447680 pyconfig.py:559] Config param routed_scaling_factor: 1.0
I0805 14:26:51.776038 140348066447680 pyconfig.py:559] Config param routed_score_func: 
I0805 14:26:51.776053 140348066447680 pyconfig.py:559] Config param run_name: moe-b1-unsharded
I0805 14:26:51.776067 140348066447680 pyconfig.py:559] Config param sa_block_kv: 512
I0805 14:26:51.776081 140348066447680 pyconfig.py:559] Config param sa_block_kv_compute: 512
I0805 14:26:51.776094 140348066447680 pyconfig.py:559] Config param sa_block_kv_dkv: 512
I0805 14:26:51.776109 140348066447680 pyconfig.py:559] Config param sa_block_kv_dkv_compute: 512
I0805 14:26:51.776123 140348066447680 pyconfig.py:559] Config param sa_block_kv_dq: 512
I0805 14:26:51.776137 140348066447680 pyconfig.py:559] Config param sa_block_q: 512
I0805 14:26:51.776151 140348066447680 pyconfig.py:559] Config param sa_block_q_dkv: 512
I0805 14:26:51.776165 140348066447680 pyconfig.py:559] Config param sa_block_q_dq: 512
I0805 14:26:51.776179 140348066447680 pyconfig.py:559] Config param sa_k_layout: HEAD_DIM_MINOR
I0805 14:26:51.776194 140348066447680 pyconfig.py:559] Config param sa_q_layout: HEAD_DIM_MINOR
I0805 14:26:51.776208 140348066447680 pyconfig.py:559] Config param sa_use_fused_bwd_kernel: False
I0805 14:26:51.776222 140348066447680 pyconfig.py:559] Config param sa_v_layout: HEAD_DIM_MINOR
I0805 14:26:51.776237 140348066447680 pyconfig.py:559] Config param sampler_devices_fraction: 0.5
I0805 14:26:51.776252 140348066447680 pyconfig.py:559] Config param save_checkpoint_on_completion: True
I0805 14:26:51.776266 140348066447680 pyconfig.py:559] Config param save_config_to_gcs: False
I0805 14:26:51.776280 140348066447680 pyconfig.py:559] Config param save_quantized_params_path: 
I0805 14:26:51.776294 140348066447680 pyconfig.py:559] Config param scale_embedding_for_audio: True
I0805 14:26:51.776308 140348066447680 pyconfig.py:559] Config param scan_layers: True
I0805 14:26:51.776322 140348066447680 pyconfig.py:559] Config param scan_layers_per_stage: False
I0805 14:26:51.776336 140348066447680 pyconfig.py:559] Config param scan_pipeline_iterations: True
I0805 14:26:51.776350 140348066447680 pyconfig.py:559] Config param scan_pipeline_repeats: False
I0805 14:26:51.776365 140348066447680 pyconfig.py:559] Config param set_remat_policy_on_layers_per_stage: False
I0805 14:26:51.776379 140348066447680 pyconfig.py:559] Config param set_remat_policy_on_pipeline_iterations: True
I0805 14:26:51.776393 140348066447680 pyconfig.py:559] Config param sft_train_on_completion_only: False
I0805 14:26:51.776408 140348066447680 pyconfig.py:559] Config param shard_exp_on_fsdp: False
I0805 14:26:51.776422 140348066447680 pyconfig.py:559] Config param shard_mode: ShardMode.AUTO
I0805 14:26:51.776437 140348066447680 pyconfig.py:559] Config param shard_optimizer_over_data: False
I0805 14:26:51.776452 140348066447680 pyconfig.py:559] Config param sharding_strategy: None
I0805 14:26:51.776466 140348066447680 pyconfig.py:559] Config param sharding_tolerance: 0.02
I0805 14:26:51.776480 140348066447680 pyconfig.py:559] Config param shardy: True
I0805 14:26:51.776495 140348066447680 pyconfig.py:559] Config param share_kv_projections: False
I0805 14:26:51.776509 140348066447680 pyconfig.py:559] Config param shared_experts: 0
I0805 14:26:51.776523 140348066447680 pyconfig.py:559] Config param sinkhorn_iterations: 20
I0805 14:26:51.776538 140348066447680 pyconfig.py:559] Config param skip_first_n_steps_for_profiler: 1
I0805 14:26:51.776552 140348066447680 pyconfig.py:559] Config param skip_jax_distributed_system: False
I0805 14:26:51.776566 140348066447680 pyconfig.py:559] Config param skip_step_interval: 128
I0805 14:26:51.776580 140348066447680 pyconfig.py:559] Config param skip_step_on_spikes: False
I0805 14:26:51.776594 140348066447680 pyconfig.py:559] Config param skip_step_scaling_factor: 6.0
I0805 14:26:51.776609 140348066447680 pyconfig.py:559] Config param sliding_window_size: 0
I0805 14:26:51.776622 140348066447680 pyconfig.py:559] Config param solution_end_token: </answer>
I0805 14:26:51.776637 140348066447680 pyconfig.py:559] Config param solution_start_token: <answer>
I0805 14:26:51.776651 140348066447680 pyconfig.py:559] Config param source_checkpoint_layout: orbax
I0805 14:26:51.776665 140348066447680 pyconfig.py:559] Config param sparse_matmul: False
I0805 14:26:51.776679 140348066447680 pyconfig.py:559] Config param spatial_merge_size_for_vit: 2
I0805 14:26:51.776698 140348066447680 pyconfig.py:559] Config param stack_prefill_result_cache: False
I0805 14:26:51.776712 140348066447680 pyconfig.py:559] Config param step_deviation_interval_seconds: 30
I0805 14:26:51.776727 140348066447680 pyconfig.py:559] Config param steps: 16
I0805 14:26:51.776741 140348066447680 pyconfig.py:559] Config param stop_strings: None
I0805 14:26:51.776756 140348066447680 pyconfig.py:559] Config param student_overrides: {}
I0805 14:26:51.776770 140348066447680 pyconfig.py:559] Config param student_params_to_update: None
I0805 14:26:51.776783 140348066447680 pyconfig.py:559] Config param subslice_shape: 
I0805 14:26:51.776798 140348066447680 pyconfig.py:559] Config param swap_space_vllm_gb: 2
I0805 14:26:51.776812 140348066447680 pyconfig.py:559] Config param system_prompt: 
I0805 14:26:51.776826 140348066447680 pyconfig.py:559] Config param target_eval_loss: 0.0
I0805 14:26:51.776840 140348066447680 pyconfig.py:559] Config param teacher_overrides: {}
I0805 14:26:51.776855 140348066447680 pyconfig.py:559] Config param temperature_tuning: False
I0805 14:26:51.776869 140348066447680 pyconfig.py:559] Config param temporal_patch_size_for_vit: 2
I0805 14:26:51.776884 140348066447680 pyconfig.py:559] Config param tensorboard_dir: /root/work/scale-your-amd/runs/20260805-maxtext-moe-b1-unsharded/maxtext/moe-b1-unsharded/tensorboard/
I0805 14:26:51.776898 140348066447680 pyconfig.py:559] Config param tensors_on_device: None
I0805 14:26:51.776912 140348066447680 pyconfig.py:559] Config param tensors_to_offload: None
I0805 14:26:51.776926 140348066447680 pyconfig.py:559] Config param test_batch_start_index: 0
I0805 14:26:51.776940 140348066447680 pyconfig.py:559] Config param tile_size_for_vit: 336
I0805 14:26:51.776955 140348066447680 pyconfig.py:559] Config param tokenize_eval_data: True
I0805 14:26:51.776969 140348066447680 pyconfig.py:559] Config param tokenize_train_data: True
I0805 14:26:51.776982 140348066447680 pyconfig.py:559] Config param tokenizer_path: mistralai/Mixtral-8x7B-Instruct-v0.1
I0805 14:26:51.776997 140348066447680 pyconfig.py:559] Config param tokenizer_type: TokenizerType.SENTENCEPIECE
I0805 14:26:51.777013 140348066447680 pyconfig.py:559] Config param topk_routing_group: -1
I0805 14:26:51.777028 140348066447680 pyconfig.py:559] Config param tpu_num_chips_to_profile_per_task: 1
I0805 14:26:51.777042 140348066447680 pyconfig.py:559] Config param tpu_num_sparse_core_tiles_to_trace: 1
I0805 14:26:51.777056 140348066447680 pyconfig.py:559] Config param tpu_num_sparse_cores_to_trace: 2
I0805 14:26:51.777070 140348066447680 pyconfig.py:559] Config param train_data_columns: ['text']
I0805 14:26:51.777085 140348066447680 pyconfig.py:559] Config param train_fraction: 1.0
I0805 14:26:51.777099 140348066447680 pyconfig.py:559] Config param train_image_column: image
I0805 14:26:51.777113 140348066447680 pyconfig.py:559] Config param train_micro_batch_size: -1
I0805 14:26:51.777127 140348066447680 pyconfig.py:559] Config param train_split: train
I0805 14:26:51.777141 140348066447680 pyconfig.py:559] Config param trainable_parameters_mask: []
I0805 14:26:51.777155 140348066447680 pyconfig.py:559] Config param trainable_position_size: -1
I0805 14:26:51.777169 140348066447680 pyconfig.py:559] Config param trainer_devices_fraction: 0.5
I0805 14:26:51.777184 140348066447680 pyconfig.py:559] Config param upload_all_profiler_results: False
I0805 14:26:51.777198 140348066447680 pyconfig.py:559] Config param use_agentic_rollout: False
I0805 14:26:51.777211 140348066447680 pyconfig.py:559] Config param use_audio: False
I0805 14:26:51.777225 140348066447680 pyconfig.py:559] Config param use_audio_in_video: False
I0805 14:26:51.777239 140348066447680 pyconfig.py:559] Config param use_batch_split_schedule: False
I0805 14:26:51.777253 140348066447680 pyconfig.py:559] Config param use_chat_template: False
I0805 14:26:51.777267 140348066447680 pyconfig.py:559] Config param use_chunked_prefill: False
I0805 14:26:51.777281 140348066447680 pyconfig.py:559] Config param use_custom_sort_vjp: True
I0805 14:26:51.777295 140348066447680 pyconfig.py:559] Config param use_double_wide_mlp: False
I0805 14:26:51.777309 140348066447680 pyconfig.py:559] Config param use_dpo: False
I0805 14:26:51.777323 140348066447680 pyconfig.py:559] Config param use_gather_mosaic_kernel: False
I0805 14:26:51.777338 140348066447680 pyconfig.py:559] Config param use_gmm_v2: False
I0805 14:26:51.777352 140348066447680 pyconfig.py:559] Config param use_grpo: True
I0805 14:26:51.777366 140348066447680 pyconfig.py:559] Config param use_indexer: False
I0805 14:26:51.777380 140348066447680 pyconfig.py:559] Config param use_iota_embed: False
I0805 14:26:51.777394 140348066447680 pyconfig.py:559] Config param use_jax_splash: False
I0805 14:26:51.777408 140348066447680 pyconfig.py:559] Config param use_manual_quantization: False
I0805 14:26:51.777425 140348066447680 pyconfig.py:559] Config param use_max_logit_estimate: -1
I0805 14:26:51.777440 140348066447680 pyconfig.py:559] Config param use_mrope: False
I0805 14:26:51.777454 140348066447680 pyconfig.py:559] Config param use_multimodal: False
I0805 14:26:51.777468 140348066447680 pyconfig.py:559] Config param use_pathways: True
I0805 14:26:51.777483 140348066447680 pyconfig.py:559] Config param use_post_attn_norm: False
I0805 14:26:51.777497 140348066447680 pyconfig.py:559] Config param use_post_ffw_norm: False
I0805 14:26:51.777511 140348066447680 pyconfig.py:559] Config param use_qk_clip: False
I0805 14:26:51.777525 140348066447680 pyconfig.py:559] Config param use_qk_norm: False
I0805 14:26:51.777539 140348066447680 pyconfig.py:559] Config param use_qk_norm_in_gdn: True
I0805 14:26:51.777554 140348066447680 pyconfig.py:559] Config param use_qwix_quantization: False
I0805 14:26:51.777567 140348066447680 pyconfig.py:559] Config param use_ragged_attention: False
I0805 14:26:51.777582 140348066447680 pyconfig.py:559] Config param use_ragged_sort: False
I0805 14:26:51.777596 140348066447680 pyconfig.py:559] Config param use_random_routing: False
I0805 14:26:51.777609 140348066447680 pyconfig.py:559] Config param use_replicator_service: False
I0805 14:26:51.777623 140348066447680 pyconfig.py:559] Config param use_ring_of_experts: False
I0805 14:26:51.777637 140348066447680 pyconfig.py:559] Config param use_sft: False
I0805 14:26:51.777651 140348066447680 pyconfig.py:559] Config param use_splash_scheduler: False
I0805 14:26:51.777665 140348066447680 pyconfig.py:559] Config param use_standalone_converter: False
I0805 14:26:51.777679 140348066447680 pyconfig.py:559] Config param use_tokamax_gmm: False
I0805 14:26:51.777693 140348066447680 pyconfig.py:559] Config param use_tokamax_splash: False
I0805 14:26:51.777707 140348066447680 pyconfig.py:559] Config param use_truncation: True
I0805 14:26:51.777721 140348066447680 pyconfig.py:559] Config param use_tunix_gradient_accumulation: False
I0805 14:26:51.777740 140348066447680 pyconfig.py:559] Config param use_untrainable_positional_embedding: False
I0805 14:26:51.777755 140348066447680 pyconfig.py:559] Config param use_vertex_tensorboard: False
I0805 14:26:51.777770 140348066447680 pyconfig.py:559] Config param using_pipeline_parallelism: False
I0805 14:26:51.777784 140348066447680 pyconfig.py:559] Config param v_head_dim: 128
I0805 14:26:51.777798 140348066447680 pyconfig.py:559] Config param v_norm_with_scale: True
I0805 14:26:51.777813 140348066447680 pyconfig.py:559] Config param value_proj: RematLocation.REMAT
I0805 14:26:51.777828 140348066447680 pyconfig.py:559] Config param vertex_tensorboard_project: 
I0805 14:26:51.777842 140348066447680 pyconfig.py:559] Config param vertex_tensorboard_region: 
I0805 14:26:51.777857 140348066447680 pyconfig.py:559] Config param video_path: 
I0805 14:26:51.777872 140348066447680 pyconfig.py:559] Config param video_placeholder: <|video|>
I0805 14:26:51.777887 140348066447680 pyconfig.py:559] Config param vision_output_dim_for_vit: 4096
I0805 14:26:51.777901 140348066447680 pyconfig.py:559] Config param vision_output_length: -1
I0805 14:26:51.777915 140348066447680 pyconfig.py:559] Config param vllm_additional_config: {}
I0805 14:26:51.777930 140348066447680 pyconfig.py:559] Config param vllm_hf_config_path: 
I0805 14:26:51.777944 140348066447680 pyconfig.py:559] Config param vllm_hf_overrides: {}
I0805 14:26:51.777959 140348066447680 pyconfig.py:559] Config param vllm_load_format: dummy
I0805 14:26:51.777974 140348066447680 pyconfig.py:559] Config param vocab_size: 32000
I0805 14:26:51.777988 140348066447680 pyconfig.py:559] Config param vocab_size_per_layer_input: 0
I0805 14:26:51.778002 140348066447680 pyconfig.py:559] Config param warmup_steps_fraction: 0.1
I0805 14:26:51.778017 140348066447680 pyconfig.py:559] Config param weight_dtype: float32
I0805 14:26:51.778041 140348066447680 pyconfig.py:559] Config param weight_quantization_calibration_method: absmax
I0805 14:26:51.778058 140348066447680 pyconfig.py:559] Config param weight_sparsity_m: None
I0805 14:26:51.778072 140348066447680 pyconfig.py:559] Config param weight_sparsity_n: None
I0805 14:26:51.778087 140348066447680 pyconfig.py:559] Config param weight_sparsity_start_step: 50
I0805 14:26:51.778101 140348066447680 pyconfig.py:559] Config param weight_sparsity_update_step: 10
I0805 14:26:51.778120 140348066447680 pyconfig.py:559] Config param wi_tile_dlhs_batch_seq: 512
I0805 14:26:51.778134 140348066447680 pyconfig.py:559] Config param wi_tile_dlhs_embed_dim: 1024
I0805 14:26:51.778149 140348066447680 pyconfig.py:559] Config param wi_tile_dlhs_mlp_dim: 1024
I0805 14:26:51.778163 140348066447680 pyconfig.py:559] Config param wi_tile_drhs_batch_seq: 512
I0805 14:26:51.778177 140348066447680 pyconfig.py:559] Config param wi_tile_drhs_embed_dim: 1024
I0805 14:26:51.778192 140348066447680 pyconfig.py:559] Config param wi_tile_drhs_mlp_dim: 1024
I0805 14:26:51.778207 140348066447680 pyconfig.py:559] Config param wi_tile_fwd_batch_seq: 512
I0805 14:26:51.778221 140348066447680 pyconfig.py:559] Config param wi_tile_fwd_embed_dim: 1024
I0805 14:26:51.778235 140348066447680 pyconfig.py:559] Config param wi_tile_fwd_mlp_dim: 1024
I0805 14:26:51.778249 140348066447680 pyconfig.py:559] Config param wo_tile_dlhs_batch_seq: 512
I0805 14:26:51.778263 140348066447680 pyconfig.py:559] Config param wo_tile_dlhs_embed_dim: 1024
I0805 14:26:51.778277 140348066447680 pyconfig.py:559] Config param wo_tile_dlhs_mlp_dim: 1024
I0805 14:26:51.778292 140348066447680 pyconfig.py:559] Config param wo_tile_drhs_batch_seq: 512
I0805 14:26:51.778306 140348066447680 pyconfig.py:559] Config param wo_tile_drhs_embed_dim: 1024
I0805 14:26:51.778320 140348066447680 pyconfig.py:559] Config param wo_tile_drhs_mlp_dim: 1024
I0805 14:26:51.778334 140348066447680 pyconfig.py:559] Config param wo_tile_fwd_batch_seq: 512
I0805 14:26:51.778348 140348066447680 pyconfig.py:559] Config param wo_tile_fwd_embed_dim: 1024
I0805 14:26:51.778363 140348066447680 pyconfig.py:559] Config param wo_tile_fwd_mlp_dim: 1024
I0805 14:26:51.778377 140348066447680 pyconfig.py:559] Config param write_estimator_result: False
I0805 14:26:51.778392 140348066447680 pyconfig.py:559] Config param wsd_decay_steps_fraction: 0.1
I0805 14:26:51.778406 140348066447680 pyconfig.py:559] Config param wsd_decay_style: WsdDecayStyle.LINEAR
I0805 14:26:51.778422 140348066447680 pyconfig.py:559] Config param xprof_e2e_enable_fw_power_level_event: False
I0805 14:26:51.778436 140348066447680 pyconfig.py:559] Config param xprof_e2e_enable_fw_thermal_event: False
I0805 14:26:51.778450 140348066447680 pyconfig.py:559] Config param xprof_e2e_enable_fw_throttle_event: False
I0805 14:26:51.778465 140348066447680 pyconfig.py:559] Config param xprof_tpu_power_trace_level: 0
I0805 14:26:51.778481 140348066447680 pyconfig.py:559] Config param z_loss_multiplier: 0.0
I0805 14:26:51.778765 140348066447680 max_utils.py:828] System Information: Jax Version: 0.10.0
I0805 14:26:51.778799 140348066447680 max_utils.py:829] System Information: Jaxlib Version: 0.10.0
I0805 14:26:51.778837 140348066447680 max_utils.py:830] System Information: Jax Backend: PJRT C API
rocm 71400
I0805 14:26:51.778861 140348066447680 max_utils.py:833] System Information: Number of devices: 8, jax path /opt/venv/lib/python3.12/site-packages/jax/__init__.py
I0805 14:26:51.778887 140348066447680 max_utils.py:836] System Information: Device 0: 0 (Local id: 0, Process index: 0)
I0805 14:26:51.778909 140348066447680 max_utils.py:836] System Information: Device 1: 1 (Local id: 1, Process index: 0)
I0805 14:26:51.778928 140348066447680 max_utils.py:836] System Information: Device 2: 2 (Local id: 2, Process index: 0)
I0805 14:26:51.778946 140348066447680 max_utils.py:836] System Information: Device 3: 3 (Local id: 3, Process index: 0)
I0805 14:26:51.778964 140348066447680 max_utils.py:836] System Information: Device 4: 4 (Local id: 4, Process index: 0)
I0805 14:26:51.778982 140348066447680 max_utils.py:836] System Information: Device 5: 5 (Local id: 5, Process index: 0)
I0805 14:26:51.778999 140348066447680 max_utils.py:836] System Information: Device 6: 6 (Local id: 6, Process index: 0)
I0805 14:26:51.779016 140348066447680 max_utils.py:836] System Information: Device 7: 7 (Local id: 7, Process index: 0)
I0805 14:26:51.779040 140348066447680 train_utils.py:355] WARNING: 'base_output_directory' might be pointing your local file system
I0805 14:26:51.779063 140348066447680 train_utils.py:366] WARNING: Sequence packing is essentially ignored for synthetic data. Please use a real dataset to use sequence packing.
I0805 14:26:55.545354 140348066447680 maxtext_utils.py:1975] Num_devices: 8, shape (1, 1, 1, 1, 1, 1, 1, 1, 1, 1, 8, 1)
I0805 14:26:55.545933 140348066447680 maxtext_utils.py:1975] Num_devices: 8, shape (1, 1, 1, 1, 1, 1, 1, 1, 1, 1, 8, 1)
I0805 14:26:55.546872 140348066447680 checkpointing.py:995] Setting up checkpoint logger...
I0805 14:26:55.547047 140348066447680 checkpointing.py:386] Checkpointing disabled, not creating checkpoint manager.
/opt/venv/lib/python3.12/site-packages/transformer_engine/jax/flax/transformer.py:732: UserWarning: The dtype argument is deprecated and will be removed in a future release. DotProductAttention will use the dtype of the inputs instead as this module does not have any parameters. Module dtype specified self.dtype=dtype(bfloat16) matches dtype of inputs so behavior is unchanged. Please remove the dtype argument within the next few releases.
  warnings.warn(
I0805 14:26:56.726744 140348066447680 moe.py:2053] Applying potential token dropping with a batch expert_capacity of 1024
I0805 14:26:56.790027 140348066447680 moe.py:2053] Applying potential token dropping with a batch expert_capacity of 1024
I0805 14:26:56.907675 140348066447680 moe.py:2053] Applying potential token dropping with a batch expert_capacity of 1024
I0805 14:26:56.967771 140348066447680 moe.py:2053] Applying potential token dropping with a batch expert_capacity of 1024
I0805 14:26:57.296242 140348066447680 checkpointing.py:983] No existing checkpoints found, not restoring checkpoint.
I0805 14:27:09.708880 140348066447680 moe.py:2053] Applying potential token dropping with a batch expert_capacity of 1024
I0805 14:27:09.773430 140348066447680 moe.py:2053] Applying potential token dropping with a batch expert_capacity of 1024
I0805 14:27:17.075284 140348066447680 max_utils.py:819] Total memory size: 94.8 GB, Output size: 65.2 GB, Temp size: 29.6 GB, Argument size: 65.2 GB, Host temp size: 0.0 GB.
I0805 14:27:17.076832 140348066447680 metric_logger.py:334] number parameters: 46.703 billion
I0805 14:27:17.158272 140348066447680 train.py:680] ====== BARRIER: Synchronizing hosts before training loop ======
I0805 14:27:17.158534 140348066447680 train.py:682] ====== BARRIER PASSED: Starting training loop ======
I0805 14:27:17.650774 140348066447680 moe.py:2053] Applying potential token dropping with a batch expert_capacity of 1024
I0805 14:27:17.710520 140348066447680 moe.py:2053] Applying potential token dropping with a batch expert_capacity of 1024
E0805 14:27:33.908721  132361 rendezvous.cc:108] [id=2] This thread has been waiting for `[5] [rank=5] [run_id=270882669] Initialize clique: devices=8:[0,1,2,3,4,5,6,7]; local_participants=8; communication_id=0; incarnations=[]` for 10 seconds and may be stuck. All 8 threads joined the rendezvous, however the leader has not marked the rendezvous as completed. Leader can be deadlocked inside the rendezvous callback.
E0805 14:27:33.908738  132349 rendezvous.cc:108] [id=1] This thread has been waiting for `[1] [rank=1] [run_id=270882669] Initialize clique: devices=8:[0,1,2,3,4,5,6,7]; local_participants=8; communication_id=0; incarnations=[]` for 10 seconds and may be stuck. All 8 threads joined the rendezvous, however the leader has not marked the rendezvous as completed. Leader can be deadlocked inside the rendezvous callback.
E0805 14:27:33.908781  132355 rendezvous.cc:108] [id=4] This thread has been waiting for `[3] [rank=3] [run_id=270882669] Initialize clique: devices=8:[0,1,2,3,4,5,6,7]; local_participants=8; communication_id=0; incarnations=[]` for 10 seconds and may be stuck. All 8 threads joined the rendezvous, however the leader has not marked the rendezvous as completed. Leader can be deadlocked inside the rendezvous callback.
E0805 14:27:33.908790  132358 rendezvous.cc:108] [id=6] This thread has been waiting for `[4] [rank=4] [run_id=270882669] Initialize clique: devices=8:[0,1,2,3,4,5,6,7]; local_participants=8; communication_id=0; incarnations=[]` for 10 seconds and may be stuck. All 8 threads joined the rendezvous, however the leader has not marked the rendezvous as completed. Leader can be deadlocked inside the rendezvous callback.
E0805 14:27:33.908730  132364 rendezvous.cc:108] [id=0] This thread has been waiting for `[6] [rank=6] [run_id=270882669] Initialize clique: devices=8:[0,1,2,3,4,5,6,7]; local_participants=8; communication_id=0; incarnations=[]` for 10 seconds and may be stuck. All 8 threads joined the rendezvous, however the leader has not marked the rendezvous as completed. Leader can be deadlocked inside the rendezvous callback.
E0805 14:27:33.908782  132367 rendezvous.cc:108] [id=3] This thread has been waiting for `[7] [rank=7] [run_id=270882669] Initialize clique: devices=8:[0,1,2,3,4,5,6,7]; local_participants=8; communication_id=0; incarnations=[]` for 10 seconds and may be stuck. All 8 threads joined the rendezvous, however the leader has not marked the rendezvous as completed. Leader can be deadlocked inside the rendezvous callback.
E0805 14:27:33.908730  132352 rendezvous.cc:108] [id=5] This thread has been waiting for `[2] [rank=2] [run_id=270882669] Initialize clique: devices=8:[0,1,2,3,4,5,6,7]; local_participants=8; communication_id=0; incarnations=[]` for 10 seconds and may be stuck. All 8 threads joined the rendezvous, however the leader has not marked the rendezvous as completed. Leader can be deadlocked inside the rendezvous callback.
E0805 14:27:38.079660  132349 rendezvous.cc:130] [id=1] This thread is unstuck waiting for `[1] [rank=1] [run_id=270882669] Initialize clique: devices=8:[0,1,2,3,4,5,6,7]; local_participants=8; communication_id=0; incarnations=[]` after 14.171189932s. All threads joined the rendezvous on time however the leader took long time to complete it. Warning above was a false-positive. Perhaps the timeout is too short.
E0805 14:27:38.079680  132361 rendezvous.cc:130] [id=2] This thread is unstuck waiting for `[5] [rank=5] [run_id=270882669] Initialize clique: devices=8:[0,1,2,3,4,5,6,7]; local_participants=8; communication_id=0; incarnations=[]` after 14.171203968s. All threads joined the rendezvous on time however the leader took long time to complete it. Warning above was a false-positive. Perhaps the timeout is too short.
E0805 14:27:38.079690  132367 rendezvous.cc:130] [id=3] This thread is unstuck waiting for `[7] [rank=7] [run_id=270882669] Initialize clique: devices=8:[0,1,2,3,4,5,6,7]; local_participants=8; communication_id=0; incarnations=[]` after 14.171202887s. All threads joined the rendezvous on time however the leader took long time to complete it. Warning above was a false-positive. Perhaps the timeout is too short.
E0805 14:27:38.079781  132355 rendezvous.cc:130] [id=4] This thread is unstuck waiting for `[3] [rank=3] [run_id=270882669] Initialize clique: devices=8:[0,1,2,3,4,5,6,7]; local_participants=8; communication_id=0; incarnations=[]` after 14.17124906s. All threads joined the rendezvous on time however the leader took long time to complete it. Warning above was a false-positive. Perhaps the timeout is too short.
E0805 14:27:38.079842  132352 rendezvous.cc:130] [id=5] This thread is unstuck waiting for `[2] [rank=2] [run_id=270882669] Initialize clique: devices=8:[0,1,2,3,4,5,6,7]; local_participants=8; communication_id=0; incarnations=[]` after 14.171307787s. All threads joined the rendezvous on time however the leader took long time to complete it. Warning above was a false-positive. Perhaps the timeout is too short.
E0805 14:27:38.079843  132364 rendezvous.cc:130] [id=0] This thread is unstuck waiting for `[6] [rank=6] [run_id=270882669] Initialize clique: devices=8:[0,1,2,3,4,5,6,7]; local_participants=8; communication_id=0; incarnations=[]` after 14.171390352s. All threads joined the rendezvous on time however the leader took long time to complete it. Warning above was a false-positive. Perhaps the timeout is too short.
E0805 14:27:38.079845  132358 rendezvous.cc:130] [id=6] This thread is unstuck waiting for `[4] [rank=4] [run_id=270882669] Initialize clique: devices=8:[0,1,2,3,4,5,6,7]; local_participants=8; communication_id=0; incarnations=[]` after 14.171301067s. All threads joined the rendezvous on time however the leader took long time to complete it. Warning above was a false-positive. Perhaps the timeout is too short.
RCCL version : 2.30.4-HEAD:9e5e408
HIP version  : 7.14.60850-0000000
ROCm version : 7.14.0.0-9999-2b22ab01
Hostname     : dell300x-ccs-aus-f06-01
Librccl path : /opt/rocm/lib/librccl.so.1
[aiter] hipModuleLoad (embedded): hsa/gfx942/fmha_v3_fwd/MI300/fwd_hd128_bf16_causal_rtz.co GetFunction: _ZN5aiter30fmha_fwd_hd128_bf16_causal_rtzE
[aiter] hipModuleGetFunction: _ZN5aiter30fmha_fwd_hd128_bf16_causal_rtzE Success
[aiter] hipModuleLoad (embedded): hsa/gfx942/fmha_v3_fwd/MI300/fwd_hd128_bf16_causal_rtz.co GetFunction: _ZN5aiter30fmha_fwd_hd128_bf16_causal_rtzE
[aiter] hipModuleGetFunction: _ZN5aiter30fmha_fwd_hd128_bf16_causal_rtzE Success
[aiter] hipModuleLoad (embedded): hsa/gfx942/fmha_v3_fwd/MI300/fwd_hd128_bf16_causal_rtz.co GetFunction: _ZN5aiter30fmha_fwd_hd128_bf16_causal_rtzE
[aiter] hipModuleGetFunction: _ZN5aiter30fmha_fwd_hd128_bf16_causal_rtzE Success
[aiter] hipModuleLoad (embedded): hsa/gfx942/fmha_v3_fwd/MI300/fwd_hd128_bf16_causal_rtz.co GetFunction: _ZN5aiter30fmha_fwd_hd128_bf16_causal_rtzE
[aiter] hipModuleGetFunction: _ZN5aiter30fmha_fwd_hd128_bf16_causal_rtzE Success
[aiter] hipModuleLoad (embedded): hsa/gfx942/fmha_v3_fwd/MI300/fwd_hd128_bf16_causal_rtz.co GetFunction: _ZN5aiter30fmha_fwd_hd128_bf16_causal_rtzE
[aiter] hipModuleLoad (embedded): hsa/gfx942/fmha_v3_fwd/MI300/fwd_hd128_bf16_causal_rtz.co GetFunction: _ZN5aiter30fmha_fwd_hd128_bf16_causal_rtzE
[aiter] hipModuleGetFunction: _ZN5aiter30fmha_fwd_hd128_bf16_causal_rtzE Success
[aiter] hipModuleLoad (embedded): hsa/gfx942/fmha_v3_fwd/MI300/fwd_hd128_bf16_causal_rtz.co GetFunction: _ZN5aiter30fmha_fwd_hd128_bf16_causal_rtzE
[aiter] hipModuleGetFunction: _ZN5aiter30fmha_fwd_hd128_bf16_causal_rtzE Success
[aiter] hipModuleGetFunction: _ZN5aiter30fmha_fwd_hd128_bf16_causal_rtzE Success
[aiter] hipModuleLoad (embedded): hsa/gfx942/fmha_v3_fwd/MI300/fwd_hd128_bf16_causal_rtz.co GetFunction: _ZN5aiter30fmha_fwd_hd128_bf16_causal_rtzE
[aiter] hipModuleGetFunction: _ZN5aiter30fmha_fwd_hd128_bf16_causal_rtzE Success
[aiter] hipModuleLoad (embedded): hsa/gfx942/fmha_v3_bwd/bwd_hd128_odo_bf16.co GetFunction: _ZN5aiter23fmha_bwd_hd128_odo_bf16E
[aiter] hipModuleGetFunction: _ZN5aiter23fmha_bwd_hd128_odo_bf16E Success
[aiter] hipModuleLoad (embedded): hsa/gfx942/fmha_v3_bwd/bwd_hd128_bf16_causal_a32_rtz_psskddv.co GetFunction: _ZN5aiter42fmha_bwd_hd128_bf16_causal_a32_rtz_psskddvE
[aiter] hipModuleGetFunction: _ZN5aiter42fmha_bwd_hd128_bf16_causal_a32_rtz_psskddvE Success
[aiter] hipModuleLoad (embedded): hsa/gfx942/fmha_v3_bwd/bwd_hd128_dq_convert_bf16_rtz.co GetFunction: _ZN5aiter34fmha_bwd_hd128_dq_convert_bf16_rtzE
[aiter] hipModuleGetFunction: _ZN5aiter34fmha_bwd_hd128_dq_convert_bf16_rtzE Success
[aiter] hipModuleLoad (embedded): hsa/gfx942/fmha_v3_bwd/bwd_hd128_odo_bf16.co GetFunction: _ZN5aiter23fmha_bwd_hd128_odo_bf16E
[aiter] hipModuleGetFunction: _ZN5aiter23fmha_bwd_hd128_odo_bf16E Success
[aiter] hipModuleLoad (embedded): hsa/gfx942/fmha_v3_bwd/bwd_hd128_bf16_causal_a32_rtz_psskddv.co GetFunction: _ZN5aiter42fmha_bwd_hd128_bf16_causal_a32_rtz_psskddvE
[aiter] hipModuleGetFunction: _ZN5aiter42fmha_bwd_hd128_bf16_causal_a32_rtz_psskddvE Success
[aiter] hipModuleLoad (embedded): hsa/gfx942/fmha_v3_bwd/bwd_hd128_dq_convert_bf16_rtz.co GetFunction: _ZN5aiter34fmha_bwd_hd128_dq_convert_bf16_rtzE
[aiter] hipModuleGetFunction: _ZN5aiter34fmha_bwd_hd128_dq_convert_bf16_rtzE Success
[aiter] hipModuleLoad (embedded): hsa/gfx942/fmha_v3_bwd/bwd_hd128_odo_bf16.co GetFunction: _ZN5aiter23fmha_bwd_hd128_odo_bf16E
[aiter] hipModuleGetFunction: _ZN5aiter23fmha_bwd_hd128_odo_bf16E Success
[aiter] hipModuleLoad (embedded): hsa/gfx942/fmha_v3_bwd/bwd_hd128_bf16_causal_a32_rtz_psskddv.co GetFunction: _ZN5aiter42fmha_bwd_hd128_bf16_causal_a32_rtz_psskddvE
[aiter] hipModuleGetFunction: _ZN5aiter42fmha_bwd_hd128_bf16_causal_a32_rtz_psskddvE Success
[aiter] hipModuleLoad (embedded): hsa/gfx942/fmha_v3_bwd/bwd_hd128_dq_convert_bf16_rtz.co GetFunction: _ZN5aiter34fmha_bwd_hd128_dq_convert_bf16_rtzE
[aiter] hipModuleGetFunction: _ZN5aiter34fmha_bwd_hd128_dq_convert_bf16_rtzE Success
[aiter] hipModuleLoad (embedded): hsa/gfx942/fmha_v3_bwd/bwd_hd128_odo_bf16.co GetFunction: _ZN5aiter23fmha_bwd_hd128_odo_bf16E
[aiter] hipModuleGetFunction: _ZN5aiter23fmha_bwd_hd128_odo_bf16E Success
[aiter] hipModuleLoad (embedded): hsa/gfx942/fmha_v3_bwd/bwd_hd128_bf16_causal_a32_rtz_psskddv.co GetFunction: _ZN5aiter42fmha_bwd_hd128_bf16_causal_a32_rtz_psskddvE
[aiter] hipModuleGetFunction: _ZN5aiter42fmha_bwd_hd128_bf16_causal_a32_rtz_psskddvE Success
[aiter] hipModuleLoad (embedded): hsa/gfx942/fmha_v3_bwd/bwd_hd128_dq_convert_bf16_rtz.co GetFunction: _ZN5aiter34fmha_bwd_hd128_dq_convert_bf16_rtzE
[aiter] hipModuleGetFunction: _ZN5aiter34fmha_bwd_hd128_dq_convert_bf16_rtzE Success
[aiter] hipModuleLoad (embedded): hsa/gfx942/fmha_v3_bwd/bwd_hd128_odo_bf16.co GetFunction: _ZN5aiter23fmha_bwd_hd128_odo_bf16E
[aiter] hipModuleGetFunction: _ZN5aiter23fmha_bwd_hd128_odo_bf16E Success
[aiter] hipModuleLoad (embedded): hsa/gfx942/fmha_v3_bwd/bwd_hd128_bf16_causal_a32_rtz_psskddv.co GetFunction: _ZN5aiter42fmha_bwd_hd128_bf16_causal_a32_rtz_psskddvE
[aiter] hipModuleGetFunction: _ZN5aiter42fmha_bwd_hd128_bf16_causal_a32_rtz_psskddvE Success
[aiter] hipModuleLoad (embedded): hsa/gfx942/fmha_v3_bwd/bwd_hd128_dq_convert_bf16_rtz.co GetFunction: _ZN5aiter34fmha_bwd_hd128_dq_convert_bf16_rtzE
[aiter] hipModuleGetFunction: _ZN5aiter34fmha_bwd_hd128_dq_convert_bf16_rtzE Success
[aiter] hipModuleLoad (embedded): hsa/gfx942/fmha_v3_bwd/bwd_hd128_odo_bf16.co GetFunction: _ZN5aiter23fmha_bwd_hd128_odo_bf16E
[aiter] hipModuleGetFunction: _ZN5aiter23fmha_bwd_hd128_odo_bf16E Success
[aiter] hipModuleLoad (embedded): hsa/gfx942/fmha_v3_bwd/bwd_hd128_bf16_causal_a32_rtz_psskddv.co GetFunction: _ZN5aiter42fmha_bwd_hd128_bf16_causal_a32_rtz_psskddvE
[aiter] hipModuleGetFunction: _ZN5aiter42fmha_bwd_hd128_bf16_causal_a32_rtz_psskddvE Success
[aiter] hipModuleLoad (embedded): hsa/gfx942/fmha_v3_bwd/bwd_hd128_dq_convert_bf16_rtz.co GetFunction: _ZN5aiter34fmha_bwd_hd128_dq_convert_bf16_rtzE
[aiter] hipModuleGetFunction: _ZN5aiter34fmha_bwd_hd128_dq_convert_bf16_rtzE Success
[aiter] hipModuleLoad (embedded): hsa/gfx942/fmha_v3_bwd/bwd_hd128_odo_bf16.co GetFunction: _ZN5aiter23fmha_bwd_hd128_odo_bf16E
[aiter] hipModuleGetFunction: _ZN5aiter23fmha_bwd_hd128_odo_bf16E Success
[aiter] hipModuleLoad (embedded): hsa/gfx942/fmha_v3_bwd/bwd_hd128_bf16_causal_a32_rtz_psskddv.co GetFunction: _ZN5aiter42fmha_bwd_hd128_bf16_causal_a32_rtz_psskddvE
[aiter] hipModuleGetFunction: _ZN5aiter42fmha_bwd_hd128_bf16_causal_a32_rtz_psskddvE Success
[aiter] hipModuleLoad (embedded): hsa/gfx942/fmha_v3_bwd/bwd_hd128_dq_convert_bf16_rtz.co GetFunction: _ZN5aiter34fmha_bwd_hd128_dq_convert_bf16_rtzE
[aiter] hipModuleGetFunction: _ZN5aiter34fmha_bwd_hd128_dq_convert_bf16_rtzE Success
[aiter] hipModuleLoad (embedded): hsa/gfx942/fmha_v3_bwd/bwd_hd128_odo_bf16.co GetFunction: _ZN5aiter23fmha_bwd_hd128_odo_bf16E
[aiter] hipModuleGetFunction: _ZN5aiter23fmha_bwd_hd128_odo_bf16E Success
[aiter] hipModuleLoad (embedded): hsa/gfx942/fmha_v3_bwd/bwd_hd128_bf16_causal_a32_rtz_psskddv.co GetFunction: _ZN5aiter42fmha_bwd_hd128_bf16_causal_a32_rtz_psskddvE
[aiter] hipModuleGetFunction: _ZN5aiter42fmha_bwd_hd128_bf16_causal_a32_rtz_psskddvE Success
[aiter] hipModuleLoad (embedded): hsa/gfx942/fmha_v3_bwd/bwd_hd128_dq_convert_bf16_rtz.co GetFunction: _ZN5aiter34fmha_bwd_hd128_dq_convert_bf16_rtzE
[aiter] hipModuleGetFunction: _ZN5aiter34fmha_bwd_hd128_dq_convert_bf16_rtzE Success
I0805 14:27:51.340036 140348066447680 max_utils.py:778] 
Memstats: After params initialized:
I0805 14:27:51.340437 140348066447680 max_utils.py:784] 	Using (GB) 65.25 / 172.79 (37.762602%) on rocm:0
I0805 14:27:51.340593 140348066447680 max_utils.py:784] 	Using (GB) 65.25 / 172.79 (37.762602%) on rocm:1
I0805 14:27:51.340709 140348066447680 max_utils.py:784] 	Using (GB) 65.25 / 172.79 (37.762602%) on rocm:2
I0805 14:27:51.340810 140348066447680 max_utils.py:784] 	Using (GB) 65.25 / 172.79 (37.762602%) on rocm:3
I0805 14:27:51.340903 140348066447680 max_utils.py:784] 	Using (GB) 65.25 / 172.79 (37.762602%) on rocm:4
I0805 14:27:51.340989 140348066447680 max_utils.py:784] 	Using (GB) 65.25 / 172.79 (37.762602%) on rocm:5
I0805 14:27:51.341074 140348066447680 max_utils.py:784] 	Using (GB) 65.25 / 172.79 (37.762602%) on rocm:6
I0805 14:27:51.341155 140348066447680 max_utils.py:784] 	Using (GB) 65.25 / 172.79 (37.762602%) on rocm:7
I0805 14:27:53.291827 140348066447680 metric_logger.py:207] completed step: 0, seconds: 34.181, TFLOP/s/device: 9.552, Tokens/s/device: 119.832, total_weights: 32768, loss: 10.876, lm_loss: 10.876, perplexity: 52884.672, moe_lb_loss: 0.000
I0805 14:27:53.295002 140348066447680 metric_logger.py:314] To see full metrics 'tensorboard --logdir=/root/work/scale-your-amd/runs/20260805-maxtext-moe-b1-unsharded/maxtext/moe-b1-unsharded/tensorboard/'
I0805 14:27:54.733598 140348066447680 metric_logger.py:207] completed step: 1, seconds: 1.948, TFLOP/s/device: 167.577, Tokens/s/device: 2102.266, total_weights: 32768, loss: 10.876, lm_loss: 10.876, perplexity: 52884.672, moe_lb_loss: 0.000
I0805 14:27:56.169052 140348066447680 metric_logger.py:207] completed step: 2, seconds: 1.442, TFLOP/s/device: 226.350, Tokens/s/device: 2839.566, total_weights: 32768, loss: 10.410, lm_loss: 10.410, perplexity: 33203.258, moe_lb_loss: 0.000
I0805 14:27:57.606788 140348066447680 metric_logger.py:207] completed step: 3, seconds: 1.436, TFLOP/s/device: 227.445, Tokens/s/device: 2853.304, total_weights: 32768, loss: 10.178, lm_loss: 10.178, perplexity: 26306.799, moe_lb_loss: 0.000
I0805 14:27:59.046255 140348066447680 metric_logger.py:207] completed step: 4, seconds: 1.438, TFLOP/s/device: 227.108, Tokens/s/device: 2849.076, total_weights: 32768, loss: 9.992, lm_loss: 9.992, perplexity: 21847.553, moe_lb_loss: 0.000
I0805 14:28:00.489065 140348066447680 metric_logger.py:207] completed step: 5, seconds: 1.439, TFLOP/s/device: 226.853, Tokens/s/device: 2845.887, total_weights: 32768, loss: 9.838, lm_loss: 9.838, perplexity: 18736.453, moe_lb_loss: 0.000
I0805 14:28:01.937503 140348066447680 metric_logger.py:207] completed step: 6, seconds: 1.443, TFLOP/s/device: 226.266, Tokens/s/device: 2838.511, total_weights: 32768, loss: 9.706, lm_loss: 9.706, perplexity: 16420.432, moe_lb_loss: 0.000
I0805 14:28:03.386898 140348066447680 metric_logger.py:207] completed step: 7, seconds: 1.448, TFLOP/s/device: 225.418, Tokens/s/device: 2827.884, total_weights: 32768, loss: 9.591, lm_loss: 9.591, perplexity: 14625.527, moe_lb_loss: 0.000
I0805 14:28:04.840837 140348066447680 metric_logger.py:207] completed step: 8, seconds: 1.449, TFLOP/s/device: 225.276, Tokens/s/device: 2826.098, total_weights: 32768, loss: 9.488, lm_loss: 9.488, perplexity: 13204.320, moe_lb_loss: 0.000
I0805 14:28:06.298236 140348066447680 metric_logger.py:207] completed step: 9, seconds: 1.454, TFLOP/s/device: 224.552, Tokens/s/device: 2817.016, total_weights: 32768, loss: 9.398, lm_loss: 9.398, perplexity: 12069.197, moe_lb_loss: 0.000
I0805 14:28:07.757617 140348066447680 metric_logger.py:207] completed step: 10, seconds: 1.457, TFLOP/s/device: 224.070, Tokens/s/device: 2810.967, total_weights: 32768, loss: 9.321, lm_loss: 9.321, perplexity: 11169.019, moe_lb_loss: 0.000
I0805 14:28:09.215622 140348066447680 metric_logger.py:207] completed step: 11, seconds: 1.459, TFLOP/s/device: 223.714, Tokens/s/device: 2806.506, total_weights: 32768, loss: 9.256, lm_loss: 9.256, perplexity: 10463.853, moe_lb_loss: 0.000
I0805 14:28:10.677841 140348066447680 metric_logger.py:207] completed step: 12, seconds: 1.458, TFLOP/s/device: 223.931, Tokens/s/device: 2809.222, total_weights: 32768, loss: 9.203, lm_loss: 9.203, perplexity: 9927.018, moe_lb_loss: 0.000
I0805 14:28:12.140515 140348066447680 metric_logger.py:207] completed step: 13, seconds: 1.462, TFLOP/s/device: 223.305, Tokens/s/device: 2801.375, total_weights: 32768, loss: 9.162, lm_loss: 9.162, perplexity: 9526.047, moe_lb_loss: 0.000
I0805 14:28:13.602157 140348066447680 metric_logger.py:207] completed step: 14, seconds: 1.463, TFLOP/s/device: 223.226, Tokens/s/device: 2800.381, total_weights: 32768, loss: 9.130, lm_loss: 9.130, perplexity: 9225.647, moe_lb_loss: 0.000
I0805 14:28:13.609433 140348066447680 metric_logger.py:207] completed step: 15, seconds: 1.462, TFLOP/s/device: 223.380, Tokens/s/device: 2802.314, total_weights: 32768, loss: 9.104, lm_loss: 9.104, perplexity: 8990.055, moe_lb_loss: 0.000
Per train step:
 Total TFLOPs: 326.50 
 split as 95.96% learnable weight flops and 4.04% attention flops
