WARNING: All log messages before absl::InitializeLog() is called are written to STDERR
I0000 00:00:1785941277.467064  145052 port.cc:153] oneDNN custom operations are on. You may see slightly different numerical results due to floating-point round-off errors from different computation orders. To turn them off, set the environment variable `TF_ENABLE_ONEDNN_OPTS=0`.
WARNING: All log messages before absl::InitializeLog() is called are written to STDERR
I0000 00:00:1785941278.460742  145052 port.cc:153] oneDNN custom operations are on. You may see slightly different numerical results due to floating-point round-off errors from different computation orders. To turn them off, set the environment variable `TF_ENABLE_ONEDNN_OPTS=0`.
[transformers] PyTorch was not found. Models won't be available and only tokenizers, configuration and file/data utilities can be used.
[transformers] DeepseekV32Config got `key=rope_scaling` in kwargs but hasn't set it as attribute. For RoPE standardization you need to set `self.rope_parameters` in model's config. 
I0805 14:48:01.853846 140038716539200 max_utils.py:260] Attempting to initialize the jax distributed system for GPU backend...
I0805 14:48:01.853944 140038716539200 max_utils.py:262] Jax distributed system initialized on GPU!
I0805 14:48:03.150915 140038716539200 pyconfig.py:559] Config param abort_on_inf_loss: True
I0805 14:48:03.151101 140038716539200 pyconfig.py:559] Config param abort_on_nan_loss: True
I0805 14:48:03.151145 140038716539200 pyconfig.py:559] Config param act_quantization_calibration_method: absmax
I0805 14:48:03.151179 140038716539200 pyconfig.py:559] Config param activation_dropout_for_audio: 0.0
I0805 14:48:03.151211 140038716539200 pyconfig.py:559] Config param activation_function_for_audio: gelu
I0805 14:48:03.151237 140038716539200 pyconfig.py:559] Config param activations_in_float32: False
I0805 14:48:03.151260 140038716539200 pyconfig.py:559] Config param adam_b1: 0.9
I0805 14:48:03.151287 140038716539200 pyconfig.py:559] Config param adam_b2: 0.95
I0805 14:48:03.151312 140038716539200 pyconfig.py:559] Config param adam_eps: 1e-08
I0805 14:48:03.151339 140038716539200 pyconfig.py:559] Config param adam_eps_root: 0.0
I0805 14:48:03.151362 140038716539200 pyconfig.py:559] Config param adam_weight_decay: 0.1
I0805 14:48:03.151384 140038716539200 pyconfig.py:559] Config param adamw_mask: []
I0805 14:48:03.151405 140038716539200 pyconfig.py:559] Config param add_bos: True
I0805 14:48:03.151427 140038716539200 pyconfig.py:559] Config param add_eos: True
I0805 14:48:03.151447 140038716539200 pyconfig.py:559] Config param allow_split_physical_axes: False
I0805 14:48:03.151468 140038716539200 pyconfig.py:559] Config param ar_cache_axis_order: 1,2,0,3
I0805 14:48:03.151489 140038716539200 pyconfig.py:559] Config param async_checkpointing: True
I0805 14:48:03.151510 140038716539200 pyconfig.py:559] Config param async_scheduling: False
I0805 14:48:03.151530 140038716539200 pyconfig.py:559] Config param attention: cudnn_flash_te
I0805 14:48:03.151551 140038716539200 pyconfig.py:559] Config param attention_bias: False
I0805 14:48:03.151572 140038716539200 pyconfig.py:559] Config param attention_dropout_for_audio: 0.0
I0805 14:48:03.151593 140038716539200 pyconfig.py:559] Config param attention_for_vit: dot_product
I0805 14:48:03.151613 140038716539200 pyconfig.py:559] Config param attention_out: RematLocation.REMAT
I0805 14:48:03.151643 140038716539200 pyconfig.py:559] Config param attention_output_dim: -1
I0805 14:48:03.151665 140038716539200 pyconfig.py:559] Config param attention_sink: False
I0805 14:48:03.151689 140038716539200 pyconfig.py:559] Config param attention_type: global
I0805 14:48:03.151712 140038716539200 pyconfig.py:559] Config param attn_logits_soft_cap: None
I0805 14:48:03.151733 140038716539200 pyconfig.py:559] Config param attn_module_name: None
I0805 14:48:03.151754 140038716539200 pyconfig.py:559] Config param audio_path: 
I0805 14:48:03.151775 140038716539200 pyconfig.py:559] Config param audio_placeholder: <|audio|>
I0805 14:48:03.151794 140038716539200 pyconfig.py:559] Config param autoregressive_decode_assert: 
I0805 14:48:03.151814 140038716539200 pyconfig.py:559] Config param base_config: None
I0805 14:48:03.151835 140038716539200 pyconfig.py:559] Config param base_emb_dim: 4096
I0805 14:48:03.151856 140038716539200 pyconfig.py:559] Config param base_mlp_dim: 14336
I0805 14:48:03.151877 140038716539200 pyconfig.py:559] Config param base_moe_mlp_dim: 14336
I0805 14:48:03.151899 140038716539200 pyconfig.py:559] Config param base_num_decoder_layers: 32
I0805 14:48:03.151919 140038716539200 pyconfig.py:559] Config param base_num_kv_heads: 8
I0805 14:48:03.151939 140038716539200 pyconfig.py:559] Config param base_num_query_heads: 32
I0805 14:48:03.151959 140038716539200 pyconfig.py:559] Config param base_output_directory: /root/work/scale-your-amd/runs/20260805-maxtext-disp-mixtral-ragged-dot/maxtext
I0805 14:48:03.151981 140038716539200 pyconfig.py:559] Config param batch_size: 1
I0805 14:48:03.152001 140038716539200 pyconfig.py:559] Config param batch_split_factor: 1
I0805 14:48:03.152021 140038716539200 pyconfig.py:559] Config param beta_fast: 32
I0805 14:48:03.152042 140038716539200 pyconfig.py:559] Config param beta_slow: 1
I0805 14:48:03.152062 140038716539200 pyconfig.py:559] Config param bwd_quantization_calibration_method: absmax
I0805 14:48:03.152083 140038716539200 pyconfig.py:559] Config param capacity_factor: -1.0
I0805 14:48:03.152106 140038716539200 pyconfig.py:559] Config param cast_logits_to_fp32: True
I0805 14:48:03.152127 140038716539200 pyconfig.py:559] Config param chat_template: 
I0805 14:48:03.152146 140038716539200 pyconfig.py:559] Config param chat_template_path: 
I0805 14:48:03.152168 140038716539200 pyconfig.py:559] Config param check_vma: False
I0805 14:48:03.152189 140038716539200 pyconfig.py:559] Config param checkpoint_conversion_fn: None
I0805 14:48:03.152213 140038716539200 pyconfig.py:559] Config param checkpoint_dir: /root/work/scale-your-amd/runs/20260805-maxtext-disp-mixtral-ragged-dot/maxtext/disp-mixtral-ragged-dot/checkpoints/
I0805 14:48:03.152239 140038716539200 pyconfig.py:559] Config param checkpoint_is_quantized: False
I0805 14:48:03.152263 140038716539200 pyconfig.py:559] Config param checkpoint_period: 10000
I0805 14:48:03.152285 140038716539200 pyconfig.py:559] Config param checkpoint_storage_concurrent_gb: 96
I0805 14:48:03.152307 140038716539200 pyconfig.py:559] Config param checkpoint_storage_target_data_file_size_bytes: 2147483648
I0805 14:48:03.152328 140038716539200 pyconfig.py:559] Config param checkpoint_storage_use_ocdbt: True
I0805 14:48:03.152349 140038716539200 pyconfig.py:559] Config param checkpoint_storage_use_zarr3: True
I0805 14:48:03.152369 140038716539200 pyconfig.py:559] Config param checkpoint_todelete_full_path: None
I0805 14:48:03.152390 140038716539200 pyconfig.py:559] Config param checkpoint_todelete_subdir: None
I0805 14:48:03.152411 140038716539200 pyconfig.py:559] Config param chips_per_vm: 4
I0805 14:48:03.152432 140038716539200 pyconfig.py:559] Config param chunk_attn_window_size: 0
I0805 14:48:03.152452 140038716539200 pyconfig.py:559] Config param colocated_python_checkpointing: False
I0805 14:48:03.152472 140038716539200 pyconfig.py:559] Config param colocated_python_data_input: False
I0805 14:48:03.152491 140038716539200 pyconfig.py:559] Config param compile_topology: 
I0805 14:48:03.152512 140038716539200 pyconfig.py:559] Config param compile_topology_num_slices: -1
I0805 14:48:03.152531 140038716539200 pyconfig.py:559] Config param compile_xla_flags: 
I0805 14:48:03.152551 140038716539200 pyconfig.py:559] Config param compiled_trainstep_file: 
I0805 14:48:03.152571 140038716539200 pyconfig.py:559] Config param compress_ratios: []
I0805 14:48:03.152591 140038716539200 pyconfig.py:559] Config param compressed_rope_max_timescale: 160000
I0805 14:48:03.152612 140038716539200 pyconfig.py:559] Config param compute_axis_order: 0,1,2,3
I0805 14:48:03.152631 140038716539200 pyconfig.py:559] Config param constant_bound_config: []
I0805 14:48:03.152651 140038716539200 pyconfig.py:559] Config param context: RematLocation.REMAT
I0805 14:48:03.152673 140038716539200 pyconfig.py:559] Config param context_parallel_load_balance: True
I0805 14:48:03.152693 140038716539200 pyconfig.py:559] Config param context_parallel_reorder_strategy: ReorderStrategy.AUTO
I0805 14:48:03.152716 140038716539200 pyconfig.py:559] Config param context_parallel_size: 1
I0805 14:48:03.152735 140038716539200 pyconfig.py:559] Config param context_parallel_strategy: all_gather
I0805 14:48:03.152755 140038716539200 pyconfig.py:559] Config param context_sharding: context
I0805 14:48:03.152775 140038716539200 pyconfig.py:559] Config param conv_chunksize_for_audio: 500
I0805 14:48:03.152794 140038716539200 pyconfig.py:559] Config param conv_stride_for_vit: 14
I0805 14:48:03.152814 140038716539200 pyconfig.py:559] Config param convert_checkpoint_if_possible: False
I0805 14:48:03.152835 140038716539200 pyconfig.py:559] Config param cost_estimate_flops_bwd: -1
I0805 14:48:03.152854 140038716539200 pyconfig.py:559] Config param cost_estimate_flops_fwd: -1
I0805 14:48:03.152873 140038716539200 pyconfig.py:559] Config param custom_mesh: 
I0805 14:48:03.152894 140038716539200 pyconfig.py:559] Config param custom_mesh_and_rule: CustomRule.DEFAULT
I0805 14:48:03.152917 140038716539200 pyconfig.py:559] Config param d_model_for_audio: 256
I0805 14:48:03.152936 140038716539200 pyconfig.py:559] Config param data_sharding: (('data', 'stage', 'fsdp', 'fsdp_transpose', 'context', 'context_autoregressive', 'tensor', 'tensor_transpose', 'tensor_sequence', 'expert', 'autoregressive'),)
I0805 14:48:03.152963 140038716539200 pyconfig.py:559] Config param data_shuffle_seed: 0
I0805 14:48:03.152984 140038716539200 pyconfig.py:559] Config param data_template_path: 
I0805 14:48:03.153004 140038716539200 pyconfig.py:559] Config param dataset_name: c4/en:3.1.0
I0805 14:48:03.153024 140038716539200 pyconfig.py:559] Config param dataset_path: 
I0805 14:48:03.153044 140038716539200 pyconfig.py:559] Config param dataset_processor_path: 
I0805 14:48:03.153064 140038716539200 pyconfig.py:559] Config param dataset_type: DatasetType.SYNTHETIC
I0805 14:48:03.153085 140038716539200 pyconfig.py:559] Config param dcn_autoregressive_parallelism: 1
I0805 14:48:03.153105 140038716539200 pyconfig.py:559] Config param dcn_context_autoregressive_parallelism: 1
I0805 14:48:03.153126 140038716539200 pyconfig.py:559] Config param dcn_context_parallelism: 1
I0805 14:48:03.153145 140038716539200 pyconfig.py:559] Config param dcn_data_parallelism: -1
I0805 14:48:03.153164 140038716539200 pyconfig.py:559] Config param dcn_diloco_parallelism: 1
I0805 14:48:03.153184 140038716539200 pyconfig.py:559] Config param dcn_expert_parallelism: 1
I0805 14:48:03.153204 140038716539200 pyconfig.py:559] Config param dcn_fsdp_parallelism: 1
I0805 14:48:03.153223 140038716539200 pyconfig.py:559] Config param dcn_fsdp_transpose_parallelism: 1
I0805 14:48:03.153243 140038716539200 pyconfig.py:559] Config param dcn_parallelism: [1, -1, 1, 1, 1, 1, 1, 1, 1, 1, 1, 1]
I0805 14:48:03.153264 140038716539200 pyconfig.py:559] Config param dcn_pipeline_parallelism: 1
I0805 14:48:03.153286 140038716539200 pyconfig.py:559] Config param dcn_sequence_parallelism: 1
I0805 14:48:03.153306 140038716539200 pyconfig.py:559] Config param dcn_tensor_parallelism: 1
I0805 14:48:03.153325 140038716539200 pyconfig.py:559] Config param dcn_tensor_sequence_parallelism: 1
I0805 14:48:03.153345 140038716539200 pyconfig.py:559] Config param dcn_tensor_transpose_parallelism: 1
I0805 14:48:03.153364 140038716539200 pyconfig.py:559] Config param debug: {'rl': False}
I0805 14:48:03.153387 140038716539200 pyconfig.py:559] Config param debug_converter: False
I0805 14:48:03.153407 140038716539200 pyconfig.py:559] Config param debug_sharding: False
I0805 14:48:03.153427 140038716539200 pyconfig.py:559] Config param decode_sampling_nucleus_p: -1
I0805 14:48:03.153447 140038716539200 pyconfig.py:559] Config param decode_sampling_strategy: SamplingStrategy.GREEDY
I0805 14:48:03.153470 140038716539200 pyconfig.py:559] Config param decode_sampling_temperature: 1.0
I0805 14:48:03.153490 140038716539200 pyconfig.py:559] Config param decode_sampling_top_k: 0
I0805 14:48:03.153511 140038716539200 pyconfig.py:559] Config param decoder_block: DecoderBlockType.MIXTRAL
I0805 14:48:03.153534 140038716539200 pyconfig.py:559] Config param decoder_layer_input: RematLocation.DEVICE
I0805 14:48:03.153556 140038716539200 pyconfig.py:559] Config param deepstack_visual_indexes_for_vit: []
I0805 14:48:03.153578 140038716539200 pyconfig.py:559] Config param degenerate_group_masking: True
I0805 14:48:03.153600 140038716539200 pyconfig.py:559] Config param dense_init_scale: 1.0
I0805 14:48:03.153621 140038716539200 pyconfig.py:559] Config param diloco_outer_lr: 0.3
I0805 14:48:03.153643 140038716539200 pyconfig.py:559] Config param diloco_outer_momentum: 0.9
I0805 14:48:03.153665 140038716539200 pyconfig.py:559] Config param diloco_sync_period: 36
I0805 14:48:03.153685 140038716539200 pyconfig.py:559] Config param distill_alpha: 0.5
I0805 14:48:03.153707 140038716539200 pyconfig.py:559] Config param distill_alpha_end: None
I0805 14:48:03.153735 140038716539200 pyconfig.py:559] Config param distill_alpha_schedule: constant
I0805 14:48:03.153757 140038716539200 pyconfig.py:559] Config param distill_beta: 0.0
I0805 14:48:03.153778 140038716539200 pyconfig.py:559] Config param distill_beta_end: None
I0805 14:48:03.153800 140038716539200 pyconfig.py:559] Config param distill_beta_schedule: constant
I0805 14:48:03.153820 140038716539200 pyconfig.py:559] Config param distill_feature_loss_type: cosine
I0805 14:48:03.153841 140038716539200 pyconfig.py:559] Config param distill_layer_indices: None
I0805 14:48:03.153860 140038716539200 pyconfig.py:559] Config param distill_student_weights_share_map: {}
I0805 14:48:03.153881 140038716539200 pyconfig.py:559] Config param distill_temperature: 1.0
I0805 14:48:03.153902 140038716539200 pyconfig.py:559] Config param distill_temperature_end: None
I0805 14:48:03.153923 140038716539200 pyconfig.py:559] Config param distill_temperature_schedule: constant
I0805 14:48:03.153944 140038716539200 pyconfig.py:559] Config param distill_weights_copy_map: {}
I0805 14:48:03.153965 140038716539200 pyconfig.py:559] Config param downsample_hidden_size_for_audio: 256
I0805 14:48:03.153986 140038716539200 pyconfig.py:559] Config param dpo: {'algo': 'dpo', 'dpo_beta': 0.1, 'orpo_lambda': 0.1, 'dpo_label_smoothing': 0.0, 'max_prompt_length': None}
I0805 14:48:03.154011 140038716539200 pyconfig.py:559] Config param dq_reduction_steps: 0
I0805 14:48:03.154032 140038716539200 pyconfig.py:559] Config param dropout_rate: 0.0
I0805 14:48:03.154052 140038716539200 pyconfig.py:559] Config param dtype: bfloat16
I0805 14:48:03.154099 140038716539200 pyconfig.py:559] Config param dtype_mm: float32
I0805 14:48:03.154124 140038716539200 pyconfig.py:559] Config param dump_hlo: False
I0805 14:48:03.154145 140038716539200 pyconfig.py:559] Config param dump_hlo_delete_local_after: True
I0805 14:48:03.154165 140038716539200 pyconfig.py:559] Config param dump_hlo_gcs_dir: /root/work/scale-your-amd/runs/20260805-maxtext-disp-mixtral-ragged-dot/maxtext/disp-mixtral-ragged-dot/xla_dump
I0805 14:48:03.154187 140038716539200 pyconfig.py:559] Config param dump_hlo_local_dir: /tmp/xla_dump/
I0805 14:48:03.154207 140038716539200 pyconfig.py:559] Config param dump_hlo_local_module_name: jit_train_step
I0805 14:48:03.154227 140038716539200 pyconfig.py:559] Config param dump_hlo_module_name: jit_train_step
I0805 14:48:03.154247 140038716539200 pyconfig.py:559] Config param dump_hlo_upload_all: False
I0805 14:48:03.154268 140038716539200 pyconfig.py:559] Config param dump_hlo_xla_flags: 
I0805 14:48:03.154289 140038716539200 pyconfig.py:559] Config param dump_jaxpr: False
I0805 14:48:03.154309 140038716539200 pyconfig.py:559] Config param dump_jaxpr_delete_local_after: True
I0805 14:48:03.154329 140038716539200 pyconfig.py:559] Config param dump_jaxpr_gcs_dir: /root/work/scale-your-amd/runs/20260805-maxtext-disp-mixtral-ragged-dot/maxtext/disp-mixtral-ragged-dot/jaxpr_dump
I0805 14:48:03.154350 140038716539200 pyconfig.py:559] Config param dump_jaxpr_local_dir: /tmp/jaxpr_dump/
I0805 14:48:03.154371 140038716539200 pyconfig.py:559] Config param dump_step: -1
I0805 14:48:03.154390 140038716539200 pyconfig.py:559] Config param elastic_enabled: False
I0805 14:48:03.154412 140038716539200 pyconfig.py:559] Config param elastic_max_retries: 10
I0805 14:48:03.154431 140038716539200 pyconfig.py:559] Config param elastic_min_slice_count: -1
I0805 14:48:03.154451 140038716539200 pyconfig.py:559] Config param elastic_timeout_seconds: 300
I0805 14:48:03.154470 140038716539200 pyconfig.py:559] Config param emb_dim: 4096
I0805 14:48:03.154491 140038716539200 pyconfig.py:559] Config param enable_autocheckpoint: False
I0805 14:48:03.154510 140038716539200 pyconfig.py:559] Config param enable_checkpoint_cloud_logger: False
I0805 14:48:03.154530 140038716539200 pyconfig.py:559] Config param enable_checkpointing: False
I0805 14:48:03.154548 140038716539200 pyconfig.py:559] Config param enable_continuous_checkpointing: False
I0805 14:48:03.154569 140038716539200 pyconfig.py:559] Config param enable_data_shuffling: True
I0805 14:48:03.154588 140038716539200 pyconfig.py:559] Config param enable_diloco: False
I0805 14:48:03.154609 140038716539200 pyconfig.py:559] Config param enable_dp_attention: False
I0805 14:48:03.154629 140038716539200 pyconfig.py:559] Config param enable_dropout: False
I0805 14:48:03.154650 140038716539200 pyconfig.py:559] Config param enable_emergency_checkpoint: False
I0805 14:48:03.154670 140038716539200 pyconfig.py:559] Config param enable_expert_parallel: False
I0805 14:48:03.154689 140038716539200 pyconfig.py:559] Config param enable_gcp_goodput_metrics: True
I0805 14:48:03.154710 140038716539200 pyconfig.py:559] Config param enable_gcp_step_deviation_metrics: True
I0805 14:48:03.154730 140038716539200 pyconfig.py:559] Config param enable_goodput_recording: False
I0805 14:48:03.154750 140038716539200 pyconfig.py:559] Config param enable_jax_profiler: False
I0805 14:48:03.154768 140038716539200 pyconfig.py:559] Config param enable_llm_inference_pool: False
I0805 14:48:03.154788 140038716539200 pyconfig.py:559] Config param enable_mhc_lite: False
I0805 14:48:03.154809 140038716539200 pyconfig.py:559] Config param enable_model_warmup: False
I0805 14:48:03.154828 140038716539200 pyconfig.py:559] Config param enable_multi_tier_checkpointing: False
I0805 14:48:03.154847 140038716539200 pyconfig.py:559] Config param enable_nnx: False
I0805 14:48:03.154868 140038716539200 pyconfig.py:559] Config param enable_orbax_v1: False
I0805 14:48:03.154888 140038716539200 pyconfig.py:559] Config param enable_padding_causal_mask: True
I0805 14:48:03.154908 140038716539200 pyconfig.py:559] Config param enable_pathways_goodput: False
I0805 14:48:03.154927 140038716539200 pyconfig.py:559] Config param enable_prefix_caching: False
I0805 14:48:03.154946 140038716539200 pyconfig.py:559] Config param enable_rampup_batch_size: False
I0805 14:48:03.154966 140038716539200 pyconfig.py:559] Config param enable_single_controller: False
I0805 14:48:03.154985 140038716539200 pyconfig.py:559] Config param enable_single_replica_ckpt_restoring: False
I0805 14:48:03.155005 140038716539200 pyconfig.py:559] Config param enable_tensorboard: True
I0805 14:48:03.155024 140038716539200 pyconfig.py:559] Config param enable_tpu_profiling_options: False
I0805 14:48:03.155046 140038716539200 pyconfig.py:559] Config param enable_tunix_perf_metrics: False
I0805 14:48:03.155065 140038716539200 pyconfig.py:559] Config param encoder_attention_heads_for_audio: 4
I0805 14:48:03.155086 140038716539200 pyconfig.py:559] Config param encoder_ffn_dim_for_audio: 512
I0805 14:48:03.155105 140038716539200 pyconfig.py:559] Config param encoder_layers_for_audio: 2
I0805 14:48:03.155124 140038716539200 pyconfig.py:559] Config param engram: RematLocation.REMAT
I0805 14:48:03.155144 140038716539200 pyconfig.py:559] Config param engram_head_dim: 1280
I0805 14:48:03.155165 140038716539200 pyconfig.py:559] Config param engram_kernel_size: 4
I0805 14:48:03.155185 140038716539200 pyconfig.py:559] Config param engram_layers: []
I0805 14:48:03.155206 140038716539200 pyconfig.py:559] Config param engram_max_ngram_size: 3
I0805 14:48:03.155226 140038716539200 pyconfig.py:559] Config param engram_num_heads: 8
I0805 14:48:03.155246 140038716539200 pyconfig.py:559] Config param engram_seed: 0
I0805 14:48:03.155265 140038716539200 pyconfig.py:559] Config param engram_vocab_bases: []
I0805 14:48:03.155285 140038716539200 pyconfig.py:559] Config param epsilon_high: None
I0805 14:48:03.155306 140038716539200 pyconfig.py:559] Config param eval_batch_size: -1
I0805 14:48:03.155326 140038716539200 pyconfig.py:559] Config param eval_corr_lst: False
I0805 14:48:03.155347 140038716539200 pyconfig.py:559] Config param eval_data_columns: ['text']
I0805 14:48:03.155367 140038716539200 pyconfig.py:559] Config param eval_dataset_name: c4/en:3.1.0
I0805 14:48:03.155388 140038716539200 pyconfig.py:559] Config param eval_image_column: image
I0805 14:48:03.155407 140038716539200 pyconfig.py:559] Config param eval_interval: -1
I0805 14:48:03.155427 140038716539200 pyconfig.py:559] Config param eval_make_lst: False
I0805 14:48:03.155446 140038716539200 pyconfig.py:559] Config param eval_mode: pass
I0805 14:48:03.155466 140038716539200 pyconfig.py:559] Config param eval_per_device_batch_size: 4.0
I0805 14:48:03.155487 140038716539200 pyconfig.py:559] Config param eval_sampling_strategy: greedy
I0805 14:48:03.155507 140038716539200 pyconfig.py:559] Config param eval_split: validation
I0805 14:48:03.155527 140038716539200 pyconfig.py:559] Config param eval_steps: -1
I0805 14:48:03.155547 140038716539200 pyconfig.py:559] Config param expansion_factor_real_data: -1.0
I0805 14:48:03.155567 140038716539200 pyconfig.py:559] Config param expert_balance: False
I0805 14:48:03.155586 140038716539200 pyconfig.py:559] Config param final_logits_soft_cap: None
I0805 14:48:03.155606 140038716539200 pyconfig.py:559] Config param first_num_dense_layers: 0
I0805 14:48:03.155626 140038716539200 pyconfig.py:559] Config param first_num_hash_layers: 0
I0805 14:48:03.155644 140038716539200 pyconfig.py:559] Config param float32_gate_logits: False
I0805 14:48:03.155665 140038716539200 pyconfig.py:559] Config param float32_logits: False
I0805 14:48:03.155685 140038716539200 pyconfig.py:559] Config param float32_qk_product: False
I0805 14:48:03.155704 140038716539200 pyconfig.py:559] Config param float32_weight_sum: True
I0805 14:48:03.155724 140038716539200 pyconfig.py:559] Config param force_q_layout: False
I0805 14:48:03.155743 140038716539200 pyconfig.py:559] Config param force_unroll: False
I0805 14:48:03.155762 140038716539200 pyconfig.py:559] Config param formatting_func_kwargs: {}
I0805 14:48:03.155782 140038716539200 pyconfig.py:559] Config param formatting_func_path: 
I0805 14:48:03.155802 140038716539200 pyconfig.py:559] Config param freeze_audio_encoder_params: True
I0805 14:48:03.155823 140038716539200 pyconfig.py:559] Config param freeze_vision_encoder_params: True
I0805 14:48:03.155842 140038716539200 pyconfig.py:559] Config param fuse_expert_scales: False
I0805 14:48:03.155863 140038716539200 pyconfig.py:559] Config param fused_mlp: False
I0805 14:48:03.155882 140038716539200 pyconfig.py:559] Config param fused_qkv: False
I0805 14:48:03.155903 140038716539200 pyconfig.py:559] Config param gcs_debug_path: 
I0805 14:48:03.155922 140038716539200 pyconfig.py:559] Config param gcs_metrics: False
I0805 14:48:03.155942 140038716539200 pyconfig.py:559] Config param gdn_chunk_size: 64
I0805 14:48:03.155961 140038716539200 pyconfig.py:559] Config param gdn_conv_kernel_dim: 4
I0805 14:48:03.155980 140038716539200 pyconfig.py:559] Config param gdn_key_head_dim: 128
I0805 14:48:03.155999 140038716539200 pyconfig.py:559] Config param gdn_num_key_heads: 16
I0805 14:48:03.156019 140038716539200 pyconfig.py:559] Config param gdn_num_value_heads: 32
I0805 14:48:03.156040 140038716539200 pyconfig.py:559] Config param gdn_value_head_dim: 128
I0805 14:48:03.156059 140038716539200 pyconfig.py:559] Config param generate_padding_batch_eval: False
I0805 14:48:03.156078 140038716539200 pyconfig.py:559] Config param generate_padding_batch_train: False
I0805 14:48:03.156097 140038716539200 pyconfig.py:559] Config param generate_slice: v5e-16
I0805 14:48:03.156116 140038716539200 pyconfig.py:559] Config param generation_configs: {}
I0805 14:48:03.156137 140038716539200 pyconfig.py:559] Config param global_batch_size_to_eval_on: 32
I0805 14:48:03.156157 140038716539200 pyconfig.py:559] Config param global_batch_size_to_load: 32
I0805 14:48:03.156177 140038716539200 pyconfig.py:559] Config param global_batch_size_to_load_eval: 32
I0805 14:48:03.156198 140038716539200 pyconfig.py:559] Config param global_batch_size_to_load_increment: None
I0805 14:48:03.156219 140038716539200 pyconfig.py:559] Config param global_batch_size_to_load_start: None
I0805 14:48:03.156239 140038716539200 pyconfig.py:559] Config param global_batch_size_to_train_on: 32
I0805 14:48:03.156259 140038716539200 pyconfig.py:559] Config param global_head_dim: 0
I0805 14:48:03.156279 140038716539200 pyconfig.py:559] Config param global_num_kv_heads: 0
I0805 14:48:03.156299 140038716539200 pyconfig.py:559] Config param global_parameter_scale: 1
I0805 14:48:03.156318 140038716539200 pyconfig.py:559] Config param global_rampup_samples: 500
I0805 14:48:03.156337 140038716539200 pyconfig.py:559] Config param global_rope_max_timescale: -1
I0805 14:48:03.156357 140038716539200 pyconfig.py:559] Config param global_rope_proportion: 0.25
I0805 14:48:03.156377 140038716539200 pyconfig.py:559] Config param goodput_upload_interval_seconds: 30
I0805 14:48:03.156397 140038716539200 pyconfig.py:559] Config param grad_dtype: float32
I0805 14:48:03.156450 140038716539200 pyconfig.py:559] Config param gradient_accumulation_steps: 1
I0805 14:48:03.156472 140038716539200 pyconfig.py:559] Config param gradient_clipping_threshold: 1.0
I0805 14:48:03.156494 140038716539200 pyconfig.py:559] Config param grain_data_source_max_workers: 16
I0805 14:48:03.156515 140038716539200 pyconfig.py:559] Config param grain_eval_files: 
I0805 14:48:03.156535 140038716539200 pyconfig.py:559] Config param grain_file_type: arrayrecord
I0805 14:48:03.156556 140038716539200 pyconfig.py:559] Config param grain_num_threads: 16
I0805 14:48:03.156575 140038716539200 pyconfig.py:559] Config param grain_num_threads_eval: 16
I0805 14:48:03.156595 140038716539200 pyconfig.py:559] Config param grain_packing_type: first_fit
I0805 14:48:03.156615 140038716539200 pyconfig.py:559] Config param grain_per_worker_buffer_size: 1
I0805 14:48:03.156635 140038716539200 pyconfig.py:559] Config param grain_per_worker_buffer_size_eval: 1
I0805 14:48:03.156656 140038716539200 pyconfig.py:559] Config param grain_prefetch_buffer_size: 500
I0805 14:48:03.156676 140038716539200 pyconfig.py:559] Config param grain_prefetch_buffer_size_eval: 500
I0805 14:48:03.156697 140038716539200 pyconfig.py:559] Config param grain_ram_budget_mb: 1024
I0805 14:48:03.156717 140038716539200 pyconfig.py:559] Config param grain_shuffle_buffer_size: 100
I0805 14:48:03.156736 140038716539200 pyconfig.py:559] Config param grain_train_files: 
I0805 14:48:03.156757 140038716539200 pyconfig.py:559] Config param grain_train_mixture_config_path: 
I0805 14:48:03.156779 140038716539200 pyconfig.py:559] Config param grain_use_elastic_iterator: False
I0805 14:48:03.156799 140038716539200 pyconfig.py:559] Config param grain_worker_count: 1
I0805 14:48:03.156818 140038716539200 pyconfig.py:559] Config param grain_worker_count_eval: 1
I0805 14:48:03.156838 140038716539200 pyconfig.py:559] Config param grpo_beta: 0.08
I0805 14:48:03.156860 140038716539200 pyconfig.py:559] Config param grpo_epsilon: 0.2
I0805 14:48:03.156880 140038716539200 pyconfig.py:559] Config param hardware: gpu
I0805 14:48:03.156901 140038716539200 pyconfig.py:559] Config param hbm_utilization_vllm: 0.72
I0805 14:48:03.156921 140038716539200 pyconfig.py:559] Config param head_dim: 128
I0805 14:48:03.156942 140038716539200 pyconfig.py:559] Config param heartbeat_reporting_interval_in_seconds: 5
I0805 14:48:03.156962 140038716539200 pyconfig.py:559] Config param hf_data_dir: None
I0805 14:48:03.156982 140038716539200 pyconfig.py:559] Config param hf_eval_files: None
I0805 14:48:03.157002 140038716539200 pyconfig.py:559] Config param hf_eval_split: None
I0805 14:48:03.157022 140038716539200 pyconfig.py:559] Config param hf_lora_adapter_path: 
I0805 14:48:03.157042 140038716539200 pyconfig.py:559] Config param hf_name: None
I0805 14:48:03.157063 140038716539200 pyconfig.py:559] Config param hf_path: 
I0805 14:48:03.157083 140038716539200 pyconfig.py:559] Config param hf_train_files: None
I0805 14:48:03.157104 140038716539200 pyconfig.py:559] Config param hidden_size_for_vit: 1408
I0805 14:48:03.157124 140038716539200 pyconfig.py:559] Config param hidden_size_per_layer_input: 0
I0805 14:48:03.157143 140038716539200 pyconfig.py:559] Config param hide_profiler_step_metric: False
I0805 14:48:03.157163 140038716539200 pyconfig.py:559] Config param ici_autoregressive_parallelism: 1
I0805 14:48:03.157183 140038716539200 pyconfig.py:559] Config param ici_context_autoregressive_parallelism: 1
I0805 14:48:03.157203 140038716539200 pyconfig.py:559] Config param ici_context_parallelism: 1
I0805 14:48:03.157223 140038716539200 pyconfig.py:559] Config param ici_data_parallelism: 1
I0805 14:48:03.157243 140038716539200 pyconfig.py:559] Config param ici_diloco_parallelism: 1
I0805 14:48:03.157263 140038716539200 pyconfig.py:559] Config param ici_expert_parallelism: -1
I0805 14:48:03.157283 140038716539200 pyconfig.py:559] Config param ici_fsdp_parallelism: 1
I0805 14:48:03.157303 140038716539200 pyconfig.py:559] Config param ici_fsdp_transpose_parallelism: 1
I0805 14:48:03.157324 140038716539200 pyconfig.py:559] Config param ici_parallelism: [1, 1, 1, 1, 1, 1, 1, 1, 1, 1, -1, 1]
I0805 14:48:03.157345 140038716539200 pyconfig.py:559] Config param ici_pipeline_parallelism: 1
I0805 14:48:03.157366 140038716539200 pyconfig.py:559] Config param ici_sequence_parallelism: 1
I0805 14:48:03.157386 140038716539200 pyconfig.py:559] Config param ici_tensor_parallelism: 1
I0805 14:48:03.157405 140038716539200 pyconfig.py:559] Config param ici_tensor_sequence_parallelism: 1
I0805 14:48:03.157425 140038716539200 pyconfig.py:559] Config param ici_tensor_transpose_parallelism: 1
I0805 14:48:03.157445 140038716539200 pyconfig.py:559] Config param image_path: 
I0805 14:48:03.157466 140038716539200 pyconfig.py:559] Config param image_placeholder: <|image|>
I0805 14:48:03.157486 140038716539200 pyconfig.py:559] Config param image_size_for_vit: 896
I0805 14:48:03.157506 140038716539200 pyconfig.py:559] Config param indexer_head_dim: 128
I0805 14:48:03.157526 140038716539200 pyconfig.py:559] Config param indexer_loss_scaling_factor: 0.0
I0805 14:48:03.157547 140038716539200 pyconfig.py:559] Config param indexer_n_heads: 64
I0805 14:48:03.157568 140038716539200 pyconfig.py:559] Config param indexer_sparse_training: False
I0805 14:48:03.157587 140038716539200 pyconfig.py:559] Config param indexer_topk: 2048
I0805 14:48:03.157608 140038716539200 pyconfig.py:559] Config param inference_benchmark_test: False
I0805 14:48:03.157629 140038716539200 pyconfig.py:559] Config param inference_metadata_file: 
I0805 14:48:03.157649 140038716539200 pyconfig.py:559] Config param inference_microbenchmark_log_file_path: 
I0805 14:48:03.157669 140038716539200 pyconfig.py:559] Config param inference_microbenchmark_loop_iters: 10
I0805 14:48:03.157689 140038716539200 pyconfig.py:559] Config param inference_microbenchmark_num_samples: [1, 2, 3, 4, 5]
I0805 14:48:03.157709 140038716539200 pyconfig.py:559] Config param inference_microbenchmark_prefill_lengths: 64,128,256,512,1024
I0805 14:48:03.157742 140038716539200 pyconfig.py:559] Config param inference_microbenchmark_stages: prefill,generate
I0805 14:48:03.157763 140038716539200 pyconfig.py:559] Config param inference_server: MaxtextInterleavedServer
I0805 14:48:03.157783 140038716539200 pyconfig.py:559] Config param inhomogeneous_layer_cycle_interval: 1
I0805 14:48:03.157805 140038716539200 pyconfig.py:559] Config param init_weights_seed: 0
I0805 14:48:03.157826 140038716539200 pyconfig.py:559] Config param input_data_sharding_logical_axes: ['activation_embed_and_logits_batch', 'activation_norm_length']
I0805 14:48:03.157848 140038716539200 pyconfig.py:559] Config param interleave_moe_layer_step: 1
I0805 14:48:03.157870 140038716539200 pyconfig.py:559] Config param intermediate_size_for_vit: 5632
I0805 14:48:03.157891 140038716539200 pyconfig.py:559] Config param internal_compile: False
I0805 14:48:03.157912 140038716539200 pyconfig.py:559] Config param internal_compile_num_devices: -1
I0805 14:48:03.157932 140038716539200 pyconfig.py:559] Config param jax_cache_dir: ~/jax_cache
I0805 14:48:03.157952 140038716539200 pyconfig.py:559] Config param jax_debug_log_modules: 
I0805 14:48:03.157973 140038716539200 pyconfig.py:559] Config param jax_distributed_heartbeat_timeout_seconds: 100
I0805 14:48:03.157994 140038716539200 pyconfig.py:559] Config param jax_distributed_initialization_timeout: 300
I0805 14:48:03.158015 140038716539200 pyconfig.py:559] Config param jax_profiler_port: 9999
I0805 14:48:03.158037 140038716539200 pyconfig.py:559] Config param key_proj: RematLocation.REMAT
I0805 14:48:03.158059 140038716539200 pyconfig.py:559] Config param kv_cache_buffer: 256
I0805 14:48:03.158080 140038716539200 pyconfig.py:559] Config param kv_lora_rank: 512
I0805 14:48:03.158101 140038716539200 pyconfig.py:559] Config param kv_quant_axis: KvQuantAxis.HEADS_AND_DKV
I0805 14:48:03.158126 140038716539200 pyconfig.py:559] Config param kv_quant_dtype: int8
I0805 14:48:03.158147 140038716539200 pyconfig.py:559] Config param kv_wa_proj: RematLocation.REMAT
I0805 14:48:03.158169 140038716539200 pyconfig.py:559] Config param learn_to_init_mode: False
I0805 14:48:03.158190 140038716539200 pyconfig.py:559] Config param learning_rate: 3e-05
I0805 14:48:03.158213 140038716539200 pyconfig.py:559] Config param learning_rate_final_fraction: 0.1
I0805 14:48:03.158234 140038716539200 pyconfig.py:559] Config param learning_rate_schedule_steps: 16
I0805 14:48:03.158255 140038716539200 pyconfig.py:559] Config param load_balance_loss_weight: 0.0
I0805 14:48:03.158276 140038716539200 pyconfig.py:559] Config param load_checkpoint_only_once: False
I0805 14:48:03.158297 140038716539200 pyconfig.py:559] Config param load_from_prefill_dir: False
I0805 14:48:03.158319 140038716539200 pyconfig.py:559] Config param load_full_state_path: 
I0805 14:48:03.158340 140038716539200 pyconfig.py:559] Config param load_parameters_path: 
I0805 14:48:03.158360 140038716539200 pyconfig.py:559] Config param local_checkpoint_directory: 
I0805 14:48:03.158380 140038716539200 pyconfig.py:559] Config param local_checkpoint_period: 0
I0805 14:48:03.158400 140038716539200 pyconfig.py:559] Config param local_rope_max_timescale: -1
I0805 14:48:03.158421 140038716539200 pyconfig.py:559] Config param local_rope_proportion: 1.0
I0805 14:48:03.158442 140038716539200 pyconfig.py:559] Config param log_config: True
I0805 14:48:03.158463 140038716539200 pyconfig.py:559] Config param log_period: 100
I0805 14:48:03.158484 140038716539200 pyconfig.py:559] Config param logical_axis_rules: (('activation_embed_and_logits_batch', ('data', 'stage', 'fsdp', 'fsdp_transpose', 'expert')), ('activation_embed_and_logits_batch_sequence', ('data', 'stage', 'fsdp', 'fsdp_transpose', 'context', 'expert')), ('activation_vocab', ('tensor', 'tensor_transpose', 'tensor_sequence')), ('activation_vocab', ('tensor', 'tensor_transpose')), ('activation_vocab', 'tensor_sequence'), ('vocab', ('tensor', 'tensor_transpose', 'tensor_sequence', 'autoregressive')), ('embed_vocab', ('fsdp', 'fsdp_transpose', 'context', 'expert')), ('activation_batch_attn', ('data', 'fsdp', 'fsdp_transpose', 'expert')), ('activation_heads', ('tensor', 'tensor_transpose', 'tensor_sequence', 'autoregressive')), ('activation_kv_heads', ('tensor', 'tensor_transpose', 'tensor_sequence')), ('activation_length_attn', ('context',)), ('activation_q_length', ('context',)), ('activation_kv_length', ()), ('activation_embed_attn', ('tensor', 'tensor_transpose')), ('activation_kv', ('tensor', 'tensor_transpose', 'tensor_sequence')), ('activation_kv_batch', ('data', 'fsdp', 'fsdp_transpose', 'expert')), ('activation_kv_head_dim', ('tensor', 'tensor_transpose', 'tensor_sequence')), ('heads', ('tensor', 'tensor_transpose', 'tensor_sequence', 'autoregressive')), ('q_heads', ('tensor', 'tensor_transpose', 'tensor_sequence', 'autoregressive')), ('kv_heads', ('tensor', 'tensor_transpose', 'tensor_sequence', 'autoregressive')), ('qkv', ()), ('kv', ()), ('kv_head_dim', ()), ('q_lora', ('fsdp', 'fsdp_transpose', 'context', 'tensor_transpose', 'expert')), ('q_lora', ('fsdp', 'context', 'tensor_transpose', 'expert')), ('q_lora', ('fsdp', 'fsdp_transpose', 'context', 'expert')), ('q_lora', ('fsdp', 'context', 'expert')), ('q_lora_up_proj', ()), ('kv_lora', ('fsdp', 'fsdp_transpose', 'context', 'tensor_transpose', 'expert')), ('kv_lora', ('fsdp', 'context', 'tensor_transpose', 'expert')), ('kv_lora', ('fsdp', 'fsdp_transpose', 'context', 'expert')), ('kv_lora', ('fsdp', 'context', 'expert')), ('kv_lora_up_proj', ()), ('activation_batch_moe', ('data', 'fsdp', 'fsdp_transpose', 'expert')), ('activation_length_moe', ('context',)), ('activation_norm_length_moe', ('tensor_sequence', 'context')), ('activation_embed_moe', ('tensor', 'tensor_transpose')), ('activation_mlp_moe', ('tensor', 'tensor_transpose', 'tensor_sequence')), ('activation_exp', ('expert',)), ('exp', 'expert'), ('mlp_moe', ('fsdp_transpose', 'tensor', 'tensor_sequence', 'autoregressive')), ('embed_moe', ('fsdp', 'fsdp_transpose', 'tensor_transpose', 'context')), ('embed_moe', ('fsdp', 'tensor_transpose', 'context')), ('embed_moe', ('fsdp', 'fsdp_transpose', 'context')), ('embed_moe', ('fsdp', 'context')), ('activation_mlp', ('tensor', 'tensor_transpose', 'tensor_sequence')), ('activation_batch', ('data', 'fsdp', 'fsdp_transpose', 'expert')), ('activation_length', ('context',)), ('activation_norm_length', ('tensor_sequence', 'context')), ('activation_embed', ('tensor', 'tensor_transpose')), ('activation_stage', 'stage'), ('mlp', ('fsdp_transpose', 'tensor', 'tensor_sequence', 'autoregressive')), ('gdn_head', ('fsdp_transpose', 'tensor', 'tensor_sequence', 'autoregressive')), ('embed', ('fsdp', 'fsdp_transpose', 'tensor_transpose', 'context', 'expert')), ('embed', ('fsdp', 'tensor_transpose', 'context', 'expert')), ('embed', ('fsdp', 'fsdp_transpose', 'context', 'expert')), ('embed', ('fsdp', 'context', 'expert')), ('norm', ('tensor', 'tensor_transpose')), ('layers', 'stage'), ('diloco', 'diloco'), ('engram_dim', ('tensor',)), ('dense_layers', ()), ('moe_layers', ()), ('mhc', ()), ('prefill_activation_length', ('context',)), ('prefill_activation_norm_length', ('tensor_sequence', 'context')), ('activation_prefill_kv_batch', ('data', 'fsdp', 'fsdp_transpose', 'expert')), ('decode_batch', ('data', 'fsdp', 'fsdp_transpose', 'expert')), ('decode_length', ()), ('cache_heads', ('autoregressive', 'tensor', 'tensor_transpose', 'tensor_sequence')), ('cache_heads', ('autoregressive', 'tensor', 'tensor_sequence')), ('paged_kv_heads', ('tensor',)), ('cache_batch_prefill', ()), ('cache_batch', ()), ('cache_heads_none', ()), ('cache_kv', ()), ('cache_sequence', ()), ('num_pages', ()), ('tokens_per_page', ()), ('paged_kv_head_dim_size', ()), ('mlp_no_fsdp', ('tensor', 'tensor_sequence', 'autoregressive')), ('embed_tensor_transpose', ('tensor_transpose',)), ('exp_with_fsdp', 'fsdp'))
I0805 14:48:03.158584 140038716539200 pyconfig.py:559] Config param logits_dot_in_fp32: False
I0805 14:48:03.158610 140038716539200 pyconfig.py:559] Config param logits_via_embedding: False
I0805 14:48:03.158632 140038716539200 pyconfig.py:559] Config param lora: {'enable_lora': False, 'lora_rank': 0, 'lora_alpha': 0.0, 'lora_module_path': '', 'lora_restore_path': ''}
I0805 14:48:03.158657 140038716539200 pyconfig.py:559] Config param lora_input_adapters_path: 
I0805 14:48:03.158678 140038716539200 pyconfig.py:559] Config param loss_agg_mode: sequence-mean-token-mean
I0805 14:48:03.158698 140038716539200 pyconfig.py:559] Config param loss_algo: grpo
I0805 14:48:03.158719 140038716539200 pyconfig.py:559] Config param lr_schedule_type: LearningRateScheduleType.COSINE
I0805 14:48:03.158743 140038716539200 pyconfig.py:559] Config param lti_layer_indices: None
I0805 14:48:03.158765 140038716539200 pyconfig.py:559] Config param lti_use_general_linear_map: False
I0805 14:48:03.158785 140038716539200 pyconfig.py:559] Config param managed_mldiagnostics: False
I0805 14:48:03.158805 140038716539200 pyconfig.py:559] Config param managed_mldiagnostics_dir: /root/work/scale-your-amd/runs/20260805-maxtext-disp-mixtral-ragged-dot/maxtext/disp-mixtral-ragged-dot/managed-mldiagnostics
I0805 14:48:03.158826 140038716539200 pyconfig.py:559] Config param managed_mldiagnostics_on_demand_profiling: True
I0805 14:48:03.158847 140038716539200 pyconfig.py:559] Config param managed_mldiagnostics_region: 
I0805 14:48:03.158868 140038716539200 pyconfig.py:559] Config param managed_mldiagnostics_run_group: 
I0805 14:48:03.158888 140038716539200 pyconfig.py:559] Config param math_verify_num_procs: None
I0805 14:48:03.158908 140038716539200 pyconfig.py:559] Config param math_verify_timeout: 300
I0805 14:48:03.158929 140038716539200 pyconfig.py:559] Config param matmul_precision: MatmulPrecision.DEFAULT
I0805 14:48:03.158952 140038716539200 pyconfig.py:559] Config param max_checkify: False
I0805 14:48:03.158973 140038716539200 pyconfig.py:559] Config param max_concurrency: 256
I0805 14:48:03.158993 140038716539200 pyconfig.py:559] Config param max_corpus_chars: 10000000
I0805 14:48:03.159014 140038716539200 pyconfig.py:559] Config param max_num_batched_tokens: None
I0805 14:48:03.159034 140038716539200 pyconfig.py:559] Config param max_num_checkpoints_to_keep: None
I0805 14:48:03.159054 140038716539200 pyconfig.py:559] Config param max_num_images_per_example: -1
I0805 14:48:03.159074 140038716539200 pyconfig.py:559] Config param max_num_seqs: None
I0805 14:48:03.159095 140038716539200 pyconfig.py:559] Config param max_position_embeddings: 163840
I0805 14:48:03.159116 140038716539200 pyconfig.py:559] Config param max_prefill_predict_length: 64
I0805 14:48:03.159136 140038716539200 pyconfig.py:559] Config param max_sample_len_for_audio: 10000
I0805 14:48:03.159156 140038716539200 pyconfig.py:559] Config param max_segments_per_seq: 1
I0805 14:48:03.159176 140038716539200 pyconfig.py:559] Config param max_source_positions_for_audio: 1500
I0805 14:48:03.159197 140038716539200 pyconfig.py:559] Config param max_target_length: 4096
I0805 14:48:03.159217 140038716539200 pyconfig.py:559] Config param max_timescale_for_audio: 10000.0
I0805 14:48:03.159237 140038716539200 pyconfig.py:559] Config param megablox: False
I0805 14:48:03.159258 140038716539200 pyconfig.py:559] Config param merge_gating_gmm: False
I0805 14:48:03.159279 140038716539200 pyconfig.py:559] Config param mesh_axes: ['diloco', 'data', 'stage', 'fsdp', 'fsdp_transpose', 'context', 'context_autoregressive', 'tensor', 'tensor_transpose', 'tensor_sequence', 'expert', 'autoregressive']
I0805 14:48:03.159301 140038716539200 pyconfig.py:559] Config param metrics_dir: /root/work/scale-your-amd/runs/20260805-maxtext-disp-mixtral-ragged-dot/maxtext/disp-mixtral-ragged-dot/metrics/
I0805 14:48:03.159321 140038716539200 pyconfig.py:559] Config param metrics_file: 
I0805 14:48:03.159342 140038716539200 pyconfig.py:559] Config param mhc_expansion_rate: 1
I0805 14:48:03.159361 140038716539200 pyconfig.py:559] Config param micro_batch_size_to_eval_on: 32
I0805 14:48:03.159381 140038716539200 pyconfig.py:559] Config param micro_batch_size_to_train_on: 32
I0805 14:48:03.159402 140038716539200 pyconfig.py:559] Config param mla_kv: RematLocation.REMAT
I0805 14:48:03.159422 140038716539200 pyconfig.py:559] Config param mla_naive_kvcache: True
I0805 14:48:03.159443 140038716539200 pyconfig.py:559] Config param mla_q: RematLocation.REMAT
I0805 14:48:03.159465 140038716539200 pyconfig.py:559] Config param mlp_activations: ['silu', 'linear']
I0805 14:48:03.159486 140038716539200 pyconfig.py:559] Config param mlp_activations_limit: -1.0
I0805 14:48:03.159507 140038716539200 pyconfig.py:559] Config param mlp_bias: False
I0805 14:48:03.159529 140038716539200 pyconfig.py:559] Config param mlp_dim: 14336
I0805 14:48:03.159550 140038716539200 pyconfig.py:559] Config param mlpwi: RematLocation.REMAT
I0805 14:48:03.159570 140038716539200 pyconfig.py:559] Config param mlpwi_0: RematLocation.REMAT
I0805 14:48:03.159592 140038716539200 pyconfig.py:559] Config param mlpwi_1: RematLocation.REMAT
I0805 14:48:03.159612 140038716539200 pyconfig.py:559] Config param mlpwo: RematLocation.REMAT
I0805 14:48:03.159632 140038716539200 pyconfig.py:559] Config param moba: False
I0805 14:48:03.159652 140038716539200 pyconfig.py:559] Config param moba_chunk_size: 1024
I0805 14:48:03.159673 140038716539200 pyconfig.py:559] Config param moba_topk: 8
I0805 14:48:03.159693 140038716539200 pyconfig.py:559] Config param model_call_mode: 
I0805 14:48:03.159713 140038716539200 pyconfig.py:559] Config param model_name: mixtral-8x7b
I0805 14:48:03.159733 140038716539200 pyconfig.py:559] Config param moe_dispatch_no_expert_sharding: False
I0805 14:48:03.159754 140038716539200 pyconfig.py:559] Config param moe_expert_input_dim: -1
I0805 14:48:03.159774 140038716539200 pyconfig.py:559] Config param moe_fsdp_use_two_stage_all_gather: False
I0805 14:48:03.159795 140038716539200 pyconfig.py:559] Config param moe_mlp_dim: 14336
I0805 14:48:03.159815 140038716539200 pyconfig.py:559] Config param moe_mlpwi_0: RematLocation.REMAT
I0805 14:48:03.159836 140038716539200 pyconfig.py:559] Config param moe_mlpwi_1: RematLocation.REMAT
I0805 14:48:03.159857 140038716539200 pyconfig.py:559] Config param moe_mlpwo: RematLocation.REMAT
I0805 14:48:03.159877 140038716539200 pyconfig.py:559] Config param monitor_goodput: False
I0805 14:48:03.159898 140038716539200 pyconfig.py:559] Config param monitor_step_time_deviation: True
I0805 14:48:03.159917 140038716539200 pyconfig.py:559] Config param mrope_section: [24, 20, 20]
I0805 14:48:03.159938 140038716539200 pyconfig.py:559] Config param mscale: 1.0
I0805 14:48:03.159959 140038716539200 pyconfig.py:559] Config param mtc_data_parallelism: 0
I0805 14:48:03.159980 140038716539200 pyconfig.py:559] Config param mtp_eval_target_module: 0
I0805 14:48:03.160000 140038716539200 pyconfig.py:559] Config param mtp_loss_scaling_factor: 0.1
I0805 14:48:03.160021 140038716539200 pyconfig.py:559] Config param mtp_num_layers: 0
I0805 14:48:03.160041 140038716539200 pyconfig.py:559] Config param mu_dtype: float32
I0805 14:48:03.160077 140038716539200 pyconfig.py:559] Config param multi_sampling: False
I0805 14:48:03.160101 140038716539200 pyconfig.py:559] Config param multi_tier_checkpointing_backup_interval_minutes: 0
I0805 14:48:03.160122 140038716539200 pyconfig.py:559] Config param muon_beta: 0.95
I0805 14:48:03.160143 140038716539200 pyconfig.py:559] Config param muon_consistent_rms: None
I0805 14:48:03.160164 140038716539200 pyconfig.py:559] Config param muon_weight_decay: 0.0
I0805 14:48:03.160184 140038716539200 pyconfig.py:559] Config param n_routing_groups: -1
I0805 14:48:03.160204 140038716539200 pyconfig.py:559] Config param n_window_for_audio: 50
I0805 14:48:03.160224 140038716539200 pyconfig.py:559] Config param n_window_infer_for_audio: 800
I0805 14:48:03.160244 140038716539200 pyconfig.py:559] Config param nope_layer_interval: -1
I0805 14:48:03.160264 140038716539200 pyconfig.py:559] Config param norm_topk_prob: False
I0805 14:48:03.160284 140038716539200 pyconfig.py:559] Config param normalization_layer_epsilon: 1e-05
I0805 14:48:03.160305 140038716539200 pyconfig.py:559] Config param normalize_embedding_logits: True
I0805 14:48:03.160327 140038716539200 pyconfig.py:559] Config param num_attention_heads_for_vit: 16
I0805 14:48:03.160347 140038716539200 pyconfig.py:559] Config param num_batches: 4
I0805 14:48:03.160368 140038716539200 pyconfig.py:559] Config param num_channels_for_vit: 3
I0805 14:48:03.160387 140038716539200 pyconfig.py:559] Config param num_conv_layers_for_audio: 3
I0805 14:48:03.160408 140038716539200 pyconfig.py:559] Config param num_decoder_layers: 32
I0805 14:48:03.160428 140038716539200 pyconfig.py:559] Config param num_diloco_replicas: 1
I0805 14:48:03.160448 140038716539200 pyconfig.py:559] Config param num_epoch: 1
I0805 14:48:03.160469 140038716539200 pyconfig.py:559] Config param num_eval_passes: 1
I0805 14:48:03.160490 140038716539200 pyconfig.py:559] Config param num_experts: 8
I0805 14:48:03.160510 140038716539200 pyconfig.py:559] Config param num_experts_per_tok: 2
I0805 14:48:03.160529 140038716539200 pyconfig.py:559] Config param num_generations: 2
I0805 14:48:03.160550 140038716539200 pyconfig.py:559] Config param num_hidden_layers_for_vit: 34
I0805 14:48:03.160571 140038716539200 pyconfig.py:559] Config param num_iterations: 1
I0805 14:48:03.160591 140038716539200 pyconfig.py:559] Config param num_kv_heads: 8
I0805 14:48:03.160609 140038716539200 pyconfig.py:559] Config param num_kv_shared_layers: 0
I0805 14:48:03.160629 140038716539200 pyconfig.py:559] Config param num_layers_per_pipeline_stage: 1
I0805 14:48:03.160650 140038716539200 pyconfig.py:559] Config param num_mel_bins_for_audio: 128
I0805 14:48:03.160670 140038716539200 pyconfig.py:559] Config param num_pipeline_microbatches: -1
I0805 14:48:03.160689 140038716539200 pyconfig.py:559] Config param num_pipeline_repeats: -1
I0805 14:48:03.160709 140038716539200 pyconfig.py:559] Config param num_position_embeddings_for_vit: 1024
I0805 14:48:03.160729 140038716539200 pyconfig.py:559] Config param num_query_heads: 32
I0805 14:48:03.160750 140038716539200 pyconfig.py:559] Config param num_samplers_slices: -1
I0805 14:48:03.160768 140038716539200 pyconfig.py:559] Config param num_slices: 1
I0805 14:48:03.160788 140038716539200 pyconfig.py:559] Config param num_target_devices: 8
I0805 14:48:03.160808 140038716539200 pyconfig.py:559] Config param num_test_batches: 5
I0805 14:48:03.160827 140038716539200 pyconfig.py:559] Config param num_trainer_slices: -1
I0805 14:48:03.160846 140038716539200 pyconfig.py:559] Config param num_vocab_tiling: 1
I0805 14:48:03.160866 140038716539200 pyconfig.py:559] Config param o_groups: 0
I0805 14:48:03.160886 140038716539200 pyconfig.py:559] Config param o_lora_rank: 0
I0805 14:48:03.160906 140038716539200 pyconfig.py:559] Config param off_policy_steps: 0
I0805 14:48:03.160925 140038716539200 pyconfig.py:559] Config param offline_data_dir: None
I0805 14:48:03.160946 140038716539200 pyconfig.py:559] Config param olmo_apply_ngram_filter: True
I0805 14:48:03.160966 140038716539200 pyconfig.py:559] Config param olmo_index_path: 
I0805 14:48:03.160988 140038716539200 pyconfig.py:559] Config param olmo_path_remap_from: 
I0805 14:48:03.161009 140038716539200 pyconfig.py:559] Config param olmo_path_remap_to: 
I0805 14:48:03.161028 140038716539200 pyconfig.py:559] Config param opt_type: OptimizerType.ADAMW
I0805 14:48:03.161052 140038716539200 pyconfig.py:559] Config param optimize_mesh_for_tpu_v6e: False
I0805 14:48:03.161071 140038716539200 pyconfig.py:559] Config param optimizer_memory_host_offload: False
I0805 14:48:03.161091 140038716539200 pyconfig.py:559] Config param original_max_position_embeddings: 4096
I0805 14:48:03.161111 140038716539200 pyconfig.py:559] Config param out_hidden_size_for_vit: 512
I0805 14:48:03.161130 140038716539200 pyconfig.py:559] Config param out_proj: RematLocation.REMAT
I0805 14:48:03.161151 140038716539200 pyconfig.py:559] Config param output_dim_for_audio: 512
I0805 14:48:03.161170 140038716539200 pyconfig.py:559] Config param override_logical_axis_rules: False
I0805 14:48:03.161190 140038716539200 pyconfig.py:559] Config param override_model_config: False
I0805 14:48:03.161210 140038716539200 pyconfig.py:559] Config param packing: True
I0805 14:48:03.161230 140038716539200 pyconfig.py:559] Config param padded_base_moe_mlp_dim: None
I0805 14:48:03.161250 140038716539200 pyconfig.py:559] Config param param_scan_axis: 1
I0805 14:48:03.161270 140038716539200 pyconfig.py:559] Config param parameter_memory_host_offload: False
I0805 14:48:03.161289 140038716539200 pyconfig.py:559] Config param partial_rotary_factor: 1.0
I0805 14:48:03.161309 140038716539200 pyconfig.py:559] Config param patch_size_for_vit: 14
I0805 14:48:03.161329 140038716539200 pyconfig.py:559] Config param penalty_incorrect_answer: -1.0
I0805 14:48:03.161349 140038716539200 pyconfig.py:559] Config param penalty_incorrect_format: -0.5
I0805 14:48:03.161369 140038716539200 pyconfig.py:559] Config param per_device_batch_size: 4.0
I0805 14:48:03.161389 140038716539200 pyconfig.py:559] Config param per_device_batch_size_increment: 2.0
I0805 14:48:03.161410 140038716539200 pyconfig.py:559] Config param per_device_batch_size_start: 4.0
I0805 14:48:03.161430 140038716539200 pyconfig.py:559] Config param pipeline_delay_activation_forwarding: False
I0805 14:48:03.161451 140038716539200 pyconfig.py:559] Config param pipeline_fsdp_ag_once: False
I0805 14:48:03.161470 140038716539200 pyconfig.py:559] Config param pipeline_fsdp_ag_per_repeat: False
I0805 14:48:03.161490 140038716539200 pyconfig.py:559] Config param pipeline_parallel_layers: 32
I0805 14:48:03.161510 140038716539200 pyconfig.py:559] Config param pixel_shuffle_ratio_for_vit: 0.5
I0805 14:48:03.161531 140038716539200 pyconfig.py:559] Config param posemb_type_for_vit: learn
I0805 14:48:03.161551 140038716539200 pyconfig.py:559] Config param position_id_per_seconds: 25
I0805 14:48:03.161574 140038716539200 pyconfig.py:559] Config param prefill_cache_axis_order: 1,2,0,3
I0805 14:48:03.161594 140038716539200 pyconfig.py:559] Config param prefill_cache_dir: 
I0805 14:48:03.161616 140038716539200 pyconfig.py:559] Config param prefill_chunk_size: 256
I0805 14:48:03.161637 140038716539200 pyconfig.py:559] Config param prefill_slice: v5e-16
I0805 14:48:03.161657 140038716539200 pyconfig.py:559] Config param prefix_caching_dram_byte: 100000000000
I0805 14:48:03.161679 140038716539200 pyconfig.py:559] Config param prefix_caching_hbm_byte: 10000000000
I0805 14:48:03.161699 140038716539200 pyconfig.py:559] Config param prefuse_moe_weights: False
I0805 14:48:03.161719 140038716539200 pyconfig.py:559] Config param profile_cleanly: True
I0805 14:48:03.161745 140038716539200 pyconfig.py:559] Config param profile_periodically_period: -1
I0805 14:48:03.161764 140038716539200 pyconfig.py:559] Config param profile_power_events: False
I0805 14:48:03.161784 140038716539200 pyconfig.py:559] Config param profiler: ProfilerType.NONE
I0805 14:48:03.161806 140038716539200 pyconfig.py:559] Config param profiler_steps: 5
I0805 14:48:03.161827 140038716539200 pyconfig.py:559] Config param projector_dropout_for_vit: 0.0
I0805 14:48:03.161847 140038716539200 pyconfig.py:559] Config param projector_input_dim_for_vit: 4096
I0805 14:48:03.161867 140038716539200 pyconfig.py:559] Config param projector_output_dim_for_vit: 4096
I0805 14:48:03.161887 140038716539200 pyconfig.py:559] Config param prometheus_port: 0
I0805 14:48:03.161909 140038716539200 pyconfig.py:559] Config param prompt: I love to
I0805 14:48:03.161929 140038716539200 pyconfig.py:559] Config param pure_nnx: False
I0805 14:48:03.161949 140038716539200 pyconfig.py:559] Config param pure_nnx_decoder: False
I0805 14:48:03.161971 140038716539200 pyconfig.py:559] Config param q_lora_rank: 0
I0805 14:48:03.161990 140038716539200 pyconfig.py:559] Config param qk_clip_threshold: 100.0
I0805 14:48:03.162011 140038716539200 pyconfig.py:559] Config param qk_nope_head_dim: 128
I0805 14:48:03.162031 140038716539200 pyconfig.py:559] Config param qk_norm_with_scale: True
I0805 14:48:03.162051 140038716539200 pyconfig.py:559] Config param qk_rope_head_dim: 64
I0805 14:48:03.162071 140038716539200 pyconfig.py:559] Config param qkv_proj: RematLocation.REMAT
I0805 14:48:03.162091 140038716539200 pyconfig.py:559] Config param quant_cfg_path: 
I0805 14:48:03.162111 140038716539200 pyconfig.py:559] Config param quantization: QuantizationType.NONE
I0805 14:48:03.162133 140038716539200 pyconfig.py:559] Config param quantization_local_shard_count: 8
I0805 14:48:03.162154 140038716539200 pyconfig.py:559] Config param quantize_kvcache: False
I0805 14:48:03.162174 140038716539200 pyconfig.py:559] Config param query_proj: RematLocation.REMAT
I0805 14:48:03.162194 140038716539200 pyconfig.py:559] Config param query_wa_proj: RematLocation.REMAT
I0805 14:48:03.162214 140038716539200 pyconfig.py:559] Config param ragged_block_size: 256
I0805 14:48:03.162235 140038716539200 pyconfig.py:559] Config param ragged_buffer_factor: -1.0
I0805 14:48:03.162255 140038716539200 pyconfig.py:559] Config param ragged_gather_cost_estimate_bytes_accessed: -1
I0805 14:48:03.162275 140038716539200 pyconfig.py:559] Config param ragged_gather_cost_estimate_flops: -1
I0805 14:48:03.162295 140038716539200 pyconfig.py:559] Config param ragged_gather_fallback: False
I0805 14:48:03.162315 140038716539200 pyconfig.py:559] Config param ragged_gather_reduce_cost_estimate_bytes_accessed: -1
I0805 14:48:03.162336 140038716539200 pyconfig.py:559] Config param ragged_gather_reduce_cost_estimate_flops: -1
I0805 14:48:03.162355 140038716539200 pyconfig.py:559] Config param ragged_gather_reduce_fallback: False
I0805 14:48:03.162375 140038716539200 pyconfig.py:559] Config param rampup_end_step: 0
I0805 14:48:03.162395 140038716539200 pyconfig.py:559] Config param rampup_samples_per_increment_to_load: None
I0805 14:48:03.162415 140038716539200 pyconfig.py:559] Config param reasoning_end_token: </reasoning>
I0805 14:48:03.162435 140038716539200 pyconfig.py:559] Config param reasoning_start_token: <reasoning>
I0805 14:48:03.162456 140038716539200 pyconfig.py:559] Config param record_internal_nn_metrics: 0
I0805 14:48:03.162476 140038716539200 pyconfig.py:559] Config param remat_policy: save_dot_with_context_except_mlp
I0805 14:48:03.162495 140038716539200 pyconfig.py:559] Config param remat_policy_for_vit: minimal
I0805 14:48:03.162514 140038716539200 pyconfig.py:559] Config param remove_size_one_mesh_axis_from_type: True
I0805 14:48:03.162535 140038716539200 pyconfig.py:559] Config param replicate_quant_scale: False
I0805 14:48:03.162555 140038716539200 pyconfig.py:559] Config param replicator_backup_interval_minutes: 0
I0805 14:48:03.162575 140038716539200 pyconfig.py:559] Config param report_heartbeat_metric_for_gcp_monitoring: False
I0805 14:48:03.162595 140038716539200 pyconfig.py:559] Config param report_performance_metric_for_gcp_monitoring: False
I0805 14:48:03.162615 140038716539200 pyconfig.py:559] Config param reshape_q: False
I0805 14:48:03.162636 140038716539200 pyconfig.py:559] Config param reshard_chunk_size: None
I0805 14:48:03.162658 140038716539200 pyconfig.py:559] Config param return_log_prob: False
I0805 14:48:03.162678 140038716539200 pyconfig.py:559] Config param reuse_example_batch: 0
I0805 14:48:03.162698 140038716539200 pyconfig.py:559] Config param reward_exact_answer: 5.0
I0805 14:48:03.162719 140038716539200 pyconfig.py:559] Config param reward_exact_format_match: 3.0
I0805 14:48:03.162739 140038716539200 pyconfig.py:559] Config param reward_partial_format_match: 0.5
I0805 14:48:03.162760 140038716539200 pyconfig.py:559] Config param reward_ratio_guess_to_answer_high: 0.5
I0805 14:48:03.162781 140038716539200 pyconfig.py:559] Config param reward_ratio_guess_to_answer_low: 0.25
I0805 14:48:03.162802 140038716539200 pyconfig.py:559] Config param reward_white_space_format_match: 1.5
I0805 14:48:03.162822 140038716539200 pyconfig.py:559] Config param rl: {'num_generations': 2, 'num_iterations': 1, 'grpo_beta': 0.08, 'grpo_epsilon': 0.2, 'loss_algo': 'grpo', 'loss_agg_mode': 'sequence-mean-token-mean', 'use_agentic_rollout': False, 'max_concurrency': 256, 'off_policy_steps': 0, 'system_prompt': '', 'degenerate_group_masking': True, 'epsilon_high': None, 'reshard_chunk_size': None}
I0805 14:48:03.162850 140038716539200 pyconfig.py:559] Config param rollout_data_parallelism: -1
I0805 14:48:03.162871 140038716539200 pyconfig.py:559] Config param rollout_expert_parallelism: 1
I0805 14:48:03.162892 140038716539200 pyconfig.py:559] Config param rollout_micro_batch_size: -1
I0805 14:48:03.162911 140038716539200 pyconfig.py:559] Config param rollout_tensor_parallelism: -1
I0805 14:48:03.162931 140038716539200 pyconfig.py:559] Config param rope_attention_scaling: False
I0805 14:48:03.162952 140038716539200 pyconfig.py:559] Config param rope_factor: 40
I0805 14:48:03.162971 140038716539200 pyconfig.py:559] Config param rope_interleave: True
I0805 14:48:03.162992 140038716539200 pyconfig.py:559] Config param rope_linear_scaling_factor: 1.0
I0805 14:48:03.163012 140038716539200 pyconfig.py:559] Config param rope_max_timescale: 1000000
I0805 14:48:03.163033 140038716539200 pyconfig.py:559] Config param rope_min_timescale: 1
I0805 14:48:03.163053 140038716539200 pyconfig.py:559] Config param rope_theta_for_vit: 10000
I0805 14:48:03.163074 140038716539200 pyconfig.py:559] Config param rope_truncate: True
I0805 14:48:03.163094 140038716539200 pyconfig.py:559] Config param rope_type: RopeType.DEFAULT
I0805 14:48:03.163117 140038716539200 pyconfig.py:559] Config param rope_use_scale: True
I0805 14:48:03.163136 140038716539200 pyconfig.py:559] Config param routed_bias: False
I0805 14:48:03.163156 140038716539200 pyconfig.py:559] Config param routed_bias_update_rate: 0.0
I0805 14:48:03.163177 140038716539200 pyconfig.py:559] Config param routed_scaling_factor: 1.0
I0805 14:48:03.163198 140038716539200 pyconfig.py:559] Config param routed_score_func: 
I0805 14:48:03.163218 140038716539200 pyconfig.py:559] Config param run_name: disp-mixtral-ragged-dot
I0805 14:48:03.163239 140038716539200 pyconfig.py:559] Config param sa_block_kv: 512
I0805 14:48:03.163259 140038716539200 pyconfig.py:559] Config param sa_block_kv_compute: 512
I0805 14:48:03.163280 140038716539200 pyconfig.py:559] Config param sa_block_kv_dkv: 512
I0805 14:48:03.163300 140038716539200 pyconfig.py:559] Config param sa_block_kv_dkv_compute: 512
I0805 14:48:03.163321 140038716539200 pyconfig.py:559] Config param sa_block_kv_dq: 512
I0805 14:48:03.163341 140038716539200 pyconfig.py:559] Config param sa_block_q: 512
I0805 14:48:03.163361 140038716539200 pyconfig.py:559] Config param sa_block_q_dkv: 512
I0805 14:48:03.163382 140038716539200 pyconfig.py:559] Config param sa_block_q_dq: 512
I0805 14:48:03.163401 140038716539200 pyconfig.py:559] Config param sa_k_layout: HEAD_DIM_MINOR
I0805 14:48:03.163421 140038716539200 pyconfig.py:559] Config param sa_q_layout: HEAD_DIM_MINOR
I0805 14:48:03.163441 140038716539200 pyconfig.py:559] Config param sa_use_fused_bwd_kernel: False
I0805 14:48:03.163461 140038716539200 pyconfig.py:559] Config param sa_v_layout: HEAD_DIM_MINOR
I0805 14:48:03.163480 140038716539200 pyconfig.py:559] Config param sampler_devices_fraction: 0.5
I0805 14:48:03.163500 140038716539200 pyconfig.py:559] Config param save_checkpoint_on_completion: True
I0805 14:48:03.163520 140038716539200 pyconfig.py:559] Config param save_config_to_gcs: False
I0805 14:48:03.163539 140038716539200 pyconfig.py:559] Config param save_quantized_params_path: 
I0805 14:48:03.163559 140038716539200 pyconfig.py:559] Config param scale_embedding_for_audio: True
I0805 14:48:03.163579 140038716539200 pyconfig.py:559] Config param scan_layers: True
I0805 14:48:03.163600 140038716539200 pyconfig.py:559] Config param scan_layers_per_stage: False
I0805 14:48:03.163619 140038716539200 pyconfig.py:559] Config param scan_pipeline_iterations: True
I0805 14:48:03.163638 140038716539200 pyconfig.py:559] Config param scan_pipeline_repeats: False
I0805 14:48:03.163658 140038716539200 pyconfig.py:559] Config param set_remat_policy_on_layers_per_stage: False
I0805 14:48:03.163678 140038716539200 pyconfig.py:559] Config param set_remat_policy_on_pipeline_iterations: True
I0805 14:48:03.163698 140038716539200 pyconfig.py:559] Config param sft_train_on_completion_only: False
I0805 14:48:03.163719 140038716539200 pyconfig.py:559] Config param shard_exp_on_fsdp: False
I0805 14:48:03.163739 140038716539200 pyconfig.py:559] Config param shard_mode: ShardMode.AUTO
I0805 14:48:03.163763 140038716539200 pyconfig.py:559] Config param shard_optimizer_over_data: False
I0805 14:48:03.163782 140038716539200 pyconfig.py:559] Config param sharding_strategy: None
I0805 14:48:03.163802 140038716539200 pyconfig.py:559] Config param sharding_tolerance: 0.02
I0805 14:48:03.163821 140038716539200 pyconfig.py:559] Config param shardy: True
I0805 14:48:03.163840 140038716539200 pyconfig.py:559] Config param share_kv_projections: False
I0805 14:48:03.163861 140038716539200 pyconfig.py:559] Config param shared_experts: 0
I0805 14:48:03.163881 140038716539200 pyconfig.py:559] Config param sinkhorn_iterations: 20
I0805 14:48:03.163902 140038716539200 pyconfig.py:559] Config param skip_first_n_steps_for_profiler: 1
I0805 14:48:03.163921 140038716539200 pyconfig.py:559] Config param skip_jax_distributed_system: False
I0805 14:48:03.163941 140038716539200 pyconfig.py:559] Config param skip_step_interval: 128
I0805 14:48:03.163961 140038716539200 pyconfig.py:559] Config param skip_step_on_spikes: False
I0805 14:48:03.163981 140038716539200 pyconfig.py:559] Config param skip_step_scaling_factor: 6.0
I0805 14:48:03.164001 140038716539200 pyconfig.py:559] Config param sliding_window_size: 0
I0805 14:48:03.164022 140038716539200 pyconfig.py:559] Config param solution_end_token: </answer>
I0805 14:48:03.164041 140038716539200 pyconfig.py:559] Config param solution_start_token: <answer>
I0805 14:48:03.164061 140038716539200 pyconfig.py:559] Config param source_checkpoint_layout: orbax
I0805 14:48:03.164081 140038716539200 pyconfig.py:559] Config param sparse_matmul: True
I0805 14:48:03.164101 140038716539200 pyconfig.py:559] Config param spatial_merge_size_for_vit: 2
I0805 14:48:03.164121 140038716539200 pyconfig.py:559] Config param stack_prefill_result_cache: False
I0805 14:48:03.164141 140038716539200 pyconfig.py:559] Config param step_deviation_interval_seconds: 30
I0805 14:48:03.164162 140038716539200 pyconfig.py:559] Config param steps: 16
I0805 14:48:03.164181 140038716539200 pyconfig.py:559] Config param stop_strings: None
I0805 14:48:03.164202 140038716539200 pyconfig.py:559] Config param student_overrides: {}
I0805 14:48:03.164223 140038716539200 pyconfig.py:559] Config param student_params_to_update: None
I0805 14:48:03.164243 140038716539200 pyconfig.py:559] Config param subslice_shape: 
I0805 14:48:03.164263 140038716539200 pyconfig.py:559] Config param swap_space_vllm_gb: 2
I0805 14:48:03.164284 140038716539200 pyconfig.py:559] Config param system_prompt: 
I0805 14:48:03.164303 140038716539200 pyconfig.py:559] Config param target_eval_loss: 0.0
I0805 14:48:03.164324 140038716539200 pyconfig.py:559] Config param teacher_overrides: {}
I0805 14:48:03.164345 140038716539200 pyconfig.py:559] Config param temperature_tuning: False
I0805 14:48:03.164365 140038716539200 pyconfig.py:559] Config param temporal_patch_size_for_vit: 2
I0805 14:48:03.164385 140038716539200 pyconfig.py:559] Config param tensorboard_dir: /root/work/scale-your-amd/runs/20260805-maxtext-disp-mixtral-ragged-dot/maxtext/disp-mixtral-ragged-dot/tensorboard/
I0805 14:48:03.164406 140038716539200 pyconfig.py:559] Config param tensors_on_device: None
I0805 14:48:03.164427 140038716539200 pyconfig.py:559] Config param tensors_to_offload: None
I0805 14:48:03.164447 140038716539200 pyconfig.py:559] Config param test_batch_start_index: 0
I0805 14:48:03.164467 140038716539200 pyconfig.py:559] Config param tile_size_for_vit: 336
I0805 14:48:03.164487 140038716539200 pyconfig.py:559] Config param tokenize_eval_data: True
I0805 14:48:03.164507 140038716539200 pyconfig.py:559] Config param tokenize_train_data: True
I0805 14:48:03.164528 140038716539200 pyconfig.py:559] Config param tokenizer_path: mistralai/Mixtral-8x7B-Instruct-v0.1
I0805 14:48:03.164549 140038716539200 pyconfig.py:559] Config param tokenizer_type: TokenizerType.SENTENCEPIECE
I0805 14:48:03.164572 140038716539200 pyconfig.py:559] Config param topk_routing_group: -1
I0805 14:48:03.164591 140038716539200 pyconfig.py:559] Config param tpu_num_chips_to_profile_per_task: 1
I0805 14:48:03.164612 140038716539200 pyconfig.py:559] Config param tpu_num_sparse_core_tiles_to_trace: 1
I0805 14:48:03.164632 140038716539200 pyconfig.py:559] Config param tpu_num_sparse_cores_to_trace: 2
I0805 14:48:03.164652 140038716539200 pyconfig.py:559] Config param train_data_columns: ['text']
I0805 14:48:03.164673 140038716539200 pyconfig.py:559] Config param train_fraction: 1.0
I0805 14:48:03.164694 140038716539200 pyconfig.py:559] Config param train_image_column: image
I0805 14:48:03.164714 140038716539200 pyconfig.py:559] Config param train_micro_batch_size: -1
I0805 14:48:03.164734 140038716539200 pyconfig.py:559] Config param train_split: train
I0805 14:48:03.164754 140038716539200 pyconfig.py:559] Config param trainable_parameters_mask: []
I0805 14:48:03.164774 140038716539200 pyconfig.py:559] Config param trainable_position_size: -1
I0805 14:48:03.164794 140038716539200 pyconfig.py:559] Config param trainer_devices_fraction: 0.5
I0805 14:48:03.164816 140038716539200 pyconfig.py:559] Config param upload_all_profiler_results: False
I0805 14:48:03.164837 140038716539200 pyconfig.py:559] Config param use_agentic_rollout: False
I0805 14:48:03.164857 140038716539200 pyconfig.py:559] Config param use_audio: False
I0805 14:48:03.164878 140038716539200 pyconfig.py:559] Config param use_audio_in_video: False
I0805 14:48:03.164898 140038716539200 pyconfig.py:559] Config param use_batch_split_schedule: False
I0805 14:48:03.164918 140038716539200 pyconfig.py:559] Config param use_chat_template: False
I0805 14:48:03.164938 140038716539200 pyconfig.py:559] Config param use_chunked_prefill: False
I0805 14:48:03.164959 140038716539200 pyconfig.py:559] Config param use_custom_sort_vjp: True
I0805 14:48:03.164979 140038716539200 pyconfig.py:559] Config param use_double_wide_mlp: False
I0805 14:48:03.164999 140038716539200 pyconfig.py:559] Config param use_dpo: False
I0805 14:48:03.165019 140038716539200 pyconfig.py:559] Config param use_gather_mosaic_kernel: False
I0805 14:48:03.165039 140038716539200 pyconfig.py:559] Config param use_gmm_v2: False
I0805 14:48:03.165059 140038716539200 pyconfig.py:559] Config param use_grpo: True
I0805 14:48:03.165079 140038716539200 pyconfig.py:559] Config param use_indexer: False
I0805 14:48:03.165099 140038716539200 pyconfig.py:559] Config param use_iota_embed: False
I0805 14:48:03.165119 140038716539200 pyconfig.py:559] Config param use_jax_splash: False
I0805 14:48:03.165139 140038716539200 pyconfig.py:559] Config param use_manual_quantization: False
I0805 14:48:03.165158 140038716539200 pyconfig.py:559] Config param use_max_logit_estimate: -1
I0805 14:48:03.165179 140038716539200 pyconfig.py:559] Config param use_mrope: False
I0805 14:48:03.165199 140038716539200 pyconfig.py:559] Config param use_multimodal: False
I0805 14:48:03.165219 140038716539200 pyconfig.py:559] Config param use_pathways: True
I0805 14:48:03.165238 140038716539200 pyconfig.py:559] Config param use_post_attn_norm: False
I0805 14:48:03.165258 140038716539200 pyconfig.py:559] Config param use_post_ffw_norm: False
I0805 14:48:03.165278 140038716539200 pyconfig.py:559] Config param use_qk_clip: False
I0805 14:48:03.165297 140038716539200 pyconfig.py:559] Config param use_qk_norm: False
I0805 14:48:03.165318 140038716539200 pyconfig.py:559] Config param use_qk_norm_in_gdn: True
I0805 14:48:03.165338 140038716539200 pyconfig.py:559] Config param use_qwix_quantization: False
I0805 14:48:03.165357 140038716539200 pyconfig.py:559] Config param use_ragged_attention: False
I0805 14:48:03.165377 140038716539200 pyconfig.py:559] Config param use_ragged_sort: False
I0805 14:48:03.165396 140038716539200 pyconfig.py:559] Config param use_random_routing: False
I0805 14:48:03.165417 140038716539200 pyconfig.py:559] Config param use_replicator_service: False
I0805 14:48:03.165436 140038716539200 pyconfig.py:559] Config param use_ring_of_experts: False
I0805 14:48:03.165457 140038716539200 pyconfig.py:559] Config param use_sft: False
I0805 14:48:03.165477 140038716539200 pyconfig.py:559] Config param use_splash_scheduler: False
I0805 14:48:03.165496 140038716539200 pyconfig.py:559] Config param use_standalone_converter: False
I0805 14:48:03.165516 140038716539200 pyconfig.py:559] Config param use_tokamax_gmm: False
I0805 14:48:03.165537 140038716539200 pyconfig.py:559] Config param use_tokamax_splash: False
I0805 14:48:03.165556 140038716539200 pyconfig.py:559] Config param use_truncation: True
I0805 14:48:03.165576 140038716539200 pyconfig.py:559] Config param use_tunix_gradient_accumulation: False
I0805 14:48:03.165596 140038716539200 pyconfig.py:559] Config param use_untrainable_positional_embedding: False
I0805 14:48:03.165616 140038716539200 pyconfig.py:559] Config param use_vertex_tensorboard: False
I0805 14:48:03.165636 140038716539200 pyconfig.py:559] Config param using_pipeline_parallelism: False
I0805 14:48:03.165656 140038716539200 pyconfig.py:559] Config param v_head_dim: 128
I0805 14:48:03.165676 140038716539200 pyconfig.py:559] Config param v_norm_with_scale: True
I0805 14:48:03.165696 140038716539200 pyconfig.py:559] Config param value_proj: RematLocation.REMAT
I0805 14:48:03.165716 140038716539200 pyconfig.py:559] Config param vertex_tensorboard_project: 
I0805 14:48:03.165740 140038716539200 pyconfig.py:559] Config param vertex_tensorboard_region: 
I0805 14:48:03.165760 140038716539200 pyconfig.py:559] Config param video_path: 
I0805 14:48:03.165780 140038716539200 pyconfig.py:559] Config param video_placeholder: <|video|>
I0805 14:48:03.165800 140038716539200 pyconfig.py:559] Config param vision_output_dim_for_vit: 4096
I0805 14:48:03.165819 140038716539200 pyconfig.py:559] Config param vision_output_length: -1
I0805 14:48:03.165839 140038716539200 pyconfig.py:559] Config param vllm_additional_config: {}
I0805 14:48:03.165860 140038716539200 pyconfig.py:559] Config param vllm_hf_config_path: 
I0805 14:48:03.165880 140038716539200 pyconfig.py:559] Config param vllm_hf_overrides: {}
I0805 14:48:03.165901 140038716539200 pyconfig.py:559] Config param vllm_load_format: dummy
I0805 14:48:03.165921 140038716539200 pyconfig.py:559] Config param vocab_size: 32000
I0805 14:48:03.165941 140038716539200 pyconfig.py:559] Config param vocab_size_per_layer_input: 0
I0805 14:48:03.165961 140038716539200 pyconfig.py:559] Config param warmup_steps_fraction: 0.1
I0805 14:48:03.165981 140038716539200 pyconfig.py:559] Config param weight_dtype: float32
I0805 14:48:03.166014 140038716539200 pyconfig.py:559] Config param weight_quantization_calibration_method: absmax
I0805 14:48:03.166041 140038716539200 pyconfig.py:559] Config param weight_sparsity_m: None
I0805 14:48:03.166062 140038716539200 pyconfig.py:559] Config param weight_sparsity_n: None
I0805 14:48:03.166083 140038716539200 pyconfig.py:559] Config param weight_sparsity_start_step: 50
I0805 14:48:03.166103 140038716539200 pyconfig.py:559] Config param weight_sparsity_update_step: 10
I0805 14:48:03.166122 140038716539200 pyconfig.py:559] Config param wi_tile_dlhs_batch_seq: 512
I0805 14:48:03.166142 140038716539200 pyconfig.py:559] Config param wi_tile_dlhs_embed_dim: 1024
I0805 14:48:03.166161 140038716539200 pyconfig.py:559] Config param wi_tile_dlhs_mlp_dim: 1024
I0805 14:48:03.166181 140038716539200 pyconfig.py:559] Config param wi_tile_drhs_batch_seq: 512
I0805 14:48:03.166203 140038716539200 pyconfig.py:559] Config param wi_tile_drhs_embed_dim: 1024
I0805 14:48:03.166223 140038716539200 pyconfig.py:559] Config param wi_tile_drhs_mlp_dim: 1024
I0805 14:48:03.166244 140038716539200 pyconfig.py:559] Config param wi_tile_fwd_batch_seq: 512
I0805 14:48:03.166263 140038716539200 pyconfig.py:559] Config param wi_tile_fwd_embed_dim: 1024
I0805 14:48:03.166283 140038716539200 pyconfig.py:559] Config param wi_tile_fwd_mlp_dim: 1024
I0805 14:48:03.166302 140038716539200 pyconfig.py:559] Config param wo_tile_dlhs_batch_seq: 512
I0805 14:48:03.166321 140038716539200 pyconfig.py:559] Config param wo_tile_dlhs_embed_dim: 1024
I0805 14:48:03.166342 140038716539200 pyconfig.py:559] Config param wo_tile_dlhs_mlp_dim: 1024
I0805 14:48:03.166361 140038716539200 pyconfig.py:559] Config param wo_tile_drhs_batch_seq: 512
I0805 14:48:03.166381 140038716539200 pyconfig.py:559] Config param wo_tile_drhs_embed_dim: 1024
I0805 14:48:03.166399 140038716539200 pyconfig.py:559] Config param wo_tile_drhs_mlp_dim: 1024
I0805 14:48:03.166418 140038716539200 pyconfig.py:559] Config param wo_tile_fwd_batch_seq: 512
I0805 14:48:03.166438 140038716539200 pyconfig.py:559] Config param wo_tile_fwd_embed_dim: 1024
I0805 14:48:03.166458 140038716539200 pyconfig.py:559] Config param wo_tile_fwd_mlp_dim: 1024
I0805 14:48:03.166478 140038716539200 pyconfig.py:559] Config param write_estimator_result: False
I0805 14:48:03.166497 140038716539200 pyconfig.py:559] Config param wsd_decay_steps_fraction: 0.1
I0805 14:48:03.166518 140038716539200 pyconfig.py:559] Config param wsd_decay_style: WsdDecayStyle.LINEAR
I0805 14:48:03.166541 140038716539200 pyconfig.py:559] Config param xprof_e2e_enable_fw_power_level_event: False
I0805 14:48:03.166560 140038716539200 pyconfig.py:559] Config param xprof_e2e_enable_fw_thermal_event: False
I0805 14:48:03.166580 140038716539200 pyconfig.py:559] Config param xprof_e2e_enable_fw_throttle_event: False
I0805 14:48:03.166600 140038716539200 pyconfig.py:559] Config param xprof_tpu_power_trace_level: 0
I0805 14:48:03.166623 140038716539200 pyconfig.py:559] Config param z_loss_multiplier: 0.0
I0805 14:48:03.167073 140038716539200 max_utils.py:828] System Information: Jax Version: 0.10.0
I0805 14:48:03.167125 140038716539200 max_utils.py:829] System Information: Jaxlib Version: 0.10.0
I0805 14:48:03.167186 140038716539200 max_utils.py:830] System Information: Jax Backend: PJRT C API
rocm 71400
I0805 14:48:03.167223 140038716539200 max_utils.py:833] System Information: Number of devices: 8, jax path /opt/venv/lib/python3.12/site-packages/jax/__init__.py
I0805 14:48:03.167261 140038716539200 max_utils.py:836] System Information: Device 0: 0 (Local id: 0, Process index: 0)
I0805 14:48:03.167295 140038716539200 max_utils.py:836] System Information: Device 1: 1 (Local id: 1, Process index: 0)
I0805 14:48:03.167323 140038716539200 max_utils.py:836] System Information: Device 2: 2 (Local id: 2, Process index: 0)
I0805 14:48:03.167348 140038716539200 max_utils.py:836] System Information: Device 3: 3 (Local id: 3, Process index: 0)
I0805 14:48:03.167372 140038716539200 max_utils.py:836] System Information: Device 4: 4 (Local id: 4, Process index: 0)
I0805 14:48:03.167398 140038716539200 max_utils.py:836] System Information: Device 5: 5 (Local id: 5, Process index: 0)
I0805 14:48:03.167423 140038716539200 max_utils.py:836] System Information: Device 6: 6 (Local id: 6, Process index: 0)
I0805 14:48:03.167448 140038716539200 max_utils.py:836] System Information: Device 7: 7 (Local id: 7, Process index: 0)
I0805 14:48:03.167488 140038716539200 train_utils.py:355] WARNING: 'base_output_directory' might be pointing your local file system
I0805 14:48:03.167524 140038716539200 train_utils.py:366] WARNING: Sequence packing is essentially ignored for synthetic data. Please use a real dataset to use sequence packing.
I0805 14:48:07.276460 140038716539200 maxtext_utils.py:1975] Num_devices: 8, shape (1, 1, 1, 1, 1, 1, 1, 1, 1, 1, 8, 1)
I0805 14:48:07.277083 140038716539200 maxtext_utils.py:1975] Num_devices: 8, shape (1, 1, 1, 1, 1, 1, 1, 1, 1, 1, 8, 1)
I0805 14:48:07.278128 140038716539200 checkpointing.py:995] Setting up checkpoint logger...
I0805 14:48:07.278317 140038716539200 checkpointing.py:386] Checkpointing disabled, not creating checkpoint manager.
/opt/venv/lib/python3.12/site-packages/transformer_engine/jax/flax/transformer.py:732: UserWarning: The dtype argument is deprecated and will be removed in a future release. DotProductAttention will use the dtype of the inputs instead as this module does not have any parameters. Module dtype specified self.dtype=dtype(bfloat16) matches dtype of inputs so behavior is unchanged. Please remove the dtype argument within the next few releases.
  warnings.warn(
I0805 14:48:09.296296 140038716539200 checkpointing.py:983] No existing checkpoints found, not restoring checkpoint.
I0805 14:48:30.233528 140038716539200 max_utils.py:819] Total memory size: 129.8 GB, Output size: 65.2 GB, Temp size: 64.5 GB, Argument size: 65.2 GB, Host temp size: 0.0 GB.
I0805 14:48:30.235336 140038716539200 metric_logger.py:334] number parameters: 46.703 billion
I0805 14:48:30.318791 140038716539200 train.py:680] ====== BARRIER: Synchronizing hosts before training loop ======
I0805 14:48:30.319085 140038716539200 train.py:682] ====== BARRIER PASSED: Starting training loop ======
E0805 14:48:47.417057  145300 rendezvous.cc:108] [id=3] This thread has been waiting for `[1] [rank=1] [run_id=-338751166] Initialize clique: devices=8:[0,1,2,3,4,5,6,7]; local_participants=8; communication_id=0; incarnations=[]` for 10 seconds and may be stuck. All 8 threads joined the rendezvous, however the leader has not marked the rendezvous as completed. Leader can be deadlocked inside the rendezvous callback.
E0805 14:48:47.417071  145306 rendezvous.cc:108] [id=5] This thread has been waiting for `[3] [rank=3] [run_id=-338751166] Initialize clique: devices=8:[0,1,2,3,4,5,6,7]; local_participants=8; communication_id=0; incarnations=[]` for 10 seconds and may be stuck. All 8 threads joined the rendezvous, however the leader has not marked the rendezvous as completed. Leader can be deadlocked inside the rendezvous callback.
E0805 14:48:47.417082  145318 rendezvous.cc:108] [id=1] This thread has been waiting for `[7] [rank=7] [run_id=-338751166] Initialize clique: devices=8:[0,1,2,3,4,5,6,7]; local_participants=8; communication_id=0; incarnations=[]` for 10 seconds and may be stuck. All 8 threads joined the rendezvous, however the leader has not marked the rendezvous as completed. Leader can be deadlocked inside the rendezvous callback.
E0805 14:48:47.417071  145303 rendezvous.cc:108] [id=4] This thread has been waiting for `[2] [rank=2] [run_id=-338751166] Initialize clique: devices=8:[0,1,2,3,4,5,6,7]; local_participants=8; communication_id=0; incarnations=[]` for 10 seconds and may be stuck. All 8 threads joined the rendezvous, however the leader has not marked the rendezvous as completed. Leader can be deadlocked inside the rendezvous callback.
E0805 14:48:47.417133  145312 rendezvous.cc:108] [id=0] This thread has been waiting for `[5] [rank=5] [run_id=-338751166] Initialize clique: devices=8:[0,1,2,3,4,5,6,7]; local_participants=8; communication_id=0; incarnations=[]` for 10 seconds and may be stuck. All 8 threads joined the rendezvous, however the leader has not marked the rendezvous as completed. Leader can be deadlocked inside the rendezvous callback.
E0805 14:48:47.417141  145315 rendezvous.cc:108] [id=2] This thread has been waiting for `[6] [rank=6] [run_id=-338751166] Initialize clique: devices=8:[0,1,2,3,4,5,6,7]; local_participants=8; communication_id=0; incarnations=[]` for 10 seconds and may be stuck. All 8 threads joined the rendezvous, however the leader has not marked the rendezvous as completed. Leader can be deadlocked inside the rendezvous callback.
E0805 14:48:47.417137  145309 rendezvous.cc:108] [id=6] This thread has been waiting for `[4] [rank=4] [run_id=-338751166] Initialize clique: devices=8:[0,1,2,3,4,5,6,7]; local_participants=8; communication_id=0; incarnations=[]` for 10 seconds and may be stuck. All 8 threads joined the rendezvous, however the leader has not marked the rendezvous as completed. Leader can be deadlocked inside the rendezvous callback.
E0805 14:48:52.468050  145318 rendezvous.cc:130] [id=1] This thread is unstuck waiting for `[7] [rank=7] [run_id=-338751166] Initialize clique: devices=8:[0,1,2,3,4,5,6,7]; local_participants=8; communication_id=0; incarnations=[]` after 15.051222363s. All threads joined the rendezvous on time however the leader took long time to complete it. Warning above was a false-positive. Perhaps the timeout is too short.
E0805 14:48:52.468066  145303 rendezvous.cc:130] [id=4] This thread is unstuck waiting for `[2] [rank=2] [run_id=-338751166] Initialize clique: devices=8:[0,1,2,3,4,5,6,7]; local_participants=8; communication_id=0; incarnations=[]` after 15.05119496s. All threads joined the rendezvous on time however the leader took long time to complete it. Warning above was a false-positive. Perhaps the timeout is too short.
E0805 14:48:52.468154  145300 rendezvous.cc:130] [id=3] This thread is unstuck waiting for `[1] [rank=1] [run_id=-338751166] Initialize clique: devices=8:[0,1,2,3,4,5,6,7]; local_participants=8; communication_id=0; incarnations=[]` after 15.051322185s. All threads joined the rendezvous on time however the leader took long time to complete it. Warning above was a false-positive. Perhaps the timeout is too short.
E0805 14:48:52.468206  145315 rendezvous.cc:130] [id=2] This thread is unstuck waiting for `[6] [rank=6] [run_id=-338751166] Initialize clique: devices=8:[0,1,2,3,4,5,6,7]; local_participants=8; communication_id=0; incarnations=[]` after 15.051376367s. All threads joined the rendezvous on time however the leader took long time to complete it. Warning above was a false-positive. Perhaps the timeout is too short.
E0805 14:48:52.468216  145306 rendezvous.cc:130] [id=5] This thread is unstuck waiting for `[3] [rank=3] [run_id=-338751166] Initialize clique: devices=8:[0,1,2,3,4,5,6,7]; local_participants=8; communication_id=0; incarnations=[]` after 15.051342897s. All threads joined the rendezvous on time however the leader took long time to complete it. Warning above was a false-positive. Perhaps the timeout is too short.
E0805 14:48:52.468211  145309 rendezvous.cc:130] [id=6] This thread is unstuck waiting for `[4] [rank=4] [run_id=-338751166] Initialize clique: devices=8:[0,1,2,3,4,5,6,7]; local_participants=8; communication_id=0; incarnations=[]` after 15.051336537s. All threads joined the rendezvous on time however the leader took long time to complete it. Warning above was a false-positive. Perhaps the timeout is too short.
E0805 14:48:52.468213  145312 rendezvous.cc:130] [id=0] This thread is unstuck waiting for `[5] [rank=5] [run_id=-338751166] Initialize clique: devices=8:[0,1,2,3,4,5,6,7]; local_participants=8; communication_id=0; incarnations=[]` after 15.051401846s. All threads joined the rendezvous on time however the leader took long time to complete it. Warning above was a false-positive. Perhaps the timeout is too short.
RCCL version : 2.30.4-HEAD:9e5e408
HIP version  : 7.14.60850-0000000
ROCm version : 7.14.0.0-9999-2b22ab01
Hostname     : dell300x-ccs-aus-f06-01
Librccl path : /opt/rocm/lib/librccl.so.1
[aiter] hipModuleLoad (embedded): hsa/gfx942/fmha_v3_fwd/MI300/fwd_hd128_bf16_causal_rtz.co GetFunction: _ZN5aiter30fmha_fwd_hd128_bf16_causal_rtzE
[aiter] hipModuleGetFunction: _ZN5aiter30fmha_fwd_hd128_bf16_causal_rtzE Success
[aiter] hipModuleLoad (embedded): hsa/gfx942/fmha_v3_fwd/MI300/fwd_hd128_bf16_causal_rtz.co GetFunction: _ZN5aiter30fmha_fwd_hd128_bf16_causal_rtzE
[aiter] hipModuleLoad (embedded): hsa/gfx942/fmha_v3_fwd/MI300/fwd_hd128_bf16_causal_rtz.co GetFunction: _ZN5aiter30fmha_fwd_hd128_bf16_causal_rtzE
[aiter] hipModuleGetFunction: _ZN5aiter30fmha_fwd_hd128_bf16_causal_rtzE Success
[aiter] hipModuleGetFunction: _ZN5aiter30fmha_fwd_hd128_bf16_causal_rtzE Success
[aiter] hipModuleLoad (embedded): hsa/gfx942/fmha_v3_fwd/MI300/fwd_hd128_bf16_causal_rtz.co GetFunction: _ZN5aiter30fmha_fwd_hd128_bf16_causal_rtzE
[aiter] hipModuleGetFunction: _ZN5aiter30fmha_fwd_hd128_bf16_causal_rtzE Success
[aiter] hipModuleLoad (embedded): hsa/gfx942/fmha_v3_fwd/MI300/fwd_hd128_bf16_causal_rtz.co GetFunction: _ZN5aiter30fmha_fwd_hd128_bf16_causal_rtzE
[aiter] hipModuleGetFunction: _ZN5aiter30fmha_fwd_hd128_bf16_causal_rtzE Success
[aiter] hipModuleLoad (embedded): hsa/gfx942/fmha_v3_fwd/MI300/fwd_hd128_bf16_causal_rtz.co GetFunction: _ZN5aiter30fmha_fwd_hd128_bf16_causal_rtzE
[aiter] hipModuleGetFunction: _ZN5aiter30fmha_fwd_hd128_bf16_causal_rtzE Success
[aiter] hipModuleLoad (embedded): hsa/gfx942/fmha_v3_fwd/MI300/fwd_hd128_bf16_causal_rtz.co GetFunction: _ZN5aiter30fmha_fwd_hd128_bf16_causal_rtzE
[aiter] hipModuleLoad (embedded): hsa/gfx942/fmha_v3_fwd/MI300/fwd_hd128_bf16_causal_rtz.co GetFunction: _ZN5aiter30fmha_fwd_hd128_bf16_causal_rtzE
[aiter] hipModuleGetFunction: _ZN5aiter30fmha_fwd_hd128_bf16_causal_rtzE Success
[aiter] hipModuleGetFunction: _ZN5aiter30fmha_fwd_hd128_bf16_causal_rtzE Success
[aiter] hipModuleLoad (embedded): hsa/gfx942/fmha_v3_bwd/bwd_hd128_odo_bf16.co GetFunction: _ZN5aiter23fmha_bwd_hd128_odo_bf16E
[aiter] hipModuleGetFunction: _ZN5aiter23fmha_bwd_hd128_odo_bf16E Success
[aiter] hipModuleLoad (embedded): hsa/gfx942/fmha_v3_bwd/bwd_hd128_bf16_causal_a32_rtz_psskddv.co GetFunction: _ZN5aiter42fmha_bwd_hd128_bf16_causal_a32_rtz_psskddvE
[aiter] hipModuleGetFunction: _ZN5aiter42fmha_bwd_hd128_bf16_causal_a32_rtz_psskddvE Success
[aiter] hipModuleLoad (embedded): hsa/gfx942/fmha_v3_bwd/bwd_hd128_dq_convert_bf16_rtz.co GetFunction: _ZN5aiter34fmha_bwd_hd128_dq_convert_bf16_rtzE
[aiter] hipModuleGetFunction: _ZN5aiter34fmha_bwd_hd128_dq_convert_bf16_rtzE Success
[aiter] hipModuleLoad (embedded): hsa/gfx942/fmha_v3_bwd/bwd_hd128_odo_bf16.co GetFunction: _ZN5aiter23fmha_bwd_hd128_odo_bf16E
[aiter] hipModuleGetFunction: _ZN5aiter23fmha_bwd_hd128_odo_bf16E Success
[aiter] hipModuleLoad (embedded): hsa/gfx942/fmha_v3_bwd/bwd_hd128_bf16_causal_a32_rtz_psskddv.co GetFunction: _ZN5aiter42fmha_bwd_hd128_bf16_causal_a32_rtz_psskddvE
[aiter] hipModuleGetFunction: _ZN5aiter42fmha_bwd_hd128_bf16_causal_a32_rtz_psskddvE Success
[aiter] hipModuleLoad (embedded): hsa/gfx942/fmha_v3_bwd/bwd_hd128_dq_convert_bf16_rtz.co GetFunction: _ZN5aiter34fmha_bwd_hd128_dq_convert_bf16_rtzE
[aiter] hipModuleGetFunction: _ZN5aiter34fmha_bwd_hd128_dq_convert_bf16_rtzE Success
[aiter] hipModuleLoad (embedded): hsa/gfx942/fmha_v3_bwd/bwd_hd128_odo_bf16.co GetFunction: _ZN5aiter23fmha_bwd_hd128_odo_bf16E
[aiter] hipModuleGetFunction: _ZN5aiter23fmha_bwd_hd128_odo_bf16E Success
[aiter] hipModuleLoad (embedded): hsa/gfx942/fmha_v3_bwd/bwd_hd128_bf16_causal_a32_rtz_psskddv.co GetFunction: _ZN5aiter42fmha_bwd_hd128_bf16_causal_a32_rtz_psskddvE
[aiter] hipModuleGetFunction: _ZN5aiter42fmha_bwd_hd128_bf16_causal_a32_rtz_psskddvE Success
[aiter] hipModuleLoad (embedded): hsa/gfx942/fmha_v3_bwd/bwd_hd128_dq_convert_bf16_rtz.co GetFunction: _ZN5aiter34fmha_bwd_hd128_dq_convert_bf16_rtzE
[aiter] hipModuleGetFunction: _ZN5aiter34fmha_bwd_hd128_dq_convert_bf16_rtzE Success
[aiter] hipModuleLoad (embedded): hsa/gfx942/fmha_v3_bwd/bwd_hd128_odo_bf16.co GetFunction: _ZN5aiter23fmha_bwd_hd128_odo_bf16E
[aiter] hipModuleGetFunction: _ZN5aiter23fmha_bwd_hd128_odo_bf16E Success
[aiter] hipModuleLoad (embedded): hsa/gfx942/fmha_v3_bwd/bwd_hd128_bf16_causal_a32_rtz_psskddv.co GetFunction: _ZN5aiter42fmha_bwd_hd128_bf16_causal_a32_rtz_psskddvE
[aiter] hipModuleGetFunction: _ZN5aiter42fmha_bwd_hd128_bf16_causal_a32_rtz_psskddvE Success
[aiter] hipModuleLoad (embedded): hsa/gfx942/fmha_v3_bwd/bwd_hd128_dq_convert_bf16_rtz.co GetFunction: _ZN5aiter34fmha_bwd_hd128_dq_convert_bf16_rtzE
[aiter] hipModuleGetFunction: _ZN5aiter34fmha_bwd_hd128_dq_convert_bf16_rtzE Success
[aiter] hipModuleLoad (embedded): hsa/gfx942/fmha_v3_bwd/bwd_hd128_odo_bf16.co GetFunction: _ZN5aiter23fmha_bwd_hd128_odo_bf16E
[aiter] hipModuleGetFunction: _ZN5aiter23fmha_bwd_hd128_odo_bf16E Success
[aiter] hipModuleLoad (embedded): hsa/gfx942/fmha_v3_bwd/bwd_hd128_bf16_causal_a32_rtz_psskddv.co GetFunction: _ZN5aiter42fmha_bwd_hd128_bf16_causal_a32_rtz_psskddvE
[aiter] hipModuleGetFunction: _ZN5aiter42fmha_bwd_hd128_bf16_causal_a32_rtz_psskddvE Success
[aiter] hipModuleLoad (embedded): hsa/gfx942/fmha_v3_bwd/bwd_hd128_dq_convert_bf16_rtz.co GetFunction: _ZN5aiter34fmha_bwd_hd128_dq_convert_bf16_rtzE
[aiter] hipModuleGetFunction: _ZN5aiter34fmha_bwd_hd128_dq_convert_bf16_rtzE Success
[aiter] hipModuleLoad (embedded): hsa/gfx942/fmha_v3_bwd/bwd_hd128_odo_bf16.co GetFunction: _ZN5aiter23fmha_bwd_hd128_odo_bf16E
[aiter] hipModuleGetFunction: _ZN5aiter23fmha_bwd_hd128_odo_bf16E Success
[aiter] hipModuleLoad (embedded): hsa/gfx942/fmha_v3_bwd/bwd_hd128_bf16_causal_a32_rtz_psskddv.co GetFunction: _ZN5aiter42fmha_bwd_hd128_bf16_causal_a32_rtz_psskddvE
[aiter] hipModuleGetFunction: _ZN5aiter42fmha_bwd_hd128_bf16_causal_a32_rtz_psskddvE Success
[aiter] hipModuleLoad (embedded): hsa/gfx942/fmha_v3_bwd/bwd_hd128_dq_convert_bf16_rtz.co GetFunction: _ZN5aiter34fmha_bwd_hd128_dq_convert_bf16_rtzE
[aiter] hipModuleGetFunction: _ZN5aiter34fmha_bwd_hd128_dq_convert_bf16_rtzE Success
[aiter] hipModuleLoad (embedded): hsa/gfx942/fmha_v3_bwd/bwd_hd128_odo_bf16.co GetFunction: _ZN5aiter23fmha_bwd_hd128_odo_bf16E
[aiter] hipModuleGetFunction: _ZN5aiter23fmha_bwd_hd128_odo_bf16E Success
[aiter] hipModuleLoad (embedded): hsa/gfx942/fmha_v3_bwd/bwd_hd128_bf16_causal_a32_rtz_psskddv.co GetFunction: _ZN5aiter42fmha_bwd_hd128_bf16_causal_a32_rtz_psskddvE
[aiter] hipModuleGetFunction: _ZN5aiter42fmha_bwd_hd128_bf16_causal_a32_rtz_psskddvE Success
[aiter] hipModuleLoad (embedded): hsa/gfx942/fmha_v3_bwd/bwd_hd128_dq_convert_bf16_rtz.co GetFunction: _ZN5aiter34fmha_bwd_hd128_dq_convert_bf16_rtzE
[aiter] hipModuleGetFunction: _ZN5aiter34fmha_bwd_hd128_dq_convert_bf16_rtzE Success
[aiter] hipModuleLoad (embedded): hsa/gfx942/fmha_v3_bwd/bwd_hd128_odo_bf16.co GetFunction: _ZN5aiter23fmha_bwd_hd128_odo_bf16E
[aiter] hipModuleGetFunction: _ZN5aiter23fmha_bwd_hd128_odo_bf16E Success
[aiter] hipModuleLoad (embedded): hsa/gfx942/fmha_v3_bwd/bwd_hd128_bf16_causal_a32_rtz_psskddv.co GetFunction: _ZN5aiter42fmha_bwd_hd128_bf16_causal_a32_rtz_psskddvE
[aiter] hipModuleGetFunction: _ZN5aiter42fmha_bwd_hd128_bf16_causal_a32_rtz_psskddvE Success
[aiter] hipModuleLoad (embedded): hsa/gfx942/fmha_v3_bwd/bwd_hd128_dq_convert_bf16_rtz.co GetFunction: _ZN5aiter34fmha_bwd_hd128_dq_convert_bf16_rtzE
[aiter] hipModuleGetFunction: _ZN5aiter34fmha_bwd_hd128_dq_convert_bf16_rtzE Success
I0805 14:50:23.137581 140038716539200 max_utils.py:778] 
Memstats: After params initialized:
I0805 14:50:23.138060 140038716539200 max_utils.py:784] 	Using (GB) 65.25 / 172.79 (37.762602%) on rocm:0
I0805 14:50:23.138217 140038716539200 max_utils.py:784] 	Using (GB) 65.25 / 172.79 (37.762602%) on rocm:1
I0805 14:50:23.138326 140038716539200 max_utils.py:784] 	Using (GB) 65.25 / 172.79 (37.762602%) on rocm:2
I0805 14:50:23.138421 140038716539200 max_utils.py:784] 	Using (GB) 65.25 / 172.79 (37.762602%) on rocm:3
I0805 14:50:23.138509 140038716539200 max_utils.py:784] 	Using (GB) 65.25 / 172.79 (37.762602%) on rocm:4
I0805 14:50:23.138591 140038716539200 max_utils.py:784] 	Using (GB) 65.25 / 172.79 (37.762602%) on rocm:5
I0805 14:50:23.138677 140038716539200 max_utils.py:784] 	Using (GB) 65.25 / 172.79 (37.762602%) on rocm:6
I0805 14:50:23.138761 140038716539200 max_utils.py:784] 	Using (GB) 65.25 / 172.79 (37.762602%) on rocm:7
I0805 14:51:26.685748 140038716539200 metric_logger.py:207] completed step: 0, seconds: 112.818, TFLOP/s/device: 11.576, Tokens/s/device: 145.225, total_weights: 131072, loss: 10.872, lm_loss: 10.872, perplexity: 52685.574, moe_lb_loss: 0.000
I0805 14:51:26.690501 140038716539200 metric_logger.py:314] To see full metrics 'tensorboard --logdir=/root/work/scale-your-amd/runs/20260805-maxtext-disp-mixtral-ragged-dot/maxtext/disp-mixtral-ragged-dot/tensorboard/'
I0805 14:52:32.226698 140038716539200 metric_logger.py:207] completed step: 1, seconds: 63.544, TFLOP/s/device: 20.553, Tokens/s/device: 257.836, total_weights: 131072, loss: 10.872, lm_loss: 10.872, perplexity: 52685.574, moe_lb_loss: 0.000
I0805 14:53:37.590620 140038716539200 metric_logger.py:207] completed step: 2, seconds: 65.541, TFLOP/s/device: 19.927, Tokens/s/device: 249.982, total_weights: 131072, loss: 10.503, lm_loss: 10.503, perplexity: 36407.188, moe_lb_loss: 0.000
I0805 14:54:41.628352 140038716539200 metric_logger.py:207] completed step: 3, seconds: 65.364, TFLOP/s/device: 19.981, Tokens/s/device: 250.657, total_weights: 131072, loss: 10.324, lm_loss: 10.324, perplexity: 30458.707, moe_lb_loss: 0.000
I0805 14:55:44.749070 140038716539200 metric_logger.py:207] completed step: 4, seconds: 64.038, TFLOP/s/device: 20.394, Tokens/s/device: 255.848, total_weights: 131072, loss: 10.188, lm_loss: 10.188, perplexity: 26584.398, moe_lb_loss: 0.000
I0805 14:56:47.047625 140038716539200 metric_logger.py:207] completed step: 5, seconds: 63.121, TFLOP/s/device: 20.691, Tokens/s/device: 259.567, total_weights: 131072, loss: 10.072, lm_loss: 10.072, perplexity: 23668.840, moe_lb_loss: 0.000
I0805 14:57:48.878255 140038716539200 metric_logger.py:207] completed step: 6, seconds: 62.298, TFLOP/s/device: 20.964, Tokens/s/device: 262.992, total_weights: 131072, loss: 9.973, lm_loss: 9.973, perplexity: 21434.547, moe_lb_loss: 0.000
I0805 14:58:50.353612 140038716539200 metric_logger.py:207] completed step: 7, seconds: 61.831, TFLOP/s/device: 21.122, Tokens/s/device: 264.981, total_weights: 131072, loss: 9.889, lm_loss: 9.889, perplexity: 19703.615, moe_lb_loss: 0.000
I0805 14:59:51.481546 140038716539200 metric_logger.py:207] completed step: 8, seconds: 61.475, TFLOP/s/device: 21.245, Tokens/s/device: 266.514, total_weights: 131072, loss: 9.817, lm_loss: 9.817, perplexity: 18341.494, moe_lb_loss: 0.000
I0805 15:00:52.343794 140038716539200 metric_logger.py:207] completed step: 9, seconds: 61.128, TFLOP/s/device: 21.365, Tokens/s/device: 268.029, total_weights: 131072, loss: 9.757, lm_loss: 9.757, perplexity: 17266.197, moe_lb_loss: 0.000
I0805 15:01:52.941487 140038716539200 metric_logger.py:207] completed step: 10, seconds: 60.862, TFLOP/s/device: 21.459, Tokens/s/device: 269.198, total_weights: 131072, loss: 9.706, lm_loss: 9.706, perplexity: 16421.230, moe_lb_loss: 0.000
I0805 15:02:53.297445 140038716539200 metric_logger.py:207] completed step: 11, seconds: 60.598, TFLOP/s/device: 21.552, Tokens/s/device: 270.374, total_weights: 131072, loss: 9.666, lm_loss: 9.666, perplexity: 15767.989, moe_lb_loss: 0.000
I0805 15:03:53.491223 140038716539200 metric_logger.py:207] completed step: 12, seconds: 60.356, TFLOP/s/device: 21.638, Tokens/s/device: 271.456, total_weights: 131072, loss: 9.634, lm_loss: 9.634, perplexity: 15272.165, moe_lb_loss: 0.000
I0805 15:04:53.592667 140038716539200 metric_logger.py:207] completed step: 13, seconds: 60.194, TFLOP/s/device: 21.697, Tokens/s/device: 272.188, total_weights: 131072, loss: 9.609, lm_loss: 9.609, perplexity: 14903.568, moe_lb_loss: 0.000
I0805 15:05:53.628958 140038716539200 metric_logger.py:207] completed step: 14, seconds: 60.102, TFLOP/s/device: 21.730, Tokens/s/device: 272.605, total_weights: 131072, loss: 9.591, lm_loss: 9.591, perplexity: 14629.726, moe_lb_loss: 0.000
I0805 15:05:53.639644 140038716539200 metric_logger.py:207] completed step: 15, seconds: 60.036, TFLOP/s/device: 21.754, Tokens/s/device: 272.904, total_weights: 131072, loss: 9.576, lm_loss: 9.576, perplexity: 14414.758, moe_lb_loss: 0.000
Per train step:
 Total TFLOPs: 1306.01 
 split as 95.96% learnable weight flops and 4.04% attention flops
