WARNING: All log messages before absl::InitializeLog() is called are written to STDERR
I0000 00:00:1785943800.794828  160939 port.cc:153] oneDNN custom operations are on. You may see slightly different numerical results due to floating-point round-off errors from different computation orders. To turn them off, set the environment variable `TF_ENABLE_ONEDNN_OPTS=0`.
WARNING: All log messages before absl::InitializeLog() is called are written to STDERR
I0000 00:00:1785943801.799188  160939 port.cc:153] oneDNN custom operations are on. You may see slightly different numerical results due to floating-point round-off errors from different computation orders. To turn them off, set the environment variable `TF_ENABLE_ONEDNN_OPTS=0`.
[transformers] PyTorch was not found. Models won't be available and only tokenizers, configuration and file/data utilities can be used.
[transformers] DeepseekV32Config got `key=rope_scaling` in kwargs but hasn't set it as attribute. For RoPE standardization you need to set `self.rope_parameters` in model's config. 
I0805 15:30:05.199979 140417175044416 max_utils.py:260] Attempting to initialize the jax distributed system for GPU backend...
I0805 15:30:05.200084 140417175044416 max_utils.py:262] Jax distributed system initialized on GPU!
I0805 15:30:06.658429 140417175044416 pyconfig.py:559] Config param abort_on_inf_loss: True
I0805 15:30:06.658578 140417175044416 pyconfig.py:559] Config param abort_on_nan_loss: True
I0805 15:30:06.658625 140417175044416 pyconfig.py:559] Config param act_quantization_calibration_method: absmax
I0805 15:30:06.658660 140417175044416 pyconfig.py:559] Config param activation_dropout_for_audio: 0.0
I0805 15:30:06.658694 140417175044416 pyconfig.py:559] Config param activation_function_for_audio: gelu
I0805 15:30:06.658720 140417175044416 pyconfig.py:559] Config param activations_in_float32: False
I0805 15:30:06.658743 140417175044416 pyconfig.py:559] Config param adam_b1: 0.9
I0805 15:30:06.658768 140417175044416 pyconfig.py:559] Config param adam_b2: 0.95
I0805 15:30:06.658794 140417175044416 pyconfig.py:559] Config param adam_eps: 1e-08
I0805 15:30:06.658821 140417175044416 pyconfig.py:559] Config param adam_eps_root: 0.0
I0805 15:30:06.658843 140417175044416 pyconfig.py:559] Config param adam_weight_decay: 0.1
I0805 15:30:06.658866 140417175044416 pyconfig.py:559] Config param adamw_mask: []
I0805 15:30:06.658887 140417175044416 pyconfig.py:559] Config param add_bos: True
I0805 15:30:06.658910 140417175044416 pyconfig.py:559] Config param add_eos: True
I0805 15:30:06.658931 140417175044416 pyconfig.py:559] Config param allow_split_physical_axes: False
I0805 15:30:06.658952 140417175044416 pyconfig.py:559] Config param ar_cache_axis_order: 1,2,0,3
I0805 15:30:06.658973 140417175044416 pyconfig.py:559] Config param async_checkpointing: True
I0805 15:30:06.658994 140417175044416 pyconfig.py:559] Config param async_scheduling: False
I0805 15:30:06.659015 140417175044416 pyconfig.py:559] Config param attention: cudnn_flash_te
I0805 15:30:06.659037 140417175044416 pyconfig.py:559] Config param attention_bias: False
I0805 15:30:06.659059 140417175044416 pyconfig.py:559] Config param attention_dropout_for_audio: 0.0
I0805 15:30:06.659079 140417175044416 pyconfig.py:559] Config param attention_for_vit: dot_product
I0805 15:30:06.659100 140417175044416 pyconfig.py:559] Config param attention_out: RematLocation.REMAT
I0805 15:30:06.659129 140417175044416 pyconfig.py:559] Config param attention_output_dim: -1
I0805 15:30:06.659152 140417175044416 pyconfig.py:559] Config param attention_sink: False
I0805 15:30:06.659176 140417175044416 pyconfig.py:559] Config param attention_type: global
I0805 15:30:06.659199 140417175044416 pyconfig.py:559] Config param attn_logits_soft_cap: None
I0805 15:30:06.659222 140417175044416 pyconfig.py:559] Config param attn_module_name: None
I0805 15:30:06.659243 140417175044416 pyconfig.py:559] Config param audio_path: 
I0805 15:30:06.659265 140417175044416 pyconfig.py:559] Config param audio_placeholder: <|audio|>
I0805 15:30:06.659285 140417175044416 pyconfig.py:559] Config param autoregressive_decode_assert: 
I0805 15:30:06.659307 140417175044416 pyconfig.py:559] Config param base_config: None
I0805 15:30:06.659327 140417175044416 pyconfig.py:559] Config param base_emb_dim: 4096
I0805 15:30:06.659349 140417175044416 pyconfig.py:559] Config param base_mlp_dim: 14336
I0805 15:30:06.659370 140417175044416 pyconfig.py:559] Config param base_moe_mlp_dim: 14336
I0805 15:30:06.659391 140417175044416 pyconfig.py:559] Config param base_num_decoder_layers: 32
I0805 15:30:06.659411 140417175044416 pyconfig.py:559] Config param base_num_kv_heads: 8
I0805 15:30:06.659431 140417175044416 pyconfig.py:559] Config param base_num_query_heads: 32
I0805 15:30:06.659452 140417175044416 pyconfig.py:559] Config param base_output_directory: /root/work/scale-your-amd/runs/20260805-maxtext-ep-mixtral-ex4/maxtext
I0805 15:30:06.659474 140417175044416 pyconfig.py:559] Config param batch_size: 1
I0805 15:30:06.659496 140417175044416 pyconfig.py:559] Config param batch_split_factor: 1
I0805 15:30:06.659517 140417175044416 pyconfig.py:559] Config param beta_fast: 32
I0805 15:30:06.659538 140417175044416 pyconfig.py:559] Config param beta_slow: 1
I0805 15:30:06.659559 140417175044416 pyconfig.py:559] Config param bwd_quantization_calibration_method: absmax
I0805 15:30:06.659580 140417175044416 pyconfig.py:559] Config param capacity_factor: 1.25
I0805 15:30:06.659604 140417175044416 pyconfig.py:559] Config param cast_logits_to_fp32: True
I0805 15:30:06.659624 140417175044416 pyconfig.py:559] Config param chat_template: 
I0805 15:30:06.659645 140417175044416 pyconfig.py:559] Config param chat_template_path: 
I0805 15:30:06.659665 140417175044416 pyconfig.py:559] Config param check_vma: False
I0805 15:30:06.659687 140417175044416 pyconfig.py:559] Config param checkpoint_conversion_fn: None
I0805 15:30:06.659710 140417175044416 pyconfig.py:559] Config param checkpoint_dir: /root/work/scale-your-amd/runs/20260805-maxtext-ep-mixtral-ex4/maxtext/ep-mixtral-ex4/checkpoints/
I0805 15:30:06.659736 140417175044416 pyconfig.py:559] Config param checkpoint_is_quantized: False
I0805 15:30:06.659760 140417175044416 pyconfig.py:559] Config param checkpoint_period: 10000
I0805 15:30:06.659782 140417175044416 pyconfig.py:559] Config param checkpoint_storage_concurrent_gb: 96
I0805 15:30:06.659806 140417175044416 pyconfig.py:559] Config param checkpoint_storage_target_data_file_size_bytes: 2147483648
I0805 15:30:06.659827 140417175044416 pyconfig.py:559] Config param checkpoint_storage_use_ocdbt: True
I0805 15:30:06.659849 140417175044416 pyconfig.py:559] Config param checkpoint_storage_use_zarr3: True
I0805 15:30:06.659870 140417175044416 pyconfig.py:559] Config param checkpoint_todelete_full_path: None
I0805 15:30:06.659890 140417175044416 pyconfig.py:559] Config param checkpoint_todelete_subdir: None
I0805 15:30:06.659910 140417175044416 pyconfig.py:559] Config param chips_per_vm: 4
I0805 15:30:06.659931 140417175044416 pyconfig.py:559] Config param chunk_attn_window_size: 0
I0805 15:30:06.659950 140417175044416 pyconfig.py:559] Config param colocated_python_checkpointing: False
I0805 15:30:06.659970 140417175044416 pyconfig.py:559] Config param colocated_python_data_input: False
I0805 15:30:06.659990 140417175044416 pyconfig.py:559] Config param compile_topology: 
I0805 15:30:06.660011 140417175044416 pyconfig.py:559] Config param compile_topology_num_slices: -1
I0805 15:30:06.660030 140417175044416 pyconfig.py:559] Config param compile_xla_flags: 
I0805 15:30:06.660049 140417175044416 pyconfig.py:559] Config param compiled_trainstep_file: 
I0805 15:30:06.660070 140417175044416 pyconfig.py:559] Config param compress_ratios: []
I0805 15:30:06.660091 140417175044416 pyconfig.py:559] Config param compressed_rope_max_timescale: 160000
I0805 15:30:06.660112 140417175044416 pyconfig.py:559] Config param compute_axis_order: 0,1,2,3
I0805 15:30:06.660132 140417175044416 pyconfig.py:559] Config param constant_bound_config: []
I0805 15:30:06.660153 140417175044416 pyconfig.py:559] Config param context: RematLocation.REMAT
I0805 15:30:06.660176 140417175044416 pyconfig.py:559] Config param context_parallel_load_balance: True
I0805 15:30:06.660196 140417175044416 pyconfig.py:559] Config param context_parallel_reorder_strategy: ReorderStrategy.AUTO
I0805 15:30:06.660219 140417175044416 pyconfig.py:559] Config param context_parallel_size: 1
I0805 15:30:06.660239 140417175044416 pyconfig.py:559] Config param context_parallel_strategy: all_gather
I0805 15:30:06.660259 140417175044416 pyconfig.py:559] Config param context_sharding: context
I0805 15:30:06.660279 140417175044416 pyconfig.py:559] Config param conv_chunksize_for_audio: 500
I0805 15:30:06.660299 140417175044416 pyconfig.py:559] Config param conv_stride_for_vit: 14
I0805 15:30:06.660319 140417175044416 pyconfig.py:559] Config param convert_checkpoint_if_possible: False
I0805 15:30:06.660340 140417175044416 pyconfig.py:559] Config param cost_estimate_flops_bwd: -1
I0805 15:30:06.660360 140417175044416 pyconfig.py:559] Config param cost_estimate_flops_fwd: -1
I0805 15:30:06.660380 140417175044416 pyconfig.py:559] Config param custom_mesh: 
I0805 15:30:06.660400 140417175044416 pyconfig.py:559] Config param custom_mesh_and_rule: CustomRule.DEFAULT
I0805 15:30:06.660422 140417175044416 pyconfig.py:559] Config param d_model_for_audio: 256
I0805 15:30:06.660442 140417175044416 pyconfig.py:559] Config param data_sharding: (('data', 'stage', 'fsdp', 'fsdp_transpose', 'context', 'context_autoregressive', 'tensor', 'tensor_transpose', 'tensor_sequence', 'expert', 'autoregressive'),)
I0805 15:30:06.660470 140417175044416 pyconfig.py:559] Config param data_shuffle_seed: 0
I0805 15:30:06.660491 140417175044416 pyconfig.py:559] Config param data_template_path: 
I0805 15:30:06.660511 140417175044416 pyconfig.py:559] Config param dataset_name: c4/en:3.1.0
I0805 15:30:06.660531 140417175044416 pyconfig.py:559] Config param dataset_path: 
I0805 15:30:06.660550 140417175044416 pyconfig.py:559] Config param dataset_processor_path: 
I0805 15:30:06.660570 140417175044416 pyconfig.py:559] Config param dataset_type: DatasetType.SYNTHETIC
I0805 15:30:06.660593 140417175044416 pyconfig.py:559] Config param dcn_autoregressive_parallelism: 1
I0805 15:30:06.660614 140417175044416 pyconfig.py:559] Config param dcn_context_autoregressive_parallelism: 1
I0805 15:30:06.660634 140417175044416 pyconfig.py:559] Config param dcn_context_parallelism: 1
I0805 15:30:06.660656 140417175044416 pyconfig.py:559] Config param dcn_data_parallelism: -1
I0805 15:30:06.660676 140417175044416 pyconfig.py:559] Config param dcn_diloco_parallelism: 1
I0805 15:30:06.660695 140417175044416 pyconfig.py:559] Config param dcn_expert_parallelism: 1
I0805 15:30:06.660715 140417175044416 pyconfig.py:559] Config param dcn_fsdp_parallelism: 1
I0805 15:30:06.660735 140417175044416 pyconfig.py:559] Config param dcn_fsdp_transpose_parallelism: 1
I0805 15:30:06.660754 140417175044416 pyconfig.py:559] Config param dcn_parallelism: [1, -1, 1, 1, 1, 1, 1, 1, 1, 1, 1, 1]
I0805 15:30:06.660776 140417175044416 pyconfig.py:559] Config param dcn_pipeline_parallelism: 1
I0805 15:30:06.660797 140417175044416 pyconfig.py:559] Config param dcn_sequence_parallelism: 1
I0805 15:30:06.660818 140417175044416 pyconfig.py:559] Config param dcn_tensor_parallelism: 1
I0805 15:30:06.660838 140417175044416 pyconfig.py:559] Config param dcn_tensor_sequence_parallelism: 1
I0805 15:30:06.660859 140417175044416 pyconfig.py:559] Config param dcn_tensor_transpose_parallelism: 1
I0805 15:30:06.660878 140417175044416 pyconfig.py:559] Config param debug: {'rl': False}
I0805 15:30:06.660900 140417175044416 pyconfig.py:559] Config param debug_converter: False
I0805 15:30:06.660921 140417175044416 pyconfig.py:559] Config param debug_sharding: False
I0805 15:30:06.660941 140417175044416 pyconfig.py:559] Config param decode_sampling_nucleus_p: -1
I0805 15:30:06.660962 140417175044416 pyconfig.py:559] Config param decode_sampling_strategy: SamplingStrategy.GREEDY
I0805 15:30:06.660984 140417175044416 pyconfig.py:559] Config param decode_sampling_temperature: 1.0
I0805 15:30:06.661006 140417175044416 pyconfig.py:559] Config param decode_sampling_top_k: 0
I0805 15:30:06.661027 140417175044416 pyconfig.py:559] Config param decoder_block: DecoderBlockType.MIXTRAL
I0805 15:30:06.661049 140417175044416 pyconfig.py:559] Config param decoder_layer_input: RematLocation.DEVICE
I0805 15:30:06.661071 140417175044416 pyconfig.py:559] Config param deepstack_visual_indexes_for_vit: []
I0805 15:30:06.661091 140417175044416 pyconfig.py:559] Config param degenerate_group_masking: True
I0805 15:30:06.661114 140417175044416 pyconfig.py:559] Config param dense_init_scale: 1.0
I0805 15:30:06.661136 140417175044416 pyconfig.py:559] Config param diloco_outer_lr: 0.3
I0805 15:30:06.661157 140417175044416 pyconfig.py:559] Config param diloco_outer_momentum: 0.9
I0805 15:30:06.661178 140417175044416 pyconfig.py:559] Config param diloco_sync_period: 36
I0805 15:30:06.661199 140417175044416 pyconfig.py:559] Config param distill_alpha: 0.5
I0805 15:30:06.661221 140417175044416 pyconfig.py:559] Config param distill_alpha_end: None
I0805 15:30:06.661242 140417175044416 pyconfig.py:559] Config param distill_alpha_schedule: constant
I0805 15:30:06.661263 140417175044416 pyconfig.py:559] Config param distill_beta: 0.0
I0805 15:30:06.661284 140417175044416 pyconfig.py:559] Config param distill_beta_end: None
I0805 15:30:06.661304 140417175044416 pyconfig.py:559] Config param distill_beta_schedule: constant
I0805 15:30:06.661324 140417175044416 pyconfig.py:559] Config param distill_feature_loss_type: cosine
I0805 15:30:06.661343 140417175044416 pyconfig.py:559] Config param distill_layer_indices: None
I0805 15:30:06.661363 140417175044416 pyconfig.py:559] Config param distill_student_weights_share_map: {}
I0805 15:30:06.661384 140417175044416 pyconfig.py:559] Config param distill_temperature: 1.0
I0805 15:30:06.661405 140417175044416 pyconfig.py:559] Config param distill_temperature_end: None
I0805 15:30:06.661426 140417175044416 pyconfig.py:559] Config param distill_temperature_schedule: constant
I0805 15:30:06.661446 140417175044416 pyconfig.py:559] Config param distill_weights_copy_map: {}
I0805 15:30:06.661467 140417175044416 pyconfig.py:559] Config param downsample_hidden_size_for_audio: 256
I0805 15:30:06.661488 140417175044416 pyconfig.py:559] Config param dpo: {'algo': 'dpo', 'dpo_beta': 0.1, 'orpo_lambda': 0.1, 'dpo_label_smoothing': 0.0, 'max_prompt_length': None}
I0805 15:30:06.661512 140417175044416 pyconfig.py:559] Config param dq_reduction_steps: 0
I0805 15:30:06.661534 140417175044416 pyconfig.py:559] Config param dropout_rate: 0.0
I0805 15:30:06.661554 140417175044416 pyconfig.py:559] Config param dtype: bfloat16
I0805 15:30:06.661597 140417175044416 pyconfig.py:559] Config param dtype_mm: float32
I0805 15:30:06.661623 140417175044416 pyconfig.py:559] Config param dump_hlo: False
I0805 15:30:06.661644 140417175044416 pyconfig.py:559] Config param dump_hlo_delete_local_after: True
I0805 15:30:06.661666 140417175044416 pyconfig.py:559] Config param dump_hlo_gcs_dir: /root/work/scale-your-amd/runs/20260805-maxtext-ep-mixtral-ex4/maxtext/ep-mixtral-ex4/xla_dump
I0805 15:30:06.661687 140417175044416 pyconfig.py:559] Config param dump_hlo_local_dir: /tmp/xla_dump/
I0805 15:30:06.661706 140417175044416 pyconfig.py:559] Config param dump_hlo_local_module_name: jit_train_step
I0805 15:30:06.661732 140417175044416 pyconfig.py:559] Config param dump_hlo_module_name: jit_train_step
I0805 15:30:06.661752 140417175044416 pyconfig.py:559] Config param dump_hlo_upload_all: False
I0805 15:30:06.661772 140417175044416 pyconfig.py:559] Config param dump_hlo_xla_flags: 
I0805 15:30:06.661792 140417175044416 pyconfig.py:559] Config param dump_jaxpr: False
I0805 15:30:06.661811 140417175044416 pyconfig.py:559] Config param dump_jaxpr_delete_local_after: True
I0805 15:30:06.661831 140417175044416 pyconfig.py:559] Config param dump_jaxpr_gcs_dir: /root/work/scale-your-amd/runs/20260805-maxtext-ep-mixtral-ex4/maxtext/ep-mixtral-ex4/jaxpr_dump
I0805 15:30:06.661852 140417175044416 pyconfig.py:559] Config param dump_jaxpr_local_dir: /tmp/jaxpr_dump/
I0805 15:30:06.661872 140417175044416 pyconfig.py:559] Config param dump_step: -1
I0805 15:30:06.661892 140417175044416 pyconfig.py:559] Config param elastic_enabled: False
I0805 15:30:06.661913 140417175044416 pyconfig.py:559] Config param elastic_max_retries: 10
I0805 15:30:06.661933 140417175044416 pyconfig.py:559] Config param elastic_min_slice_count: -1
I0805 15:30:06.661954 140417175044416 pyconfig.py:559] Config param elastic_timeout_seconds: 300
I0805 15:30:06.661974 140417175044416 pyconfig.py:559] Config param emb_dim: 4096
I0805 15:30:06.661993 140417175044416 pyconfig.py:559] Config param enable_autocheckpoint: False
I0805 15:30:06.662013 140417175044416 pyconfig.py:559] Config param enable_checkpoint_cloud_logger: False
I0805 15:30:06.662034 140417175044416 pyconfig.py:559] Config param enable_checkpointing: False
I0805 15:30:06.662054 140417175044416 pyconfig.py:559] Config param enable_continuous_checkpointing: False
I0805 15:30:06.662074 140417175044416 pyconfig.py:559] Config param enable_data_shuffling: True
I0805 15:30:06.662093 140417175044416 pyconfig.py:559] Config param enable_diloco: False
I0805 15:30:06.662113 140417175044416 pyconfig.py:559] Config param enable_dp_attention: False
I0805 15:30:06.662133 140417175044416 pyconfig.py:559] Config param enable_dropout: False
I0805 15:30:06.662153 140417175044416 pyconfig.py:559] Config param enable_emergency_checkpoint: False
I0805 15:30:06.662172 140417175044416 pyconfig.py:559] Config param enable_expert_parallel: False
I0805 15:30:06.662191 140417175044416 pyconfig.py:559] Config param enable_gcp_goodput_metrics: True
I0805 15:30:06.662210 140417175044416 pyconfig.py:559] Config param enable_gcp_step_deviation_metrics: True
I0805 15:30:06.662230 140417175044416 pyconfig.py:559] Config param enable_goodput_recording: False
I0805 15:30:06.662250 140417175044416 pyconfig.py:559] Config param enable_jax_profiler: False
I0805 15:30:06.662270 140417175044416 pyconfig.py:559] Config param enable_llm_inference_pool: False
I0805 15:30:06.662289 140417175044416 pyconfig.py:559] Config param enable_mhc_lite: False
I0805 15:30:06.662310 140417175044416 pyconfig.py:559] Config param enable_model_warmup: False
I0805 15:30:06.662331 140417175044416 pyconfig.py:559] Config param enable_multi_tier_checkpointing: False
I0805 15:30:06.662351 140417175044416 pyconfig.py:559] Config param enable_nnx: False
I0805 15:30:06.662370 140417175044416 pyconfig.py:559] Config param enable_orbax_v1: False
I0805 15:30:06.662390 140417175044416 pyconfig.py:559] Config param enable_padding_causal_mask: True
I0805 15:30:06.662411 140417175044416 pyconfig.py:559] Config param enable_pathways_goodput: False
I0805 15:30:06.662432 140417175044416 pyconfig.py:559] Config param enable_prefix_caching: False
I0805 15:30:06.662451 140417175044416 pyconfig.py:559] Config param enable_rampup_batch_size: False
I0805 15:30:06.662471 140417175044416 pyconfig.py:559] Config param enable_single_controller: False
I0805 15:30:06.662491 140417175044416 pyconfig.py:559] Config param enable_single_replica_ckpt_restoring: False
I0805 15:30:06.662511 140417175044416 pyconfig.py:559] Config param enable_tensorboard: True
I0805 15:30:06.662530 140417175044416 pyconfig.py:559] Config param enable_tpu_profiling_options: False
I0805 15:30:06.662551 140417175044416 pyconfig.py:559] Config param enable_tunix_perf_metrics: False
I0805 15:30:06.662570 140417175044416 pyconfig.py:559] Config param encoder_attention_heads_for_audio: 4
I0805 15:30:06.662590 140417175044416 pyconfig.py:559] Config param encoder_ffn_dim_for_audio: 512
I0805 15:30:06.662611 140417175044416 pyconfig.py:559] Config param encoder_layers_for_audio: 2
I0805 15:30:06.662631 140417175044416 pyconfig.py:559] Config param engram: RematLocation.REMAT
I0805 15:30:06.662652 140417175044416 pyconfig.py:559] Config param engram_head_dim: 1280
I0805 15:30:06.662672 140417175044416 pyconfig.py:559] Config param engram_kernel_size: 4
I0805 15:30:06.662693 140417175044416 pyconfig.py:559] Config param engram_layers: []
I0805 15:30:06.662713 140417175044416 pyconfig.py:559] Config param engram_max_ngram_size: 3
I0805 15:30:06.662733 140417175044416 pyconfig.py:559] Config param engram_num_heads: 8
I0805 15:30:06.662753 140417175044416 pyconfig.py:559] Config param engram_seed: 0
I0805 15:30:06.662772 140417175044416 pyconfig.py:559] Config param engram_vocab_bases: []
I0805 15:30:06.662792 140417175044416 pyconfig.py:559] Config param epsilon_high: None
I0805 15:30:06.662813 140417175044416 pyconfig.py:559] Config param eval_batch_size: -1
I0805 15:30:06.662833 140417175044416 pyconfig.py:559] Config param eval_corr_lst: False
I0805 15:30:06.662854 140417175044416 pyconfig.py:559] Config param eval_data_columns: ['text']
I0805 15:30:06.662875 140417175044416 pyconfig.py:559] Config param eval_dataset_name: c4/en:3.1.0
I0805 15:30:06.662896 140417175044416 pyconfig.py:559] Config param eval_image_column: image
I0805 15:30:06.662916 140417175044416 pyconfig.py:559] Config param eval_interval: -1
I0805 15:30:06.662935 140417175044416 pyconfig.py:559] Config param eval_make_lst: False
I0805 15:30:06.662955 140417175044416 pyconfig.py:559] Config param eval_mode: pass
I0805 15:30:06.662977 140417175044416 pyconfig.py:559] Config param eval_per_device_batch_size: 4.0
I0805 15:30:06.662998 140417175044416 pyconfig.py:559] Config param eval_sampling_strategy: greedy
I0805 15:30:06.663018 140417175044416 pyconfig.py:559] Config param eval_split: validation
I0805 15:30:06.663038 140417175044416 pyconfig.py:559] Config param eval_steps: -1
I0805 15:30:06.663059 140417175044416 pyconfig.py:559] Config param expansion_factor_real_data: -1.0
I0805 15:30:06.663079 140417175044416 pyconfig.py:559] Config param expert_balance: False
I0805 15:30:06.663100 140417175044416 pyconfig.py:559] Config param final_logits_soft_cap: None
I0805 15:30:06.663121 140417175044416 pyconfig.py:559] Config param first_num_dense_layers: 0
I0805 15:30:06.663141 140417175044416 pyconfig.py:559] Config param first_num_hash_layers: 0
I0805 15:30:06.663160 140417175044416 pyconfig.py:559] Config param float32_gate_logits: False
I0805 15:30:06.663181 140417175044416 pyconfig.py:559] Config param float32_logits: False
I0805 15:30:06.663200 140417175044416 pyconfig.py:559] Config param float32_qk_product: False
I0805 15:30:06.663220 140417175044416 pyconfig.py:559] Config param float32_weight_sum: True
I0805 15:30:06.663240 140417175044416 pyconfig.py:559] Config param force_q_layout: False
I0805 15:30:06.663259 140417175044416 pyconfig.py:559] Config param force_unroll: False
I0805 15:30:06.663280 140417175044416 pyconfig.py:559] Config param formatting_func_kwargs: {}
I0805 15:30:06.663300 140417175044416 pyconfig.py:559] Config param formatting_func_path: 
I0805 15:30:06.663320 140417175044416 pyconfig.py:559] Config param freeze_audio_encoder_params: True
I0805 15:30:06.663341 140417175044416 pyconfig.py:559] Config param freeze_vision_encoder_params: True
I0805 15:30:06.663361 140417175044416 pyconfig.py:559] Config param fuse_expert_scales: False
I0805 15:30:06.663382 140417175044416 pyconfig.py:559] Config param fused_mlp: False
I0805 15:30:06.663401 140417175044416 pyconfig.py:559] Config param fused_qkv: False
I0805 15:30:06.663421 140417175044416 pyconfig.py:559] Config param gcs_debug_path: 
I0805 15:30:06.663441 140417175044416 pyconfig.py:559] Config param gcs_metrics: False
I0805 15:30:06.663461 140417175044416 pyconfig.py:559] Config param gdn_chunk_size: 64
I0805 15:30:06.663481 140417175044416 pyconfig.py:559] Config param gdn_conv_kernel_dim: 4
I0805 15:30:06.663501 140417175044416 pyconfig.py:559] Config param gdn_key_head_dim: 128
I0805 15:30:06.663521 140417175044416 pyconfig.py:559] Config param gdn_num_key_heads: 16
I0805 15:30:06.663541 140417175044416 pyconfig.py:559] Config param gdn_num_value_heads: 32
I0805 15:30:06.663562 140417175044416 pyconfig.py:559] Config param gdn_value_head_dim: 128
I0805 15:30:06.663583 140417175044416 pyconfig.py:559] Config param generate_padding_batch_eval: False
I0805 15:30:06.663604 140417175044416 pyconfig.py:559] Config param generate_padding_batch_train: False
I0805 15:30:06.663623 140417175044416 pyconfig.py:559] Config param generate_slice: v5e-16
I0805 15:30:06.663643 140417175044416 pyconfig.py:559] Config param generation_configs: {}
I0805 15:30:06.663663 140417175044416 pyconfig.py:559] Config param global_batch_size_to_eval_on: 32
I0805 15:30:06.663683 140417175044416 pyconfig.py:559] Config param global_batch_size_to_load: 32
I0805 15:30:06.663703 140417175044416 pyconfig.py:559] Config param global_batch_size_to_load_eval: 32
I0805 15:30:06.663725 140417175044416 pyconfig.py:559] Config param global_batch_size_to_load_increment: None
I0805 15:30:06.663746 140417175044416 pyconfig.py:559] Config param global_batch_size_to_load_start: None
I0805 15:30:06.663768 140417175044416 pyconfig.py:559] Config param global_batch_size_to_train_on: 32
I0805 15:30:06.663788 140417175044416 pyconfig.py:559] Config param global_head_dim: 0
I0805 15:30:06.663808 140417175044416 pyconfig.py:559] Config param global_num_kv_heads: 0
I0805 15:30:06.663829 140417175044416 pyconfig.py:559] Config param global_parameter_scale: 1
I0805 15:30:06.663848 140417175044416 pyconfig.py:559] Config param global_rampup_samples: 500
I0805 15:30:06.663868 140417175044416 pyconfig.py:559] Config param global_rope_max_timescale: -1
I0805 15:30:06.663888 140417175044416 pyconfig.py:559] Config param global_rope_proportion: 0.25
I0805 15:30:06.663910 140417175044416 pyconfig.py:559] Config param goodput_upload_interval_seconds: 30
I0805 15:30:06.663930 140417175044416 pyconfig.py:559] Config param grad_dtype: float32
I0805 15:30:06.663980 140417175044416 pyconfig.py:559] Config param gradient_accumulation_steps: 1
I0805 15:30:06.664006 140417175044416 pyconfig.py:559] Config param gradient_clipping_threshold: 1.0
I0805 15:30:06.664028 140417175044416 pyconfig.py:559] Config param grain_data_source_max_workers: 16
I0805 15:30:06.664048 140417175044416 pyconfig.py:559] Config param grain_eval_files: 
I0805 15:30:06.664069 140417175044416 pyconfig.py:559] Config param grain_file_type: arrayrecord
I0805 15:30:06.664090 140417175044416 pyconfig.py:559] Config param grain_num_threads: 16
I0805 15:30:06.664110 140417175044416 pyconfig.py:559] Config param grain_num_threads_eval: 16
I0805 15:30:06.664130 140417175044416 pyconfig.py:559] Config param grain_packing_type: first_fit
I0805 15:30:06.664150 140417175044416 pyconfig.py:559] Config param grain_per_worker_buffer_size: 1
I0805 15:30:06.664170 140417175044416 pyconfig.py:559] Config param grain_per_worker_buffer_size_eval: 1
I0805 15:30:06.664191 140417175044416 pyconfig.py:559] Config param grain_prefetch_buffer_size: 500
I0805 15:30:06.664210 140417175044416 pyconfig.py:559] Config param grain_prefetch_buffer_size_eval: 500
I0805 15:30:06.664230 140417175044416 pyconfig.py:559] Config param grain_ram_budget_mb: 1024
I0805 15:30:06.664251 140417175044416 pyconfig.py:559] Config param grain_shuffle_buffer_size: 100
I0805 15:30:06.664270 140417175044416 pyconfig.py:559] Config param grain_train_files: 
I0805 15:30:06.664289 140417175044416 pyconfig.py:559] Config param grain_train_mixture_config_path: 
I0805 15:30:06.664309 140417175044416 pyconfig.py:559] Config param grain_use_elastic_iterator: False
I0805 15:30:06.664330 140417175044416 pyconfig.py:559] Config param grain_worker_count: 1
I0805 15:30:06.664349 140417175044416 pyconfig.py:559] Config param grain_worker_count_eval: 1
I0805 15:30:06.664369 140417175044416 pyconfig.py:559] Config param grpo_beta: 0.08
I0805 15:30:06.664390 140417175044416 pyconfig.py:559] Config param grpo_epsilon: 0.2
I0805 15:30:06.664411 140417175044416 pyconfig.py:559] Config param hardware: gpu
I0805 15:30:06.664430 140417175044416 pyconfig.py:559] Config param hbm_utilization_vllm: 0.72
I0805 15:30:06.664451 140417175044416 pyconfig.py:559] Config param head_dim: 128
I0805 15:30:06.664471 140417175044416 pyconfig.py:559] Config param heartbeat_reporting_interval_in_seconds: 5
I0805 15:30:06.664491 140417175044416 pyconfig.py:559] Config param hf_data_dir: None
I0805 15:30:06.664511 140417175044416 pyconfig.py:559] Config param hf_eval_files: None
I0805 15:30:06.664530 140417175044416 pyconfig.py:559] Config param hf_eval_split: None
I0805 15:30:06.664551 140417175044416 pyconfig.py:559] Config param hf_lora_adapter_path: 
I0805 15:30:06.664570 140417175044416 pyconfig.py:559] Config param hf_name: None
I0805 15:30:06.664590 140417175044416 pyconfig.py:559] Config param hf_path: 
I0805 15:30:06.664609 140417175044416 pyconfig.py:559] Config param hf_train_files: None
I0805 15:30:06.664630 140417175044416 pyconfig.py:559] Config param hidden_size_for_vit: 1408
I0805 15:30:06.664650 140417175044416 pyconfig.py:559] Config param hidden_size_per_layer_input: 0
I0805 15:30:06.664670 140417175044416 pyconfig.py:559] Config param hide_profiler_step_metric: False
I0805 15:30:06.664690 140417175044416 pyconfig.py:559] Config param ici_autoregressive_parallelism: 1
I0805 15:30:06.664709 140417175044416 pyconfig.py:559] Config param ici_context_autoregressive_parallelism: 1
I0805 15:30:06.664729 140417175044416 pyconfig.py:559] Config param ici_context_parallelism: 1
I0805 15:30:06.664750 140417175044416 pyconfig.py:559] Config param ici_data_parallelism: 1
I0805 15:30:06.664771 140417175044416 pyconfig.py:559] Config param ici_diloco_parallelism: 1
I0805 15:30:06.664791 140417175044416 pyconfig.py:559] Config param ici_expert_parallelism: 4
I0805 15:30:06.664811 140417175044416 pyconfig.py:559] Config param ici_fsdp_parallelism: 2
I0805 15:30:06.664831 140417175044416 pyconfig.py:559] Config param ici_fsdp_transpose_parallelism: 1
I0805 15:30:06.664851 140417175044416 pyconfig.py:559] Config param ici_parallelism: [1, 1, 1, 2, 1, 1, 1, 1, 1, 1, 4, 1]
I0805 15:30:06.664872 140417175044416 pyconfig.py:559] Config param ici_pipeline_parallelism: 1
I0805 15:30:06.664892 140417175044416 pyconfig.py:559] Config param ici_sequence_parallelism: 1
I0805 15:30:06.664913 140417175044416 pyconfig.py:559] Config param ici_tensor_parallelism: 1
I0805 15:30:06.664933 140417175044416 pyconfig.py:559] Config param ici_tensor_sequence_parallelism: 1
I0805 15:30:06.664954 140417175044416 pyconfig.py:559] Config param ici_tensor_transpose_parallelism: 1
I0805 15:30:06.664974 140417175044416 pyconfig.py:559] Config param image_path: 
I0805 15:30:06.664995 140417175044416 pyconfig.py:559] Config param image_placeholder: <|image|>
I0805 15:30:06.665015 140417175044416 pyconfig.py:559] Config param image_size_for_vit: 896
I0805 15:30:06.665035 140417175044416 pyconfig.py:559] Config param indexer_head_dim: 128
I0805 15:30:06.665056 140417175044416 pyconfig.py:559] Config param indexer_loss_scaling_factor: 0.0
I0805 15:30:06.665076 140417175044416 pyconfig.py:559] Config param indexer_n_heads: 64
I0805 15:30:06.665097 140417175044416 pyconfig.py:559] Config param indexer_sparse_training: False
I0805 15:30:06.665117 140417175044416 pyconfig.py:559] Config param indexer_topk: 2048
I0805 15:30:06.665138 140417175044416 pyconfig.py:559] Config param inference_benchmark_test: False
I0805 15:30:06.665159 140417175044416 pyconfig.py:559] Config param inference_metadata_file: 
I0805 15:30:06.665180 140417175044416 pyconfig.py:559] Config param inference_microbenchmark_log_file_path: 
I0805 15:30:06.665201 140417175044416 pyconfig.py:559] Config param inference_microbenchmark_loop_iters: 10
I0805 15:30:06.665221 140417175044416 pyconfig.py:559] Config param inference_microbenchmark_num_samples: [1, 2, 3, 4, 5]
I0805 15:30:06.665243 140417175044416 pyconfig.py:559] Config param inference_microbenchmark_prefill_lengths: 64,128,256,512,1024
I0805 15:30:06.665263 140417175044416 pyconfig.py:559] Config param inference_microbenchmark_stages: prefill,generate
I0805 15:30:06.665284 140417175044416 pyconfig.py:559] Config param inference_server: MaxtextInterleavedServer
I0805 15:30:06.665304 140417175044416 pyconfig.py:559] Config param inhomogeneous_layer_cycle_interval: 1
I0805 15:30:06.665325 140417175044416 pyconfig.py:559] Config param init_weights_seed: 0
I0805 15:30:06.665345 140417175044416 pyconfig.py:559] Config param input_data_sharding_logical_axes: ['activation_embed_and_logits_batch', 'activation_norm_length']
I0805 15:30:06.665367 140417175044416 pyconfig.py:559] Config param interleave_moe_layer_step: 1
I0805 15:30:06.665387 140417175044416 pyconfig.py:559] Config param intermediate_size_for_vit: 5632
I0805 15:30:06.665406 140417175044416 pyconfig.py:559] Config param internal_compile: False
I0805 15:30:06.665425 140417175044416 pyconfig.py:559] Config param internal_compile_num_devices: -1
I0805 15:30:06.665446 140417175044416 pyconfig.py:559] Config param jax_cache_dir: ~/jax_cache
I0805 15:30:06.665466 140417175044416 pyconfig.py:559] Config param jax_debug_log_modules: 
I0805 15:30:06.665487 140417175044416 pyconfig.py:559] Config param jax_distributed_heartbeat_timeout_seconds: 100
I0805 15:30:06.665507 140417175044416 pyconfig.py:559] Config param jax_distributed_initialization_timeout: 300
I0805 15:30:06.665528 140417175044416 pyconfig.py:559] Config param jax_profiler_port: 9999
I0805 15:30:06.665548 140417175044416 pyconfig.py:559] Config param key_proj: RematLocation.REMAT
I0805 15:30:06.665569 140417175044416 pyconfig.py:559] Config param kv_cache_buffer: 256
I0805 15:30:06.665590 140417175044416 pyconfig.py:559] Config param kv_lora_rank: 512
I0805 15:30:06.665610 140417175044416 pyconfig.py:559] Config param kv_quant_axis: KvQuantAxis.HEADS_AND_DKV
I0805 15:30:06.665635 140417175044416 pyconfig.py:559] Config param kv_quant_dtype: int8
I0805 15:30:06.665655 140417175044416 pyconfig.py:559] Config param kv_wa_proj: RematLocation.REMAT
I0805 15:30:06.665676 140417175044416 pyconfig.py:559] Config param learn_to_init_mode: False
I0805 15:30:06.665696 140417175044416 pyconfig.py:559] Config param learning_rate: 3e-05
I0805 15:30:06.665719 140417175044416 pyconfig.py:559] Config param learning_rate_final_fraction: 0.1
I0805 15:30:06.665752 140417175044416 pyconfig.py:559] Config param learning_rate_schedule_steps: 16
I0805 15:30:06.665774 140417175044416 pyconfig.py:559] Config param load_balance_loss_weight: 0.0
I0805 15:30:06.665795 140417175044416 pyconfig.py:559] Config param load_checkpoint_only_once: False
I0805 15:30:06.665815 140417175044416 pyconfig.py:559] Config param load_from_prefill_dir: False
I0805 15:30:06.665837 140417175044416 pyconfig.py:559] Config param load_full_state_path: 
I0805 15:30:06.665858 140417175044416 pyconfig.py:559] Config param load_parameters_path: 
I0805 15:30:06.665878 140417175044416 pyconfig.py:559] Config param local_checkpoint_directory: 
I0805 15:30:06.665899 140417175044416 pyconfig.py:559] Config param local_checkpoint_period: 0
I0805 15:30:06.665920 140417175044416 pyconfig.py:559] Config param local_rope_max_timescale: -1
I0805 15:30:06.665941 140417175044416 pyconfig.py:559] Config param local_rope_proportion: 1.0
I0805 15:30:06.665961 140417175044416 pyconfig.py:559] Config param log_config: True
I0805 15:30:06.665981 140417175044416 pyconfig.py:559] Config param log_period: 100
I0805 15:30:06.666002 140417175044416 pyconfig.py:559] Config param logical_axis_rules: (('activation_embed_and_logits_batch', ('data', 'stage', 'fsdp', 'fsdp_transpose', 'expert')), ('activation_embed_and_logits_batch_sequence', ('data', 'stage', 'fsdp', 'fsdp_transpose', 'context', 'expert')), ('activation_vocab', ('tensor', 'tensor_transpose', 'tensor_sequence')), ('activation_vocab', ('tensor', 'tensor_transpose')), ('activation_vocab', 'tensor_sequence'), ('vocab', ('tensor', 'tensor_transpose', 'tensor_sequence', 'autoregressive')), ('embed_vocab', ('fsdp', 'fsdp_transpose', 'context', 'expert')), ('activation_batch_attn', ('data', 'fsdp', 'fsdp_transpose', 'expert')), ('activation_heads', ('tensor', 'tensor_transpose', 'tensor_sequence', 'autoregressive')), ('activation_kv_heads', ('tensor', 'tensor_transpose', 'tensor_sequence')), ('activation_length_attn', ('context',)), ('activation_q_length', ('context',)), ('activation_kv_length', ()), ('activation_embed_attn', ('tensor', 'tensor_transpose')), ('activation_kv', ('tensor', 'tensor_transpose', 'tensor_sequence')), ('activation_kv_batch', ('data', 'fsdp', 'fsdp_transpose', 'expert')), ('activation_kv_head_dim', ('tensor', 'tensor_transpose', 'tensor_sequence')), ('heads', ('tensor', 'tensor_transpose', 'tensor_sequence', 'autoregressive')), ('q_heads', ('tensor', 'tensor_transpose', 'tensor_sequence', 'autoregressive')), ('kv_heads', ('tensor', 'tensor_transpose', 'tensor_sequence', 'autoregressive')), ('qkv', ()), ('kv', ()), ('kv_head_dim', ()), ('q_lora', ('fsdp', 'fsdp_transpose', 'context', 'tensor_transpose', 'expert')), ('q_lora', ('fsdp', 'context', 'tensor_transpose', 'expert')), ('q_lora', ('fsdp', 'fsdp_transpose', 'context', 'expert')), ('q_lora', ('fsdp', 'context', 'expert')), ('q_lora_up_proj', ()), ('kv_lora', ('fsdp', 'fsdp_transpose', 'context', 'tensor_transpose', 'expert')), ('kv_lora', ('fsdp', 'context', 'tensor_transpose', 'expert')), ('kv_lora', ('fsdp', 'fsdp_transpose', 'context', 'expert')), ('kv_lora', ('fsdp', 'context', 'expert')), ('kv_lora_up_proj', ()), ('activation_batch_moe', ('data', 'fsdp', 'fsdp_transpose', 'expert')), ('activation_length_moe', ('context',)), ('activation_norm_length_moe', ('tensor_sequence', 'context')), ('activation_embed_moe', ('tensor', 'tensor_transpose')), ('activation_mlp_moe', ('tensor', 'tensor_transpose', 'tensor_sequence')), ('activation_exp', ('expert',)), ('exp', 'expert'), ('mlp_moe', ('fsdp_transpose', 'tensor', 'tensor_sequence', 'autoregressive')), ('embed_moe', ('fsdp', 'fsdp_transpose', 'tensor_transpose', 'context')), ('embed_moe', ('fsdp', 'tensor_transpose', 'context')), ('embed_moe', ('fsdp', 'fsdp_transpose', 'context')), ('embed_moe', ('fsdp', 'context')), ('activation_mlp', ('tensor', 'tensor_transpose', 'tensor_sequence')), ('activation_batch', ('data', 'fsdp', 'fsdp_transpose', 'expert')), ('activation_length', ('context',)), ('activation_norm_length', ('tensor_sequence', 'context')), ('activation_embed', ('tensor', 'tensor_transpose')), ('activation_stage', 'stage'), ('mlp', ('fsdp_transpose', 'tensor', 'tensor_sequence', 'autoregressive')), ('gdn_head', ('fsdp_transpose', 'tensor', 'tensor_sequence', 'autoregressive')), ('embed', ('fsdp', 'fsdp_transpose', 'tensor_transpose', 'context', 'expert')), ('embed', ('fsdp', 'tensor_transpose', 'context', 'expert')), ('embed', ('fsdp', 'fsdp_transpose', 'context', 'expert')), ('embed', ('fsdp', 'context', 'expert')), ('norm', ('tensor', 'tensor_transpose')), ('layers', 'stage'), ('diloco', 'diloco'), ('engram_dim', ('tensor',)), ('dense_layers', ()), ('moe_layers', ()), ('mhc', ()), ('prefill_activation_length', ('context',)), ('prefill_activation_norm_length', ('tensor_sequence', 'context')), ('activation_prefill_kv_batch', ('data', 'fsdp', 'fsdp_transpose', 'expert')), ('decode_batch', ('data', 'fsdp', 'fsdp_transpose', 'expert')), ('decode_length', ()), ('cache_heads', ('autoregressive', 'tensor', 'tensor_transpose', 'tensor_sequence')), ('cache_heads', ('autoregressive', 'tensor', 'tensor_sequence')), ('paged_kv_heads', ('tensor',)), ('cache_batch_prefill', ()), ('cache_batch', ()), ('cache_heads_none', ()), ('cache_kv', ()), ('cache_sequence', ()), ('num_pages', ()), ('tokens_per_page', ()), ('paged_kv_head_dim_size', ()), ('mlp_no_fsdp', ('tensor', 'tensor_sequence', 'autoregressive')), ('embed_tensor_transpose', ('tensor_transpose',)), ('exp_with_fsdp', 'fsdp'))
I0805 15:30:06.666105 140417175044416 pyconfig.py:559] Config param logits_dot_in_fp32: False
I0805 15:30:06.666131 140417175044416 pyconfig.py:559] Config param logits_via_embedding: False
I0805 15:30:06.666155 140417175044416 pyconfig.py:559] Config param lora: {'enable_lora': False, 'lora_rank': 0, 'lora_alpha': 0.0, 'lora_module_path': '', 'lora_restore_path': ''}
I0805 15:30:06.666179 140417175044416 pyconfig.py:559] Config param lora_input_adapters_path: 
I0805 15:30:06.666200 140417175044416 pyconfig.py:559] Config param loss_agg_mode: sequence-mean-token-mean
I0805 15:30:06.666221 140417175044416 pyconfig.py:559] Config param loss_algo: grpo
I0805 15:30:06.666241 140417175044416 pyconfig.py:559] Config param lr_schedule_type: LearningRateScheduleType.COSINE
I0805 15:30:06.666265 140417175044416 pyconfig.py:559] Config param lti_layer_indices: None
I0805 15:30:06.666287 140417175044416 pyconfig.py:559] Config param lti_use_general_linear_map: False
I0805 15:30:06.666307 140417175044416 pyconfig.py:559] Config param managed_mldiagnostics: False
I0805 15:30:06.666328 140417175044416 pyconfig.py:559] Config param managed_mldiagnostics_dir: /root/work/scale-your-amd/runs/20260805-maxtext-ep-mixtral-ex4/maxtext/ep-mixtral-ex4/managed-mldiagnostics
I0805 15:30:06.666350 140417175044416 pyconfig.py:559] Config param managed_mldiagnostics_on_demand_profiling: True
I0805 15:30:06.666371 140417175044416 pyconfig.py:559] Config param managed_mldiagnostics_region: 
I0805 15:30:06.666391 140417175044416 pyconfig.py:559] Config param managed_mldiagnostics_run_group: 
I0805 15:30:06.666412 140417175044416 pyconfig.py:559] Config param math_verify_num_procs: None
I0805 15:30:06.666433 140417175044416 pyconfig.py:559] Config param math_verify_timeout: 300
I0805 15:30:06.666453 140417175044416 pyconfig.py:559] Config param matmul_precision: MatmulPrecision.DEFAULT
I0805 15:30:06.666476 140417175044416 pyconfig.py:559] Config param max_checkify: False
I0805 15:30:06.666497 140417175044416 pyconfig.py:559] Config param max_concurrency: 256
I0805 15:30:06.666517 140417175044416 pyconfig.py:559] Config param max_corpus_chars: 10000000
I0805 15:30:06.666537 140417175044416 pyconfig.py:559] Config param max_num_batched_tokens: None
I0805 15:30:06.666558 140417175044416 pyconfig.py:559] Config param max_num_checkpoints_to_keep: None
I0805 15:30:06.666579 140417175044416 pyconfig.py:559] Config param max_num_images_per_example: -1
I0805 15:30:06.666599 140417175044416 pyconfig.py:559] Config param max_num_seqs: None
I0805 15:30:06.666620 140417175044416 pyconfig.py:559] Config param max_position_embeddings: 163840
I0805 15:30:06.666641 140417175044416 pyconfig.py:559] Config param max_prefill_predict_length: 64
I0805 15:30:06.666660 140417175044416 pyconfig.py:559] Config param max_sample_len_for_audio: 10000
I0805 15:30:06.666681 140417175044416 pyconfig.py:559] Config param max_segments_per_seq: 1
I0805 15:30:06.666702 140417175044416 pyconfig.py:559] Config param max_source_positions_for_audio: 1500
I0805 15:30:06.666723 140417175044416 pyconfig.py:559] Config param max_target_length: 4096
I0805 15:30:06.666743 140417175044416 pyconfig.py:559] Config param max_timescale_for_audio: 10000.0
I0805 15:30:06.666764 140417175044416 pyconfig.py:559] Config param megablox: True
I0805 15:30:06.666785 140417175044416 pyconfig.py:559] Config param merge_gating_gmm: False
I0805 15:30:06.666805 140417175044416 pyconfig.py:559] Config param mesh_axes: ['diloco', 'data', 'stage', 'fsdp', 'fsdp_transpose', 'context', 'context_autoregressive', 'tensor', 'tensor_transpose', 'tensor_sequence', 'expert', 'autoregressive']
I0805 15:30:06.666828 140417175044416 pyconfig.py:559] Config param metrics_dir: /root/work/scale-your-amd/runs/20260805-maxtext-ep-mixtral-ex4/maxtext/ep-mixtral-ex4/metrics/
I0805 15:30:06.666849 140417175044416 pyconfig.py:559] Config param metrics_file: 
I0805 15:30:06.666869 140417175044416 pyconfig.py:559] Config param mhc_expansion_rate: 1
I0805 15:30:06.666891 140417175044416 pyconfig.py:559] Config param micro_batch_size_to_eval_on: 32
I0805 15:30:06.666911 140417175044416 pyconfig.py:559] Config param micro_batch_size_to_train_on: 32
I0805 15:30:06.666932 140417175044416 pyconfig.py:559] Config param mla_kv: RematLocation.REMAT
I0805 15:30:06.666953 140417175044416 pyconfig.py:559] Config param mla_naive_kvcache: True
I0805 15:30:06.666973 140417175044416 pyconfig.py:559] Config param mla_q: RematLocation.REMAT
I0805 15:30:06.666993 140417175044416 pyconfig.py:559] Config param mlp_activations: ['silu', 'linear']
I0805 15:30:06.667016 140417175044416 pyconfig.py:559] Config param mlp_activations_limit: -1.0
I0805 15:30:06.667037 140417175044416 pyconfig.py:559] Config param mlp_bias: False
I0805 15:30:06.667058 140417175044416 pyconfig.py:559] Config param mlp_dim: 14336
I0805 15:30:06.667078 140417175044416 pyconfig.py:559] Config param mlpwi: RematLocation.REMAT
I0805 15:30:06.667099 140417175044416 pyconfig.py:559] Config param mlpwi_0: RematLocation.REMAT
I0805 15:30:06.667120 140417175044416 pyconfig.py:559] Config param mlpwi_1: RematLocation.REMAT
I0805 15:30:06.667140 140417175044416 pyconfig.py:559] Config param mlpwo: RematLocation.REMAT
I0805 15:30:06.667161 140417175044416 pyconfig.py:559] Config param moba: False
I0805 15:30:06.667181 140417175044416 pyconfig.py:559] Config param moba_chunk_size: 1024
I0805 15:30:06.667201 140417175044416 pyconfig.py:559] Config param moba_topk: 8
I0805 15:30:06.667223 140417175044416 pyconfig.py:559] Config param model_call_mode: 
I0805 15:30:06.667244 140417175044416 pyconfig.py:559] Config param model_name: mixtral-8x7b
I0805 15:30:06.667264 140417175044416 pyconfig.py:559] Config param moe_dispatch_no_expert_sharding: False
I0805 15:30:06.667284 140417175044416 pyconfig.py:559] Config param moe_expert_input_dim: -1
I0805 15:30:06.667305 140417175044416 pyconfig.py:559] Config param moe_fsdp_use_two_stage_all_gather: False
I0805 15:30:06.667325 140417175044416 pyconfig.py:559] Config param moe_mlp_dim: 14336
I0805 15:30:06.667346 140417175044416 pyconfig.py:559] Config param moe_mlpwi_0: RematLocation.REMAT
I0805 15:30:06.667368 140417175044416 pyconfig.py:559] Config param moe_mlpwi_1: RematLocation.REMAT
I0805 15:30:06.667388 140417175044416 pyconfig.py:559] Config param moe_mlpwo: RematLocation.REMAT
I0805 15:30:06.667409 140417175044416 pyconfig.py:559] Config param monitor_goodput: False
I0805 15:30:06.667430 140417175044416 pyconfig.py:559] Config param monitor_step_time_deviation: True
I0805 15:30:06.667451 140417175044416 pyconfig.py:559] Config param mrope_section: [24, 20, 20]
I0805 15:30:06.667471 140417175044416 pyconfig.py:559] Config param mscale: 1.0
I0805 15:30:06.667492 140417175044416 pyconfig.py:559] Config param mtc_data_parallelism: 0
I0805 15:30:06.667512 140417175044416 pyconfig.py:559] Config param mtp_eval_target_module: 0
I0805 15:30:06.667533 140417175044416 pyconfig.py:559] Config param mtp_loss_scaling_factor: 0.1
I0805 15:30:06.667554 140417175044416 pyconfig.py:559] Config param mtp_num_layers: 0
I0805 15:30:06.667574 140417175044416 pyconfig.py:559] Config param mu_dtype: float32
I0805 15:30:06.667614 140417175044416 pyconfig.py:559] Config param multi_sampling: False
I0805 15:30:06.667640 140417175044416 pyconfig.py:559] Config param multi_tier_checkpointing_backup_interval_minutes: 0
I0805 15:30:06.667661 140417175044416 pyconfig.py:559] Config param muon_beta: 0.95
I0805 15:30:06.667683 140417175044416 pyconfig.py:559] Config param muon_consistent_rms: None
I0805 15:30:06.667703 140417175044416 pyconfig.py:559] Config param muon_weight_decay: 0.0
I0805 15:30:06.667723 140417175044416 pyconfig.py:559] Config param n_routing_groups: -1
I0805 15:30:06.667745 140417175044416 pyconfig.py:559] Config param n_window_for_audio: 50
I0805 15:30:06.667765 140417175044416 pyconfig.py:559] Config param n_window_infer_for_audio: 800
I0805 15:30:06.667785 140417175044416 pyconfig.py:559] Config param nope_layer_interval: -1
I0805 15:30:06.667806 140417175044416 pyconfig.py:559] Config param norm_topk_prob: False
I0805 15:30:06.667826 140417175044416 pyconfig.py:559] Config param normalization_layer_epsilon: 1e-05
I0805 15:30:06.667847 140417175044416 pyconfig.py:559] Config param normalize_embedding_logits: True
I0805 15:30:06.667867 140417175044416 pyconfig.py:559] Config param num_attention_heads_for_vit: 16
I0805 15:30:06.667888 140417175044416 pyconfig.py:559] Config param num_batches: 4
I0805 15:30:06.667909 140417175044416 pyconfig.py:559] Config param num_channels_for_vit: 3
I0805 15:30:06.667929 140417175044416 pyconfig.py:559] Config param num_conv_layers_for_audio: 3
I0805 15:30:06.667950 140417175044416 pyconfig.py:559] Config param num_decoder_layers: 32
I0805 15:30:06.667970 140417175044416 pyconfig.py:559] Config param num_diloco_replicas: 1
I0805 15:30:06.667990 140417175044416 pyconfig.py:559] Config param num_epoch: 1
I0805 15:30:06.668010 140417175044416 pyconfig.py:559] Config param num_eval_passes: 1
I0805 15:30:06.668031 140417175044416 pyconfig.py:559] Config param num_experts: 8
I0805 15:30:06.668051 140417175044416 pyconfig.py:559] Config param num_experts_per_tok: 2
I0805 15:30:06.668071 140417175044416 pyconfig.py:559] Config param num_generations: 2
I0805 15:30:06.668091 140417175044416 pyconfig.py:559] Config param num_hidden_layers_for_vit: 34
I0805 15:30:06.668111 140417175044416 pyconfig.py:559] Config param num_iterations: 1
I0805 15:30:06.668132 140417175044416 pyconfig.py:559] Config param num_kv_heads: 8
I0805 15:30:06.668151 140417175044416 pyconfig.py:559] Config param num_kv_shared_layers: 0
I0805 15:30:06.668170 140417175044416 pyconfig.py:559] Config param num_layers_per_pipeline_stage: 1
I0805 15:30:06.668191 140417175044416 pyconfig.py:559] Config param num_mel_bins_for_audio: 128
I0805 15:30:06.668211 140417175044416 pyconfig.py:559] Config param num_pipeline_microbatches: -1
I0805 15:30:06.668232 140417175044416 pyconfig.py:559] Config param num_pipeline_repeats: -1
I0805 15:30:06.668252 140417175044416 pyconfig.py:559] Config param num_position_embeddings_for_vit: 1024
I0805 15:30:06.668272 140417175044416 pyconfig.py:559] Config param num_query_heads: 32
I0805 15:30:06.668294 140417175044416 pyconfig.py:559] Config param num_samplers_slices: -1
I0805 15:30:06.668314 140417175044416 pyconfig.py:559] Config param num_slices: 1
I0805 15:30:06.668334 140417175044416 pyconfig.py:559] Config param num_target_devices: 8
I0805 15:30:06.668354 140417175044416 pyconfig.py:559] Config param num_test_batches: 5
I0805 15:30:06.668374 140417175044416 pyconfig.py:559] Config param num_trainer_slices: -1
I0805 15:30:06.668394 140417175044416 pyconfig.py:559] Config param num_vocab_tiling: 1
I0805 15:30:06.668415 140417175044416 pyconfig.py:559] Config param o_groups: 0
I0805 15:30:06.668434 140417175044416 pyconfig.py:559] Config param o_lora_rank: 0
I0805 15:30:06.668455 140417175044416 pyconfig.py:559] Config param off_policy_steps: 0
I0805 15:30:06.668475 140417175044416 pyconfig.py:559] Config param offline_data_dir: None
I0805 15:30:06.668497 140417175044416 pyconfig.py:559] Config param olmo_apply_ngram_filter: True
I0805 15:30:06.668517 140417175044416 pyconfig.py:559] Config param olmo_index_path: 
I0805 15:30:06.668537 140417175044416 pyconfig.py:559] Config param olmo_path_remap_from: 
I0805 15:30:06.668558 140417175044416 pyconfig.py:559] Config param olmo_path_remap_to: 
I0805 15:30:06.668578 140417175044416 pyconfig.py:559] Config param opt_type: OptimizerType.ADAMW
I0805 15:30:06.668601 140417175044416 pyconfig.py:559] Config param optimize_mesh_for_tpu_v6e: False
I0805 15:30:06.668622 140417175044416 pyconfig.py:559] Config param optimizer_memory_host_offload: False
I0805 15:30:06.668641 140417175044416 pyconfig.py:559] Config param original_max_position_embeddings: 4096
I0805 15:30:06.668661 140417175044416 pyconfig.py:559] Config param out_hidden_size_for_vit: 512
I0805 15:30:06.668682 140417175044416 pyconfig.py:559] Config param out_proj: RematLocation.REMAT
I0805 15:30:06.668702 140417175044416 pyconfig.py:559] Config param output_dim_for_audio: 512
I0805 15:30:06.668724 140417175044416 pyconfig.py:559] Config param override_logical_axis_rules: False
I0805 15:30:06.668745 140417175044416 pyconfig.py:559] Config param override_model_config: False
I0805 15:30:06.668765 140417175044416 pyconfig.py:559] Config param packing: True
I0805 15:30:06.668785 140417175044416 pyconfig.py:559] Config param padded_base_moe_mlp_dim: None
I0805 15:30:06.668805 140417175044416 pyconfig.py:559] Config param param_scan_axis: 1
I0805 15:30:06.668825 140417175044416 pyconfig.py:559] Config param parameter_memory_host_offload: False
I0805 15:30:06.668844 140417175044416 pyconfig.py:559] Config param partial_rotary_factor: 1.0
I0805 15:30:06.668864 140417175044416 pyconfig.py:559] Config param patch_size_for_vit: 14
I0805 15:30:06.668885 140417175044416 pyconfig.py:559] Config param penalty_incorrect_answer: -1.0
I0805 15:30:06.668905 140417175044416 pyconfig.py:559] Config param penalty_incorrect_format: -0.5
I0805 15:30:06.668926 140417175044416 pyconfig.py:559] Config param per_device_batch_size: 4.0
I0805 15:30:06.668946 140417175044416 pyconfig.py:559] Config param per_device_batch_size_increment: 2.0
I0805 15:30:06.668967 140417175044416 pyconfig.py:559] Config param per_device_batch_size_start: 4.0
I0805 15:30:06.668987 140417175044416 pyconfig.py:559] Config param pipeline_delay_activation_forwarding: False
I0805 15:30:06.669008 140417175044416 pyconfig.py:559] Config param pipeline_fsdp_ag_once: False
I0805 15:30:06.669028 140417175044416 pyconfig.py:559] Config param pipeline_fsdp_ag_per_repeat: False
I0805 15:30:06.669049 140417175044416 pyconfig.py:559] Config param pipeline_parallel_layers: 32
I0805 15:30:06.669069 140417175044416 pyconfig.py:559] Config param pixel_shuffle_ratio_for_vit: 0.5
I0805 15:30:06.669089 140417175044416 pyconfig.py:559] Config param posemb_type_for_vit: learn
I0805 15:30:06.669111 140417175044416 pyconfig.py:559] Config param position_id_per_seconds: 25
I0805 15:30:06.669136 140417175044416 pyconfig.py:559] Config param prefill_cache_axis_order: 1,2,0,3
I0805 15:30:06.669157 140417175044416 pyconfig.py:559] Config param prefill_cache_dir: 
I0805 15:30:06.669179 140417175044416 pyconfig.py:559] Config param prefill_chunk_size: 256
I0805 15:30:06.669200 140417175044416 pyconfig.py:559] Config param prefill_slice: v5e-16
I0805 15:30:06.669221 140417175044416 pyconfig.py:559] Config param prefix_caching_dram_byte: 100000000000
I0805 15:30:06.669241 140417175044416 pyconfig.py:559] Config param prefix_caching_hbm_byte: 10000000000
I0805 15:30:06.669262 140417175044416 pyconfig.py:559] Config param prefuse_moe_weights: False
I0805 15:30:06.669282 140417175044416 pyconfig.py:559] Config param profile_cleanly: True
I0805 15:30:06.669303 140417175044416 pyconfig.py:559] Config param profile_periodically_period: -1
I0805 15:30:06.669325 140417175044416 pyconfig.py:559] Config param profile_power_events: False
I0805 15:30:06.669345 140417175044416 pyconfig.py:559] Config param profiler: ProfilerType.XPLANE
I0805 15:30:06.669367 140417175044416 pyconfig.py:559] Config param profiler_steps: 5
I0805 15:30:06.669389 140417175044416 pyconfig.py:559] Config param projector_dropout_for_vit: 0.0
I0805 15:30:06.669410 140417175044416 pyconfig.py:559] Config param projector_input_dim_for_vit: 4096
I0805 15:30:06.669430 140417175044416 pyconfig.py:559] Config param projector_output_dim_for_vit: 4096
I0805 15:30:06.669450 140417175044416 pyconfig.py:559] Config param prometheus_port: 0
I0805 15:30:06.669471 140417175044416 pyconfig.py:559] Config param prompt: I love to
I0805 15:30:06.669491 140417175044416 pyconfig.py:559] Config param pure_nnx: False
I0805 15:30:06.669511 140417175044416 pyconfig.py:559] Config param pure_nnx_decoder: False
I0805 15:30:06.669531 140417175044416 pyconfig.py:559] Config param q_lora_rank: 0
I0805 15:30:06.669552 140417175044416 pyconfig.py:559] Config param qk_clip_threshold: 100.0
I0805 15:30:06.669572 140417175044416 pyconfig.py:559] Config param qk_nope_head_dim: 128
I0805 15:30:06.669593 140417175044416 pyconfig.py:559] Config param qk_norm_with_scale: True
I0805 15:30:06.669613 140417175044416 pyconfig.py:559] Config param qk_rope_head_dim: 64
I0805 15:30:06.669634 140417175044416 pyconfig.py:559] Config param qkv_proj: RematLocation.REMAT
I0805 15:30:06.669654 140417175044416 pyconfig.py:559] Config param quant_cfg_path: 
I0805 15:30:06.669675 140417175044416 pyconfig.py:559] Config param quantization: QuantizationType.NONE
I0805 15:30:06.669697 140417175044416 pyconfig.py:559] Config param quantization_local_shard_count: 8
I0805 15:30:06.669717 140417175044416 pyconfig.py:559] Config param quantize_kvcache: False
I0805 15:30:06.669740 140417175044416 pyconfig.py:559] Config param query_proj: RematLocation.REMAT
I0805 15:30:06.669760 140417175044416 pyconfig.py:559] Config param query_wa_proj: RematLocation.REMAT
I0805 15:30:06.669781 140417175044416 pyconfig.py:559] Config param ragged_block_size: 256
I0805 15:30:06.669802 140417175044416 pyconfig.py:559] Config param ragged_buffer_factor: -1.0
I0805 15:30:06.669822 140417175044416 pyconfig.py:559] Config param ragged_gather_cost_estimate_bytes_accessed: -1
I0805 15:30:06.669843 140417175044416 pyconfig.py:559] Config param ragged_gather_cost_estimate_flops: -1
I0805 15:30:06.669862 140417175044416 pyconfig.py:559] Config param ragged_gather_fallback: False
I0805 15:30:06.669883 140417175044416 pyconfig.py:559] Config param ragged_gather_reduce_cost_estimate_bytes_accessed: -1
I0805 15:30:06.669903 140417175044416 pyconfig.py:559] Config param ragged_gather_reduce_cost_estimate_flops: -1
I0805 15:30:06.669923 140417175044416 pyconfig.py:559] Config param ragged_gather_reduce_fallback: False
I0805 15:30:06.669943 140417175044416 pyconfig.py:559] Config param rampup_end_step: 0
I0805 15:30:06.669964 140417175044416 pyconfig.py:559] Config param rampup_samples_per_increment_to_load: None
I0805 15:30:06.669984 140417175044416 pyconfig.py:559] Config param reasoning_end_token: </reasoning>
I0805 15:30:06.670003 140417175044416 pyconfig.py:559] Config param reasoning_start_token: <reasoning>
I0805 15:30:06.670024 140417175044416 pyconfig.py:559] Config param record_internal_nn_metrics: 0
I0805 15:30:06.670044 140417175044416 pyconfig.py:559] Config param remat_policy: save_dot_with_context_except_mlp
I0805 15:30:06.670063 140417175044416 pyconfig.py:559] Config param remat_policy_for_vit: minimal
I0805 15:30:06.670083 140417175044416 pyconfig.py:559] Config param remove_size_one_mesh_axis_from_type: True
I0805 15:30:06.670103 140417175044416 pyconfig.py:559] Config param replicate_quant_scale: False
I0805 15:30:06.670124 140417175044416 pyconfig.py:559] Config param replicator_backup_interval_minutes: 0
I0805 15:30:06.670145 140417175044416 pyconfig.py:559] Config param report_heartbeat_metric_for_gcp_monitoring: False
I0805 15:30:06.670165 140417175044416 pyconfig.py:559] Config param report_performance_metric_for_gcp_monitoring: False
I0805 15:30:06.670185 140417175044416 pyconfig.py:559] Config param reshape_q: False
I0805 15:30:06.670207 140417175044416 pyconfig.py:559] Config param reshard_chunk_size: None
I0805 15:30:06.670226 140417175044416 pyconfig.py:559] Config param return_log_prob: False
I0805 15:30:06.670246 140417175044416 pyconfig.py:559] Config param reuse_example_batch: 0
I0805 15:30:06.670266 140417175044416 pyconfig.py:559] Config param reward_exact_answer: 5.0
I0805 15:30:06.670286 140417175044416 pyconfig.py:559] Config param reward_exact_format_match: 3.0
I0805 15:30:06.670307 140417175044416 pyconfig.py:559] Config param reward_partial_format_match: 0.5
I0805 15:30:06.670328 140417175044416 pyconfig.py:559] Config param reward_ratio_guess_to_answer_high: 0.5
I0805 15:30:06.670349 140417175044416 pyconfig.py:559] Config param reward_ratio_guess_to_answer_low: 0.25
I0805 15:30:06.670370 140417175044416 pyconfig.py:559] Config param reward_white_space_format_match: 1.5
I0805 15:30:06.670392 140417175044416 pyconfig.py:559] Config param rl: {'num_generations': 2, 'num_iterations': 1, 'grpo_beta': 0.08, 'grpo_epsilon': 0.2, 'loss_algo': 'grpo', 'loss_agg_mode': 'sequence-mean-token-mean', 'use_agentic_rollout': False, 'max_concurrency': 256, 'off_policy_steps': 0, 'system_prompt': '', 'degenerate_group_masking': True, 'epsilon_high': None, 'reshard_chunk_size': None}
I0805 15:30:06.670421 140417175044416 pyconfig.py:559] Config param rollout_data_parallelism: -1
I0805 15:30:06.670442 140417175044416 pyconfig.py:559] Config param rollout_expert_parallelism: 1
I0805 15:30:06.670463 140417175044416 pyconfig.py:559] Config param rollout_micro_batch_size: -1
I0805 15:30:06.670483 140417175044416 pyconfig.py:559] Config param rollout_tensor_parallelism: -1
I0805 15:30:06.670503 140417175044416 pyconfig.py:559] Config param rope_attention_scaling: False
I0805 15:30:06.670523 140417175044416 pyconfig.py:559] Config param rope_factor: 40
I0805 15:30:06.670543 140417175044416 pyconfig.py:559] Config param rope_interleave: True
I0805 15:30:06.670563 140417175044416 pyconfig.py:559] Config param rope_linear_scaling_factor: 1.0
I0805 15:30:06.670584 140417175044416 pyconfig.py:559] Config param rope_max_timescale: 1000000
I0805 15:30:06.670605 140417175044416 pyconfig.py:559] Config param rope_min_timescale: 1
I0805 15:30:06.670625 140417175044416 pyconfig.py:559] Config param rope_theta_for_vit: 10000
I0805 15:30:06.670645 140417175044416 pyconfig.py:559] Config param rope_truncate: True
I0805 15:30:06.670665 140417175044416 pyconfig.py:559] Config param rope_type: RopeType.DEFAULT
I0805 15:30:06.670686 140417175044416 pyconfig.py:559] Config param rope_use_scale: True
I0805 15:30:06.670706 140417175044416 pyconfig.py:559] Config param routed_bias: False
I0805 15:30:06.670727 140417175044416 pyconfig.py:559] Config param routed_bias_update_rate: 0.0
I0805 15:30:06.670746 140417175044416 pyconfig.py:559] Config param routed_scaling_factor: 1.0
I0805 15:30:06.670766 140417175044416 pyconfig.py:559] Config param routed_score_func: 
I0805 15:30:06.670786 140417175044416 pyconfig.py:559] Config param run_name: ep-mixtral-ex4
I0805 15:30:06.670807 140417175044416 pyconfig.py:559] Config param sa_block_kv: 512
I0805 15:30:06.670827 140417175044416 pyconfig.py:559] Config param sa_block_kv_compute: 512
I0805 15:30:06.670847 140417175044416 pyconfig.py:559] Config param sa_block_kv_dkv: 512
I0805 15:30:06.670867 140417175044416 pyconfig.py:559] Config param sa_block_kv_dkv_compute: 512
I0805 15:30:06.670887 140417175044416 pyconfig.py:559] Config param sa_block_kv_dq: 512
I0805 15:30:06.670907 140417175044416 pyconfig.py:559] Config param sa_block_q: 512
I0805 15:30:06.670927 140417175044416 pyconfig.py:559] Config param sa_block_q_dkv: 512
I0805 15:30:06.670948 140417175044416 pyconfig.py:559] Config param sa_block_q_dq: 512
I0805 15:30:06.670967 140417175044416 pyconfig.py:559] Config param sa_k_layout: HEAD_DIM_MINOR
I0805 15:30:06.670987 140417175044416 pyconfig.py:559] Config param sa_q_layout: HEAD_DIM_MINOR
I0805 15:30:06.671008 140417175044416 pyconfig.py:559] Config param sa_use_fused_bwd_kernel: False
I0805 15:30:06.671028 140417175044416 pyconfig.py:559] Config param sa_v_layout: HEAD_DIM_MINOR
I0805 15:30:06.671049 140417175044416 pyconfig.py:559] Config param sampler_devices_fraction: 0.5
I0805 15:30:06.671069 140417175044416 pyconfig.py:559] Config param save_checkpoint_on_completion: True
I0805 15:30:06.671088 140417175044416 pyconfig.py:559] Config param save_config_to_gcs: False
I0805 15:30:06.671109 140417175044416 pyconfig.py:559] Config param save_quantized_params_path: 
I0805 15:30:06.671129 140417175044416 pyconfig.py:559] Config param scale_embedding_for_audio: True
I0805 15:30:06.671150 140417175044416 pyconfig.py:559] Config param scan_layers: True
I0805 15:30:06.671170 140417175044416 pyconfig.py:559] Config param scan_layers_per_stage: False
I0805 15:30:06.671190 140417175044416 pyconfig.py:559] Config param scan_pipeline_iterations: True
I0805 15:30:06.671211 140417175044416 pyconfig.py:559] Config param scan_pipeline_repeats: False
I0805 15:30:06.671231 140417175044416 pyconfig.py:559] Config param set_remat_policy_on_layers_per_stage: False
I0805 15:30:06.671250 140417175044416 pyconfig.py:559] Config param set_remat_policy_on_pipeline_iterations: True
I0805 15:30:06.671270 140417175044416 pyconfig.py:559] Config param sft_train_on_completion_only: False
I0805 15:30:06.671292 140417175044416 pyconfig.py:559] Config param shard_exp_on_fsdp: False
I0805 15:30:06.671312 140417175044416 pyconfig.py:559] Config param shard_mode: ShardMode.AUTO
I0805 15:30:06.671334 140417175044416 pyconfig.py:559] Config param shard_optimizer_over_data: False
I0805 15:30:06.671354 140417175044416 pyconfig.py:559] Config param sharding_strategy: None
I0805 15:30:06.671374 140417175044416 pyconfig.py:559] Config param sharding_tolerance: 0.02
I0805 15:30:06.671394 140417175044416 pyconfig.py:559] Config param shardy: True
I0805 15:30:06.671414 140417175044416 pyconfig.py:559] Config param share_kv_projections: False
I0805 15:30:06.671434 140417175044416 pyconfig.py:559] Config param shared_experts: 0
I0805 15:30:06.671454 140417175044416 pyconfig.py:559] Config param sinkhorn_iterations: 20
I0805 15:30:06.671474 140417175044416 pyconfig.py:559] Config param skip_first_n_steps_for_profiler: 6
I0805 15:30:06.671494 140417175044416 pyconfig.py:559] Config param skip_jax_distributed_system: False
I0805 15:30:06.671515 140417175044416 pyconfig.py:559] Config param skip_step_interval: 128
I0805 15:30:06.671536 140417175044416 pyconfig.py:559] Config param skip_step_on_spikes: False
I0805 15:30:06.671556 140417175044416 pyconfig.py:559] Config param skip_step_scaling_factor: 6.0
I0805 15:30:06.671576 140417175044416 pyconfig.py:559] Config param sliding_window_size: 0
I0805 15:30:06.671596 140417175044416 pyconfig.py:559] Config param solution_end_token: </answer>
I0805 15:30:06.671616 140417175044416 pyconfig.py:559] Config param solution_start_token: <answer>
I0805 15:30:06.671636 140417175044416 pyconfig.py:559] Config param source_checkpoint_layout: orbax
I0805 15:30:06.671657 140417175044416 pyconfig.py:559] Config param sparse_matmul: False
I0805 15:30:06.671678 140417175044416 pyconfig.py:559] Config param spatial_merge_size_for_vit: 2
I0805 15:30:06.671697 140417175044416 pyconfig.py:559] Config param stack_prefill_result_cache: False
I0805 15:30:06.671717 140417175044416 pyconfig.py:559] Config param step_deviation_interval_seconds: 30
I0805 15:30:06.671738 140417175044416 pyconfig.py:559] Config param steps: 16
I0805 15:30:06.671758 140417175044416 pyconfig.py:559] Config param stop_strings: None
I0805 15:30:06.671777 140417175044416 pyconfig.py:559] Config param student_overrides: {}
I0805 15:30:06.671798 140417175044416 pyconfig.py:559] Config param student_params_to_update: None
I0805 15:30:06.671819 140417175044416 pyconfig.py:559] Config param subslice_shape: 
I0805 15:30:06.671838 140417175044416 pyconfig.py:559] Config param swap_space_vllm_gb: 2
I0805 15:30:06.671858 140417175044416 pyconfig.py:559] Config param system_prompt: 
I0805 15:30:06.671877 140417175044416 pyconfig.py:559] Config param target_eval_loss: 0.0
I0805 15:30:06.671897 140417175044416 pyconfig.py:559] Config param teacher_overrides: {}
I0805 15:30:06.671917 140417175044416 pyconfig.py:559] Config param temperature_tuning: False
I0805 15:30:06.671936 140417175044416 pyconfig.py:559] Config param temporal_patch_size_for_vit: 2
I0805 15:30:06.671956 140417175044416 pyconfig.py:559] Config param tensorboard_dir: /root/work/scale-your-amd/runs/20260805-maxtext-ep-mixtral-ex4/maxtext/ep-mixtral-ex4/tensorboard/
I0805 15:30:06.671977 140417175044416 pyconfig.py:559] Config param tensors_on_device: None
I0805 15:30:06.671998 140417175044416 pyconfig.py:559] Config param tensors_to_offload: None
I0805 15:30:06.672018 140417175044416 pyconfig.py:559] Config param test_batch_start_index: 0
I0805 15:30:06.672038 140417175044416 pyconfig.py:559] Config param tile_size_for_vit: 336
I0805 15:30:06.672059 140417175044416 pyconfig.py:559] Config param tokenize_eval_data: True
I0805 15:30:06.672079 140417175044416 pyconfig.py:559] Config param tokenize_train_data: True
I0805 15:30:06.672099 140417175044416 pyconfig.py:559] Config param tokenizer_path: mistralai/Mixtral-8x7B-Instruct-v0.1
I0805 15:30:06.672120 140417175044416 pyconfig.py:559] Config param tokenizer_type: TokenizerType.SENTENCEPIECE
I0805 15:30:06.672142 140417175044416 pyconfig.py:559] Config param topk_routing_group: -1
I0805 15:30:06.672163 140417175044416 pyconfig.py:559] Config param tpu_num_chips_to_profile_per_task: 1
I0805 15:30:06.672183 140417175044416 pyconfig.py:559] Config param tpu_num_sparse_core_tiles_to_trace: 1
I0805 15:30:06.672203 140417175044416 pyconfig.py:559] Config param tpu_num_sparse_cores_to_trace: 2
I0805 15:30:06.672224 140417175044416 pyconfig.py:559] Config param train_data_columns: ['text']
I0805 15:30:06.672245 140417175044416 pyconfig.py:559] Config param train_fraction: 1.0
I0805 15:30:06.672266 140417175044416 pyconfig.py:559] Config param train_image_column: image
I0805 15:30:06.672286 140417175044416 pyconfig.py:559] Config param train_micro_batch_size: -1
I0805 15:30:06.672306 140417175044416 pyconfig.py:559] Config param train_split: train
I0805 15:30:06.672325 140417175044416 pyconfig.py:559] Config param trainable_parameters_mask: []
I0805 15:30:06.672345 140417175044416 pyconfig.py:559] Config param trainable_position_size: -1
I0805 15:30:06.672365 140417175044416 pyconfig.py:559] Config param trainer_devices_fraction: 0.5
I0805 15:30:06.672385 140417175044416 pyconfig.py:559] Config param upload_all_profiler_results: False
I0805 15:30:06.672405 140417175044416 pyconfig.py:559] Config param use_agentic_rollout: False
I0805 15:30:06.672425 140417175044416 pyconfig.py:559] Config param use_audio: False
I0805 15:30:06.672446 140417175044416 pyconfig.py:559] Config param use_audio_in_video: False
I0805 15:30:06.672466 140417175044416 pyconfig.py:559] Config param use_batch_split_schedule: False
I0805 15:30:06.672487 140417175044416 pyconfig.py:559] Config param use_chat_template: False
I0805 15:30:06.672506 140417175044416 pyconfig.py:559] Config param use_chunked_prefill: False
I0805 15:30:06.672526 140417175044416 pyconfig.py:559] Config param use_custom_sort_vjp: True
I0805 15:30:06.672547 140417175044416 pyconfig.py:559] Config param use_double_wide_mlp: False
I0805 15:30:06.672568 140417175044416 pyconfig.py:559] Config param use_dpo: False
I0805 15:30:06.672588 140417175044416 pyconfig.py:559] Config param use_gather_mosaic_kernel: False
I0805 15:30:06.672608 140417175044416 pyconfig.py:559] Config param use_gmm_v2: False
I0805 15:30:06.672628 140417175044416 pyconfig.py:559] Config param use_grpo: True
I0805 15:30:06.672649 140417175044416 pyconfig.py:559] Config param use_indexer: False
I0805 15:30:06.672669 140417175044416 pyconfig.py:559] Config param use_iota_embed: False
I0805 15:30:06.672689 140417175044416 pyconfig.py:559] Config param use_jax_splash: False
I0805 15:30:06.672710 140417175044416 pyconfig.py:559] Config param use_manual_quantization: False
I0805 15:30:06.672729 140417175044416 pyconfig.py:559] Config param use_max_logit_estimate: -1
I0805 15:30:06.672751 140417175044416 pyconfig.py:559] Config param use_mrope: False
I0805 15:30:06.672772 140417175044416 pyconfig.py:559] Config param use_multimodal: False
I0805 15:30:06.672791 140417175044416 pyconfig.py:559] Config param use_pathways: True
I0805 15:30:06.672812 140417175044416 pyconfig.py:559] Config param use_post_attn_norm: False
I0805 15:30:06.672832 140417175044416 pyconfig.py:559] Config param use_post_ffw_norm: False
I0805 15:30:06.672852 140417175044416 pyconfig.py:559] Config param use_qk_clip: False
I0805 15:30:06.672872 140417175044416 pyconfig.py:559] Config param use_qk_norm: False
I0805 15:30:06.672894 140417175044416 pyconfig.py:559] Config param use_qk_norm_in_gdn: True
I0805 15:30:06.672914 140417175044416 pyconfig.py:559] Config param use_qwix_quantization: False
I0805 15:30:06.672933 140417175044416 pyconfig.py:559] Config param use_ragged_attention: False
I0805 15:30:06.672953 140417175044416 pyconfig.py:559] Config param use_ragged_sort: False
I0805 15:30:06.672973 140417175044416 pyconfig.py:559] Config param use_random_routing: False
I0805 15:30:06.672994 140417175044416 pyconfig.py:559] Config param use_replicator_service: False
I0805 15:30:06.673013 140417175044416 pyconfig.py:559] Config param use_ring_of_experts: False
I0805 15:30:06.673034 140417175044416 pyconfig.py:559] Config param use_sft: False
I0805 15:30:06.673054 140417175044416 pyconfig.py:559] Config param use_splash_scheduler: False
I0805 15:30:06.673074 140417175044416 pyconfig.py:559] Config param use_standalone_converter: False
I0805 15:30:06.673095 140417175044416 pyconfig.py:559] Config param use_tokamax_gmm: False
I0805 15:30:06.673114 140417175044416 pyconfig.py:559] Config param use_tokamax_splash: False
I0805 15:30:06.673134 140417175044416 pyconfig.py:559] Config param use_truncation: True
I0805 15:30:06.673155 140417175044416 pyconfig.py:559] Config param use_tunix_gradient_accumulation: False
I0805 15:30:06.673175 140417175044416 pyconfig.py:559] Config param use_untrainable_positional_embedding: False
I0805 15:30:06.673196 140417175044416 pyconfig.py:559] Config param use_vertex_tensorboard: False
I0805 15:30:06.673216 140417175044416 pyconfig.py:559] Config param using_pipeline_parallelism: False
I0805 15:30:06.673236 140417175044416 pyconfig.py:559] Config param v_head_dim: 128
I0805 15:30:06.673257 140417175044416 pyconfig.py:559] Config param v_norm_with_scale: True
I0805 15:30:06.673277 140417175044416 pyconfig.py:559] Config param value_proj: RematLocation.REMAT
I0805 15:30:06.673298 140417175044416 pyconfig.py:559] Config param vertex_tensorboard_project: 
I0805 15:30:06.673318 140417175044416 pyconfig.py:559] Config param vertex_tensorboard_region: 
I0805 15:30:06.673338 140417175044416 pyconfig.py:559] Config param video_path: 
I0805 15:30:06.673359 140417175044416 pyconfig.py:559] Config param video_placeholder: <|video|>
I0805 15:30:06.673379 140417175044416 pyconfig.py:559] Config param vision_output_dim_for_vit: 4096
I0805 15:30:06.673398 140417175044416 pyconfig.py:559] Config param vision_output_length: -1
I0805 15:30:06.673419 140417175044416 pyconfig.py:559] Config param vllm_additional_config: {}
I0805 15:30:06.673439 140417175044416 pyconfig.py:559] Config param vllm_hf_config_path: 
I0805 15:30:06.673459 140417175044416 pyconfig.py:559] Config param vllm_hf_overrides: {}
I0805 15:30:06.673479 140417175044416 pyconfig.py:559] Config param vllm_load_format: dummy
I0805 15:30:06.673499 140417175044416 pyconfig.py:559] Config param vocab_size: 32000
I0805 15:30:06.673519 140417175044416 pyconfig.py:559] Config param vocab_size_per_layer_input: 0
I0805 15:30:06.673538 140417175044416 pyconfig.py:559] Config param warmup_steps_fraction: 0.1
I0805 15:30:06.673559 140417175044416 pyconfig.py:559] Config param weight_dtype: float32
I0805 15:30:06.673593 140417175044416 pyconfig.py:559] Config param weight_quantization_calibration_method: absmax
I0805 15:30:06.673617 140417175044416 pyconfig.py:559] Config param weight_sparsity_m: None
I0805 15:30:06.673639 140417175044416 pyconfig.py:559] Config param weight_sparsity_n: None
I0805 15:30:06.673659 140417175044416 pyconfig.py:559] Config param weight_sparsity_start_step: 50
I0805 15:30:06.673679 140417175044416 pyconfig.py:559] Config param weight_sparsity_update_step: 10
I0805 15:30:06.673699 140417175044416 pyconfig.py:559] Config param wi_tile_dlhs_batch_seq: 512
I0805 15:30:06.673718 140417175044416 pyconfig.py:559] Config param wi_tile_dlhs_embed_dim: 1024
I0805 15:30:06.673740 140417175044416 pyconfig.py:559] Config param wi_tile_dlhs_mlp_dim: 1024
I0805 15:30:06.673762 140417175044416 pyconfig.py:559] Config param wi_tile_drhs_batch_seq: 512
I0805 15:30:06.673782 140417175044416 pyconfig.py:559] Config param wi_tile_drhs_embed_dim: 1024
I0805 15:30:06.673802 140417175044416 pyconfig.py:559] Config param wi_tile_drhs_mlp_dim: 1024
I0805 15:30:06.673822 140417175044416 pyconfig.py:559] Config param wi_tile_fwd_batch_seq: 512
I0805 15:30:06.673843 140417175044416 pyconfig.py:559] Config param wi_tile_fwd_embed_dim: 1024
I0805 15:30:06.673863 140417175044416 pyconfig.py:559] Config param wi_tile_fwd_mlp_dim: 1024
I0805 15:30:06.673882 140417175044416 pyconfig.py:559] Config param wo_tile_dlhs_batch_seq: 512
I0805 15:30:06.673903 140417175044416 pyconfig.py:559] Config param wo_tile_dlhs_embed_dim: 1024
I0805 15:30:06.673923 140417175044416 pyconfig.py:559] Config param wo_tile_dlhs_mlp_dim: 1024
I0805 15:30:06.673944 140417175044416 pyconfig.py:559] Config param wo_tile_drhs_batch_seq: 512
I0805 15:30:06.673964 140417175044416 pyconfig.py:559] Config param wo_tile_drhs_embed_dim: 1024
I0805 15:30:06.673984 140417175044416 pyconfig.py:559] Config param wo_tile_drhs_mlp_dim: 1024
I0805 15:30:06.674003 140417175044416 pyconfig.py:559] Config param wo_tile_fwd_batch_seq: 512
I0805 15:30:06.674025 140417175044416 pyconfig.py:559] Config param wo_tile_fwd_embed_dim: 1024
I0805 15:30:06.674046 140417175044416 pyconfig.py:559] Config param wo_tile_fwd_mlp_dim: 1024
I0805 15:30:06.674066 140417175044416 pyconfig.py:559] Config param write_estimator_result: False
I0805 15:30:06.674086 140417175044416 pyconfig.py:559] Config param wsd_decay_steps_fraction: 0.1
I0805 15:30:06.674107 140417175044416 pyconfig.py:559] Config param wsd_decay_style: WsdDecayStyle.LINEAR
I0805 15:30:06.674129 140417175044416 pyconfig.py:559] Config param xprof_e2e_enable_fw_power_level_event: False
I0805 15:30:06.674150 140417175044416 pyconfig.py:559] Config param xprof_e2e_enable_fw_thermal_event: False
I0805 15:30:06.674170 140417175044416 pyconfig.py:559] Config param xprof_e2e_enable_fw_throttle_event: False
I0805 15:30:06.674190 140417175044416 pyconfig.py:559] Config param xprof_tpu_power_trace_level: 0
I0805 15:30:06.674213 140417175044416 pyconfig.py:559] Config param z_loss_multiplier: 0.0
I0805 15:30:06.674643 140417175044416 max_utils.py:828] System Information: Jax Version: 0.10.0
I0805 15:30:06.674696 140417175044416 max_utils.py:829] System Information: Jaxlib Version: 0.10.0
I0805 15:30:06.674752 140417175044416 max_utils.py:830] System Information: Jax Backend: PJRT C API
rocm 71400
I0805 15:30:06.674793 140417175044416 max_utils.py:833] System Information: Number of devices: 8, jax path /opt/venv/lib/python3.12/site-packages/jax/__init__.py
I0805 15:30:06.674832 140417175044416 max_utils.py:836] System Information: Device 0: 0 (Local id: 0, Process index: 0)
I0805 15:30:06.674865 140417175044416 max_utils.py:836] System Information: Device 1: 1 (Local id: 1, Process index: 0)
I0805 15:30:06.674893 140417175044416 max_utils.py:836] System Information: Device 2: 2 (Local id: 2, Process index: 0)
I0805 15:30:06.674920 140417175044416 max_utils.py:836] System Information: Device 3: 3 (Local id: 3, Process index: 0)
I0805 15:30:06.674945 140417175044416 max_utils.py:836] System Information: Device 4: 4 (Local id: 4, Process index: 0)
I0805 15:30:06.674970 140417175044416 max_utils.py:836] System Information: Device 5: 5 (Local id: 5, Process index: 0)
I0805 15:30:06.674995 140417175044416 max_utils.py:836] System Information: Device 6: 6 (Local id: 6, Process index: 0)
I0805 15:30:06.675019 140417175044416 max_utils.py:836] System Information: Device 7: 7 (Local id: 7, Process index: 0)
I0805 15:30:06.675056 140417175044416 train_utils.py:355] WARNING: 'base_output_directory' might be pointing your local file system
I0805 15:30:06.675092 140417175044416 train_utils.py:366] WARNING: Sequence packing is essentially ignored for synthetic data. Please use a real dataset to use sequence packing.
I0805 15:30:10.726979 140417175044416 maxtext_utils.py:1975] Num_devices: 8, shape (1, 1, 1, 2, 1, 1, 1, 1, 1, 1, 4, 1)
I0805 15:30:10.727519 140417175044416 maxtext_utils.py:1975] Num_devices: 8, shape (1, 1, 1, 2, 1, 1, 1, 1, 1, 1, 4, 1)
I0805 15:30:10.728485 140417175044416 checkpointing.py:995] Setting up checkpoint logger...
I0805 15:30:10.728661 140417175044416 checkpointing.py:386] Checkpointing disabled, not creating checkpoint manager.
/opt/venv/lib/python3.12/site-packages/transformer_engine/jax/flax/transformer.py:732: UserWarning: The dtype argument is deprecated and will be removed in a future release. DotProductAttention will use the dtype of the inputs instead as this module does not have any parameters. Module dtype specified self.dtype=dtype(bfloat16) matches dtype of inputs so behavior is unchanged. Please remove the dtype argument within the next few releases.
  warnings.warn(
I0805 15:30:11.904570 140417175044416 moe.py:2053] Applying potential token dropping with a batch expert_capacity of 1280
I0805 15:30:11.967431 140417175044416 moe.py:2053] Applying potential token dropping with a batch expert_capacity of 1280
I0805 15:30:12.084526 140417175044416 moe.py:2053] Applying potential token dropping with a batch expert_capacity of 1280
I0805 15:30:12.144269 140417175044416 moe.py:2053] Applying potential token dropping with a batch expert_capacity of 1280
I0805 15:30:12.468093 140417175044416 checkpointing.py:983] No existing checkpoints found, not restoring checkpoint.
I0805 15:30:29.098764 140417175044416 moe.py:2053] Applying potential token dropping with a batch expert_capacity of 1280
I0805 15:30:29.211855 140417175044416 moe.py:2053] Applying potential token dropping with a batch expert_capacity of 1280
I0805 15:30:37.962871 140417175044416 max_utils.py:819] Total memory size: 138.5 GB, Output size: 65.2 GB, Temp size: 73.2 GB, Argument size: 65.2 GB, Host temp size: 0.0 GB.
I0805 15:30:37.964389 140417175044416 metric_logger.py:334] number parameters: 46.703 billion
I0805 15:30:38.066811 140417175044416 train.py:680] ====== BARRIER: Synchronizing hosts before training loop ======
I0805 15:30:38.067077 140417175044416 train.py:682] ====== BARRIER PASSED: Starting training loop ======
I0805 15:30:38.596455 140417175044416 moe.py:2053] Applying potential token dropping with a batch expert_capacity of 1280
I0805 15:30:38.698416 140417175044416 moe.py:2053] Applying potential token dropping with a batch expert_capacity of 1280
E0805 15:30:55.472026  161194 rendezvous.cc:108] [id=5] This thread has been waiting for `[3] [rank=3] [run_id=1356022185] Initialize clique: devices=8:[0,1,2,3,4,5,6,7]; local_participants=8; communication_id=0; incarnations=[]` for 10 seconds and may be stuck. All 8 threads joined the rendezvous, however the leader has not marked the rendezvous as completed. Leader can be deadlocked inside the rendezvous callback.
E0805 15:30:55.472043  161197 rendezvous.cc:108] [id=3] This thread has been waiting for `[4] [rank=4] [run_id=1356022185] Initialize clique: devices=8:[0,1,2,3,4,5,6,7]; local_participants=8; communication_id=0; incarnations=[]` for 10 seconds and may be stuck. All 8 threads joined the rendezvous, however the leader has not marked the rendezvous as completed. Leader can be deadlocked inside the rendezvous callback.
E0805 15:30:55.472029  161187 rendezvous.cc:108] [id=2] This thread has been waiting for `[1] [rank=1] [run_id=1356022185] Initialize clique: devices=8:[0,1,2,3,4,5,6,7]; local_participants=8; communication_id=0; incarnations=[]` for 10 seconds and may be stuck. All 8 threads joined the rendezvous, however the leader has not marked the rendezvous as completed. Leader can be deadlocked inside the rendezvous callback.
E0805 15:30:55.472048  161206 rendezvous.cc:108] [id=0] This thread has been waiting for `[7] [rank=7] [run_id=1356022185] Initialize clique: devices=8:[0,1,2,3,4,5,6,7]; local_participants=8; communication_id=0; incarnations=[]` for 10 seconds and may be stuck. All 8 threads joined the rendezvous, however the leader has not marked the rendezvous as completed. Leader can be deadlocked inside the rendezvous callback.
E0805 15:30:55.472152  161203 rendezvous.cc:108] [id=4] This thread has been waiting for `[6] [rank=6] [run_id=1356022185] Initialize clique: devices=8:[0,1,2,3,4,5,6,7]; local_participants=8; communication_id=0; incarnations=[]` for 10 seconds and may be stuck. All 8 threads joined the rendezvous, however the leader has not marked the rendezvous as completed. Leader can be deadlocked inside the rendezvous callback.
E0805 15:30:55.472046  161190 rendezvous.cc:108] [id=6] This thread has been waiting for `[2] [rank=2] [run_id=1356022185] Initialize clique: devices=8:[0,1,2,3,4,5,6,7]; local_participants=8; communication_id=0; incarnations=[]` for 10 seconds and may be stuck. All 8 threads joined the rendezvous, however the leader has not marked the rendezvous as completed. Leader can be deadlocked inside the rendezvous callback.
E0805 15:30:55.472119  161200 rendezvous.cc:108] [id=1] This thread has been waiting for `[5] [rank=5] [run_id=1356022185] Initialize clique: devices=8:[0,1,2,3,4,5,6,7]; local_participants=8; communication_id=0; incarnations=[]` for 10 seconds and may be stuck. All 8 threads joined the rendezvous, however the leader has not marked the rendezvous as completed. Leader can be deadlocked inside the rendezvous callback.
E0805 15:31:00.479289  161197 rendezvous.cc:130] [id=3] This thread is unstuck waiting for `[4] [rank=4] [run_id=1356022185] Initialize clique: devices=8:[0,1,2,3,4,5,6,7]; local_participants=8; communication_id=0; incarnations=[]` after 15.007461591s. All threads joined the rendezvous on time however the leader took long time to complete it. Warning above was a false-positive. Perhaps the timeout is too short.
E0805 15:31:00.479397  161194 rendezvous.cc:130] [id=5] This thread is unstuck waiting for `[3] [rank=3] [run_id=1356022185] Initialize clique: devices=8:[0,1,2,3,4,5,6,7]; local_participants=8; communication_id=0; incarnations=[]` after 15.007564278s. All threads joined the rendezvous on time however the leader took long time to complete it. Warning above was a false-positive. Perhaps the timeout is too short.
E0805 15:31:00.479425  161203 rendezvous.cc:130] [id=4] This thread is unstuck waiting for `[6] [rank=6] [run_id=1356022185] Initialize clique: devices=8:[0,1,2,3,4,5,6,7]; local_participants=8; communication_id=0; incarnations=[]` after 15.007594456s. All threads joined the rendezvous on time however the leader took long time to complete it. Warning above was a false-positive. Perhaps the timeout is too short.
E0805 15:31:00.479445  161200 rendezvous.cc:130] [id=1] This thread is unstuck waiting for `[5] [rank=5] [run_id=1356022185] Initialize clique: devices=8:[0,1,2,3,4,5,6,7]; local_participants=8; communication_id=0; incarnations=[]` after 15.007661388s. All threads joined the rendezvous on time however the leader took long time to complete it. Warning above was a false-positive. Perhaps the timeout is too short.
E0805 15:31:00.479453  161190 rendezvous.cc:130] [id=6] This thread is unstuck waiting for `[2] [rank=2] [run_id=1356022185] Initialize clique: devices=8:[0,1,2,3,4,5,6,7]; local_participants=8; communication_id=0; incarnations=[]` after 15.007619056s. All threads joined the rendezvous on time however the leader took long time to complete it. Warning above was a false-positive. Perhaps the timeout is too short.
E0805 15:31:00.479451  161187 rendezvous.cc:130] [id=2] This thread is unstuck waiting for `[1] [rank=1] [run_id=1356022185] Initialize clique: devices=8:[0,1,2,3,4,5,6,7]; local_participants=8; communication_id=0; incarnations=[]` after 15.007659231s. All threads joined the rendezvous on time however the leader took long time to complete it. Warning above was a false-positive. Perhaps the timeout is too short.
E0805 15:31:00.479447  161206 rendezvous.cc:130] [id=0] This thread is unstuck waiting for `[7] [rank=7] [run_id=1356022185] Initialize clique: devices=8:[0,1,2,3,4,5,6,7]; local_participants=8; communication_id=0; incarnations=[]` after 15.007684266s. All threads joined the rendezvous on time however the leader took long time to complete it. Warning above was a false-positive. Perhaps the timeout is too short.
RCCL version : 2.30.4-HEAD:9e5e408
HIP version  : 7.14.60850-0000000
ROCm version : 7.14.0.0-9999-2b22ab01
Hostname     : dell300x-ccs-aus-f06-01
Librccl path : /opt/rocm/lib/librccl.so.1
[aiter] hipModuleLoad (embedded): hsa/gfx942/fmha_v3_fwd/MI300/fwd_hd128_bf16_causal_rtz.co GetFunction: _ZN5aiter30fmha_fwd_hd128_bf16_causal_rtzE
[aiter] hipModuleGetFunction: _ZN5aiter30fmha_fwd_hd128_bf16_causal_rtzE Success
[aiter] hipModuleLoad (embedded): hsa/gfx942/fmha_v3_fwd/MI300/fwd_hd128_bf16_causal_rtz.co GetFunction: _ZN5aiter30fmha_fwd_hd128_bf16_causal_rtzE
[aiter] hipModuleLoad (embedded): hsa/gfx942/fmha_v3_fwd/MI300/fwd_hd128_bf16_causal_rtz.co GetFunction: _ZN5aiter30fmha_fwd_hd128_bf16_causal_rtzE
[aiter] hipModuleGetFunction: _ZN5aiter30fmha_fwd_hd128_bf16_causal_rtzE Success
[aiter] hipModuleGetFunction: _ZN5aiter30fmha_fwd_hd128_bf16_causal_rtzE Success
[aiter] hipModuleLoad (embedded): hsa/gfx942/fmha_v3_fwd/MI300/fwd_hd128_bf16_causal_rtz.co GetFunction: _ZN5aiter30fmha_fwd_hd128_bf16_causal_rtzE
[aiter] hipModuleLoad (embedded): hsa/gfx942/fmha_v3_fwd/MI300/fwd_hd128_bf16_causal_rtz.co GetFunction: _ZN5aiter30fmha_fwd_hd128_bf16_causal_rtzE
[aiter] hipModuleGetFunction: _ZN5aiter30fmha_fwd_hd128_bf16_causal_rtzE Success
[aiter] hipModuleGetFunction: _ZN5aiter30fmha_fwd_hd128_bf16_causal_rtzE Success
[aiter] hipModuleLoad (embedded): hsa/gfx942/fmha_v3_fwd/MI300/fwd_hd128_bf16_causal_rtz.co GetFunction: _ZN5aiter30fmha_fwd_hd128_bf16_causal_rtzE
[aiter] hipModuleGetFunction: _ZN5aiter30fmha_fwd_hd128_bf16_causal_rtzE Success
[aiter] hipModuleLoad (embedded): hsa/gfx942/fmha_v3_fwd/MI300/fwd_hd128_bf16_causal_rtz.co GetFunction: _ZN5aiter30fmha_fwd_hd128_bf16_causal_rtzE
[aiter] hipModuleGetFunction: _ZN5aiter30fmha_fwd_hd128_bf16_causal_rtzE Success
[aiter] hipModuleLoad (embedded): hsa/gfx942/fmha_v3_fwd/MI300/fwd_hd128_bf16_causal_rtz.co GetFunction: _ZN5aiter30fmha_fwd_hd128_bf16_causal_rtzE
[aiter] hipModuleGetFunction: _ZN5aiter30fmha_fwd_hd128_bf16_causal_rtzE Success
[aiter] hipModuleLoad (embedded): hsa/gfx942/fmha_v3_bwd/bwd_hd128_odo_bf16.co GetFunction: _ZN5aiter23fmha_bwd_hd128_odo_bf16E
[aiter] hipModuleGetFunction: _ZN5aiter23fmha_bwd_hd128_odo_bf16E Success
[aiter] hipModuleLoad (embedded): hsa/gfx942/fmha_v3_bwd/bwd_hd128_bf16_causal_a32_rtz_psskddv.co GetFunction: _ZN5aiter42fmha_bwd_hd128_bf16_causal_a32_rtz_psskddvE
[aiter] hipModuleGetFunction: _ZN5aiter42fmha_bwd_hd128_bf16_causal_a32_rtz_psskddvE Success
[aiter] hipModuleLoad (embedded): hsa/gfx942/fmha_v3_bwd/bwd_hd128_dq_convert_bf16_rtz.co GetFunction: _ZN5aiter34fmha_bwd_hd128_dq_convert_bf16_rtzE
[aiter] hipModuleGetFunction: _ZN5aiter34fmha_bwd_hd128_dq_convert_bf16_rtzE Success
[aiter] hipModuleLoad (embedded): hsa/gfx942/fmha_v3_bwd/bwd_hd128_odo_bf16.co GetFunction: _ZN5aiter23fmha_bwd_hd128_odo_bf16E
[aiter] hipModuleGetFunction: _ZN5aiter23fmha_bwd_hd128_odo_bf16E Success
[aiter] hipModuleLoad (embedded): hsa/gfx942/fmha_v3_bwd/bwd_hd128_bf16_causal_a32_rtz_psskddv.co GetFunction: _ZN5aiter42fmha_bwd_hd128_bf16_causal_a32_rtz_psskddvE
[aiter] hipModuleGetFunction: _ZN5aiter42fmha_bwd_hd128_bf16_causal_a32_rtz_psskddvE Success
[aiter] hipModuleLoad (embedded): hsa/gfx942/fmha_v3_bwd/bwd_hd128_dq_convert_bf16_rtz.co GetFunction: _ZN5aiter34fmha_bwd_hd128_dq_convert_bf16_rtzE
[aiter] hipModuleGetFunction: _ZN5aiter34fmha_bwd_hd128_dq_convert_bf16_rtzE Success
[aiter] hipModuleLoad (embedded): hsa/gfx942/fmha_v3_bwd/bwd_hd128_odo_bf16.co GetFunction: _ZN5aiter23fmha_bwd_hd128_odo_bf16E
[aiter] hipModuleGetFunction: _ZN5aiter23fmha_bwd_hd128_odo_bf16E Success
[aiter] hipModuleLoad (embedded): hsa/gfx942/fmha_v3_bwd/bwd_hd128_bf16_causal_a32_rtz_psskddv.co GetFunction: _ZN5aiter42fmha_bwd_hd128_bf16_causal_a32_rtz_psskddvE
[aiter] hipModuleGetFunction: _ZN5aiter42fmha_bwd_hd128_bf16_causal_a32_rtz_psskddvE Success
[aiter] hipModuleLoad (embedded): hsa/gfx942/fmha_v3_bwd/bwd_hd128_dq_convert_bf16_rtz.co GetFunction: _ZN5aiter34fmha_bwd_hd128_dq_convert_bf16_rtzE
[aiter] hipModuleGetFunction: _ZN5aiter34fmha_bwd_hd128_dq_convert_bf16_rtzE Success
[aiter] hipModuleLoad (embedded): hsa/gfx942/fmha_v3_bwd/bwd_hd128_odo_bf16.co GetFunction: _ZN5aiter23fmha_bwd_hd128_odo_bf16E
[aiter] hipModuleGetFunction: _ZN5aiter23fmha_bwd_hd128_odo_bf16E Success
[aiter] hipModuleLoad (embedded): hsa/gfx942/fmha_v3_bwd/bwd_hd128_bf16_causal_a32_rtz_psskddv.co GetFunction: _ZN5aiter42fmha_bwd_hd128_bf16_causal_a32_rtz_psskddvE
[aiter] hipModuleGetFunction: _ZN5aiter42fmha_bwd_hd128_bf16_causal_a32_rtz_psskddvE Success
[aiter] hipModuleLoad (embedded): hsa/gfx942/fmha_v3_bwd/bwd_hd128_dq_convert_bf16_rtz.co GetFunction: _ZN5aiter34fmha_bwd_hd128_dq_convert_bf16_rtzE
[aiter] hipModuleGetFunction: _ZN5aiter34fmha_bwd_hd128_dq_convert_bf16_rtzE Success
[aiter] hipModuleLoad (embedded): hsa/gfx942/fmha_v3_bwd/bwd_hd128_odo_bf16.co GetFunction: _ZN5aiter23fmha_bwd_hd128_odo_bf16E
[aiter] hipModuleGetFunction: _ZN5aiter23fmha_bwd_hd128_odo_bf16E Success
[aiter] hipModuleLoad (embedded): hsa/gfx942/fmha_v3_bwd/bwd_hd128_bf16_causal_a32_rtz_psskddv.co GetFunction: _ZN5aiter42fmha_bwd_hd128_bf16_causal_a32_rtz_psskddvE
[aiter] hipModuleGetFunction: _ZN5aiter42fmha_bwd_hd128_bf16_causal_a32_rtz_psskddvE Success
[aiter] hipModuleLoad (embedded): hsa/gfx942/fmha_v3_bwd/bwd_hd128_dq_convert_bf16_rtz.co GetFunction: _ZN5aiter34fmha_bwd_hd128_dq_convert_bf16_rtzE
[aiter] hipModuleGetFunction: _ZN5aiter34fmha_bwd_hd128_dq_convert_bf16_rtzE Success
[aiter] hipModuleLoad (embedded): hsa/gfx942/fmha_v3_bwd/bwd_hd128_odo_bf16.co GetFunction: _ZN5aiter23fmha_bwd_hd128_odo_bf16E
[aiter] hipModuleGetFunction: _ZN5aiter23fmha_bwd_hd128_odo_bf16E Success
[aiter] hipModuleLoad (embedded): hsa/gfx942/fmha_v3_bwd/bwd_hd128_bf16_causal_a32_rtz_psskddv.co GetFunction: _ZN5aiter42fmha_bwd_hd128_bf16_causal_a32_rtz_psskddvE
[aiter] hipModuleGetFunction: _ZN5aiter42fmha_bwd_hd128_bf16_causal_a32_rtz_psskddvE Success
[aiter] hipModuleLoad (embedded): hsa/gfx942/fmha_v3_bwd/bwd_hd128_dq_convert_bf16_rtz.co GetFunction: _ZN5aiter34fmha_bwd_hd128_dq_convert_bf16_rtzE
[aiter] hipModuleGetFunction: _ZN5aiter34fmha_bwd_hd128_dq_convert_bf16_rtzE Success
[aiter] hipModuleLoad (embedded): hsa/gfx942/fmha_v3_bwd/bwd_hd128_odo_bf16.co GetFunction: _ZN5aiter23fmha_bwd_hd128_odo_bf16E
[aiter] hipModuleGetFunction: _ZN5aiter23fmha_bwd_hd128_odo_bf16E Success
[aiter] hipModuleLoad (embedded): hsa/gfx942/fmha_v3_bwd/bwd_hd128_bf16_causal_a32_rtz_psskddv.co GetFunction: _ZN5aiter42fmha_bwd_hd128_bf16_causal_a32_rtz_psskddvE
[aiter] hipModuleGetFunction: _ZN5aiter42fmha_bwd_hd128_bf16_causal_a32_rtz_psskddvE Success
[aiter] hipModuleLoad (embedded): hsa/gfx942/fmha_v3_bwd/bwd_hd128_dq_convert_bf16_rtz.co GetFunction: _ZN5aiter34fmha_bwd_hd128_dq_convert_bf16_rtzE
[aiter] hipModuleGetFunction: _ZN5aiter34fmha_bwd_hd128_dq_convert_bf16_rtzE Success
[aiter] hipModuleLoad (embedded): hsa/gfx942/fmha_v3_bwd/bwd_hd128_odo_bf16.co GetFunction: _ZN5aiter23fmha_bwd_hd128_odo_bf16E
[aiter] hipModuleGetFunction: _ZN5aiter23fmha_bwd_hd128_odo_bf16E Success
[aiter] hipModuleLoad (embedded): hsa/gfx942/fmha_v3_bwd/bwd_hd128_bf16_causal_a32_rtz_psskddv.co GetFunction: _ZN5aiter42fmha_bwd_hd128_bf16_causal_a32_rtz_psskddvE
[aiter] hipModuleGetFunction: _ZN5aiter42fmha_bwd_hd128_bf16_causal_a32_rtz_psskddvE Success
[aiter] hipModuleLoad (embedded): hsa/gfx942/fmha_v3_bwd/bwd_hd128_dq_convert_bf16_rtz.co GetFunction: _ZN5aiter34fmha_bwd_hd128_dq_convert_bf16_rtzE
[aiter] hipModuleGetFunction: _ZN5aiter34fmha_bwd_hd128_dq_convert_bf16_rtzE Success
I0805 15:31:16.920153 140417175044416 max_utils.py:778] 
Memstats: After params initialized:
I0805 15:31:16.920521 140417175044416 max_utils.py:784] 	Using (GB) 65.25 / 172.79 (37.762602%) on rocm:0
I0805 15:31:16.920673 140417175044416 max_utils.py:784] 	Using (GB) 65.25 / 172.79 (37.762602%) on rocm:1
I0805 15:31:16.920781 140417175044416 max_utils.py:784] 	Using (GB) 65.25 / 172.79 (37.762602%) on rocm:2
I0805 15:31:16.920873 140417175044416 max_utils.py:784] 	Using (GB) 65.25 / 172.79 (37.762602%) on rocm:3
I0805 15:31:16.920962 140417175044416 max_utils.py:784] 	Using (GB) 65.25 / 172.79 (37.762602%) on rocm:4
I0805 15:31:16.921044 140417175044416 max_utils.py:784] 	Using (GB) 65.25 / 172.79 (37.762602%) on rocm:5
I0805 15:31:16.921120 140417175044416 max_utils.py:784] 	Using (GB) 65.25 / 172.79 (37.762602%) on rocm:6
I0805 15:31:16.921198 140417175044416 max_utils.py:784] 	Using (GB) 65.25 / 172.79 (37.762602%) on rocm:7
I0805 15:31:23.625930 140417175044416 metric_logger.py:207] completed step: 0, seconds: 38.853, TFLOP/s/device: 33.614, Tokens/s/device: 421.693, total_weights: 131072, loss: 10.872, lm_loss: 10.872, perplexity: 52684.672, moe_lb_loss: 0.000
I0805 15:31:23.630700 140417175044416 metric_logger.py:314] To see full metrics 'tensorboard --logdir=/root/work/scale-your-amd/runs/20260805-maxtext-ep-mixtral-ex4/maxtext/ep-mixtral-ex4/tensorboard/'
I0805 15:31:29.813266 140417175044416 metric_logger.py:207] completed step: 1, seconds: 6.702, TFLOP/s/device: 194.881, Tokens/s/device: 2444.796, total_weights: 131072, loss: 10.872, lm_loss: 10.872, perplexity: 52684.672, moe_lb_loss: 0.000
I0805 15:31:36.007547 140417175044416 metric_logger.py:207] completed step: 2, seconds: 6.188, TFLOP/s/device: 211.070, Tokens/s/device: 2647.884, total_weights: 131072, loss: 10.513, lm_loss: 10.513, perplexity: 36776.988, moe_lb_loss: 0.000
I0805 15:31:42.214271 140417175044416 metric_logger.py:207] completed step: 3, seconds: 6.195, TFLOP/s/device: 210.831, Tokens/s/device: 2644.884, total_weights: 131072, loss: 10.339, lm_loss: 10.339, perplexity: 30925.471, moe_lb_loss: 0.000
I0805 15:31:48.426340 140417175044416 metric_logger.py:207] completed step: 4, seconds: 6.207, TFLOP/s/device: 210.410, Tokens/s/device: 2639.601, total_weights: 131072, loss: 10.209, lm_loss: 10.209, perplexity: 27136.121, moe_lb_loss: 0.000
I0805 15:31:54.646848 140417175044416 metric_logger.py:207] completed step: 5, seconds: 6.212, TFLOP/s/device: 210.240, Tokens/s/device: 2637.468, total_weights: 131072, loss: 10.097, lm_loss: 10.097, perplexity: 24264.654, moe_lb_loss: 0.000
I0805 15:32:00.879693 140417175044416 metric_logger.py:207] completed step: 6, seconds: 6.220, TFLOP/s/device: 209.985, Tokens/s/device: 2634.272, total_weights: 131072, loss: 10.001, lm_loss: 10.001, perplexity: 22042.078, moe_lb_loss: 0.000
I0805 15:32:07.131966 140417175044416 metric_logger.py:207] completed step: 7, seconds: 6.233, TFLOP/s/device: 209.532, Tokens/s/device: 2628.585, total_weights: 131072, loss: 9.919, lm_loss: 9.919, perplexity: 20306.348, moe_lb_loss: 0.000
I0805 15:32:13.385286 140417175044416 metric_logger.py:207] completed step: 8, seconds: 6.251, TFLOP/s/device: 208.916, Tokens/s/device: 2620.859, total_weights: 131072, loss: 9.849, lm_loss: 9.849, perplexity: 18936.064, moe_lb_loss: 0.000
I0805 15:32:28.260612 140417175044416 metric_logger.py:207] completed step: 9, seconds: 6.254, TFLOP/s/device: 208.822, Tokens/s/device: 2619.682, total_weights: 131072, loss: 9.790, lm_loss: 9.790, perplexity: 17849.488, moe_lb_loss: 0.000
I0805 15:32:34.487873 140417175044416 metric_logger.py:207] completed step: 10, seconds: 6.259, TFLOP/s/device: 208.669, Tokens/s/device: 2617.763, total_weights: 131072, loss: 9.741, lm_loss: 9.741, perplexity: 16994.766, moe_lb_loss: 0.000
I0805 15:32:40.735437 140417175044416 metric_logger.py:207] completed step: 11, seconds: 6.227, TFLOP/s/device: 209.743, Tokens/s/device: 2631.237, total_weights: 131072, loss: 9.701, lm_loss: 9.701, perplexity: 16333.874, moe_lb_loss: 0.000
I0805 15:32:46.982247 140417175044416 metric_logger.py:207] completed step: 12, seconds: 6.247, TFLOP/s/device: 209.055, Tokens/s/device: 2622.602, total_weights: 131072, loss: 9.670, lm_loss: 9.670, perplexity: 15832.979, moe_lb_loss: 0.000
I0805 15:32:53.236400 140417175044416 metric_logger.py:207] completed step: 13, seconds: 6.244, TFLOP/s/device: 209.169, Tokens/s/device: 2624.033, total_weights: 131072, loss: 9.646, lm_loss: 9.646, perplexity: 15461.269, moe_lb_loss: 0.000
I0805 15:32:59.499013 140417175044416 metric_logger.py:207] completed step: 14, seconds: 6.257, TFLOP/s/device: 208.740, Tokens/s/device: 2618.655, total_weights: 131072, loss: 9.628, lm_loss: 9.628, perplexity: 15186.648, moe_lb_loss: 0.000
I0805 15:32:59.510358 140417175044416 metric_logger.py:207] completed step: 15, seconds: 6.259, TFLOP/s/device: 208.658, Tokens/s/device: 2617.620, total_weights: 131072, loss: 9.614, lm_loss: 9.614, perplexity: 14969.307, moe_lb_loss: 0.000
Per train step:
 Total TFLOPs: 1306.01 
 split as 95.96% learnable weight flops and 4.04% attention flops
